4 1 2 4 120
4 1 2 12 112
4 1 2 68 120
4 1 2 76 112
4 1 2 100 120
4 1 2 116 120
4 1 6 24 96
4 1 6 72 112
4 1 6 104 112
4 1 6 122 124
4 1 10 116 120
4 1 12 116 122
4 1 14 114 124
4 1 14 116 120
4 1 18 100 120
4 1 18 108 112
4 1 24 104 118
4 1 24 106 116
4 1 26 100 120
4 1 28 100 122
4 1 28 108 114
4 1 30 102 120
4 1 34 68 120
4 1 34 76 112
4 1 34 92 96
4 1 38 88 96
4 1 48 80 110
4 1 48 82 108
4 1 50 84 104
4 1 56 66 68
4 1 56 70 112
4 1 56 74 116
4 1 56 88 102
4 1 66 68 120
4 1 66 76 112
4 1 66 100 120
4 1 66 116 120
4 1 70 104 112
4 1 70 122 124
4 1 74 116 120
4 1 76 116 122
4 1 78 114 124
4 1 82 100 120
4 1 82 108 112
4 1 88 104 118
4 1 88 106 116
4 1 92 108 114
4 1 98 100 120
4 1 98 116 120
4 1 102 122 124
4 1 106 116 120
4 1 108 116 122
4 1 114 116 120
4 1 118 122 124
4 2 4 8 112
4 2 4 24 96
4 2 4 72 112
4 2 4 104 112
4 2 12 80 96
4 2 12 116 120
4 2 20 104 112
4 2 24 104 116
4 2 28 100 120
4 2 36 72 112
4 2 36 88 96
4 2 48 80 108
4 2 48 84 104
4 2 56 88 100
4 2 68 72 112
4 2 68 104 112
4 2 76 116 120
4 2 84 104 112
4 2 88 104 116
4 2 100 104 112
4 2 108 116 120
4 3 12 80 96
4 3 12 116 120
4 3 14 116 120
4 3 20 104 112
4 3 24 104 116
4 3 28 100 120
4 3 28 100 122
4 3 28 108 114
4 3 36 72 112
4 3 36 88 96
4 3 48 80 108
4 3 48 84 104
4 3 56 88 100
4 3 68 72 112
4 3 68 104 112
4 3 76 116 120
4 3 76 116 122
4 3 84 104 112
4 3 88 104 116
4 3 92 108 114
4 3 100 104 112
4 3 108 116 120
4 3 108 116 122
4 4 8 16 96
4 4 8 80 96
4 4 24 104 112
4 4 40 80 96
4 4 48 80 104
4 4 72 80 96
4 4 88 104 112
4 5 10 114 124
4 5 10 116 120
4 5 12 114 120
4 5 24 106 116
4 5 26 100 120
4 5 56 74 116
4 5 56 76 114
4 5 56 88 102
4 5 74 116 120
4 5 76 114 120
4 5 88 104 118
4 5 88 106 116
4 5 106 116 120
4 6 10 113 124
4 6 24 104 112
4 6 25 98 124
4 6 25 106 116
4 6 26 105 116
4 6 40 80 96
4 6 48 80 104
4 6 56 88 100
4 6 65 122 124
4 6 66 121 124
4 6 72 80 96
4 6 73 114 124
4 6 74 113 124
4 6 74 116 121
4 6 88 104 112
4 6 88 104 116
4 6 89 106 116
4 6 97 122 124
4 6 98 121 124
4 6 105 114 124
4 6 106 116 121
4 6 113 122 124
4 6 114 121 124
4 6 121 122 124
4 7 24 104 112
4 7 25 106 116
4 7 48 80 104
4 7 65 122 124
4 7 88 104 112
4 7 89 106 116
4 7 97 122 124
4 7 105 114 124
4 7 106 116 120
4 7 113 122 124
4 7 121 122 124
4 7 123 125 126
4 8 16 32 64
4 8 48 80 96
4 9 18 100 120
4 9 18 104 116
4 9 20 100 122
4 9 24 98 116
4 9 24 102 112
4 9 48 88 102
4 9 50 84 104
4 9 52 74 112
4 9 56 70 112
4 9 66 116 120
4 9 72 114 116
4 9 82 100 120
4 9 82 104 116
4 9 82 108 112
4 9 88 102 112
4 9 98 116 120
4 9 104 114 116
4 9 114 116 120
4 9 118 122 124
4 9 119 122 124
4 10 20 100 120
4 10 20 104 112
4 10 24 100 112
4 10 48 84 104
4 10 84 104 112
4 10 118 121 124
4 11 24 100 112
4 11 69 114 124
4 11 70 116 120
4 11 118 121 124
4 12 20 97 122
4 12 20 98 120
4 12 20 99 120
4 12 20 105 114
4 12 48 80 96
4 12 49 84 106
4 12 50 69 120
4 12 50 84 104
4 12 52 67 120
4 12 52 88 99
4 12 56 69 114
4 12 65 116 122
4 12 66 116 120
4 12 67 116 120
4 12 68 113 122
4 12 68 114 120
4 12 68 115 120
4 12 69 114 120
4 12 81 100 122
4 12 81 102 120
4 12 82 100 120
4 12 84 99 120
4 12 84 104 114
4 12 84 104 115
4 12 84 105 114
4 12 97 116 122
4 12 98 116 120
4 12 99 116 120
4 12 100 113 122
4 12 100 114 120
4 12 100 115 120
4 12 101 114 120
4 12 113 116 122
4 12 114 116 120
4 12 115 116 120
4 12 116 121 122
4 13 50 76 112
4 13 50 84 104
4 13 68 114 120
4 13 82 98 124
4 13 84 104 114
4 13 98 116 120
4 13 100 114 120
4 13 114 116 120
4 13 118 122 124
4 13 118 123 124
4 14 48 80 96
4 14 50 84 104
4 14 65 114 124
4 14 65 116 120
4 14 66 113 124
4 14 66 116 120
4 14 66 116 121
4 14 67 116 120
4 14 70 113 120
4 14 82 108 113
4 14 97 114 124
4 14 98 113 124
4 14 98 116 120
4 14 98 116 121
4 14 99 116 120
4 14 102 113 120
4 14 113 114 124
4 14 113 122 124
4 14 114 116 120
4 14 114 116 121
4 14 114 121 124
4 14 118 121 124
4 14 118 122 124
4 14 118 122 125
4 14 118 123 125
4 15 48 80 96
4 15 113 114 124
4 15 114 116 120
4 15 115 125 126
4 15 117 122 124
4 15 118 122 124
4 15 118 122 125
4 17 18 100 104
4 17 34 68 120
4 17 34 76 112
4 17 34 80 108
4 17 34 84 104
4 17 38 88 96
4 17 40 72 118
4 17 40 74 116
4 17 48 70 104
4 17 48 78 96
4 17 66 100 120
4 17 66 108 112
4 17 70 104 112
4 17 80 98 108
4 17 82 100 104
4 17 98 100 120
4 17 98 108 112
4 17 98 116 120
4 17 102 122 124
4 17 106 116 120
4 17 108 116 122
4 17 109 118 122
4 17 110 114 124
4 17 110 116 120
4 17 111 114 124
4 18 36 72 112
4 18 36 80 104
4 18 40 72 116
4 18 48 76 96
4 18 68 104 112
4 18 80 100 104
4 18 100 104 112
4 18 102 121 124
4 18 108 116 120
4 18 110 113 124
4 18 110 116 120
4 18 110 116 121
4 18 111 116 120
4 19 44 76 112
4 19 80 100 104
4 19 100 104 112
4 19 101 122 124
4 19 108 116 120
4 19 108 116 122
4 19 110 113 124
4 19 110 116 120
4 19 110 116 121
4 19 111 116 120
4 20 40 72 112
4 20 40 80 96
4 20 100 121 122
4 20 108 113 122
4 20 108 114 120
4 20 108 115 120
4 20 110 113 120
4 21 106 116 120
4 21 108 114 120
4 22 42 76 113
4 22 97 122 124
4 22 105 114 124
4 22 106 113 124
4 22 106 117 120
4 22 108 114 120
4 22 108 114 121
4 22 109 114 120
4 22 110 113 120
4 24 35 76 112
4 24 40 67 116
4 24 40 70 112
4 24 40 71 112
4 24 40 81 102
4 24 40 82 100
4 24 41 82 100
4 24 65 104 118
4 24 65 106 116
4 24 66 104 116
4 24 67 104 116
4 24 68 104 112
4 24 70 104 112
4 24 71 104 112
4 24 72 97 118
4 24 72 98 116
4 24 72 99 116
4 24 72 100 112
4 24 72 102 112
4 24 72 103 112
4 24 73 98 116
4 24 73 102 112
4 24 74 100 112
4 24 86 97 104
4 24 97 104 118
4 24 97 106 116
4 24 98 104 116
4 24 99 104 116
4 24 100 104 112
4 24 102 104 112
4 24 103 104 112
4 24 104 113 118
4 24 104 114 116
4 24 105 114 116
4 25 38 70 120
4 25 70 106 116
4 25 72 102 112
4 25 88 98 100
4 25 98 100 120
4 25 98 104 116
4 25 102 104 112
4 25 102 122 124
4 25 103 122 124
4 25 106 116 120
4 25 106 118 124
4 25 106 119 124
4 25 108 116 122
4 25 108 118 120
4 25 109 118 122
4 25 110 118 120
4 25 110 119 120
4 26 65 100 120
4 26 69 98 124
4 26 69 100 120
4 26 70 105 116
4 26 100 104 112
4 26 102 121 124
4 26 105 118 124
4 26 106 117 124
4 26 108 116 120
4 26 108 118 120
4 26 108 118 121
4 26 108 119 120
4 26 110 117 120
4 27 97 102 124
4 27 98 108 116
4 27 101 122 124
4 27 109 118 120
4 28 33 66 96
4 28 35 70 120
4 28 65 100 122
4 28 65 108 114
4 28 66 100 120
4 28 67 100 120
4 28 67 108 114
4 28 68 99 120
4 28 68 105 114
4 28 76 99 112
4 28 97 100 122
4 28 97 108 114
4 28 97 116 122
4 28 98 100 120
4 28 98 116 120
4 28 99 100 120
4 28 99 116 120
4 28 100 104 112
4 28 100 104 114
4 28 100 104 115
4 28 100 105 114
4 28 100 121 122
4 28 105 114 116
4 28 105 118 120
4 28 108 113 114
4 28 108 113 122
4 28 108 114 120
4 28 108 115 120
4 28 108 116 120
4 28 108 116 122
4 28 108 116 123
4 28 108 117 122
4 28 108 118 122
4 28 108 118 123
4 28 108 119 123
4 28 109 118 123
4 28 110 118 121
4 29 100 104 114
4 29 102 123 124
4 29 109 118 122
4 29 110 113 114
4 29 110 115 124
4 30 65 102 120
4 30 97 98 124
4 30 97 100 120
4 30 97 102 120
4 30 97 104 112
4 30 98 100 120
4 30 98 100 121
4 30 98 108 113
4 30 100 104 112
4 30 101 122 124
4 30 102 105 113
4 30 102 121 124
4 30 102 122 124
4 30 102 122 125
4 30 102 123 125
4 30 105 114 116
4 30 105 118 120
4 30 110 115 125
4 30 110 118 121
4 31 97 98 124
4 31 97 102 120
4 31 98 100 120
4 31 100 104 112
4 31 103 121 126
4 33 34 68 88
4 33 66 68 120
4 33 66 76 112
4 33 66 92 96
4 33 66 100 120
4 33 66 116 120
4 33 70 88 96
4 33 70 104 112
4 33 70 122 124
4 33 71 122 124
4 33 74 116 120
4 33 76 116 122
4 33 78 114 124
4 33 82 100 120
4 33 82 108 112
4 33 88 104 118
4 33 88 106 116
4 33 90 104 116
4 33 90 108 116
4 33 92 98 112
4 33 92 98 120
4 33 92 100 122
4 33 92 108 114
4 33 93 102 122
4 33 94 98 124
4 33 94 100 120
4 33 94 102 120
4 33 94 104 112
4 33 95 98 124
4 33 95 102 120
4 34 36 72 80
4 34 68 72 112
4 34 68 88 96
4 34 68 104 112
4 34 70 121 124
4 34 76 116 120
4 34 84 104 112
4 34 86 108 121
4 34 88 104 116
4 34 90 101 124
4 34 90 108 116
4 34 91 108 116
4 34 92 100 120
4 34 92 104 112
4 34 94 97 124
4 34 94 100 120
4 34 94 100 121
4 34 94 108 113
4 34 95 100 120
4 35 48 76 80
4 35 69 122 124
4 35 76 84 120
4 35 76 88 112
4 35 85 108 122
4 35 90 101 124
4 35 90 108 116
4 35 91 108 116
4 35 92 100 120
4 35 92 104 112
4 35 92 108 114
4 35 94 97 124
4 35 94 108 113
4 35 95 100 120
4 36 68 121 122
4 36 72 80 96
4 36 76 113 122
4 36 76 114 120
4 36 76 115 120
4 36 85 106 120
4 36 88 104 112
4 36 92 97 122
4 36 92 98 120
4 36 92 99 120
4 36 92 104 112
4 36 92 104 114
4 36 92 104 115
4 36 92 105 114
4 36 94 97 120
4 36 94 104 112
4 36 94 104 113
4 36 95 104 112
4 37 74 84 120
4 37 74 116 120
4 37 90 98 124
4 37 90 100 120
4 37 90 104 116
4 37 92 98 120
4 37 94 98 120
4 37 94 98 121
4 38 65 88 96
4 38 65 88 112
4 38 74 84 120
4 38 74 84 121
4 38 74 113 124
4 38 74 116 120
4 38 74 116 121
4 38 85 106 120
4 38 86 105 120
4 38 89 98 124
4 38 89 106 116
4 38 90 97 124
4 38 92 98 120
4 38 92 98 121
4 38 92 99 120
4 38 92 105 114
4 38 93 98 120
4 38 94 97 120
4 38 94 104 112
4 38 94 104 113
4 38 95 104 112
4 40 72 113 118
4 40 72 114 116
4 40 73 114 116
4 40 88 97 118
4 40 88 98 116
4 40 88 99 116
4 40 88 100 112
4 40 88 102 112
4 40 88 103 112
4 40 90 97 116
4 40 92 98 112
4 40 92 99 112
4 40 94 97 112
4 41 72 82 116
4 41 76 84 114
4 41 82 100 120
4 41 82 104 116
4 41 86 104 112
4 41 92 100 114
4 42 65 88 116
4 42 69 114 124
4 42 72 84 112
4 42 84 104 112
4 42 92 100 114
4 42 93 100 114
4 44 49 76 82
4 44 65 66 112
4 44 67 116 120
4 44 68 88 114
4 44 68 88 115
4 44 69 88 114
4 44 69 114 120
4 44 76 81 114
4 44 76 113 114
4 44 83 100 120
4 44 84 97 122
4 44 84 98 120
4 44 84 99 120
4 44 84 105 114
4 44 86 98 121
4 44 88 100 114
4 44 88 100 115
4 44 89 100 114
4 44 90 97 116
4 44 92 97 114
4 44 92 98 112
4 44 92 99 112
4 44 94 97 112
4 46 72 81 112
4 46 86 97 120
4 46 93 97 114
4 48 65 80 110
4 48 65 82 108
4 48 66 80 108
4 48 66 84 104
4 48 67 80 108
4 48 67 84 104
4 48 68 80 104
4 48 70 80 104
4 48 72 80 96
4 48 76 80 96
4 48 78 80 96
4 48 78 80 97
4 48 79 80 96
4 48 80 97 110
4 48 80 98 108
4 48 80 99 108
4 48 80 100 104
4 48 81 98 108
4 48 82 100 104
4 48 92 97 98
4 49 71 122 124
4 49 78 80 96
4 49 78 114 124
4 49 78 116 120
4 49 79 114 124
4 49 82 100 104
4 49 82 100 120
4 49 82 108 112
4 49 82 108 120
4 49 82 111 124
4 49 83 110 124
4 49 86 106 124
4 49 86 109 122
4 49 86 110 120
4 49 86 111 120
4 49 90 108 112
4 49 92 98 104
4 49 92 106 116
4 49 92 108 114
4 49 92 110 112
4 49 93 110 114
4 49 94 100 104
4 49 94 110 112
4 49 94 111 112
4 50 65 80 108
4 50 65 84 104
4 50 70 121 124
4 50 73 84 104
4 50 73 116 120
4 50 76 84 104
4 50 78 113 124
4 50 78 116 120
4 50 78 116 121
4 50 79 116 120
4 50 81 110 124
4 50 82 109 124
4 50 84 104 112
4 50 84 110 120
4 50 84 110 121
4 50 84 111 120
4 50 86 108 121
4 50 89 110 116
4 50 90 101 124
4 50 90 108 116
4 50 90 109 116
4 50 92 100 104
4 50 92 107 116
4 50 92 108 112
4 50 92 110 112
4 50 92 110 113
4 50 92 111 112
4 50 94 109 112
4 51 65 78 124
4 51 66 92 108
4 51 67 92 108
4 51 69 74 124
4 51 76 84 104
4 51 78 97 124
4 51 78 113 124
4 51 79 116 120
4 51 85 106 124
4 51 92 99 108
4 51 92 101 106
4 51 92 111 112
4 51 93 110 112
4 52 65 66 120
4 52 66 80 104
4 52 66 88 104
4 52 67 80 104
4 52 67 88 104
4 52 67 104 112
4 52 68 73 122
4 52 68 74 120
4 52 68 88 104
4 52 69 74 120
4 52 73 100 122
4 52 74 100 120
4 52 76 113 122
4 52 76 114 120
4 52 76 115 120
4 52 77 114 120
4 52 81 108 122
4 52 81 110 120
4 52 82 108 120
4 52 84 105 122
4 52 84 106 120
4 52 84 107 120
4 52 85 106 120
4 52 88 100 104
4 52 88 108 112
4 52 88 108 114
4 52 88 108 115
4 52 88 110 112
4 52 88 110 113
4 52 88 111 112
4 52 89 102 104
4 52 89 110 112
4 52 90 100 104
4 52 91 100 104
4 52 92 99 120
4 52 92 105 114
4 52 92 106 112
4 52 92 107 112
4 53 68 88 106
4 53 89 110 114
4 53 90 100 104
4 54 65 88 104
4 54 66 76 121
4 54 68 73 120
4 54 68 88 104
4 54 70 88 105
4 54 75 113 124
4 54 78 113 120
4 54 89 110 112
4 54 90 108 112
4 54 90 108 113
4 54 90 109 112
4 55 68 88 104
4 56 65 66 68
4 56 65 70 112
4 56 65 72 118
4 56 65 74 116
4 56 65 88 102
4 56 66 68 96
4 56 66 68 112
4 56 66 72 116
4 56 66 88 100
4 56 67 72 116
4 56 67 88 100
4 56 67 104 116
4 56 68 72 112
4 56 68 80 96
4 56 69 76 114
4 56 69 106 116
4 56 70 72 112
4 56 70 80 96
4 56 70 88 100
4 56 70 104 112
4 56 71 72 112
4 56 71 104 112
4 56 72 80 96
4 56 72 80 100
4 56 72 80 102
4 56 72 80 103
4 56 72 81 102
4 56 72 82 100
4 56 73 82 100
4 56 73 98 116
4 56 73 114 116
4 56 74 84 100
4 56 76 84 99
4 56 81 102 104
4 56 81 106 116
4 56 81 110 112
4 56 82 100 104
4 56 82 108 112
4 56 86 97 104
4 56 88 97 102
4 56 88 97 118
4 56 88 98 100
4 56 88 98 116
4 56 88 99 116
4 56 88 100 112
4 56 88 102 112
4 56 88 103 112
4 56 88 104 112
4 56 88 104 116
4 56 88 104 118
4 56 88 104 119
4 56 88 105 118
4 56 88 106 116
4 56 88 108 116
4 56 88 108 118
4 56 88 108 119
4 56 88 109 118
4 56 88 110 118
4 56 88 110 119
4 56 88 111 119
4 56 89 106 116
4 56 89 110 118
4 56 89 110 119
4 56 90 108 118
4 56 90 108 119
4 56 90 110 117
4 56 91 109 118
4 56 92 97 98
4 56 92 99 112
4 56 92 105 118
4 56 92 108 114
4 56 92 108 115
4 57 70 74 116
4 57 71 122 124
4 57 74 84 102
4 57 75 118 124
4 57 86 110 113
4 57 89 110 118
4 57 90 103 124
4 57 90 108 119
4 57 90 109 118
4 57 94 97 102
4 57 94 98 100
4 57 94 103 120
4 58 65 70 124
4 58 65 72 116
4 58 65 76 116
4 58 66 69 124
4 58 66 76 116
4 58 66 92 101
4 58 67 92 101
4 58 69 88 100
4 58 73 84 100
4 58 77 114 116
4 58 77 118 120
4 58 77 118 121
4 58 78 113 124
4 58 78 117 120
4 58 85 98 108
4 58 90 101 124
4 58 90 108 116
4 58 90 108 117
4 58 92 98 100
4 58 92 98 101
4 58 92 99 101
4 58 92 101 114
4 58 92 102 120
4 58 92 102 121
4 58 92 103 120
4 58 92 105 118
4 58 93 98 100
4 59 66 76 116
4 60 65 66 96
4 60 65 66 112
4 60 65 66 120
4 60 65 68 122
4 60 65 70 120
4 60 65 76 114
4 60 65 80 98
4 60 65 88 98
4 60 66 68 120
4 60 66 72 112
4 60 66 76 112
4 60 66 80 96
4 60 67 68 120
4 60 67 70 120
4 60 67 72 112
4 60 67 76 112
4 60 67 76 114
4 60 67 80 96
4 60 68 72 112
4 60 68 72 114
4 60 68 72 115
4 60 68 73 114
4 60 68 88 98
4 60 68 88 99
4 60 69 74 114
4 60 70 74 113
4 60 72 80 96
4 60 72 80 98
4 60 72 80 99
4 60 72 81 98
4 60 75 119 120
4 60 76 81 98
4 60 76 82 98
4 60 77 118 122
4 60 77 118 123
4 60 78 118 121
4 60 83 98 108
4 60 83 100 104
4 60 85 106 112
4 60 90 97 100
4 60 90 101 120
4 60 92 97 98
4 60 92 99 112
4 60 92 99 114
4 60 92 99 120
4 60 92 101 122
4 60 92 102 122
4 60 92 102 123
4 60 92 103 123
4 60 92 105 114
4 60 92 108 114
4 60 92 108 115
4 60 92 110 115
4 60 93 110 115
4 60 94 97 98
4 60 95 97 98
4 61 65 70 122
4 61 65 78 114
4 61 76 82 98
4 61 94 97 98
4 62 65 66 124
4 62 65 68 120
4 62 65 70 120
4 62 65 72 112
4 62 65 76 112
4 62 65 80 96
4 62 66 68 120
4 62 66 68 121
4 62 66 69 120
4 62 66 76 112
4 62 66 76 113
4 62 67 69 120
4 62 68 72 112
4 62 68 72 113
4 62 68 88 97
4 62 70 73 113
4 62 70 88 97
4 62 72 80 96
4 62 72 80 97
4 62 94 103 121
4 63 65 66 124
4 63 65 70 120
4 63 66 68 120
4 63 66 76 112
4 63 67 76 112
4 63 68 72 112
4 63 72 80 96
4 65 66 68 120
4 65 66 76 112
4 65 66 100 120
4 65 66 116 120
4 65 70 104 112
4 65 70 122 124
4 65 74 116 120
4 65 76 116 122
4 65 78 114 124
4 65 82 100 120
4 65 82 108 112
4 65 88 104 118
4 65 88 106 116
4 65 92 108 114
4 65 98 100 120
4 65 98 116 120
4 65 102 122 124
4 65 106 116 120
4 65 108 116 122
4 65 114 116 120
4 65 118 122 124
4 66 68 72 112
4 66 68 104 112
4 66 76 116 120
4 66 84 104 112
4 66 88 104 116
4 66 100 104 112
4 66 108 116 120
4 67 76 116 120
4 67 84 104 112
4 67 88 104 116
4 67 92 108 114
4 67 100 104 112
4 67 108 116 120
4 67 108 116 122
4 68 72 80 96
4 68 88 104 112
4 69 74 114 124
4 69 74 116 120
4 69 76 114 120
4 69 88 106 116
4 69 106 116 120
4 70 74 113 124
4 70 88 104 112
4 70 89 106 116
4 70 97 122 124
4 70 98 121 124
4 70 105 114 124
4 70 106 116 121
4 70 113 122 124
4 70 114 121 124
4 70 121 122 124
4 71 88 104 112
4 71 89 106 116
4 71 97 122 124
4 71 113 122 124
4 71 121 122 124
4 71 123 125 126
4 73 82 100 120
4 73 82 104 116
4 73 84 100 122
4 73 88 102 112
4 73 98 116 120
4 73 104 114 116
4 73 114 116 120
4 73 118 122 124
4 73 119 122 124
4 74 84 100 120
4 74 84 104 112
4 74 118 121 124
4 75 118 121 124
4 76 84 99 120
4 76 84 105 114
4 76 97 116 122
4 76 98 116 120
4 76 99 116 120
4 76 100 113 122
4 76 100 114 120
4 76 100 115 120
4 76 101 114 120
4 76 113 116 122
4 76 114 116 120
4 76 115 116 120
4 76 116 121 122
4 77 114 116 120
4 77 118 122 124
4 77 118 123 124
4 78 97 114 124
4 78 113 114 124
4 78 113 122 124
4 78 114 116 120
4 78 114 116 121
4 78 118 121 124
4 78 118 122 124
4 78 118 122 125
4 78 118 123 125
4 79 113 114 124
4 79 114 116 120
4 79 115 125 126
4 81 82 100 104
4 81 98 100 120
4 81 98 108 112
4 81 98 116 120
4 81 102 122 124
4 81 106 116 120
4 81 108 116 122
4 81 109 118 122
4 81 110 114 124
4 81 110 116 120
4 81 111 114 124
4 82 100 104 112
4 82 102 121 124
4 82 108 116 120
4 82 110 113 124
4 82 110 116 120
4 82 110 116 121
4 82 111 116 120
4 83 101 106 124
4 83 101 122 124
4 83 110 113 124
4 83 111 116 120
4 84 100 121 122
4 84 108 113 122
4 84 108 114 120
4 84 108 115 120
4 84 110 113 120
4 85 100 106 120
4 85 106 116 120
4 85 110 114 121
4 86 98 108 121
4 86 106 113 124
4 86 108 114 121
4 86 110 113 120
4 88 97 104 118
4 88 97 106 116
4 88 98 104 116
4 88 99 104 116
4 88 100 104 112
4 88 102 104 112
4 88 103 104 112
4 88 104 113 118
4 88 104 114 116
4 88 105 114 116
4 89 102 106 116
4 89 103 122 124
4 89 106 116 120
4 89 106 119 124
4 89 109 118 122
4 89 110 114 116
4 89 110 118 120
4 89 110 119 120
4 90 97 104 116
4 90 97 108 116
4 90 98 101 124
4 90 98 108 116
4 90 101 114 124
4 90 102 121 124
4 90 105 118 124
4 90 106 117 124
4 90 108 114 116
4 90 108 118 120
4 90 108 118 121
4 90 108 119 120
4 90 109 114 116
4 90 110 117 120
4 91 98 108 116
4 91 109 118 120
4 92 97 98 112
4 92 97 98 120
4 92 97 100 122
4 92 97 108 114
4 92 98 100 120
4 92 98 104 112
4 92 99 100 120
4 92 99 104 112
4 92 99 108 114
4 92 99 116 120
4 92 100 104 112
4 92 100 104 114
4 92 100 104 115
4 92 100 105 114
4 92 101 106 114
4 92 105 114 116
4 92 105 118 120
4 92 108 113 114
4 92 108 113 122
4 92 108 114 120
4 92 108 115 120
4 92 108 116 120
4 92 108 116 122
4 92 108 116 123
4 92 108 117 122
4 92 108 118 122
4 92 108 118 123
4 92 108 119 123
4 92 109 118 123
4 92 110 118 121
4 93 97 102 122
4 93 109 118 122
4 93 110 113 114
4 93 110 115 124
4 94 97 98 124
4 94 97 100 120
4 94 97 102 120
4 94 97 104 112
4 94 98 100 120
4 94 98 100 121
4 94 98 108 113
4 94 100 104 112
4 94 100 104 113
4 94 102 105 113
4 94 110 115 125
4 94 110 118 121
4 95 97 98 124
4 95 97 102 120
4 95 98 100 120
4 95 100 104 112
4 97 98 100 120
4 97 98 116 120
4 97 102 122 124
4 97 106 116 120
4 97 108 116 122
4 97 114 116 120
4 97 118 122 124
4 98 100 104 112
4 98 108 116 120
4 99 108 116 120
4 101 106 114 124
4 101 106 116 120
4 102 113 122 124
4 102 114 121 124
4 102 121 122 124
4 103 121 122 124
4 103 123 125 126
4 105 114 116 120
4 105 118 122 124
4 105 119 122 124
4 106 118 121 124
4 108 113 116 122
4 108 114 116 120
4 108 115 116 120
4 108 116 121 122
4 109 113 118 122
4 109 118 121 122
4 109 118 123 124
4 110 113 114 124
4 110 113 116 120
4 110 114 116 120
4 110 114 116 121
4 110 118 121 124
4 110 118 122 124
4 110 118 122 125
4 110 118 123 125
4 111 113 114 124
4 111 114 116 120
4 113 114 116 120
4 113 118 122 124
4 118 121 122 124
4 119 121 122 124
4 119 123 125 126
5 1 2 4 8 112
5 1 2 4 24 96
5 1 2 4 72 112
5 1 2 4 104 112
5 1 2 12 80 96
5 1 2 12 116 120
5 1 2 20 104 112
5 1 2 24 104 116
5 1 2 28 100 120
5 1 2 36 72 112
5 1 2 36 88 96
5 1 2 48 80 108
5 1 2 48 84 104
5 1 2 56 88 100
5 1 2 68 72 112
5 1 2 68 104 112
5 1 2 76 116 120
5 1 2 84 104 112
5 1 2 88 104 116
5 1 2 100 104 112
5 1 2 108 116 120
5 1 6 24 104 112
5 1 6 40 80 96
5 1 6 48 80 104
5 1 6 56 88 100
5 1 6 72 80 96
5 1 6 88 104 112
5 1 6 88 104 116
5 1 10 20 100 120
5 1 10 20 104 112
5 1 10 24 100 112
5 1 10 48 84 104
5 1 10 84 104 112
5 1 12 20 98 120
5 1 12 50 84 104
5 1 12 66 116 120
5 1 12 68 114 120
5 1 12 82 100 120
5 1 12 84 104 114
5 1 12 98 116 120
5 1 12 100 114 120
5 1 12 114 116 120
5 1 14 48 80 96
5 1 14 50 84 104
5 1 14 66 116 120
5 1 14 98 116 120
5 1 14 114 116 120
5 1 14 118 122 124
5 1 18 36 72 112
5 1 18 36 80 104
5 1 18 40 72 116
5 1 18 48 76 96
5 1 18 68 104 112
5 1 18 80 100 104
5 1 18 100 104 112
5 1 18 108 116 120
5 1 18 110 116 120
5 1 20 108 114 120
5 1 22 108 114 120
5 1 24 40 70 112
5 1 24 40 82 100
5 1 24 66 104 116
5 1 24 70 104 112
5 1 24 72 98 116
5 1 24 72 102 112
5 1 24 74 100 112
5 1 24 98 104 116
5 1 24 102 104 112
5 1 24 104 114 116
5 1 26 100 104 112
5 1 26 108 116 120
5 1 26 108 118 120
5 1 28 66 100 120
5 1 28 98 100 120
5 1 28 98 116 120
5 1 28 100 104 114
5 1 28 108 114 120
5 1 28 108 116 122
5 1 28 108 118 122
5 1 30 98 100 120
5 1 30 100 104 112
5 1 30 102 122 124
5 1 34 36 72 80
5 1 34 68 72 112
5 1 34 68 88 96
5 1 34 68 104 112
5 1 34 76 116 120
5 1 34 84 104 112
5 1 34 88 104 116
5 1 34 90 108 116
5 1 34 92 100 120
5 1 34 92 104 112
5 1 34 94 100 120
5 1 36 76 114 120
5 1 36 92 98 120
5 1 36 92 104 114
5 1 36 94 104 112
5 1 38 74 84 120
5 1 38 74 116 120
5 1 38 92 98 120
5 1 38 94 104 112
5 1 40 72 114 116
5 1 40 88 98 116
5 1 40 88 102 112
5 1 40 92 98 112
5 1 42 72 84 112
5 1 42 84 104 112
5 1 42 92 100 114
5 1 44 68 88 114
5 1 44 84 98 120
5 1 44 88 100 114
5 1 44 92 98 112
5 1 48 66 80 108
5 1 48 66 84 104
5 1 48 70 80 104
5 1 48 78 80 96
5 1 48 80 98 108
5 1 48 82 100 104
5 1 50 76 84 104
5 1 50 78 116 120
5 1 50 84 104 112
5 1 50 84 110 120
5 1 50 90 108 116
5 1 50 92 100 104
5 1 50 92 108 112
5 1 50 92 110 112
5 1 52 66 80 104
5 1 52 66 88 104
5 1 52 68 74 120
5 1 52 74 100 120
5 1 52 76 114 120
5 1 52 82 108 120
5 1 52 84 106 120
5 1 52 88 108 114
5 1 52 88 110 112
5 1 52 90 100 104
5 1 52 92 106 112
5 1 54 68 88 104
5 1 54 90 108 112
5 1 56 66 68 96
5 1 56 66 68 112
5 1 56 66 72 116
5 1 56 66 88 100
5 1 56 70 72 112
5 1 56 70 80 96
5 1 56 70 88 100
5 1 56 70 104 112
5 1 56 72 80 102
5 1 56 72 82 100
5 1 56 74 84 100
5 1 56 82 100 104
5 1 56 82 108 112
5 1 56 88 98 100
5 1 56 88 98 116
5 1 56 88 102 112
5 1 56 88 104 118
5 1 56 88 106 116
5 1 56 88 108 118
5 1 56 88 110 118
5 1 56 90 108 118
5 1 56 92 108 114
5 1 58 66 76 116
5 1 58 90 108 116
5 1 58 92 98 100
5 1 58 92 102 120
5 1 60 66 68 120
5 1 60 66 72 112
5 1 60 66 76 112
5 1 60 66 80 96
5 1 60 68 72 114
5 1 60 68 88 98
5 1 60 72 80 98
5 1 60 76 82 98
5 1 60 92 102 122
5 1 60 92 108 114
5 1 62 66 68 120
5 1 62 66 76 112
5 1 62 68 72 112
5 1 62 72 80 96
5 1 66 68 72 112
5 1 66 68 104 112
5 1 66 76 116 120
5 1 66 84 104 112
5 1 66 88 104 116
5 1 66 100 104 112
5 1 66 108 116 120
5 1 70 88 104 112
5 1 74 84 100 120
5 1 74 84 104 112
5 1 76 98 116 120
5 1 76 100 114 120
5 1 76 114 116 120
5 1 78 114 116 120
5 1 78 118 122 124
5 1 82 100 104 112
5 1 82 108 116 120
5 1 82 110 116 120
5 1 84 108 114 120
5 1 88 98 104 116
5 1 88 102 104 112
5 1 88 104 114 116
5 1 90 98 108 116
5 1 90 108 114 116
5 1 90 108 118 120
5 1 92 98 100 120
5 1 92 98 104 112
5 1 92 100 104 114
5 1 92 108 114 120
5 1 92 108 116 122
5 1 92 108 118 122
5 1 94 98 100 120
5 1 94 100 104 112
5 1 98 100 104 112
5 1 98 108 116 120
5 1 108 114 116 120
5 1 110 114 116 120
5 1 110 118 122 124
5 2 4 8 16 96
5 2 4 8 80 96
5 2 4 24 104 112
5 2 4 40 80 96
5 2 4 48 80 104
5 2 4 72 80 96
5 2 4 88 104 112
5 2 12 48 80 96
5 2 20 40 72 112
5 2 20 40 80 96
5 2 24 68 104 112
5 2 24 72 100 112
5 2 24 100 104 112
5 2 28 100 104 112
5 2 28 108 116 120
5 2 36 72 80 96
5 2 36 88 104 112
5 2 36 92 104 112
5 2 40 88 100 112
5 2 48 68 80 104
5 2 48 76 80 96
5 2 48 80 100 104
5 2 52 68 88 104
5 2 52 88 100 104
5 2 52 88 108 112
5 2 56 68 72 112
5 2 56 68 80 96
5 2 56 72 80 100
5 2 56 88 100 112
5 2 56 88 104 116
5 2 56 88 108 116
5 2 60 68 72 112
5 2 60 72 80 96
5 2 68 72 80 96
5 2 68 88 104 112
5 2 88 100 104 112
5 2 92 100 104 112
5 2 92 108 116 120
5 3 5 10 116 120
5 3 5 24 106 116
5 3 5 26 100 120
5 3 5 56 74 116
5 3 5 56 88 102
5 3 5 74 116 120
5 3 5 88 104 118
5 3 5 88 106 116
5 3 5 106 116 120
5 3 6 56 88 100
5 3 6 88 104 116
5 3 10 20 100 120
5 3 12 48 80 96
5 3 12 50 69 120
5 3 12 50 84 104
5 3 12 66 116 120
5 3 12 81 102 120
5 3 12 82 100 120
5 3 12 98 116 120
5 3 12 114 116 120
5 3 13 50 76 112
5 3 13 50 84 104
5 3 13 98 116 120
5 3 14 65 116 120
5 3 17 108 116 122
5 3 18 108 116 120
5 3 20 40 72 112
5 3 20 40 80 96
5 3 20 108 114 120
5 3 21 108 114 120
5 3 24 68 104 112
5 3 24 72 100 112
5 3 24 100 104 112
5 3 25 108 116 122
5 3 26 69 100 120
5 3 26 108 116 120
5 3 28 65 100 122
5 3 28 65 108 114
5 3 28 66 100 120
5 3 28 68 98 120
5 3 28 97 100 122
5 3 28 97 108 114
5 3 28 97 116 122
5 3 28 98 100 120
5 3 28 98 116 120
5 3 28 100 104 112
5 3 28 100 104 114
5 3 28 100 105 114
5 3 28 100 121 122
5 3 28 105 114 116
5 3 28 108 113 114
5 3 28 108 113 122
5 3 28 108 114 120
5 3 28 108 116 120
5 3 28 108 116 122
5 3 28 108 118 122
5 3 29 109 118 122
5 3 30 100 104 112
5 3 33 76 116 122
5 3 33 90 108 116
5 3 33 92 100 122
5 3 33 92 108 114
5 3 34 76 116 120
5 3 34 92 100 120
5 3 36 72 80 96
5 3 36 88 104 112
5 3 36 92 98 120
5 3 36 92 104 112
5 3 36 92 104 114
5 3 36 92 105 114
5 3 36 94 104 112
5 3 37 74 84 120
5 3 37 74 116 120
5 3 37 92 98 120
5 3 40 88 100 112
5 3 41 76 84 114
5 3 41 92 100 114
5 3 44 49 76 82
5 3 44 69 88 114
5 3 44 69 114 120
5 3 44 76 81 114
5 3 44 76 113 114
5 3 44 84 97 122
5 3 44 84 98 120
5 3 44 84 105 114
5 3 44 88 100 114
5 3 44 89 100 114
5 3 44 90 97 116
5 3 44 92 97 114
5 3 44 92 98 112
5 3 48 68 80 104
5 3 48 76 80 96
5 3 48 80 100 104
5 3 49 92 106 116
5 3 49 92 108 114
5 3 50 76 84 104
5 3 50 92 100 104
5 3 50 92 108 112
5 3 52 68 88 104
5 3 52 69 74 120
5 3 52 73 100 122
5 3 52 74 100 120
5 3 52 76 113 122
5 3 52 76 114 120
5 3 52 81 108 122
5 3 52 82 108 120
5 3 52 84 105 122
5 3 52 84 106 120
5 3 52 88 100 104
5 3 52 88 108 112
5 3 52 88 108 114
5 3 52 88 110 112
5 3 52 90 100 104
5 3 52 92 105 114
5 3 52 92 106 112
5 3 54 68 88 104
5 3 56 68 72 112
5 3 56 68 80 96
5 3 56 69 76 114
5 3 56 69 106 116
5 3 56 70 88 100
5 3 56 72 80 100
5 3 56 74 84 100
5 3 56 88 100 112
5 3 56 88 104 116
5 3 56 88 108 116
5 3 56 88 108 118
5 3 56 92 108 114
5 3 58 65 76 116
5 3 58 73 84 100
5 3 60 65 70 120
5 3 60 65 76 114
5 3 60 66 68 120
5 3 60 66 76 112
5 3 60 68 72 112
5 3 60 68 72 114
5 3 60 68 73 114
5 3 60 68 88 98
5 3 60 72 80 96
5 3 60 76 81 98
5 3 60 90 97 100
5 3 60 92 97 98
5 3 60 92 102 122
5 3 60 92 105 114
5 3 60 92 108 114
5 3 62 68 72 112
5 3 65 76 116 122
5 3 65 92 108 114
5 3 65 108 116 122
5 3 66 76 116 120
5 3 66 108 116 120
5 3 68 72 80 96
5 3 68 88 104 112
5 3 69 74 116 120
5 3 69 76 114 120
5 3 69 88 106 116
5 3 69 106 116 120
5 3 73 84 100 122
5 3 74 84 100 120
5 3 76 84 105 114
5 3 76 97 116 122
5 3 76 98 116 120
5 3 76 100 113 122
5 3 76 100 114 120
5 3 76 101 114 120
5 3 76 113 116 122
5 3 76 114 116 120
5 3 76 116 121 122
5 3 81 108 116 122
5 3 82 108 116 120
5 3 84 100 121 122
5 3 84 108 113 122
5 3 84 108 114 120
5 3 88 100 104 112
5 3 90 97 108 116
5 3 92 97 100 122
5 3 92 97 108 114
5 3 92 98 100 120
5 3 92 100 104 112
5 3 92 100 104 114
5 3 92 100 105 114
5 3 92 105 114 116
5 3 92 108 113 114
5 3 92 108 113 122
5 3 92 108 114 120
5 3 92 108 116 120
5 3 92 108 116 122
5 3 92 108 118 122
5 3 93 109 118 122
5 3 94 100 104 112
5 3 97 108 116 122
5 3 98 108 116 120
5 3 101 106 116 120
5 3 108 113 116 122
5 3 108 114 116 120
5 3 108 116 121 122
5 4 8 16 32 64
5 4 8 48 80 96
5 4 48 72 80 96
5 4 56 72 80 96
5 4 56 88 104 112
5 5 6 24 104 112
5 5 6 88 104 112
5 5 9 18 98 124
5 5 10 18 100 120
5 5 10 20 104 112
5 5 10 48 84 104
5 5 10 49 82 108
5 5 10 65 114 124
5 5 10 66 116 120
5 5 10 67 116 120
5 5 10 81 98 124
5 5 10 84 104 112
5 5 10 97 114 124
5 5 10 98 116 120
5 5 10 99 116 120
5 5 10 113 114 124
5 5 12 24 98 112
5 5 12 48 82 104
5 5 12 82 104 112
5 5 18 106 113 124
5 5 20 40 72 114
5 5 24 68 104 114
5 5 24 70 104 112
5 5 24 74 100 112
5 5 24 76 98 112
5 5 24 100 104 114
5 5 26 66 97 124
5 5 26 100 104 112
5 5 26 108 116 120
5 5 26 108 118 120
5 5 28 98 104 112
5 5 28 106 118 120
5 5 28 108 114 120
5 5 34 74 116 120
5 5 34 88 104 116
5 5 34 90 97 124
5 5 34 92 104 112
5 5 36 88 104 114
5 5 36 90 104 112
5 5 40 88 100 114
5 5 40 90 100 112
5 5 40 92 98 112
5 5 42 66 88 116
5 5 42 72 84 112
5 5 42 84 104 112
5 5 44 72 82 112
5 5 50 68 88 104
5 5 52 66 88 104
5 5 56 66 88 100
5 5 56 68 72 114
5 5 56 68 88 98
5 5 56 70 72 112
5 5 56 70 104 112
5 5 56 72 82 100
5 5 56 82 100 104
5 5 56 82 108 112
5 5 56 84 98 104
5 5 56 84 106 112
5 5 56 88 98 100
5 5 56 88 98 116
5 5 56 88 100 114
5 5 56 88 102 112
5 5 56 88 104 118
5 5 56 88 106 116
5 5 56 88 108 118
5 5 56 88 110 118
5 5 56 90 108 118
5 5 56 92 108 114
5 5 58 65 66 124
5 5 58 68 72 112
5 5 58 72 80 100
5 5 58 90 108 116
5 5 58 92 102 120
5 5 60 66 72 112
5 5 60 72 80 98
5 5 62 72 80 96
5 5 66 88 104 116
5 5 68 88 104 114
5 5 70 88 104 112
5 5 74 84 104 112
5 5 88 98 104 116
5 5 88 100 104 114
5 5 88 102 104 112
5 5 88 104 114 116
5 5 90 100 104 112
5 5 90 108 118 120
5 5 92 98 104 112
5 5 92 108 114 120
5 6 9 82 100 120
5 6 9 113 122 124
5 6 10 20 104 112
5 6 10 20 104 113
5 6 10 48 84 104
5 6 10 49 76 112
5 6 10 49 84 104
5 6 10 56 69 112
5 6 10 81 108 112
5 6 10 84 104 112
5 6 10 84 104 113
5 6 10 84 105 112
5 6 11 117 122 124
5 6 12 116 121 122
5 6 17 97 122 124
5 6 18 40 76 113
5 6 18 105 116 120
5 6 20 40 72 112
5 6 24 35 76 112
5 6 24 66 105 116
5 6 24 68 104 112
5 6 24 74 100 113
5 6 24 98 105 116
5 6 24 100 104 112
5 6 24 105 114 116
5 6 25 65 106 116
5 6 25 66 100 120
5 6 25 88 98 100
5 6 25 98 100 120
5 6 25 98 104 116
5 6 25 108 116 122
5 6 26 106 117 124
5 6 26 107 117 124
5 6 26 108 116 121
5 6 27 101 122 124
5 6 28 100 121 122
5 6 28 108 113 122
5 6 28 108 114 121
5 6 33 65 122 124
5 6 33 73 114 124
5 6 34 73 116 120
5 6 34 88 104 116
5 6 34 88 104 117
5 6 34 88 105 116
5 6 34 89 100 120
5 6 34 89 104 116
5 6 35 76 88 112
5 6 36 88 104 112
5 6 40 88 100 112
5 6 40 89 98 116
5 6 41 66 88 116
5 6 41 82 100 120
5 6 41 82 104 116
5 6 44 66 88 113
5 6 48 72 80 96
5 6 49 74 84 104
5 6 50 73 84 104
5 6 50 73 116 120
5 6 50 84 105 120
5 6 50 89 100 104
5 6 52 66 88 104
5 6 52 67 88 104
5 6 53 66 88 104
5 6 56 66 73 116
5 6 56 66 76 113
5 6 56 66 88 100
5 6 56 66 88 101
5 6 56 67 88 100
5 6 56 67 104 116
5 6 56 68 72 112
5 6 56 72 80 96
5 6 56 72 80 100
5 6 56 72 82 100
5 6 56 73 82 100
5 6 56 73 98 116
5 6 56 73 114 116
5 6 56 74 100 113
5 6 56 82 100 104
5 6 56 82 101 104
5 6 56 82 105 116
5 6 56 85 98 104
5 6 56 88 98 100
5 6 56 88 98 101
5 6 56 88 98 116
5 6 56 88 98 117
5 6 56 88 99 116
5 6 56 88 100 112
5 6 56 88 104 112
5 6 56 88 104 116
5 6 56 88 108 116
5 6 56 89 98 100
5 6 57 66 68 120
5 6 57 66 72 116
5 6 57 66 88 100
5 6 57 72 82 100
5 6 58 75 117 124
5 6 58 90 101 124
5 6 58 90 108 116
5 6 58 90 108 117
5 6 58 90 109 117
5 6 58 92 107 117
5 6 60 72 80 96
5 6 60 75 117 122
5 6 60 92 105 114
5 6 66 73 116 120
5 6 66 76 113 120
5 6 66 88 104 116
5 6 66 88 104 117
5 6 66 88 105 116
5 6 66 105 116 120
5 6 67 88 104 116
5 6 68 88 104 112
5 6 73 82 100 120
5 6 73 82 104 116
5 6 73 98 116 120
5 6 73 104 114 116
5 6 73 114 116 120
5 6 74 84 104 112
5 6 74 84 104 113
5 6 74 88 101 112
5 6 74 100 113 120
5 6 75 117 122 124
5 6 76 116 121 122
5 6 82 105 116 120
5 6 88 98 104 116
5 6 88 98 104 117
5 6 88 98 105 116
5 6 88 99 104 116
5 6 88 100 104 112
5 6 88 104 114 116
5 6 88 104 114 117
5 6 88 105 114 116
5 6 89 98 100 120
5 6 89 98 104 116
5 6 90 106 117 124
5 6 90 107 117 124
5 6 92 108 113 122
5 6 92 108 114 121
5 6 98 105 116 120
5 6 105 114 116 120
5 6 107 117 122 124
5 6 108 116 121 122
5 7 10 20 104 112
5 7 11 117 122 124
5 7 12 116 121 122
5 7 14 114 121 124
5 7 25 108 116 122
5 7 26 100 104 112
5 7 26 102 121 124
5 7 26 108 118 121
5 7 27 101 122 124
5 7 28 100 121 122
5 7 28 108 113 122
5 7 28 108 114 120
5 7 36 88 104 112
5 7 56 68 72 112
5 7 56 70 104 112
5 7 56 72 80 96
5 7 56 73 82 100
5 7 56 88 104 112
5 7 56 88 104 116
5 7 56 88 104 118
5 7 56 88 106 116
5 7 57 75 118 124
5 7 57 89 110 118
5 7 57 90 109 118
5 7 58 78 113 124
5 7 58 90 101 124
5 7 58 90 108 116
5 7 58 90 108 117
5 7 58 92 102 120
5 7 58 92 102 121
5 7 58 92 105 118
5 7 60 75 117 122
5 7 60 92 105 114
5 7 65 106 116 120
5 7 68 88 104 112
5 7 70 88 104 112
5 7 70 121 122 124
5 7 73 82 100 120
5 7 75 117 122 124
5 7 76 116 121 122
5 7 78 113 122 124
5 7 81 106 116 120
5 7 89 107 118 124
5 7 90 102 121 124
5 7 90 105 118 124
5 7 90 106 117 124
5 7 90 108 118 120
5 7 90 108 118 121
5 7 92 97 98 120
5 7 92 108 113 122
5 7 92 108 114 120
5 7 97 106 116 120
5 7 102 121 122 124
5 7 105 114 116 120
5 7 105 118 122 124
5 7 106 118 121 124
5 7 107 117 122 124
5 7 108 116 121 122
5 7 118 121 122 124
5 9 10 48 80 100
5 9 12 114 116 120
5 9 14 114 116 120
5 9 17 102 122 124
5 9 18 36 68 120
5 9 18 36 72 112
5 9 18 40 80 100
5 9 18 68 104 112
5 9 18 72 100 112
5 9 18 100 104 112
5 9 18 108 116 120
5 9 20 36 74 112
5 9 20 36 82 104
5 9 20 66 100 120
5 9 20 68 98 120
5 9 20 68 104 114
5 9 20 98 100 120
5 9 20 100 114 120
5 9 20 108 114 120
5 9 22 97 122 124
5 9 22 106 113 124
5 9 22 108 114 120
5 9 24 34 80 100
5 9 24 48 70 96
5 9 24 66 100 112
5 9 24 80 98 100
5 9 24 98 100 112
5 9 24 104 114 116
5 9 24 108 114 116
5 9 24 110 114 116
5 9 26 102 113 124
5 9 26 102 116 120
5 9 26 108 113 118
5 9 26 108 114 116
5 9 28 98 116 120
5 9 34 84 104 112
5 9 34 88 100 112
5 9 36 68 114 120
5 9 36 84 98 120
5 9 36 84 106 112
5 9 40 82 100 112
5 9 48 66 84 104
5 9 48 72 80 102
5 9 48 72 82 100
5 9 48 82 100 104
5 9 48 88 98 100
5 9 49 86 106 124
5 9 49 90 108 118
5 9 50 72 80 100
5 9 50 76 80 96
5 9 50 78 116 120
5 9 50 84 104 112
5 9 50 84 110 120
5 9 50 86 108 120
5 9 50 88 110 116
5 9 50 90 108 116
5 9 50 92 108 112
5 9 50 92 110 112
5 9 52 66 68 120
5 9 52 66 72 112
5 9 52 66 80 104
5 9 52 76 114 120
5 9 52 82 108 120
5 9 52 84 106 120
5 9 52 88 108 114
5 9 52 88 110 112
5 9 52 92 106 112
5 9 54 72 80 96
5 9 54 90 108 112
5 9 54 90 108 113
5 9 56 66 68 112
5 9 56 66 80 100
5 9 56 70 80 96
5 9 56 76 114 116
5 9 56 78 114 116
5 9 56 82 108 112
5 9 56 82 108 116
5 9 56 86 108 114
5 9 56 86 110 112
5 9 56 88 98 116
5 9 56 88 102 112
5 9 56 88 102 116
5 9 56 92 102 112
5 9 60 66 80 96
5 9 65 118 122 124
5 9 66 84 104 112
5 9 70 113 122 124
5 9 72 82 100 112
5 9 74 113 118 124
5 9 76 114 116 120
5 9 78 114 116 120
5 9 81 102 122 124
5 9 81 106 118 124
5 9 82 100 104 112
5 9 82 108 116 120
5 9 82 110 116 120
5 9 84 108 114 120
5 9 86 106 113 124
5 9 86 108 114 120
5 9 88 98 100 112
5 9 88 104 114 116
5 9 88 108 114 116
5 9 88 110 114 116
5 9 90 108 113 118
5 9 90 108 114 116
5 9 97 118 122 124
5 9 102 113 122 124
5 9 106 113 118 124
5 9 108 114 116 120
5 9 110 114 116 120
5 9 113 118 122 124
5 10 12 48 80 96
5 10 12 113 118 120
5 10 17 108 118 120
5 10 18 36 68 120
5 10 18 36 68 121
5 10 18 36 69 120
5 10 20 40 80 96
5 10 20 66 100 120
5 10 20 66 100 121
5 10 20 67 100 120
5 10 20 68 104 112
5 10 20 70 104 112
5 10 20 89 98 100
5 10 20 98 100 120
5 10 20 98 100 121
5 10 21 108 114 120
5 10 22 108 113 120
5 10 24 104 117 118
5 10 24 108 113 118
5 10 24 108 114 117
5 10 28 97 118 120
5 10 28 101 114 120
5 10 28 102 113 120
5 10 28 108 113 114
5 10 36 84 98 120
5 10 36 84 98 121
5 10 37 68 82 120
5 10 48 72 80 100
5 10 49 92 102 120
5 10 49 92 108 114
5 10 50 92 101 120
5 10 50 92 108 113
5 10 52 66 68 120
5 10 52 66 68 121
5 10 52 67 68 120
5 10 52 68 82 105
5 10 52 72 80 96
5 10 52 88 108 112
5 10 56 68 80 96
5 10 56 76 113 118
5 10 56 76 114 117
5 10 56 81 108 118
5 10 56 82 108 117
5 10 56 88 100 112
5 10 56 88 101 118
5 10 56 88 102 117
5 10 56 92 101 114
5 10 56 92 102 113
5 10 76 113 118 120
5 10 76 114 117 120
5 10 81 108 118 120
5 10 82 108 117 120
5 10 88 104 117 118
5 10 88 108 113 118
5 10 88 108 114 117
5 10 92 101 114 120
5 10 92 102 113 120
5 10 92 108 113 114
5 10 108 113 118 120
5 10 108 114 117 120
5 11 21 98 100 120
5 11 21 102 122 124
5 11 21 103 122 124
5 11 21 108 114 120
5 11 22 102 121 124
5 11 24 104 117 118
5 11 24 108 113 118
5 11 24 108 114 116
5 11 25 108 114 116
5 11 28 101 114 120
5 11 49 92 98 100
5 11 49 92 108 114
5 11 52 72 80 96
5 11 52 82 108 112
5 11 52 84 104 112
5 11 56 66 84 100
5 11 56 67 84 100
5 11 56 81 108 118
5 11 56 88 101 118
5 11 56 88 102 116
5 11 56 92 101 114
5 11 65 70 116 120
5 11 69 98 116 120
5 11 70 117 122 124
5 11 81 108 118 120
5 11 88 104 117 118
5 11 88 108 113 118
5 11 88 108 114 116
5 11 92 101 114 120
5 11 92 105 114 116
5 11 92 108 113 114
5 11 108 113 116 122
5 11 108 113 118 120
5 11 108 114 116 120
5 12 17 68 104 114
5 12 17 98 116 120
5 12 17 100 104 114
5 12 17 100 114 120
5 12 18 98 116 120
5 12 18 98 116 121
5 12 19 80 100 104
5 12 19 100 104 112
5 12 20 24 97 98
5 12 20 35 88 96
5 12 20 40 80 96
5 12 20 40 80 98
5 12 20 40 80 99
5 12 20 40 81 98
5 12 20 41 82 96
5 12 20 65 98 120
5 12 20 73 98 112
5 12 20 88 97 98
5 12 20 97 98 120
5 12 20 97 114 120
5 12 20 100 121 122
5 12 20 102 121 122
5 12 20 103 121 122
5 12 20 105 114 120
5 12 21 102 121 122
5 12 21 105 118 122
5 12 21 106 116 120
5 12 21 106 118 120
5 12 21 107 116 122
5 12 21 107 118 120
5 12 22 105 116 122
5 12 22 106 116 120
5 12 22 106 116 121
5 12 22 106 117 120
5 12 22 107 116 120
5 12 23 107 116 120
5 12 24 104 113 118
5 12 24 104 114 116
5 12 24 104 115 116
5 12 24 105 114 116
5 12 33 66 116 120
5 12 33 68 114 120
5 12 33 82 100 120
5 12 33 84 98 120
5 12 33 84 104 114
5 12 34 66 116 120
5 12 34 66 116 121
5 12 34 67 116 120
5 12 34 82 101 120
5 12 35 68 88 112
5 12 36 81 98 120
5 12 36 81 104 114
5 12 36 81 106 112
5 12 36 82 104 112
5 12 36 83 104 112
5 12 41 68 82 112
5 12 48 68 82 104
5 12 48 68 88 99
5 12 48 72 80 96
5 12 48 82 100 104
5 12 48 83 100 104
5 12 49 68 72 114
5 12 49 68 82 104
5 12 49 70 80 104
5 12 49 82 100 104
5 12 49 82 100 120
5 12 49 84 98 104
5 12 49 84 104 114
5 12 49 84 106 120
5 12 50 65 68 120
5 12 50 65 84 104
5 12 50 68 72 112
5 12 50 68 73 112
5 12 50 68 80 104
5 12 50 69 104 112
5 12 50 73 116 120
5 12 51 68 72 112
5 12 51 68 80 104
5 12 52 65 66 120
5 12 52 65 82 104
5 12 52 70 121 122
5 12 52 71 121 122
5 12 52 73 114 120
5 12 52 84 105 122
5 12 52 84 106 120
5 12 52 84 107 120
5 12 52 84 107 122
5 12 52 85 106 120
5 12 52 85 107 122
5 12 52 86 105 122
5 12 52 86 106 120
5 12 52 86 106 121
5 12 52 86 107 120
5 12 52 87 107 120
5 12 52 88 97 98
5 12 52 89 103 122
5 12 52 90 103 120
5 12 53 75 116 122
5 12 53 86 107 120
5 12 53 89 102 122
5 12 54 75 116 120
5 12 54 90 105 116
5 12 56 68 81 98
5 12 56 73 114 116
5 12 56 81 106 116
5 12 56 84 105 114
5 12 56 88 97 118
5 12 56 88 98 116
5 12 56 88 99 116
5 12 56 88 100 114
5 12 56 88 100 115
5 12 56 88 101 114
5 12 57 71 116 122
5 12 57 86 107 116
5 12 58 90 101 116
5 12 65 66 116 120
5 12 65 68 114 120
5 12 65 82 100 120
5 12 65 84 104 114
5 12 65 98 116 120
5 12 65 100 114 120
5 12 65 114 116 120
5 12 68 72 113 114
5 12 68 81 98 120
5 12 68 81 104 114
5 12 68 81 106 112
5 12 68 82 104 112
5 12 68 88 99 112
5 12 68 97 114 120
5 12 68 104 113 114
5 12 68 113 114 120
5 12 69 82 104 112
5 12 70 116 121 122
5 12 71 116 121 122
5 12 73 114 116 120
5 12 81 82 100 104
5 12 81 84 98 104
5 12 81 98 100 120
5 12 81 98 116 120
5 12 81 100 104 114
5 12 81 100 106 112
5 12 81 100 114 120
5 12 81 106 116 120
5 12 82 100 104 112
5 12 83 100 104 112
5 12 84 97 98 120
5 12 84 97 104 114
5 12 84 100 121 122
5 12 84 102 121 122
5 12 84 103 121 122
5 12 84 104 113 114
5 12 84 105 114 120
5 12 85 102 121 122
5 12 85 105 118 122
5 12 85 106 116 120
5 12 85 107 116 122
5 12 85 107 118 120
5 12 86 105 116 122
5 12 86 106 116 120
5 12 86 106 116 121
5 12 86 107 116 120
5 12 87 107 116 120
5 12 88 104 113 118
5 12 88 104 114 116
5 12 88 104 115 116
5 12 88 105 114 116
5 12 97 98 116 120
5 12 97 100 114 120
5 12 97 114 116 120
5 12 100 104 113 114
5 12 100 113 114 120
5 12 102 116 121 122
5 12 103 116 121 122
5 12 105 114 116 120
5 12 113 114 116 120
5 13 14 114 116 120
5 13 14 115 116 120
5 13 18 98 116 120
5 13 22 106 113 124
5 13 22 108 113 122
5 13 22 108 114 120
5 13 24 104 114 116
5 13 26 105 114 116
5 13 28 98 116 120
5 13 28 102 113 122
5 13 28 106 114 116
5 13 28 106 115 116
5 13 30 99 116 120
5 13 33 82 98 124
5 13 33 86 98 120
5 13 34 66 116 120
5 13 49 86 106 124
5 13 49 86 108 122
5 13 50 65 66 124
5 13 50 66 76 112
5 13 50 66 84 104
5 13 50 67 116 120
5 13 50 68 72 112
5 13 50 74 116 120
5 13 50 81 102 120
5 13 50 82 100 120
5 13 50 82 108 112
5 13 50 84 98 104
5 13 50 84 104 112
5 13 52 76 114 120
5 13 52 76 115 122
5 13 52 78 115 120
5 13 52 86 106 121
5 13 52 88 108 114
5 13 52 88 110 115
5 13 52 90 108 115
5 13 54 65 66 120
5 13 54 78 113 120
5 13 54 90 101 120
5 13 54 90 108 113
5 13 56 74 113 118
5 13 56 74 114 116
5 13 56 88 98 116
5 13 56 88 100 114
5 13 58 71 116 120
5 13 58 90 101 116
5 13 58 92 99 116
5 13 60 65 82 98
5 13 65 82 98 124
5 13 65 118 122 124
5 13 67 114 116 120
5 13 67 118 122 124
5 13 70 113 122 124
5 13 70 116 121 122
5 13 74 113 118 120
5 13 74 114 116 120
5 13 76 113 118 122
5 13 76 114 116 120
5 13 76 115 116 122
5 13 78 113 116 122
5 13 78 114 116 120
5 13 78 115 116 120
5 13 81 108 118 122
5 13 82 98 116 120
5 13 83 110 116 120
5 13 84 108 115 122
5 13 86 97 98 120
5 13 86 105 116 122
5 13 86 106 113 124
5 13 86 106 116 120
5 13 86 106 116 121
5 13 86 107 116 120
5 13 86 108 113 122
5 13 86 110 113 120
5 13 88 104 114 116
5 13 90 108 114 116
5 13 90 108 115 116
5 13 92 99 116 122
5 13 97 118 122 124
5 13 102 113 122 124
5 13 102 116 121 122
5 13 108 113 118 122
5 13 108 114 116 120
5 13 108 115 116 122
5 13 110 113 116 122
5 13 110 114 116 120
5 13 110 115 116 120
5 13 113 118 122 124
5 13 118 121 122 124
5 14 17 97 114 124
5 14 17 98 116 120
5 14 17 99 116 120
5 14 18 97 116 120
5 14 19 101 122 124
5 14 19 108 116 120
5 14 19 108 116 122
5 14 21 105 118 120
5 14 21 108 114 120
5 14 21 108 115 120
5 14 22 97 122 124
5 14 22 99 121 124
5 14 22 106 113 124
5 14 22 106 116 120
5 14 22 106 116 121
5 14 22 106 117 120
5 14 22 106 117 121
5 14 22 107 117 120
5 14 22 108 113 120
5 14 23 109 114 120
5 14 24 104 113 118
5 14 24 104 114 116
5 14 24 104 114 117
5 14 24 105 114 116
5 14 24 106 113 116
5 14 25 105 114 116
5 14 28 97 116 122
5 14 28 99 116 120
5 14 28 102 113 120
5 14 28 105 114 116
5 14 28 108 113 114
5 14 33 65 114 124
5 14 33 66 116 120
5 14 33 67 116 120
5 14 33 85 98 120
5 14 48 65 80 96
5 14 49 73 114 124
5 14 49 74 116 120
5 14 49 81 98 124
5 14 49 81 102 120
5 14 49 82 100 120
5 14 49 86 106 124
5 14 49 92 97 98
5 14 49 92 108 114
5 14 50 65 84 104
5 14 50 73 116 120
5 14 50 84 97 104
5 14 50 86 108 121
5 14 50 92 103 121
5 14 50 92 108 113
5 14 51 77 114 124
5 14 51 86 109 120
5 14 51 89 102 124
5 14 51 92 109 114
5 14 52 76 113 122
5 14 52 76 114 120
5 14 52 76 114 121
5 14 52 76 115 120
5 14 52 85 106 120
5 14 52 88 108 114
5 14 52 88 108 115
5 14 52 92 106 113
5 14 53 86 106 121
5 14 53 90 109 114
5 14 54 77 114 120
5 14 54 77 114 121
5 14 54 86 105 120
5 14 54 90 105 116
5 14 54 90 108 113
5 14 56 73 114 116
5 14 56 74 113 116
5 14 56 82 108 113
5 14 56 88 97 118
5 14 56 88 98 116
5 14 56 88 98 117
5 14 56 88 99 116
5 14 56 88 102 113
5 14 57 65 82 100
5 14 57 71 114 124
5 14 58 71 116 121
5 14 65 66 116 120
5 14 65 98 116 120
5 14 65 114 116 120
5 14 65 118 122 124
5 14 66 68 113 120
5 14 66 84 104 113
5 14 66 97 116 120
5 14 66 100 113 120
5 14 66 113 116 120
5 14 67 97 116 120
5 14 70 113 122 124
5 14 70 114 121 124
5 14 71 114 121 124
5 14 73 113 114 124
5 14 73 114 116 120
5 14 74 113 116 120
5 14 76 113 116 122
5 14 76 114 116 120
5 14 76 114 116 121
5 14 76 115 116 120
5 14 77 114 116 120
5 14 81 97 114 124
5 14 81 97 122 124
5 14 81 98 116 120
5 14 81 99 116 120
5 14 81 102 122 124
5 14 81 108 116 122
5 14 82 100 104 113
5 14 82 100 113 120
5 14 83 101 122 124
5 14 83 102 121 124
5 14 83 109 114 124
5 14 83 109 116 122
5 14 84 108 113 122
5 14 84 108 115 120
5 14 86 105 114 124
5 14 86 106 113 124
5 14 86 106 116 120
5 14 86 106 116 121
5 14 86 106 117 121
5 14 86 107 117 120
5 14 86 109 114 120
5 14 86 109 114 121
5 14 88 104 113 118
5 14 88 104 114 116
5 14 88 104 114 117
5 14 88 105 114 116
5 14 88 106 113 116
5 14 89 102 116 120
5 14 91 109 114 116
5 14 92 99 116 120
5 14 92 102 113 120
5 14 92 105 114 116
5 14 92 108 113 114
5 14 97 98 116 120
5 14 97 114 116 120
5 14 97 118 122 124
5 14 98 100 113 120
5 14 98 113 116 120
5 14 102 113 122 124
5 14 102 114 121 124
5 14 103 114 121 124
5 14 105 114 116 120
5 14 106 113 116 120
5 14 108 113 116 122
5 14 108 114 116 120
5 14 108 114 116 121
5 14 108 115 116 120
5 14 109 114 116 120
5 14 113 114 116 120
5 14 113 118 122 124
5 14 118 121 122 124
5 14 119 121 122 124
5 15 24 104 113 118
5 15 24 104 114 116
5 15 28 108 113 114
5 15 51 77 114 124
5 15 51 85 106 124
5 15 52 76 115 120
5 15 54 90 108 113
5 15 56 73 114 116
5 15 56 88 97 118
5 15 65 114 116 120
5 15 65 118 122 124
5 15 73 114 116 120
5 15 76 113 116 122
5 15 76 114 116 120
5 15 76 115 116 120
5 15 81 98 116 120
5 15 88 104 113 118
5 15 88 104 114 116
5 15 92 108 113 114
5 15 97 114 116 120
5 15 97 118 122 124
5 15 108 115 116 120
5 15 113 114 116 120
5 15 113 118 122 124
5 15 118 121 122 124
5 15 119 121 122 124
5 15 119 123 125 126
5 17 18 36 72 96
5 17 18 100 104 112
5 17 18 101 106 124
5 17 20 98 108 120
5 17 20 100 106 120
5 17 20 106 108 112
5 17 22 97 106 124
5 17 22 98 108 120
5 17 22 99 108 120
5 17 22 106 108 112
5 17 24 98 104 116
5 17 24 98 108 112
5 17 24 102 104 112
5 17 26 100 104 112
5 17 28 98 100 120
5 17 28 98 108 112
5 17 28 100 104 114
5 17 28 100 106 112
5 17 30 98 100 120
5 17 30 98 108 112
5 17 30 100 104 112
5 17 33 70 122 124
5 17 33 78 114 124
5 17 33 86 106 124
5 17 34 68 72 112
5 17 34 68 80 104
5 17 34 68 104 112
5 17 34 76 80 96
5 17 34 76 116 120
5 17 34 78 116 120
5 17 34 80 100 104
5 17 34 84 104 112
5 17 34 84 108 120
5 17 34 88 104 116
5 17 34 88 108 112
5 17 34 92 108 112
5 17 35 78 116 120
5 17 35 90 108 116
5 17 36 76 114 120
5 17 36 84 106 120
5 17 36 92 106 112
5 17 38 74 116 120
5 17 38 82 105 124
5 17 38 82 108 120
5 17 38 90 97 124
5 17 38 92 98 120
5 17 38 92 105 114
5 17 38 92 106 112
5 17 38 94 104 112
5 17 40 66 72 116
5 17 40 70 72 112
5 17 40 72 82 100
5 17 40 72 98 116
5 17 40 72 102 112
5 17 40 72 114 116
5 17 40 88 98 116
5 17 40 88 102 112
5 17 42 69 114 124
5 17 42 84 104 112
5 17 42 92 100 112
5 17 42 92 100 114
5 17 44 66 80 96
5 17 44 68 72 114
5 17 44 82 100 120
5 17 44 84 98 120
5 17 44 84 106 112
5 17 44 88 100 114
5 17 44 90 100 112
5 17 44 92 98 112
5 17 46 86 97 120
5 17 46 92 98 112
5 17 48 66 68 104
5 17 48 66 76 96
5 17 48 80 98 108
5 17 48 80 106 108
5 17 48 82 100 104
5 17 48 84 106 108
5 17 48 88 98 108
5 17 48 88 102 104
5 17 48 92 98 104
5 17 48 92 98 108
5 17 48 92 100 106
5 17 48 92 102 106
5 17 48 94 98 108
5 17 48 94 100 104
5 17 50 69 106 124
5 17 50 78 97 124
5 17 50 78 101 120
5 17 50 78 108 112
5 17 50 84 105 110
5 17 50 84 106 108
5 17 50 92 97 110
5 17 50 92 98 108
5 17 50 92 100 104
5 17 50 92 100 106
5 17 50 92 101 106
5 17 50 94 100 104
5 17 52 74 100 120
5 17 52 78 98 120
5 17 52 88 98 108
5 17 52 88 100 106
5 17 52 90 100 104
5 17 52 92 98 104
5 17 54 90 97 108
5 17 56 66 68 96
5 17 56 70 104 112
5 17 56 70 108 112
5 17 56 74 100 112
5 17 56 78 100 112
5 17 56 82 100 104
5 17 56 88 98 100
5 17 58 92 98 100
5 17 65 102 122 124
5 17 65 110 114 124
5 17 66 68 104 112
5 17 66 80 100 104
5 17 66 100 104 112
5 17 66 108 116 120
5 17 67 108 116 122
5 17 67 110 116 120
5 17 70 97 122 124
5 17 70 105 114 124
5 17 76 98 116 120
5 17 76 100 114 120
5 17 78 97 114 124
5 17 78 98 116 120
5 17 78 99 116 120
5 17 80 98 100 104
5 17 82 97 110 124
5 17 82 100 104 112
5 17 82 101 106 124
5 17 82 101 110 120
5 17 84 98 108 120
5 17 84 100 106 120
5 17 84 106 108 112
5 17 86 97 106 124
5 17 86 97 110 120
5 17 88 98 104 116
5 17 88 98 108 112
5 17 88 102 104 112
5 17 90 98 108 116
5 17 92 98 100 120
5 17 92 98 104 112
5 17 92 98 108 112
5 17 92 100 104 114
5 17 92 100 106 112
5 17 92 101 106 114
5 17 92 102 106 112
5 17 94 98 100 120
5 17 94 98 108 112
5 17 94 100 104 112
5 17 97 102 122 124
5 17 97 110 114 124
5 17 97 118 122 124
5 17 98 100 104 112
5 17 98 108 116 120
5 17 99 110 116 120
5 17 101 106 114 124
5 17 105 118 122 124
5 17 108 114 116 120
5 17 109 118 122 124
5 17 110 114 116 120
5 17 110 118 122 124
5 17 111 114 116 120
5 17 111 118 122 124
5 18 20 97 110 120
5 18 20 99 108 120
5 18 20 102 105 120
5 18 20 105 110 112
5 18 21 98 108 120
5 18 24 100 104 112
5 18 28 97 106 116
5 18 28 97 110 112
5 18 28 98 105 116
5 18 28 100 104 112
5 18 28 101 106 112
5 18 33 84 110 120
5 18 33 92 106 116
5 18 33 92 110 112
5 18 34 76 116 120
5 18 34 76 116 121
5 18 34 77 116 120
5 18 34 92 105 116
5 18 36 72 80 96
5 18 36 88 104 112
5 18 37 74 116 120
5 18 37 92 98 120
5 18 37 92 106 112
5 18 38 92 97 120
5 18 38 92 105 112
5 18 40 68 72 112
5 18 40 72 100 112
5 18 40 88 100 112
5 18 44 67 116 120
5 18 44 84 98 120
5 18 44 84 98 121
5 18 44 84 99 120
5 18 44 88 100 112
5 18 44 89 98 116
5 18 48 68 72 96
5 18 48 80 100 104
5 18 48 80 109 110
5 18 48 84 105 110
5 18 48 84 106 109
5 18 48 88 100 104
5 18 48 92 97 110
5 18 48 92 98 109
5 18 48 92 100 104
5 18 48 92 101 106
5 18 52 67 108 120
5 18 52 69 106 120
5 18 52 70 105 120
5 18 52 77 98 120
5 18 52 77 106 112
5 18 52 78 97 120
5 18 52 78 105 112
5 18 52 84 105 106
5 18 52 88 97 110
5 18 52 88 98 108
5 18 52 88 98 109
5 18 52 88 99 108
5 18 52 88 100 104
5 18 52 88 101 106
5 18 52 89 98 108
5 18 52 92 97 106
5 18 52 92 98 105
5 18 56 69 106 116
5 18 56 69 110 112
5 18 56 70 105 116
5 18 60 77 98 112
5 18 60 78 97 112
5 18 60 92 97 98
5 18 65 110 116 120
5 18 66 108 116 120
5 18 66 108 116 121
5 18 66 109 116 120
5 18 67 108 116 120
5 18 69 106 116 120
5 18 70 105 116 120
5 18 76 98 116 120
5 18 76 98 116 121
5 18 76 99 116 120
5 18 77 98 116 120
5 18 78 97 116 120
5 18 84 97 110 120
5 18 84 98 108 120
5 18 84 98 108 121
5 18 84 98 109 120
5 18 84 99 108 120
5 18 84 101 106 120
5 18 84 102 105 120
5 18 84 105 110 112
5 18 84 106 109 112
5 18 88 100 104 112
5 18 89 98 108 116
5 18 92 97 106 116
5 18 92 97 110 112
5 18 92 98 105 116
5 18 92 98 109 112
5 18 92 100 104 112
5 18 92 101 106 112
5 18 97 110 116 120
5 18 98 108 116 120
5 18 98 108 116 121
5 18 98 109 116 120
5 18 99 108 116 120
5 18 101 106 116 120
5 18 110 113 116 120
5 19 24 100 104 112
5 19 28 101 106 112
5 19 34 76 100 120
5 19 34 92 100 104
5 19 35 76 84 104
5 19 36 76 104 112
5 19 37 92 106 112
5 19 38 65 76 120
5 19 40 72 100 112
5 19 41 92 102 120
5 19 41 92 108 114
5 19 44 66 76 112
5 19 44 67 76 112
5 19 44 67 100 120
5 19 44 68 72 112
5 19 44 69 98 120
5 19 44 92 97 98
5 19 48 80 100 104
5 19 48 80 109 110
5 19 48 92 97 110
5 19 48 92 101 106
5 19 49 92 98 108
5 19 52 77 106 112
5 19 52 88 98 108
5 19 52 88 99 108
5 19 56 74 108 116
5 19 60 65 76 98
5 19 65 108 116 122
5 19 65 110 116 120
5 19 66 108 116 120
5 19 67 108 116 120
5 19 69 108 114 120
5 19 73 108 116 122
5 19 74 108 116 120
5 19 76 99 116 120
5 19 76 100 104 112
5 19 81 102 108 120
5 19 84 98 108 120
5 19 84 99 108 120
5 19 92 97 110 112
5 19 92 98 100 104
5 19 92 101 106 112
5 19 97 108 116 122
5 19 97 110 116 120
5 19 98 108 116 120
5 19 99 108 116 120
5 19 101 106 116 120
5 19 102 108 113 120
5 19 108 113 116 122
5 19 108 114 116 120
5 19 108 116 121 122
5 19 109 118 122 124
5 19 110 113 116 120
5 20 24 97 108 114
5 20 24 97 110 112
5 20 24 98 108 112
5 20 24 99 108 112
5 20 24 101 106 112
5 20 25 98 100 120
5 20 25 98 108 112
5 20 25 100 106 112
5 20 33 82 108 120
5 20 33 88 108 114
5 20 33 88 110 112
5 20 34 88 108 112
5 20 36 73 114 120
5 20 36 81 106 120
5 20 36 89 106 112
5 20 40 68 72 112
5 20 40 68 72 114
5 20 40 68 72 115
5 20 40 68 73 114
5 20 40 69 74 112
5 20 40 73 100 114
5 20 41 68 72 114
5 20 41 82 100 120
5 20 41 82 108 112
5 20 41 90 100 112
5 20 44 90 97 112
5 20 48 80 105 110
5 20 48 80 106 108
5 20 48 80 107 108
5 20 48 81 106 108
5 20 48 88 97 110
5 20 48 88 98 108
5 20 48 88 99 108
5 20 48 88 100 106
5 20 48 88 100 107
5 20 48 88 101 106
5 20 48 89 100 106
5 20 48 90 97 108
5 20 49 76 98 120
5 20 49 76 106 112
5 20 56 67 108 112
5 20 56 69 106 112
5 20 56 73 100 114
5 20 56 73 102 112
5 20 56 74 100 112
5 20 56 75 100 112
5 20 56 76 97 114
5 20 56 76 98 112
5 20 56 76 99 112
5 20 56 78 97 112
5 20 56 81 98 108
5 20 56 81 100 106
5 20 56 88 97 102
5 20 56 88 98 100
5 20 56 88 99 100
5 20 56 90 97 100
5 20 65 108 114 120
5 20 68 105 114 120
5 20 73 100 114 120
5 20 76 97 114 120
5 20 81 98 108 120
5 20 81 100 106 120
5 20 81 106 108 112
5 20 88 97 108 114
5 20 88 97 110 112
5 20 88 98 108 112
5 20 88 99 108 112
5 20 88 100 105 114
5 20 88 100 106 112
5 20 88 100 107 112
5 20 88 101 106 112
5 20 89 100 106 112
5 20 90 97 100 120
5 20 90 97 108 112
5 20 97 108 114 120
5 20 100 105 114 120
5 20 108 113 114 120
5 21 26 97 108 114
5 21 26 98 108 112
5 21 34 74 100 120
5 21 34 90 100 104
5 21 36 74 104 112
5 21 42 67 116 120
5 21 42 68 72 112
5 21 42 74 116 120
5 21 42 81 98 124
5 21 42 82 97 124
5 21 42 84 104 112
5 21 42 88 108 114
5 21 42 90 108 113
5 21 44 76 115 122
5 21 44 78 113 122
5 21 44 78 115 120
5 21 44 90 103 120
5 21 44 90 105 118
5 21 44 92 99 122
5 21 48 80 106 108
5 21 48 82 105 110
5 21 48 82 106 108
5 21 48 88 100 106
5 21 49 90 98 108
5 21 50 67 108 120
5 21 50 81 106 108
5 21 50 90 97 108
5 21 56 68 72 98
5 21 56 88 102 104
5 21 67 108 114 120
5 21 73 102 122 124
5 21 74 98 100 120
5 21 74 108 114 120
5 21 76 102 121 122
5 21 76 105 118 122
5 21 76 106 116 120
5 21 76 106 118 120
5 21 76 107 118 120
5 21 82 97 106 124
5 21 82 97 110 120
5 21 82 98 108 120
5 21 82 105 110 112
5 21 82 106 108 112
5 21 82 106 108 113
5 21 88 100 106 112
5 21 102 121 122 124
5 21 105 118 122 124
5 21 110 113 122 124
5 21 110 114 121 124
5 21 110 116 121 122
5 22 26 97 108 112
5 22 33 74 100 120
5 22 34 73 100 120
5 22 34 89 100 104
5 22 35 76 97 120
5 22 41 73 114 124
5 22 42 77 115 124
5 22 42 78 113 124
5 22 42 78 116 120
5 22 42 78 117 121
5 22 42 92 108 113
5 22 42 92 108 115
5 22 44 73 116 122
5 22 44 76 113 122
5 22 44 76 114 120
5 22 44 76 114 121
5 22 44 76 115 120
5 22 44 92 99 120
5 22 44 92 106 113
5 22 48 80 105 110
5 22 48 80 106 108
5 22 48 80 106 109
5 22 48 81 106 108
5 22 48 82 105 108
5 22 48 88 97 110
5 22 48 88 102 105
5 22 48 92 98 105
5 22 49 81 106 108
5 22 56 73 108 114
5 22 56 74 108 113
5 22 56 82 100 105
5 22 65 108 114 120
5 22 66 105 116 120
5 22 66 108 113 120
5 22 73 98 100 120
5 22 73 106 113 124
5 22 73 108 114 120
5 22 74 97 100 120
5 22 74 102 121 124
5 22 74 105 116 120
5 22 74 108 113 120
5 22 74 108 116 121
5 22 76 106 116 120
5 22 76 106 116 121
5 22 76 106 117 120
5 22 81 97 106 124
5 22 81 98 108 120
5 22 81 99 108 120
5 22 81 106 108 112
5 22 82 97 108 120
5 22 82 100 105 120
5 22 82 105 108 112
5 22 88 97 110 112
5 22 88 98 105 116
5 22 88 102 105 112
5 22 89 98 100 104
5 22 97 108 114 120
5 22 98 105 116 120
5 22 98 108 113 120
5 22 102 121 122 124
5 22 103 121 122 124
5 22 105 114 116 120
5 22 108 113 114 120
5 22 108 116 121 122
5 22 109 115 122 124
5 22 110 113 122 124
5 22 110 114 121 124
5 22 111 113 122 124
5 22 111 114 121 124
5 23 24 106 108 113
5 23 56 88 99 108
5 23 76 107 116 120
5 23 88 106 108 113
5 23 102 105 122 124
5 23 102 106 121 124
5 23 103 121 122 124
5 23 105 108 116 122
5 23 106 108 113 120
5 23 110 113 122 124
5 23 110 114 121 124
5 23 110 115 121 124
5 23 111 113 122 124
5 24 33 66 104 116
5 24 33 70 104 112
5 24 33 72 80 102
5 24 33 72 98 116
5 24 33 72 102 112
5 24 33 74 100 112
5 24 33 82 108 112
5 24 34 68 104 112
5 24 34 72 80 100
5 24 34 72 100 112
5 24 35 72 80 100
5 24 35 72 84 96
5 24 36 68 104 112
5 24 36 68 104 114
5 24 36 68 104 115
5 24 36 68 105 114
5 24 38 65 72 112
5 24 38 72 80 96
5 24 39 72 80 96
5 24 40 48 65 70
5 24 40 65 66 116
5 24 40 65 70 112
5 24 40 65 82 100
5 24 40 66 68 112
5 24 40 67 100 112
5 24 40 72 113 118
5 24 40 72 114 116
5 24 40 72 117 118
5 24 40 73 114 116
5 24 40 74 117 118
5 24 40 75 117 118
5 24 40 76 113 118
5 24 40 76 114 116
5 24 40 76 115 116
5 24 40 77 114 116
5 24 40 78 113 118
5 24 40 78 114 116
5 24 40 78 114 117
5 24 40 79 113 118
5 24 40 79 114 116
5 24 40 81 98 100
5 24 40 81 98 116
5 24 40 81 102 112
5 24 40 82 100 112
5 24 41 74 117 118
5 24 41 78 113 118
5 24 41 78 114 116
5 24 41 78 114 117
5 24 41 79 114 116
5 24 41 81 110 118
5 24 41 82 104 116
5 24 41 82 108 116
5 24 41 83 108 118
5 24 41 85 110 114
5 24 41 86 104 112
5 24 41 86 104 116
5 24 41 86 108 112
5 24 41 86 108 114
5 24 41 87 104 118
5 24 41 87 108 114
5 24 41 87 110 112
5 24 42 76 113 118
5 24 42 76 114 116
5 24 42 76 114 117
5 24 42 77 114 116
5 24 42 78 113 116
5 24 42 81 108 118
5 24 42 82 108 116
5 24 42 82 108 117
5 24 42 83 108 116
5 24 42 84 104 112
5 24 42 85 104 118
5 24 42 85 108 114
5 24 42 86 104 116
5 24 42 86 104 117
5 24 42 86 105 116
5 24 42 86 108 112
5 24 42 86 108 113
5 24 42 87 104 116
5 24 42 87 108 112
5 24 44 65 66 112
5 24 44 73 114 116
5 24 44 76 113 114
5 24 44 81 104 118
5 24 44 82 104 116
5 24 44 83 104 116
5 24 44 84 104 112
5 24 44 84 104 114
5 24 44 84 104 115
5 24 44 84 105 114
5 24 44 85 104 114
5 24 44 85 106 112
5 24 44 86 104 112
5 24 44 87 104 112
5 24 45 86 104 112
5 24 45 86 105 114
5 24 45 86 106 113
5 24 46 85 104 114
5 24 46 86 104 112
5 24 46 86 104 113
5 24 46 86 105 113
5 24 46 87 104 112
5 24 46 87 104 113
5 24 47 87 104 112
5 24 48 80 97 110
5 24 48 80 98 108
5 24 48 80 99 108
5 24 48 80 100 104
5 24 48 80 102 104
5 24 48 80 103 104
5 24 48 81 98 108
5 24 48 81 102 104
5 24 48 82 100 104
5 24 48 86 97 104
5 24 49 78 104 118
5 24 49 82 100 104
5 24 50 65 72 100
5 24 50 73 100 112
5 24 50 78 104 117
5 24 51 77 104 118
5 24 51 79 104 116
5 24 51 85 106 108
5 24 52 67 104 112
5 24 52 73 108 114
5 24 54 77 104 114
5 24 65 66 104 116
5 24 65 70 104 112
5 24 65 72 98 116
5 24 65 72 102 112
5 24 65 74 100 112
5 24 65 98 104 116
5 24 65 102 104 112
5 24 65 104 114 116
5 24 66 68 104 112
5 24 66 72 100 112
5 24 66 100 104 112
5 24 67 72 100 112
5 24 67 100 104 112
5 24 72 80 97 102
5 24 72 80 98 100
5 24 72 81 98 100
5 24 72 97 98 116
5 24 72 97 102 112
5 24 72 97 114 116
5 24 72 98 100 112
5 24 73 98 100 112
5 24 73 104 114 116
5 24 73 108 114 116
5 24 73 110 114 116
5 24 74 104 117 118
5 24 74 108 113 118
5 24 74 108 114 117
5 24 75 104 117 118
5 24 76 104 113 118
5 24 76 104 114 116
5 24 76 104 115 116
5 24 76 105 114 116
5 24 77 104 114 116
5 24 77 106 113 118
5 24 78 104 113 118
5 24 78 104 114 116
5 24 78 104 114 117
5 24 79 104 113 118
5 24 79 104 114 116
5 24 81 98 104 116
5 24 81 98 108 112
5 24 81 102 104 112
5 24 82 100 104 112
5 24 85 106 108 114
5 24 86 97 104 112
5 24 86 105 108 114
5 24 86 106 108 113
5 24 87 106 108 113
5 24 97 98 104 116
5 24 97 102 104 112
5 24 97 104 114 116
5 24 98 100 104 112
5 24 104 113 114 116
5 24 105 108 114 116
5 24 106 108 113 118
5 25 26 98 108 116
5 25 26 99 108 116
5 25 26 102 104 116
5 25 26 102 105 116
5 25 26 103 104 116
5 25 28 98 100 120
5 25 28 102 104 112
5 25 30 103 104 112
5 25 33 70 106 116
5 25 34 70 100 120
5 25 36 68 98 120
5 25 36 68 104 114
5 25 36 76 98 112
5 25 38 65 70 120
5 25 38 66 68 120
5 25 38 70 104 112
5 25 38 74 116 120
5 25 38 81 106 116
5 25 38 82 108 112
5 25 38 84 98 120
5 25 41 78 114 116
5 25 41 86 108 114
5 25 42 66 84 100
5 25 42 76 113 118
5 25 42 78 113 116
5 25 42 82 108 116
5 25 42 84 98 100
5 25 42 86 101 120
5 25 42 86 105 116
5 25 42 86 108 113
5 25 42 88 101 118
5 25 42 88 102 116
5 25 42 92 102 113
5 25 44 84 98 120
5 25 44 84 102 122
5 25 44 88 98 116
5 25 44 88 100 114
5 25 46 86 97 120
5 25 46 86 104 113
5 25 48 80 98 108
5 25 48 80 102 104
5 25 48 84 98 108
5 25 48 84 100 106
5 25 48 88 98 100
5 25 50 84 97 110
5 25 50 84 98 108
5 25 52 67 108 114
5 25 52 84 98 104
5 25 52 88 102 104
5 25 54 66 68 104
5 25 54 92 99 104
5 25 56 78 97 118
5 25 56 86 99 108
5 25 56 86 103 104
5 25 56 88 98 100
5 25 58 92 97 102
5 25 65 70 106 116
5 25 65 102 122 124
5 25 65 106 118 124
5 25 65 110 118 120
5 25 67 108 116 122
5 25 67 108 118 120
5 25 69 108 118 122
5 25 70 97 106 116
5 25 70 97 122 124
5 25 70 98 100 120
5 25 70 108 116 122
5 25 72 80 98 100
5 25 72 98 100 112
5 25 73 102 114 124
5 25 73 110 114 116
5 25 74 101 118 120
5 25 74 102 113 124
5 25 74 108 113 118
5 25 76 98 100 112
5 25 77 106 114 116
5 25 78 105 114 116
5 25 84 98 108 112
5 25 84 100 106 112
5 25 86 99 108 120
5 25 86 105 108 114
5 25 88 97 110 118
5 25 88 98 108 116
5 25 88 99 108 118
5 25 88 102 104 112
5 25 88 102 104 116
5 25 88 103 104 118
5 25 88 103 106 116
5 25 90 97 102 124
5 25 92 99 108 114
5 25 92 101 106 114
5 25 92 102 105 114
5 25 92 103 104 114
5 25 97 102 122 124
5 25 97 106 118 124
5 25 97 110 118 120
5 25 98 100 104 112
5 25 98 108 116 120
5 25 99 108 118 120
5 25 101 106 114 124
5 25 102 105 114 124
5 25 102 113 122 124
5 25 105 118 122 124
5 25 106 108 113 118
5 25 106 113 118 124
5 25 106 114 117 124
5 25 106 117 118 120
5 25 108 114 116 120
5 25 109 118 122 124
5 25 110 113 114 124
5 25 110 113 118 120
5 25 110 114 116 120
5 25 110 114 117 120
5 25 110 118 122 124
5 25 110 119 122 124
5 25 111 114 116 120
5 25 111 119 122 124
5 26 28 97 102 120
5 26 28 97 104 118
5 26 28 97 106 116
5 26 28 101 104 114
5 26 28 102 104 112
5 26 28 102 104 113
5 26 28 103 104 112
5 26 33 69 98 124
5 26 33 72 100 112
5 26 33 76 100 112
5 26 34 69 100 120
5 26 36 68 104 112
5 26 36 69 104 112
5 26 37 73 114 124
5 26 37 82 108 112
5 26 37 92 106 116
5 26 38 70 121 124
5 26 38 71 121 124
5 26 41 81 102 124
5 26 41 81 108 118
5 26 41 88 103 116
5 26 41 92 99 116
5 26 42 92 101 112
5 26 44 65 68 112
5 26 44 66 68 112
5 26 44 66 68 113
5 26 44 66 69 112
5 26 44 67 69 112
5 26 44 70 113 120
5 26 44 73 114 116
5 26 44 81 106 116
5 26 44 84 98 120
5 26 44 84 98 121
5 26 44 84 102 121
5 26 44 88 97 118
5 26 44 88 98 116
5 26 44 88 98 117
5 26 44 88 101 114
5 26 48 80 100 104
5 26 48 84 98 108
5 26 48 84 98 109
5 26 49 70 108 112
5 26 49 74 108 116
5 26 49 77 104 118
5 26 49 92 102 104
5 26 49 92 103 104
5 26 52 67 108 112
5 26 52 70 105 112
5 26 52 81 98 108
5 26 52 82 97 108
5 26 52 82 100 105
5 26 53 66 68 104
5 26 56 67 108 116
5 26 56 73 102 116
5 26 56 74 101 116
5 26 56 86 101 104
5 26 56 88 101 102
5 26 56 92 97 102
5 26 56 92 98 101
5 26 65 100 104 112
5 26 65 108 116 120
5 26 65 108 118 120
5 26 66 69 100 120
5 26 66 108 116 120
5 26 66 108 116 121
5 26 66 108 117 120
5 26 67 108 116 120
5 26 69 97 98 124
5 26 69 97 114 124
5 26 69 100 104 112
5 26 69 106 113 124
5 26 69 108 116 120
5 26 70 105 116 120
5 26 70 107 117 124
5 26 70 108 116 120
5 26 70 108 116 121
5 26 73 102 113 124
5 26 73 102 116 120
5 26 73 108 113 118
5 26 73 108 114 116
5 26 74 101 116 120
5 26 74 108 113 116
5 26 76 97 118 120
5 26 76 101 114 120
5 26 76 105 114 116
5 26 76 106 113 116
5 26 84 97 108 114
5 26 84 98 108 112
5 26 84 98 108 113
5 26 84 98 109 112
5 26 88 97 108 118
5 26 88 98 108 116
5 26 88 98 108 117
5 26 88 99 108 116
5 26 88 101 104 118
5 26 88 101 106 116
5 26 88 102 104 116
5 26 88 102 104 117
5 26 88 102 105 116
5 26 88 103 104 116
5 26 92 97 102 120
5 26 92 97 106 116
5 26 92 98 101 120
5 26 92 99 104 116
5 26 92 101 104 114
5 26 92 103 104 112
5 26 97 108 118 120
5 26 98 108 116 120
5 26 98 108 116 121
5 26 98 108 117 120
5 26 99 108 116 120
5 26 101 106 116 120
5 26 102 105 116 120
5 26 106 108 113 116
5 26 108 113 118 120
5 26 108 114 116 120
5 26 108 114 116 121
5 26 108 114 117 120
5 26 108 115 116 120
5 26 109 114 116 120
5 26 110 113 116 120
5 26 110 118 121 124
5 26 110 119 121 124
5 27 28 102 105 116
5 27 36 68 104 112
5 27 44 84 101 122
5 27 44 84 103 120
5 27 65 98 108 116
5 27 97 98 108 116
5 27 98 108 116 120
5 27 101 108 116 122
5 27 102 108 116 120
5 27 110 117 122 124
5 27 110 118 121 124
5 27 110 119 121 124
5 28 33 66 100 120
5 28 33 66 104 112
5 28 33 67 108 114
5 28 33 68 98 120
5 28 33 68 104 114
5 28 33 70 104 112
5 28 33 76 98 112
5 28 34 66 100 120
5 28 34 66 100 121
5 28 34 66 108 113
5 28 34 67 100 120
5 28 34 68 104 112
5 28 34 70 104 112
5 28 34 70 104 113
5 28 34 83 100 104
5 28 35 65 70 120
5 28 35 66 68 120
5 28 35 67 100 120
5 28 35 67 116 120
5 28 35 70 97 120
5 28 35 70 104 112
5 28 35 76 98 112
5 28 35 81 106 116
5 28 35 81 108 114
5 28 35 84 98 120
5 28 35 90 108 116
5 28 36 67 104 112
5 28 36 73 98 112
5 28 37 70 121 122
5 28 37 73 118 122
5 28 37 74 116 120
5 28 37 75 118 120
5 28 37 78 114 120
5 28 37 89 102 122
5 28 37 90 102 120
5 28 37 90 106 116
5 28 38 74 116 120
5 28 38 74 116 121
5 28 38 86 105 120
5 28 38 90 101 120
5 28 39 89 100 122
5 28 42 67 116 120
5 28 42 69 98 112
5 28 42 74 113 116
5 28 42 82 101 120
5 28 42 82 108 113
5 28 42 88 101 114
5 28 42 88 102 113
5 28 42 90 101 112
5 28 43 83 108 116
5 28 43 86 108 113
5 28 44 65 66 112
5 28 44 67 116 120
5 28 44 67 116 122
5 28 44 69 114 120
5 28 44 71 113 122
5 28 44 75 114 116
5 28 44 75 115 116
5 28 44 76 113 114
5 28 44 78 113 114
5 28 44 79 113 114
5 28 44 81 102 122
5 28 44 84 97 122
5 28 44 84 98 120
5 28 44 84 99 120
5 28 44 84 99 122
5 28 44 84 104 112
5 28 44 84 104 114
5 28 44 84 104 115
5 28 44 84 105 114
5 28 44 84 106 114
5 28 44 84 106 115
5 28 44 84 107 115
5 28 44 85 106 112
5 28 44 85 106 115
5 28 44 86 106 112
5 28 44 86 106 113
5 28 44 86 107 113
5 28 44 87 107 112
5 28 44 90 99 116
5 28 44 90 101 114
5 28 45 78 113 114
5 28 45 86 106 113
5 28 46 86 97 120
5 28 46 86 105 113
5 28 46 90 100 113
5 28 48 80 97 110
5 28 48 80 98 108
5 28 48 80 99 108
5 28 48 80 100 104
5 28 48 80 100 106
5 28 48 80 100 107
5 28 48 80 101 106
5 28 48 81 98 108
5 28 48 81 100 106
5 28 48 82 101 106
5 28 48 84 97 106
5 28 48 84 99 104
5 28 49 82 101 106
5 28 50 67 100 120
5 28 50 67 108 112
5 28 50 73 102 120
5 28 50 82 97 108
5 28 50 82 100 104
5 28 50 82 100 105
5 28 50 88 102 104
5 28 50 88 103 104
5 28 51 78 108 113
5 28 51 85 106 108
5 28 52 67 104 112
5 28 52 73 108 114
5 28 52 78 104 115
5 28 52 88 97 98
5 28 53 90 101 106
5 28 56 67 104 116
5 28 56 67 104 118
5 28 56 67 108 114
5 28 56 73 98 116
5 28 56 73 100 114
5 28 56 76 99 112
5 28 56 81 102 104
5 28 56 88 97 102
5 28 56 88 98 100
5 28 56 88 99 100
5 28 57 78 100 115
5 28 58 71 100 120
5 28 65 66 100 120
5 28 65 98 100 120
5 28 65 98 116 120
5 28 65 100 104 114
5 28 65 108 114 120
5 28 65 108 116 122
5 28 65 108 118 122
5 28 66 100 104 112
5 28 66 108 116 120
5 28 67 97 108 114
5 28 67 98 100 120
5 28 67 98 116 120
5 28 67 100 104 112
5 28 67 105 114 116
5 28 67 108 114 120
5 28 67 108 116 120
5 28 67 108 116 122
5 28 68 72 99 112
5 28 68 97 98 120
5 28 68 97 104 114
5 28 68 98 104 112
5 28 68 99 104 112
5 28 68 105 114 120
5 28 69 98 104 112
5 28 69 106 118 120
5 28 69 108 114 120
5 28 70 98 104 112
5 28 70 98 104 113
5 28 70 100 121 122
5 28 70 108 113 122
5 28 70 108 114 121
5 28 71 100 121 122
5 28 71 108 113 122
5 28 73 98 116 120
5 28 74 101 114 120
5 28 74 102 113 120
5 28 76 97 98 112
5 28 76 97 116 122
5 28 76 97 118 122
5 28 76 98 116 120
5 28 76 99 116 120
5 28 76 99 116 122
5 28 76 102 113 122
5 28 76 105 114 116
5 28 76 106 115 116
5 28 77 102 113 122
5 28 78 97 116 122
5 28 78 105 115 116
5 28 78 108 113 114
5 28 81 98 108 112
5 28 81 100 106 112
5 28 82 98 105 116
5 28 82 101 106 112
5 28 83 106 108 116
5 28 84 97 98 120
5 28 84 97 106 112
5 28 84 99 104 112
5 28 85 106 108 114
5 28 86 106 108 113
5 28 88 97 104 118
5 28 88 97 108 114
5 28 88 98 104 116
5 28 88 99 104 116
5 28 88 100 105 114
5 28 88 101 104 114
5 28 88 102 104 112
5 28 88 103 104 112
5 28 90 99 108 116
5 28 90 101 106 116
5 28 91 101 102 120
5 28 91 102 105 116
5 28 97 98 100 120
5 28 97 98 116 120
5 28 97 100 104 114
5 28 97 100 114 120
5 28 97 108 114 120
5 28 97 108 116 122
5 28 97 108 118 122
5 28 97 114 116 120
5 28 98 100 104 112
5 28 98 108 116 120
5 28 99 100 104 112
5 28 99 108 116 120
5 28 99 108 116 122
5 28 100 104 113 114
5 28 100 105 114 120
5 28 102 108 113 122
5 28 102 116 121 122
5 28 103 116 121 122
5 28 105 108 114 116
5 28 105 114 116 120
5 28 108 113 114 120
5 28 108 113 116 122
5 28 108 113 118 122
5 28 108 114 116 120
5 28 108 115 116 120
5 28 108 115 116 122
5 28 108 116 121 122
5 28 108 118 121 122
5 28 108 119 121 122
5 28 109 113 118 122
5 28 109 118 121 122
5 28 110 113 116 120
5 28 110 113 116 122
5 28 110 114 116 120
5 28 110 114 116 121
5 28 110 115 116 120
5 28 110 115 116 121
5 28 111 113 116 122
5 28 111 114 116 120
5 28 111 115 116 120
5 29 34 66 100 120
5 29 34 70 104 112
5 29 46 78 113 114
5 29 48 80 99 110
5 29 48 80 100 106
5 29 48 80 102 106
5 29 48 81 102 106
5 29 48 82 97 110
5 29 67 109 118 122
5 29 70 98 104 112
5 29 81 102 106 112
5 29 82 97 110 112
5 29 97 102 122 124
5 29 97 106 114 116
5 29 97 106 114 124
5 29 97 106 118 120
5 29 97 108 118 122
5 29 99 102 122 124
5 29 99 108 116 122
5 29 99 109 118 122
5 29 102 105 116 122
5 29 102 106 114 124
5 29 102 106 115 124
5 29 102 121 122 124
5 29 109 118 122 124
5 29 110 113 114 120
5 29 110 113 114 124
5 29 110 113 116 122
5 29 110 114 116 120
5 29 110 114 116 121
5 29 110 115 116 120
5 29 110 118 122 124
5 29 110 118 123 124
5 29 110 119 123 124
5 29 111 114 116 120
5 30 33 65 98 124
5 30 33 65 102 120
5 30 33 66 100 120
5 30 33 67 100 120
5 30 33 68 104 112
5 30 33 70 104 112
5 30 33 89 98 100
5 30 34 69 104 112
5 30 35 69 104 112
5 30 39 89 102 120
5 30 41 81 106 116
5 30 41 88 101 114
5 30 44 84 99 120
5 30 45 85 106 114
5 30 48 80 97 104
5 30 48 80 97 108
5 30 48 80 97 110
5 30 48 80 98 108
5 30 48 80 98 109
5 30 48 80 100 104
5 30 48 80 102 105
5 30 48 81 102 105
5 30 48 82 100 105
5 30 49 81 98 108
5 30 49 88 103 104
5 30 56 88 97 102
5 30 56 88 98 101
5 30 56 88 99 101
5 30 65 98 100 120
5 30 65 100 104 112
5 30 65 102 122 124
5 30 66 97 100 120
5 30 66 100 104 112
5 30 66 100 104 113
5 30 67 97 100 120
5 30 67 100 104 112
5 30 67 100 104 113
5 30 68 97 104 112
5 30 70 97 104 112
5 30 73 101 114 120
5 30 76 99 116 120
5 30 76 105 114 116
5 30 81 102 105 112
5 30 88 97 106 116
5 30 88 101 104 114
5 30 88 101 106 113
5 30 88 102 105 113
5 30 88 103 104 112
5 30 88 103 104 113
5 30 89 97 98 100
5 30 97 98 100 120
5 30 97 98 116 120
5 30 97 100 104 112
5 30 97 102 122 124
5 30 97 106 116 120
5 30 97 108 116 120
5 30 97 108 116 122
5 30 98 100 104 112
5 30 98 100 104 113
5 30 98 100 113 120
5 30 98 108 113 120
5 30 98 108 116 120
5 30 98 108 116 121
5 30 99 108 116 120
5 30 101 106 113 120
5 30 102 105 113 120
5 30 102 105 113 124
5 30 102 106 113 124
5 30 102 108 113 120
5 30 102 121 122 124
5 30 103 121 122 124
5 30 105 106 113 116
5 30 105 114 116 120
5 30 105 118 122 124
5 30 105 119 122 124
5 30 107 114 117 124
5 30 107 117 122 124
5 30 109 113 118 122
5 30 109 114 116 120
5 30 110 113 114 124
5 30 110 113 116 120
5 30 110 114 116 120
5 30 110 114 116 121
5 30 110 114 117 121
5 30 110 117 121 122
5 30 110 117 123 124
5 30 110 118 121 124
5 30 110 118 122 124
5 30 110 118 122 125
5 30 110 118 123 125
5 30 110 119 123 125
5 30 111 113 114 124
5 30 111 114 116 120
5 30 111 114 116 121
5 31 48 80 97 110
5 31 48 80 98 108
5 31 48 80 99 108
5 31 48 80 100 104
5 31 65 98 100 120
5 31 66 100 104 112
5 31 67 100 104 112
5 31 97 98 100 120
5 31 97 98 116 120
5 31 97 102 122 124
5 31 97 106 116 120
5 31 97 108 116 122
5 31 98 100 104 112
5 31 98 108 116 120
5 31 99 108 116 120
5 31 101 106 114 124
5 31 101 106 116 120
5 31 103 121 122 124
5 31 103 123 125 126
5 31 111 113 114 124
5 31 111 114 116 120
5 33 34 68 72 80
5 33 34 68 72 112
5 33 34 68 88 96
5 33 34 68 88 112
5 33 34 69 90 124
5 33 34 76 84 120
5 33 34 76 88 112
5 33 34 77 86 120
5 33 34 84 88 96
5 33 36 66 92 120
5 33 36 68 90 120
5 33 36 74 84 120
5 33 36 74 92 112
5 33 36 76 90 112
5 33 36 90 92 96
5 33 38 65 90 124
5 33 38 66 92 120
5 33 38 67 92 120
5 33 38 74 84 120
5 33 38 90 92 96
5 33 40 66 88 116
5 33 40 66 92 112
5 33 40 70 88 112
5 33 40 72 82 116
5 33 40 72 86 112
5 33 40 74 84 112
5 33 40 82 88 100
5 33 40 82 92 96
5 33 40 86 88 96
5 33 42 69 82 124
5 33 42 70 89 116
5 33 44 66 84 120
5 33 44 66 92 112
5 33 44 67 90 116
5 33 44 67 92 114
5 33 44 85 90 98
5 33 46 65 86 120
5 33 48 66 80 108
5 33 48 66 84 104
5 33 48 66 92 96
5 33 48 70 80 104
5 33 48 70 88 96
5 33 48 78 80 96
5 33 50 70 92 104
5 33 50 76 84 104
5 33 52 66 88 96
5 33 52 68 74 120
5 33 52 68 90 104
5 33 52 74 88 96
5 33 52 76 90 96
5 33 56 66 84 104
5 33 56 66 88 100
5 33 56 66 92 96
5 33 56 70 72 112
5 33 56 70 80 96
5 33 56 70 84 104
5 33 56 70 88 96
5 33 56 70 88 100
5 33 56 70 92 96
5 33 56 72 82 100
5 33 56 72 86 96
5 33 56 74 84 96
5 33 56 74 84 100
5 33 56 76 84 98
5 33 58 76 84 96
5 33 60 66 92 96
5 33 60 68 90 96
5 33 60 69 74 114
5 33 60 69 90 98
5 33 60 70 89 98
5 33 60 70 90 96
5 33 60 74 82 100
5 33 60 76 82 96
5 33 60 76 82 98
5 33 62 70 88 96
5 33 65 70 122 124
5 33 65 78 114 124
5 33 65 94 98 124
5 33 65 94 102 120
5 33 65 102 122 124
5 33 65 118 122 124
5 33 66 68 72 112
5 33 66 68 88 96
5 33 66 68 104 112
5 33 66 76 116 120
5 33 66 84 104 112
5 33 66 88 104 116
5 33 66 92 100 120
5 33 66 92 104 112
5 33 66 100 104 112
5 33 66 108 116 120
5 33 67 90 108 116
5 33 67 92 108 114
5 33 67 94 100 120
5 33 67 108 116 122
5 33 69 74 114 124
5 33 69 90 98 124
5 33 70 88 104 112
5 33 70 89 98 124
5 33 70 89 106 116
5 33 70 92 104 112
5 33 73 118 122 124
5 33 74 84 100 120
5 33 74 84 104 112
5 33 74 88 100 112
5 33 76 84 98 120
5 33 76 98 116 120
5 33 76 100 114 120
5 33 76 114 116 120
5 33 77 86 98 120
5 33 77 118 122 124
5 33 78 114 116 120
5 33 78 118 122 124
5 33 79 114 116 120
5 33 81 102 122 124
5 33 81 110 114 124
5 33 82 100 104 112
5 33 82 108 116 120
5 33 82 110 116 120
5 33 84 108 114 120
5 33 85 106 114 124
5 33 88 98 104 116
5 33 88 102 104 112
5 33 88 104 114 116
5 33 89 94 98 100
5 33 89 102 106 116
5 33 89 102 122 124
5 33 89 106 118 124
5 33 89 110 114 116
5 33 89 110 118 120
5 33 90 98 108 116
5 33 90 108 114 116
5 33 90 108 116 120
5 33 90 108 118 120
5 33 91 98 108 116
5 33 92 98 100 120
5 33 92 98 104 112
5 33 92 98 116 120
5 33 92 100 104 114
5 33 92 100 114 120
5 33 92 108 114 120
5 33 92 108 116 122
5 33 92 108 118 122
5 33 93 102 122 124
5 33 93 106 114 116
5 33 93 106 114 124
5 33 93 106 118 120
5 33 93 108 118 122
5 33 93 110 118 122
5 33 94 98 100 120
5 33 94 98 116 120
5 33 94 100 104 112
5 33 94 102 122 124
5 33 94 106 116 120
5 33 94 108 116 120
5 33 94 108 116 122
5 33 95 98 100 120
5 33 95 98 116 120
5 33 95 102 122 124
5 33 95 106 116 120
5 33 95 108 116 122
5 34 36 65 94 120
5 34 36 67 92 120
5 34 36 70 89 120
5 34 36 72 80 96
5 34 36 73 86 120
5 34 36 73 94 112
5 34 36 74 84 120
5 34 36 74 84 121
5 34 36 74 85 120
5 34 36 83 92 104
5 34 36 86 89 104
5 34 36 89 94 96
5 34 37 66 92 120
5 34 37 74 84 120
5 34 40 68 88 112
5 34 40 72 84 112
5 34 40 84 88 96
5 34 44 65 90 116
5 34 44 65 94 112
5 34 44 66 84 120
5 34 44 66 84 121
5 34 44 66 89 116
5 34 44 67 84 120
5 34 44 67 92 112
5 34 44 70 88 113
5 34 44 85 90 96
5 34 48 68 80 104
5 34 48 68 88 96
5 34 48 76 80 96
5 34 49 70 92 104
5 34 52 69 74 120
5 34 52 69 90 104
5 34 52 70 73 120
5 34 52 70 89 104
5 34 52 73 90 100
5 34 52 74 89 100
5 34 56 68 88 96
5 34 56 69 90 100
5 34 56 69 94 96
5 34 56 70 89 100
5 34 56 72 84 96
5 34 56 74 84 100
5 34 56 76 83 100
5 34 56 76 84 96
5 34 57 74 84 100
5 34 60 65 90 100
5 34 60 65 94 96
5 34 60 66 89 100
5 34 60 69 90 96
5 34 60 70 89 96
5 34 60 73 82 100
5 34 65 90 108 116
5 34 65 94 100 120
5 34 66 76 116 120
5 34 66 76 116 121
5 34 66 89 108 116
5 34 66 92 100 120
5 34 66 92 100 121
5 34 66 92 108 113
5 34 66 93 100 120
5 34 66 108 116 120
5 34 66 108 116 121
5 34 67 76 116 120
5 34 67 92 100 120
5 34 67 108 116 120
5 34 68 72 80 96
5 34 68 88 104 112
5 34 69 74 116 120
5 34 69 90 100 120
5 34 69 90 104 116
5 34 69 94 104 112
5 34 70 88 105 116
5 34 70 89 100 120
5 34 70 89 104 116
5 34 70 92 104 112
5 34 70 92 104 113
5 34 70 93 104 112
5 34 70 105 116 120
5 34 74 84 100 120
5 34 74 84 100 121
5 34 76 83 100 120
5 34 78 113 116 120
5 34 82 108 116 120
5 34 82 108 116 121
5 34 82 109 116 120
5 34 83 92 100 104
5 34 83 108 116 120
5 34 85 90 100 104
5 34 86 100 105 120
5 34 88 100 104 112
5 34 90 97 108 116
5 34 90 101 116 120
5 34 90 108 113 116
5 34 90 108 116 120
5 34 90 108 116 121
5 34 90 108 117 120
5 34 91 108 116 120
5 34 92 100 104 112
5 34 92 108 116 120
5 34 94 97 100 120
5 34 94 97 116 120
5 34 94 100 104 112
5 34 94 100 104 113
5 34 94 100 113 120
5 34 94 108 113 120
5 34 94 108 116 120
5 34 94 108 116 121
5 34 95 100 104 112
5 34 95 108 116 120
5 35 40 84 88 96
5 35 44 67 84 120
5 35 44 69 82 120
5 35 44 85 90 96
5 35 48 76 80 96
5 35 48 82 92 108
5 35 48 84 88 104
5 35 48 84 88 108
5 35 48 84 88 110
5 35 52 78 81 120
5 35 52 81 92 106
5 35 56 76 84 98
5 35 56 86 88 108
5 35 60 66 68 88
5 35 60 68 72 80
5 35 60 69 90 96
5 35 60 78 81 112
5 35 65 90 108 116
5 35 65 92 108 114
5 35 66 76 84 120
5 35 66 76 116 120
5 35 66 92 100 120
5 35 67 76 84 120
5 35 67 76 116 120
5 35 67 92 100 120
5 35 67 108 116 120
5 35 69 74 116 120
5 35 69 88 106 116
5 35 69 92 104 114
5 35 69 106 116 120
5 35 70 92 97 120
5 35 70 92 104 112
5 35 76 82 116 120
5 35 76 84 98 120
5 35 77 118 122 124
5 35 78 81 116 120
5 35 78 113 116 120
5 35 81 90 108 116
5 35 81 92 106 116
5 35 81 92 108 114
5 35 82 84 108 120
5 35 82 92 108 112
5 35 83 92 100 104
5 35 83 108 116 120
5 35 84 88 104 112
5 35 84 88 108 112
5 35 84 88 108 114
5 35 84 88 110 112
5 35 89 108 116 122
5 35 89 108 118 120
5 35 90 97 108 116
5 35 90 101 116 120
5 35 90 108 113 116
5 35 90 108 116 120
5 35 91 108 116 120
5 35 92 97 108 114
5 35 92 97 116 122
5 35 92 98 100 120
5 35 92 98 116 120
5 35 92 100 104 112
5 35 92 100 104 114
5 35 92 100 105 114
5 35 92 100 114 120
5 35 92 105 114 116
5 35 92 108 113 114
5 35 92 108 113 122
5 35 92 108 114 120
5 35 92 108 116 120
5 35 92 108 116 122
5 35 92 108 118 122
5 35 93 102 122 124
5 35 93 108 118 122
5 35 94 97 116 120
5 35 94 108 113 120
5 35 94 108 116 120
5 35 94 108 116 121
5 35 94 108 116 122
5 35 94 109 117 122
5 35 95 100 104 112
5 35 95 108 116 120
5 35 95 108 116 122
5 36 40 65 92 114
5 36 40 65 94 112
5 36 40 66 92 112
5 36 40 67 92 112
5 36 40 69 88 114
5 36 40 69 90 112
5 36 40 70 88 112
5 36 40 75 84 112
5 36 40 76 81 114
5 36 40 76 82 112
5 36 40 76 83 112
5 36 40 78 81 112
5 36 40 81 92 98
5 36 40 81 94 96
5 36 40 82 92 96
5 36 40 83 92 96
5 36 40 85 90 96
5 36 41 68 82 120
5 36 41 82 84 104
5 36 48 72 80 96
5 36 49 68 90 104
5 36 49 76 82 104
5 36 49 76 90 96
5 36 50 65 92 104
5 36 50 69 88 104
5 36 50 73 84 104
5 36 50 73 92 96
5 36 56 65 76 114
5 36 56 65 86 104
5 36 56 65 92 98
5 36 56 65 94 96
5 36 56 66 84 104
5 36 56 66 92 96
5 36 56 67 84 104
5 36 56 67 92 96
5 36 56 68 73 114
5 36 56 68 82 104
5 36 56 68 83 104
5 36 56 69 82 104
5 36 56 69 90 96
5 36 56 73 84 98
5 36 56 73 86 96
5 36 56 74 84 96
5 36 56 76 83 96
5 36 57 68 90 96
5 36 58 73 84 96
5 36 65 76 114 120
5 36 65 92 98 120
5 36 65 92 104 114
5 36 65 94 104 112
5 36 66 92 104 112
5 36 67 92 104 112
5 36 68 73 114 120
5 36 68 88 104 112
5 36 68 88 104 114
5 36 68 88 104 115
5 36 68 88 105 114
5 36 68 89 104 114
5 36 68 90 97 120
5 36 68 90 104 112
5 36 68 91 104 112
5 36 68 105 114 120
5 36 69 88 104 114
5 36 69 90 104 112
5 36 70 88 104 112
5 36 71 88 104 112
5 36 73 84 98 120
5 36 73 84 104 114
5 36 73 86 104 112
5 36 73 92 98 112
5 36 74 84 104 112
5 36 76 81 104 114
5 36 76 83 104 112
5 36 76 90 97 112
5 36 76 97 114 120
5 36 76 104 113 114
5 36 76 113 114 120
5 36 84 105 114 120
5 36 92 97 98 120
5 36 92 97 104 114
5 36 92 97 114 120
5 36 92 98 104 112
5 36 92 99 104 112
5 36 92 104 113 114
5 36 92 105 114 120
5 36 94 97 104 112
5 37 41 70 82 120
5 37 48 82 88 108
5 37 48 82 92 106
5 37 48 84 88 106
5 37 52 74 88 96
5 37 56 74 84 96
5 37 56 74 84 112
5 37 56 74 88 116
5 37 56 76 82 112
5 37 56 78 82 112
5 37 56 82 88 100
5 37 58 68 72 80
5 37 65 74 114 124
5 37 65 90 98 124
5 37 65 94 98 120
5 37 68 74 88 112
5 37 68 88 104 114
5 37 68 90 104 112
5 37 70 121 122 124
5 37 73 118 122 124
5 37 74 81 114 124
5 37 74 82 97 124
5 37 74 82 116 120
5 37 74 84 98 120
5 37 74 88 100 112
5 37 74 97 114 124
5 37 74 99 116 120
5 37 74 113 114 124
5 37 78 113 122 124
5 37 81 82 106 124
5 37 82 88 108 112
5 37 82 92 106 112
5 37 82 92 106 113
5 37 84 88 106 112
5 37 86 98 105 120
5 37 86 106 121 124
5 37 86 108 121 122
5 37 89 102 122 124
5 37 89 106 118 124
5 37 89 108 118 122
5 37 89 110 118 120
5 37 90 92 97 98
5 37 90 97 98 124
5 37 90 98 113 124
5 37 90 100 104 112
5 37 90 108 116 120
5 37 90 108 118 120
5 37 91 108 116 122
5 37 91 108 118 120
5 37 92 106 118 120
5 37 92 108 114 120
5 37 93 106 114 124
5 37 93 106 118 120
5 37 94 97 98 120
5 37 94 97 122 124
5 37 94 98 113 120
5 37 94 98 121 124
5 37 94 100 121 122
5 37 94 106 113 124
5 37 94 106 116 120
5 37 94 106 116 121
5 37 94 108 113 122
5 37 95 106 116 120
5 38 48 81 92 106
5 38 48 82 92 105
5 38 49 74 81 124
5 38 49 81 92 106
5 38 56 65 72 80
5 38 56 68 72 80
5 38 56 70 81 104
5 38 56 74 84 96
5 38 56 74 84 97
5 38 56 74 84 112
5 38 56 74 84 113
5 38 56 77 82 112
5 38 56 78 81 112
5 38 56 81 82 108
5 38 56 82 84 105
5 38 57 66 68 88
5 38 65 74 84 120
5 38 65 74 116 120
5 38 65 88 104 112
5 38 65 92 98 120
5 38 65 94 104 112
5 38 66 73 84 120
5 38 66 76 113 120
5 38 66 88 105 116
5 38 66 89 100 120
5 38 66 89 104 116
5 38 66 92 97 120
5 38 67 73 84 120
5 38 67 92 97 120
5 38 68 88 104 112
5 38 70 88 104 112
5 38 70 88 104 113
5 38 70 89 104 112
5 38 70 121 122 124
5 38 71 121 122 124
5 38 73 84 98 120
5 38 74 81 116 120
5 38 74 84 97 120
5 38 74 84 113 120
5 38 74 97 116 120
5 38 74 113 116 120
5 38 75 117 122 124
5 38 76 84 121 122
5 38 76 89 98 112
5 38 76 98 113 120
5 38 78 113 122 124
5 38 81 82 108 120
5 38 81 92 106 112
5 38 82 84 105 120
5 38 82 88 105 116
5 38 82 89 108 112
5 38 82 92 105 112
5 38 86 106 121 124
5 38 87 105 122 124
5 38 87 106 121 124
5 38 88 98 105 116
5 38 89 97 122 124
5 38 89 98 100 120
5 38 89 98 104 116
5 38 89 98 116 120
5 38 89 104 114 116
5 38 89 108 116 122
5 38 90 106 117 124
5 38 90 107 117 124
5 38 90 108 116 120
5 38 90 108 116 121
5 38 90 108 117 120
5 38 91 106 117 124
5 38 91 108 116 120
5 38 92 97 98 120
5 38 92 97 114 120
5 38 92 98 113 120
5 38 92 100 121 122
5 38 92 105 114 120
5 38 92 108 113 122
5 38 92 108 114 121
5 38 93 99 122 124
5 38 93 106 114 124
5 38 93 106 115 124
5 38 94 97 104 112
5 38 94 97 122 124
5 38 94 98 121 124
5 38 94 106 113 124
5 38 94 106 116 121
5 38 94 108 113 120
5 38 95 97 122 124
5 38 95 98 121 124
5 38 95 105 114 124
5 38 95 106 116 121
5 39 68 88 104 112
5 39 70 89 122 124
5 39 70 90 121 124
5 39 71 89 122 124
5 39 71 121 122 124
5 39 73 92 114 120
5 39 75 85 122 124
5 39 75 117 122 124
5 39 76 84 121 122
5 39 76 89 116 122
5 39 78 90 116 121
5 39 89 102 122 124
5 39 90 92 102 121
5 39 91 108 116 120
5 39 94 97 122 124
5 39 94 98 121 124
5 39 94 99 121 124
5 39 94 106 116 121
5 39 95 97 122 124
5 40 48 65 88 102
5 40 48 65 92 98
5 40 48 65 94 96
5 40 48 66 88 100
5 40 48 66 92 96
5 40 48 67 88 100
5 40 48 67 92 96
5 40 48 68 88 96
5 40 48 70 88 96
5 40 48 71 88 96
5 40 48 73 82 100
5 40 48 73 86 96
5 40 48 74 84 96
5 40 49 72 82 100
5 40 49 72 86 96
5 40 50 65 92 96
5 40 50 72 84 96
5 40 50 73 84 96
5 40 52 65 74 112
5 40 52 67 72 112
5 40 52 67 88 96
5 40 65 72 114 116
5 40 65 88 98 116
5 40 65 88 102 112
5 40 65 92 98 112
5 40 66 88 100 112
5 40 67 88 100 112
5 40 72 81 98 116
5 40 72 81 102 112
5 40 72 82 100 112
5 40 72 86 97 112
5 40 72 97 114 116
5 40 72 113 114 116
5 40 73 82 100 112
5 40 81 88 98 100
5 40 88 97 98 116
5 40 88 97 102 112
5 40 88 97 114 116
5 40 88 98 100 112
5 40 92 97 98 112
5 41 48 82 88 100
5 41 50 67 92 100
5 41 50 70 92 96
5 41 50 70 92 97
5 41 50 86 88 108
5 41 52 74 82 100
5 41 52 74 84 112
5 41 54 77 88 114
5 41 56 82 88 100
5 41 56 82 92 102
5 41 56 86 88 102
5 41 60 71 88 114
5 41 67 92 100 114
5 41 70 90 97 116
5 41 70 113 122 124
5 41 72 82 100 112
5 41 74 81 118 124
5 41 74 88 117 118
5 41 74 113 118 124
5 41 74 117 118 120
5 41 76 82 116 120
5 41 76 84 114 120
5 41 76 88 114 116
5 41 78 81 118 120
5 41 78 88 113 118
5 41 78 88 114 116
5 41 78 88 114 117
5 41 78 113 114 124
5 41 78 113 118 120
5 41 78 114 116 120
5 41 78 114 117 120
5 41 79 88 114 116
5 41 79 114 116 120
5 41 81 90 108 118
5 41 81 102 122 124
5 41 81 106 118 124
5 41 81 110 118 120
5 41 82 84 100 120
5 41 82 84 104 112
5 41 82 88 100 112
5 41 82 88 104 116
5 41 82 100 104 112
5 41 82 108 116 120
5 41 83 88 108 118
5 41 83 108 118 120
5 41 84 88 100 114
5 41 85 88 110 114
5 41 85 106 114 124
5 41 85 110 114 120
5 41 86 88 108 114
5 41 86 97 122 124
5 41 86 106 113 124
5 41 86 108 114 120
5 41 87 108 114 120
5 41 89 102 114 124
5 41 89 110 114 116
5 41 90 97 118 124
5 41 90 101 114 124
5 41 90 102 113 124
5 41 90 102 117 120
5 41 90 104 117 118
5 41 90 108 113 118
5 41 90 108 114 116
5 41 90 108 114 117
5 41 92 98 116 120
5 41 92 99 118 120
5 41 92 100 114 120
5 41 92 102 114 120
5 41 92 104 114 116
5 41 93 102 114 120
5 41 93 106 114 116
5 41 94 97 114 124
5 41 94 97 118 120
5 41 94 98 100 113
5 41 94 98 113 124
5 41 94 98 116 120
5 41 94 98 117 120
5 41 94 101 114 120
5 41 94 102 113 120
5 41 94 104 113 118
5 41 94 104 114 116
5 41 94 104 114 117
5 41 94 106 113 116
5 41 95 98 116 120
5 41 95 104 114 116
5 42 48 84 88 100
5 42 50 69 92 96
5 42 50 69 92 97
5 42 52 65 72 80
5 42 52 67 69 120
5 42 52 69 88 98
5 42 52 70 81 120
5 42 52 70 89 96
5 42 52 78 88 113
5 42 52 84 88 98
5 42 56 71 88 116
5 42 56 82 92 101
5 42 56 86 88 101
5 42 65 72 84 112
5 42 65 84 100 120
5 42 65 84 104 112
5 42 65 92 100 114
5 42 66 69 116 120
5 42 66 76 84 113
5 42 66 84 100 120
5 42 66 84 100 121
5 42 66 92 100 113
5 42 67 69 116 120
5 42 69 82 97 124
5 42 69 82 116 120
5 42 69 98 116 120
5 42 76 82 116 120
5 42 76 82 116 121
5 42 76 82 117 120
5 42 76 84 98 113
5 42 76 88 113 118
5 42 76 88 114 116
5 42 76 88 114 117
5 42 76 113 118 120
5 42 76 114 116 120
5 42 76 114 116 121
5 42 76 114 117 120
5 42 77 88 114 116
5 42 77 114 116 120
5 42 78 88 113 116
5 42 78 113 116 120
5 42 81 88 108 118
5 42 81 108 118 120
5 42 82 88 108 117
5 42 82 92 108 113
5 42 82 108 116 120
5 42 82 108 116 121
5 42 82 108 117 120
5 42 83 108 116 120
5 42 84 88 100 112
5 42 84 98 100 120
5 42 84 98 100 121
5 42 85 108 114 120
5 42 86 88 105 116
5 42 86 88 108 113
5 42 86 105 116 120
5 42 86 108 113 120
5 42 89 97 118 124
5 42 90 101 116 120
5 42 90 108 113 116
5 42 92 97 100 114
5 42 92 97 118 120
5 42 92 98 100 113
5 42 92 98 116 120
5 42 92 98 116 121
5 42 92 98 117 120
5 42 92 99 116 120
5 42 92 100 113 114
5 42 92 100 114 120
5 42 92 100 114 121
5 42 92 101 114 120
5 42 92 102 113 120
5 42 92 104 113 118
5 42 92 104 114 116
5 42 92 104 114 117
5 42 92 104 115 116
5 42 92 105 114 116
5 42 92 108 113 114
5 42 93 98 116 120
5 42 93 100 114 120
5 42 93 104 114 116
5 42 94 97 116 120
5 42 94 100 113 120
5 42 94 104 113 116
5 43 48 81 92 102
5 43 48 84 88 100
5 43 69 92 118 120
5 43 70 90 117 124
5 43 76 85 116 122
5 43 76 86 116 120
5 43 81 82 108 116
5 43 81 92 102 112
5 43 82 92 97 116
5 43 84 88 100 112
5 43 85 102 122 124
5 43 85 103 122 124
5 43 93 101 118 122
5 44 48 65 66 80
5 44 48 81 84 106
5 44 48 82 88 100
5 44 48 84 88 98
5 44 48 84 88 99
5 44 49 68 72 82
5 44 49 76 82 96
5 44 49 76 82 112
5 44 49 76 82 120
5 44 49 82 88 100
5 44 50 67 92 96
5 44 50 67 92 97
5 44 50 69 82 120
5 44 50 82 84 105
5 44 51 68 72 80
5 44 52 67 82 104
5 44 52 67 88 96
5 44 52 73 82 96
5 44 52 73 82 112
5 44 56 69 88 114
5 44 56 76 81 114
5 44 56 84 88 98
5 44 56 84 88 99
5 44 57 84 90 103
5 44 58 84 90 101
5 44 65 66 116 120
5 44 65 68 88 114
5 44 65 68 114 120
5 44 65 84 98 120
5 44 65 84 114 120
5 44 65 88 100 114
5 44 65 92 98 112
5 44 67 76 82 112
5 44 67 82 100 120
5 44 67 84 98 120
5 44 67 90 97 116
5 44 67 92 97 114
5 44 67 92 98 112
5 44 67 98 116 120
5 44 67 114 116 120
5 44 68 72 81 114
5 44 68 72 82 112
5 44 68 72 113 114
5 44 68 81 104 114
5 44 68 81 114 120
5 44 68 83 104 112
5 44 68 88 97 114
5 44 68 88 113 114
5 44 70 88 98 113
5 44 70 116 121 122
5 44 71 116 121 122
5 44 73 84 114 120
5 44 73 88 114 116
5 44 73 114 116 120
5 44 74 88 114 117
5 44 76 81 114 120
5 44 76 84 113 122
5 44 76 84 114 120
5 44 76 84 115 120
5 44 76 84 115 122
5 44 76 88 113 114
5 44 76 113 114 120
5 44 76 113 116 122
5 44 76 113 118 122
5 44 76 114 116 120
5 44 76 115 116 120
5 44 76 115 116 122
5 44 77 84 115 122
5 44 77 113 118 122
5 44 77 114 116 120
5 44 77 115 116 122
5 44 78 84 113 122
5 44 78 84 115 120
5 44 78 113 116 122
5 44 78 114 116 120
5 44 78 114 116 121
5 44 78 115 116 120
5 44 79 113 116 122
5 44 79 114 116 120
5 44 79 115 116 120
5 44 81 84 98 120
5 44 81 84 106 112
5 44 81 88 100 114
5 44 81 98 116 120
5 44 81 100 104 114
5 44 81 100 114 120
5 44 82 84 98 120
5 44 82 84 98 121
5 44 82 88 100 112
5 44 83 100 104 112
5 44 84 88 97 114
5 44 84 88 98 112
5 44 84 88 99 112
5 44 84 88 104 114
5 44 84 88 104 115
5 44 84 97 98 120
5 44 84 100 121 122
5 44 84 102 121 122
5 44 84 103 121 122
5 44 84 105 114 120
5 44 85 90 97 98
5 44 85 102 121 122
5 44 85 107 116 122
5 44 86 100 121 122
5 44 86 105 116 122
5 44 86 106 116 121
5 44 86 107 116 120
5 44 87 100 121 122
5 44 88 97 100 114
5 44 89 100 114 120
5 44 89 101 118 122
5 44 89 102 116 122
5 44 89 103 116 122
5 44 89 104 114 116
5 44 90 97 116 120
5 44 90 98 117 120
5 44 90 101 116 120
5 44 90 102 116 120
5 44 90 102 116 121
5 44 91 101 116 122
5 44 91 101 118 120
5 44 91 102 116 120
5 44 91 103 116 120
5 44 92 97 98 112
5 44 92 97 114 120
5 44 92 97 116 122
5 44 92 97 118 122
5 44 92 98 116 120
5 44 92 99 116 120
5 44 92 99 116 122
5 44 92 100 113 122
5 44 92 100 114 120
5 44 92 100 115 120
5 44 92 100 115 122
5 44 92 102 113 122
5 44 92 104 113 114
5 44 92 105 114 116
5 44 92 106 115 116
5 44 93 97 118 122
5 44 94 97 116 120
5 44 94 97 116 122
5 44 94 98 116 120
5 44 94 98 116 121
5 44 94 99 116 120
5 44 94 99 116 121
5 44 94 100 113 120
5 44 94 100 113 122
5 44 94 100 114 120
5 44 94 100 114 121
5 44 94 100 115 120
5 44 94 100 115 121
5 44 94 101 114 121
5 44 94 102 113 120
5 44 94 105 114 116
5 44 94 105 115 116
5 44 95 97 116 122
5 44 95 98 116 120
5 44 95 99 116 120
5 44 95 100 113 122
5 44 95 100 114 120
5 44 95 100 115 120
5 44 95 101 114 120
5 45 48 82 84 106
5 45 48 82 92 98
5 45 48 84 90 98
5 45 50 78 81 112
5 45 51 78 83 124
5 45 56 86 88 99
5 45 65 90 114 116
5 45 65 90 118 120
5 45 65 92 118 122
5 45 67 92 118 122
5 45 69 90 118 120
5 45 70 90 115 124
5 45 73 86 114 120
5 45 73 90 114 116
5 45 74 81 118 120
5 45 74 88 114 116
5 45 76 81 118 122
5 45 76 83 116 122
5 45 76 84 115 122
5 45 76 86 113 122
5 45 78 92 113 114
5 45 78 115 116 120
5 45 81 90 104 118
5 45 82 84 98 120
5 45 82 84 106 112
5 45 82 92 98 112
5 45 83 88 104 118
5 45 84 90 98 112
5 45 86 88 104 114
5 45 86 100 121 122
5 45 86 105 114 120
5 45 86 106 113 120
5 45 86 108 113 122
5 45 93 99 118 122
5 45 94 99 117 122
5 45 94 100 115 120
5 45 94 104 113 114
5 45 94 108 113 114
5 46 48 81 82 108
5 46 48 81 88 100
5 46 48 81 92 98
5 46 48 82 84 105
5 46 48 82 92 97
5 46 48 84 88 97
5 46 48 84 88 98
5 46 49 81 92 98
5 46 49 84 89 98
5 46 56 74 85 112
5 46 56 86 88 97
5 46 57 86 89 102
5 46 65 82 116 120
5 46 66 81 116 120
5 46 66 84 113 120
5 46 67 81 116 120
5 46 67 84 113 120
5 46 68 72 81 112
5 46 69 90 113 124
5 46 69 92 113 122
5 46 70 90 113 124
5 46 71 89 115 124
5 46 71 113 122 124
5 46 73 86 113 120
5 46 73 88 113 118
5 46 73 88 114 116
5 46 73 88 114 117
5 46 73 90 113 116
5 46 74 88 113 116
5 46 76 81 116 122
5 46 76 84 113 122
5 46 76 84 115 120
5 46 76 86 113 120
5 46 76 89 115 116
5 46 78 86 113 120
5 46 78 113 114 124
5 46 78 114 117 121
5 46 81 82 97 124
5 46 81 82 101 120
5 46 81 82 108 112
5 46 81 84 98 120
5 46 81 86 97 120
5 46 81 88 100 112
5 46 81 88 104 118
5 46 81 92 98 112
5 46 82 84 97 120
5 46 82 84 105 112
5 46 82 88 104 117
5 46 82 89 97 116
5 46 82 92 97 112
5 46 82 92 104 113
5 46 83 92 108 113
5 46 83 108 116 120
5 46 84 88 97 112
5 46 84 88 98 112
5 46 84 88 98 113
5 46 84 89 98 112
5 46 85 99 122 124
5 46 86 88 104 113
5 46 86 90 108 113
5 46 86 97 122 124
5 46 86 98 121 124
5 46 86 99 121 124
5 46 86 105 113 120
5 46 86 105 113 124
5 46 86 106 116 121
5 46 89 104 114 116
5 46 90 102 113 124
5 46 90 102 117 121
5 46 90 108 113 116
5 46 91 98 117 124
5 46 93 97 114 124
5 46 93 97 118 122
5 46 93 99 114 124
5 46 93 102 115 120
5 46 94 97 114 124
5 46 94 98 113 124
5 46 94 98 117 121
5 46 94 100 113 120
5 46 94 102 113 120
5 46 95 97 114 124
5 47 48 81 82 108
5 47 48 82 92 97
5 47 48 84 88 98
5 47 65 82 116 120
5 47 73 88 114 116
5 47 76 83 116 120
5 47 76 85 114 120
5 47 81 82 108 112
5 47 82 84 97 120
5 47 82 92 97 112
5 47 83 88 104 116
5 47 84 88 98 112
5 48 65 66 80 108
5 48 65 66 84 104
5 48 65 70 80 104
5 48 65 78 80 96
5 48 65 80 98 108
5 48 65 82 100 104
5 48 66 68 80 104
5 48 66 76 80 96
5 48 66 80 100 104
5 48 67 76 80 96
5 48 67 80 100 104
5 48 68 72 80 96
5 48 80 97 98 108
5 48 80 98 100 104
5 48 81 82 100 104
5 48 81 84 106 108
5 48 81 88 98 108
5 48 81 88 102 104
5 48 81 92 98 108
5 48 81 92 100 106
5 48 81 92 102 106
5 48 81 98 100 104
5 48 82 84 105 110
5 48 82 88 100 104
5 48 82 92 97 110
5 48 82 92 101 106
5 48 83 92 101 106
5 48 84 88 97 110
5 48 84 88 98 108
5 48 84 88 99 108
5 48 84 88 101 106
5 48 84 89 100 106
5 49 50 67 92 108
5 49 50 69 74 124
5 49 50 78 81 108
5 49 52 67 92 106
5 49 52 78 82 105
5 49 56 78 82 100
5 49 62 66 68 72
5 49 65 70 122 124
5 49 65 78 114 124
5 49 65 82 110 124
5 49 65 86 106 124
5 49 65 86 110 120
5 49 65 94 110 112
5 49 67 78 116 120
5 49 67 84 110 120
5 49 67 92 106 116
5 49 67 92 108 114
5 49 67 92 110 112
5 49 67 94 100 104
5 49 67 108 116 122
5 49 67 110 116 120
5 49 69 74 114 124
5 49 69 82 106 124
5 49 70 74 84 104
5 49 70 81 106 124
5 49 70 97 122 124
5 49 71 90 108 112
5 49 73 86 106 124
5 49 73 88 110 118
5 49 73 90 108 118
5 49 73 118 122 124
5 49 74 76 118 120
5 49 74 88 108 118
5 49 74 92 102 120
5 49 74 92 108 114
5 49 76 82 100 104
5 49 76 82 100 120
5 49 76 84 98 104
5 49 76 88 104 118
5 49 76 88 106 116
5 49 77 82 110 112
5 49 77 102 114 120
5 49 77 118 122 124
5 49 78 81 98 124
5 49 78 81 102 120
5 49 78 82 101 120
5 49 78 88 104 116
5 49 78 88 104 118
5 49 78 97 114 124
5 49 78 98 116 120
5 49 78 99 116 120
5 49 78 114 116 120
5 49 78 118 122 124
5 49 79 88 104 118
5 49 79 114 116 120
5 49 79 118 122 124
5 49 81 92 102 106
5 49 81 102 106 124
5 49 81 102 122 124
5 49 81 110 114 124
5 49 81 110 122 124
5 49 82 84 105 110
5 49 82 88 100 104
5 49 82 92 97 110
5 49 82 92 101 106
5 49 82 97 110 124
5 49 82 100 104 112
5 49 82 101 106 124
5 49 82 101 110 120
5 49 82 108 116 120
5 49 82 109 110 112
5 49 82 111 116 120
5 49 84 88 98 108
5 49 85 106 114 124
5 49 85 110 122 124
5 49 86 97 106 124
5 49 86 97 110 120
5 49 86 98 105 124
5 49 86 109 122 124
5 49 86 110 122 124
5 49 86 111 122 124
5 49 89 102 106 116
5 49 89 102 122 124
5 49 89 106 118 124
5 49 89 110 114 116
5 49 89 110 114 124
5 49 89 110 118 120
5 49 90 98 108 116
5 49 90 102 109 112
5 49 90 108 114 116
5 49 90 108 118 120
5 49 90 109 114 116
5 49 90 109 114 124
5 49 90 109 118 120
5 49 90 110 116 120
5 49 90 111 116 120
5 49 91 98 108 116
5 49 92 98 100 104
5 49 92 98 100 120
5 49 92 98 104 112
5 49 92 98 108 112
5 49 92 99 106 116
5 49 92 99 108 114
5 49 92 99 110 112
5 49 92 100 104 114
5 49 92 100 106 112
5 49 92 101 106 114
5 49 92 102 106 112
5 49 92 106 116 120
5 49 92 108 114 120
5 49 92 108 116 122
5 49 92 108 118 122
5 49 92 109 118 122
5 49 92 110 116 120
5 49 92 110 116 122
5 49 92 111 116 122
5 49 93 102 106 112
5 49 93 110 114 120
5 49 93 110 114 124
5 49 93 110 116 122
5 49 93 111 118 122
5 49 94 97 98 124
5 49 94 97 102 120
5 49 94 97 110 112
5 49 94 98 100 104
5 49 94 98 100 120
5 49 94 98 105 116
5 49 94 98 108 112
5 49 94 98 109 112
5 49 94 100 104 112
5 49 94 102 105 112
5 49 94 109 118 122
5 49 94 110 114 124
5 49 94 110 116 120
5 49 94 111 114 124
5 49 94 111 116 120
5 49 95 98 100 120
5 49 95 98 108 112
5 49 95 111 114 124
5 50 52 67 76 120
5 50 52 67 88 108
5 50 52 70 73 120
5 50 52 78 81 105
5 50 56 69 76 112
5 50 56 69 82 108
5 50 56 73 76 116
5 50 56 73 86 108
5 50 56 77 82 100
5 50 60 65 68 72
5 50 60 71 88 104
5 50 65 76 84 104
5 50 65 76 116 120
5 50 65 78 116 120
5 50 65 80 100 104
5 50 65 84 104 112
5 50 65 84 108 120
5 50 65 84 110 120
5 50 65 88 100 104
5 50 65 88 104 116
5 50 65 88 108 112
5 50 65 90 108 116
5 50 65 92 100 104
5 50 65 92 108 112
5 50 65 92 110 112
5 50 66 76 84 104
5 50 66 76 116 120
5 50 66 76 116 121
5 50 66 77 116 120
5 50 66 84 108 120
5 50 66 84 108 121
5 50 66 84 109 120
5 50 66 92 100 104
5 50 66 92 105 116
5 50 66 92 108 112
5 50 66 92 108 113
5 50 66 92 109 112
5 50 66 93 100 104
5 50 67 76 116 120
5 50 67 84 108 120
5 50 67 92 100 104
5 50 67 92 108 112
5 50 67 108 116 120
5 50 69 74 116 120
5 50 69 81 106 124
5 50 69 82 108 120
5 50 69 88 100 104
5 50 69 88 108 112
5 50 69 92 98 104
5 50 69 106 113 124
5 50 70 81 108 120
5 50 70 88 105 116
5 50 70 88 108 112
5 50 70 88 108 113
5 50 70 88 109 112
5 50 70 89 108 112
5 50 70 92 97 104
5 50 70 105 116 120
5 50 70 108 113 120
5 50 73 76 116 120
5 50 73 84 100 120
5 50 73 84 104 112
5 50 73 86 108 120
5 50 73 88 104 116
5 50 73 88 108 116
5 50 74 88 108 116
5 50 74 88 108 117
5 50 74 92 101 120
5 50 74 92 108 113
5 50 76 82 101 120
5 50 76 88 104 116
5 50 76 98 116 120
5 50 76 98 116 121
5 50 77 82 100 120
5 50 77 82 108 112
5 50 77 84 106 112
5 50 77 98 116 120
5 50 78 81 97 124
5 50 78 81 101 120
5 50 78 81 108 112
5 50 78 88 104 116
5 50 78 88 104 117
5 50 78 97 116 120
5 50 78 113 116 120
5 50 79 97 116 120
5 50 81 84 106 108
5 50 81 110 116 120
5 50 82 84 105 108
5 50 82 92 97 108
5 50 82 92 100 105
5 50 82 101 108 120
5 50 82 108 116 120
5 50 82 108 116 121
5 50 82 109 116 120
5 50 84 88 97 110
5 50 84 88 98 108
5 50 84 88 98 109
5 50 84 88 99 108
5 50 84 88 101 106
5 50 84 90 97 108
5 50 84 97 110 120
5 50 84 98 108 120
5 50 84 98 108 121
5 50 84 98 109 120
5 50 84 99 108 120
5 50 84 102 105 120
5 50 84 105 110 112
5 50 84 106 108 112
5 50 84 106 108 113
5 50 84 106 109 112
5 50 84 110 113 120
5 50 85 100 106 120
5 50 86 100 105 120
5 50 86 110 121 124
5 50 86 111 121 124
5 50 89 97 110 116
5 50 89 98 108 116
5 50 89 102 108 112
5 50 89 110 116 120
5 50 90 97 108 116
5 50 90 101 108 112
5 50 90 101 116 120
5 50 90 108 113 116
5 50 90 108 116 120
5 50 90 108 116 121
5 50 90 108 117 120
5 50 90 109 116 120
5 50 92 97 106 116
5 50 92 97 110 112
5 50 92 98 100 104
5 50 92 98 100 120
5 50 92 98 100 121
5 50 92 98 105 116
5 50 92 98 108 112
5 50 92 98 108 113
5 50 92 98 109 112
5 50 92 99 100 104
5 50 92 99 100 120
5 50 92 99 108 112
5 50 92 99 116 120
5 50 92 100 104 112
5 50 92 100 106 112
5 50 92 100 106 113
5 50 92 101 106 112
5 50 92 107 116 120
5 50 92 108 116 120
5 50 92 110 113 120
5 50 92 110 116 120
5 50 92 110 116 121
5 50 92 111 116 120
5 50 93 98 100 104
5 50 93 98 100 120
5 50 93 98 108 112
5 50 93 100 106 112
5 50 94 97 100 120
5 50 94 97 108 112
5 50 94 100 104 112
5 50 94 100 104 113
5 50 94 100 105 112
5 50 94 107 117 124
5 50 94 109 116 120
5 50 94 110 113 124
5 50 94 110 116 120
5 50 94 110 116 121
5 50 94 110 117 121
5 50 94 111 113 124
5 50 94 111 116 120
5 50 94 111 116 121
5 50 95 100 104 112
5 50 95 111 116 120
5 51 60 66 68 72
5 51 65 66 92 108
5 51 65 92 98 108
5 51 65 92 108 114
5 51 66 76 84 104
5 51 66 76 100 120
5 51 66 76 116 120
5 51 66 84 108 120
5 51 66 92 100 104
5 51 66 92 108 112
5 51 66 92 108 120
5 51 67 76 116 120
5 51 67 84 108 120
5 51 67 92 100 104
5 51 67 92 108 112
5 51 67 92 108 120
5 51 69 92 108 122
5 51 70 92 108 120
5 51 73 86 108 120
5 51 73 88 108 118
5 51 73 92 108 114
5 51 74 88 108 116
5 51 74 92 108 112
5 51 75 92 108 116
5 51 76 88 104 116
5 51 77 78 114 124
5 51 77 86 106 124
5 51 77 88 104 118
5 51 77 118 122 124
5 51 78 89 102 124
5 51 78 89 108 116
5 51 78 92 108 113
5 51 79 88 104 116
5 51 81 92 98 108
5 51 83 108 116 120
5 51 85 88 106 108
5 51 85 92 106 108
5 51 85 106 108 120
5 51 85 110 122 124
5 51 85 111 122 124
5 51 91 110 117 124
5 51 92 97 98 108
5 51 92 97 108 114
5 51 92 99 108 112
5 51 92 101 106 112
5 51 93 102 106 124
5 51 93 102 108 122
5 51 93 110 116 120
5 51 93 110 117 122
5 51 94 102 105 124
5 51 94 105 108 116
5 51 94 109 114 124
5 51 94 109 116 122
5 51 94 110 113 124
5 51 94 110 117 121
5 51 94 111 113 124
5 51 95 101 106 124
5 51 95 111 116 120
5 52 56 65 66 72
5 52 56 67 76 112
5 52 56 67 78 112
5 52 56 67 82 108
5 52 56 67 84 104
5 52 56 67 88 104
5 52 56 69 74 112
5 52 56 70 82 105
5 52 56 70 88 104
5 52 56 71 88 104
5 52 56 73 76 114
5 52 56 73 84 98
5 52 56 73 88 102
5 52 56 74 84 104
5 52 56 76 81 98
5 52 56 77 82 98
5 52 56 78 81 98
5 52 56 79 81 98
5 52 65 66 80 104
5 52 65 66 88 104
5 52 65 66 104 112
5 52 65 68 74 120
5 52 65 74 100 120
5 52 65 76 114 120
5 52 65 82 108 120
5 52 65 84 106 120
5 52 65 88 108 114
5 52 65 88 110 112
5 52 65 90 100 104
5 52 65 92 106 112
5 52 66 68 88 104
5 52 66 88 100 104
5 52 66 88 104 112
5 52 66 88 108 112
5 52 67 68 88 104
5 52 67 69 74 120
5 52 67 82 108 120
5 52 67 88 100 104
5 52 67 88 104 112
5 52 67 88 108 112
5 52 67 88 108 114
5 52 67 88 110 112
5 52 67 92 105 114
5 52 67 92 106 112
5 52 67 108 114 120
5 52 68 73 74 112
5 52 68 73 82 104
5 52 68 73 98 120
5 52 68 73 104 114
5 52 68 73 114 120
5 52 68 74 104 112
5 52 68 81 106 120
5 52 68 88 98 104
5 52 68 88 99 104
5 52 68 88 104 112
5 52 68 88 104 114
5 52 68 88 104 115
5 52 68 88 105 114
5 52 68 88 106 112
5 52 68 88 107 112
5 52 68 89 106 112
5 52 68 90 97 104
5 52 69 74 98 120
5 52 69 88 106 112
5 52 70 73 98 120
5 52 70 82 105 120
5 52 70 89 98 104
5 52 73 76 114 120
5 52 73 84 98 120
5 52 73 84 106 112
5 52 73 88 108 114
5 52 73 92 108 114
5 52 73 98 100 120
5 52 73 100 114 120
5 52 73 108 114 120
5 52 74 84 98 120
5 52 74 84 98 121
5 52 74 88 104 112
5 52 74 89 98 100
5 52 75 84 104 112
5 52 76 81 98 120
5 52 76 81 106 112
5 52 76 82 98 120
5 52 76 82 98 121
5 52 76 85 106 120
5 52 76 86 106 120
5 52 76 86 106 121
5 52 76 87 107 120
5 52 76 88 104 112
5 52 76 88 104 114
5 52 76 88 104 115
5 52 76 88 105 114
5 52 76 89 103 122
5 52 76 90 103 120
5 52 76 97 114 120
5 52 76 113 114 120
5 52 77 82 98 120
5 52 77 82 106 112
5 52 77 88 104 114
5 52 78 81 98 120
5 52 78 82 105 112
5 52 78 98 113 120
5 52 81 88 98 108
5 52 81 88 100 106
5 52 81 98 108 120
5 52 81 100 106 120
5 52 81 106 108 112
5 52 81 108 114 120
5 52 82 92 98 105
5 52 84 88 97 106
5 52 84 88 98 104
5 52 84 88 99 104
5 52 84 97 106 120
5 52 84 105 106 112
5 52 84 105 114 120
5 52 84 108 121 122
5 52 84 110 121 122
5 52 84 111 121 122
5 52 85 110 121 122
5 52 88 97 108 114
5 52 88 97 110 112
5 52 88 98 100 104
5 52 88 98 108 112
5 52 88 99 100 104
5 52 88 99 108 112
5 52 88 100 104 112
5 52 88 100 104 114
5 52 88 100 104 115
5 52 88 100 105 114
5 52 88 100 106 112
5 52 88 100 107 112
5 52 88 101 106 112
5 52 88 108 113 114
5 52 89 100 104 114
5 52 89 100 106 112
5 52 89 102 104 112
5 52 90 97 100 104
5 52 90 97 100 120
5 52 90 97 108 112
5 52 90 98 109 112
5 52 90 100 104 112
5 52 91 100 104 112
5 52 92 97 98 120
5 52 92 97 104 114
5 52 92 97 106 112
5 52 92 98 104 112
5 52 92 99 104 112
5 52 92 102 121 122
5 52 92 103 121 122
5 52 92 105 114 120
5 52 92 108 113 122
5 52 92 108 114 120
5 52 92 108 115 120
5 52 92 108 115 122
5 52 92 110 113 120
5 52 92 110 113 122
5 52 92 110 114 120
5 52 92 110 114 121
5 52 92 110 115 120
5 52 92 110 115 121
5 52 92 111 113 122
5 52 92 111 114 120
5 52 92 111 115 120
5 52 93 110 113 122
5 52 93 110 115 120
5 52 94 97 104 112
5 52 94 109 114 120
5 52 94 110 113 120
5 52 94 111 113 120
5 53 56 73 78 114
5 53 58 65 66 76
5 53 65 70 106 120
5 53 65 78 122 124
5 53 65 82 106 124
5 53 65 90 98 108
5 53 65 90 106 124
5 53 65 90 108 114
5 53 67 78 122 124
5 53 67 92 108 122
5 53 68 88 104 114
5 53 68 88 106 112
5 53 69 90 106 124
5 53 70 73 122 124
5 53 70 75 122 124
5 53 70 90 106 124
5 53 71 75 122 124
5 53 73 78 114 120
5 53 73 88 110 114
5 53 73 90 108 114
5 53 74 76 114 120
5 53 74 82 108 120
5 53 74 88 104 118
5 53 74 88 108 114
5 53 75 76 116 122
5 53 75 108 116 122
5 53 76 82 106 120
5 53 76 84 106 120
5 53 76 86 107 120
5 53 76 88 104 114
5 53 76 88 106 112
5 53 76 89 102 122
5 53 78 86 106 121
5 53 78 88 104 114
5 53 78 97 122 124
5 53 78 108 113 122
5 53 78 113 122 124
5 53 81 90 98 108
5 53 86 105 108 122
5 53 89 102 108 122
5 53 89 102 122 124
5 53 89 110 114 124
5 53 89 110 116 122
5 53 90 97 98 108
5 53 90 97 98 124
5 53 90 97 108 114
5 53 90 100 104 112
5 53 90 101 106 124
5 53 90 102 105 124
5 53 90 108 113 114
5 53 90 110 116 121
5 53 90 111 116 120
5 53 91 102 108 120
5 53 92 97 106 114
5 53 94 97 106 120
5 53 94 97 108 122
5 53 94 100 105 122
5 53 94 100 106 120
5 53 94 100 106 121
5 53 94 107 116 120
5 53 94 110 114 121
5 53 94 111 114 121
5 53 95 100 106 120
5 54 56 71 88 104
5 54 65 68 88 104
5 54 65 88 104 112
5 54 65 90 108 112
5 54 65 90 108 120
5 54 65 92 108 122
5 54 66 68 73 120
5 54 66 68 88 104
5 54 66 68 88 105
5 54 66 68 105 120
5 54 66 84 105 120
5 54 66 92 105 120
5 54 66 92 108 121
5 54 67 92 105 120
5 54 67 92 108 122
5 54 68 73 104 112
5 54 68 88 97 104
5 54 68 88 104 112
5 54 69 76 121 122
5 54 69 82 105 120
5 54 69 90 108 120
5 54 69 90 108 121
5 54 70 73 122 124
5 54 70 74 121 124
5 54 70 88 105 112
5 54 70 90 108 121
5 54 70 92 105 120
5 54 71 90 108 121
5 54 71 106 121 124
5 54 71 121 122 124
5 54 73 74 113 124
5 54 73 74 116 120
5 54 73 81 106 124
5 54 73 82 108 120
5 54 73 88 104 112
5 54 73 88 104 116
5 54 73 88 108 112
5 54 73 88 108 114
5 54 73 90 108 113
5 54 74 76 113 120
5 54 74 81 105 124
5 54 74 81 108 120
5 54 74 84 108 121
5 54 74 88 104 116
5 54 74 88 104 117
5 54 74 88 105 116
5 54 74 88 108 112
5 54 74 88 108 113
5 54 75 76 116 120
5 54 75 92 108 113
5 54 75 102 121 124
5 54 75 117 122 124
5 54 76 82 105 120
5 54 76 84 106 120
5 54 76 84 106 121
5 54 76 85 105 122
5 54 76 88 104 112
5 54 76 89 107 116
5 54 76 90 105 116
5 54 77 86 106 121
5 54 77 88 104 112
5 54 77 88 104 114
5 54 77 88 105 114
5 54 77 88 106 113
5 54 77 113 122 124
5 54 77 116 121 122
5 54 78 81 97 120
5 54 78 83 105 124
5 54 78 88 104 112
5 54 78 88 104 113
5 54 78 88 105 113
5 54 78 89 105 116
5 54 78 89 108 113
5 54 78 113 122 124
5 54 78 114 121 124
5 54 79 113 122 124
5 54 79 114 121 124
5 54 81 90 97 108
5 54 83 109 122 124
5 54 83 110 121 124
5 54 86 105 122 124
5 54 86 106 108 121
5 54 86 106 121 124
5 54 86 109 121 122
5 54 89 98 100 120
5 54 89 98 108 120
5 54 89 102 106 124
5 54 89 106 108 116
5 54 89 110 114 124
5 54 89 110 116 120
5 54 90 97 108 112
5 54 90 107 117 124
5 54 90 109 114 124
5 54 90 109 115 124
5 54 90 109 116 120
5 54 90 110 113 124
5 54 90 110 117 121
5 54 90 111 113 124
5 54 91 105 108 116
5 54 91 109 114 124
5 54 92 102 106 121
5 54 92 110 114 121
5 54 92 111 114 121
5 54 93 97 106 112
5 54 93 97 106 120
5 54 93 97 108 122
5 54 93 99 108 122
5 54 93 100 106 120
5 54 93 102 105 122
5 54 93 102 106 121
5 54 94 98 108 121
5 54 94 101 106 121
5 54 94 105 108 113
5 54 94 109 113 122
5 54 94 109 114 121
5 54 94 110 113 120
5 54 94 111 113 120
5 54 95 98 108 121
5 55 65 90 108 120
5 55 66 68 88 104
5 55 68 88 104 112
5 55 69 90 108 120
5 55 70 89 106 124
5 55 70 90 108 121
5 55 73 74 116 120
5 55 73 88 104 118
5 55 73 88 108 114
5 55 73 88 110 112
5 55 73 90 108 112
5 55 74 81 108 120
5 55 74 88 104 116
5 55 74 88 108 112
5 55 76 84 105 122
5 55 76 84 106 120
5 55 76 84 107 120
5 55 76 88 104 112
5 55 78 88 104 112
5 55 78 88 104 113
5 55 79 88 104 112
5 56 65 66 68 96
5 56 65 66 68 112
5 56 65 66 72 116
5 56 65 66 88 100
5 56 65 66 104 116
5 56 65 70 72 112
5 56 65 70 80 96
5 56 65 70 88 100
5 56 65 70 104 112
5 56 65 72 80 102
5 56 65 72 82 100
5 56 65 72 98 116
5 56 65 72 102 112
5 56 65 72 114 116
5 56 65 74 84 100
5 56 65 76 100 114
5 56 65 82 100 104
5 56 65 82 108 112
5 56 65 88 98 100
5 56 65 88 98 116
5 56 65 88 102 112
5 56 65 88 104 118
5 56 65 88 106 116
5 56 65 88 108 118
5 56 65 88 110 118
5 56 65 90 108 118
5 56 65 92 108 114
5 56 66 68 72 112
5 56 66 68 80 96
5 56 66 68 104 112
5 56 66 72 80 100
5 56 66 72 100 112
5 56 66 88 100 112
5 56 66 88 104 116
5 56 66 88 108 116
5 56 67 69 106 116
5 56 67 72 80 100
5 56 67 72 100 112
5 56 67 74 84 100
5 56 67 88 100 112
5 56 67 88 104 116
5 56 67 88 108 116
5 56 67 88 108 118
5 56 67 92 108 114
5 56 67 100 104 112
5 56 68 72 80 96
5 56 68 88 104 112
5 56 69 70 104 112
5 56 69 82 100 104
5 56 69 82 108 112
5 56 69 84 98 104
5 56 69 84 106 112
5 56 69 88 98 100
5 56 69 88 100 114
5 56 69 88 104 118
5 56 69 88 106 116
5 56 69 100 104 114
5 56 70 72 80 96
5 56 70 73 82 100
5 56 70 74 100 113
5 56 70 82 100 104
5 56 70 82 105 116
5 56 70 88 100 112
5 56 70 88 104 112
5 56 70 88 104 116
5 56 70 89 98 100
5 56 70 100 104 112
5 56 70 105 114 116
5 56 71 72 80 96
5 56 71 88 104 112
5 56 71 88 104 116
5 56 71 88 104 118
5 56 71 88 106 116
5 56 72 80 97 102
5 56 72 80 98 100
5 56 72 81 98 100
5 56 72 81 98 116
5 56 72 81 102 112
5 56 72 82 100 112
5 56 73 76 114 116
5 56 73 78 114 116
5 56 73 82 100 112
5 56 73 82 108 116
5 56 73 84 98 100
5 56 73 84 100 114
5 56 73 84 108 114
5 56 73 86 108 114
5 56 73 88 98 116
5 56 73 88 102 116
5 56 73 104 114 116
5 56 73 108 114 116
5 56 73 110 114 116
5 56 74 76 113 118
5 56 74 81 108 118
5 56 74 84 98 100
5 56 74 84 100 112
5 56 74 88 101 118
5 56 74 92 101 114
5 56 74 92 102 113
5 56 74 104 117 118
5 56 74 108 113 118
5 56 74 108 114 117
5 56 75 84 100 112
5 56 75 104 117 118
5 56 76 81 100 114
5 56 76 82 100 112
5 56 76 84 97 98
5 56 76 84 99 112
5 56 76 84 105 114
5 56 76 88 97 118
5 56 76 88 98 116
5 56 76 88 99 116
5 56 76 88 101 114
5 56 76 100 113 114
5 56 76 104 113 118
5 56 76 104 114 116
5 56 76 104 115 116
5 56 76 105 114 116
5 56 77 104 114 116
5 56 77 106 113 118
5 56 78 81 100 112
5 56 78 88 97 118
5 56 78 104 113 118
5 56 78 104 114 116
5 56 78 104 114 117
5 56 79 104 113 118
5 56 79 104 114 116
5 56 81 84 100 106
5 56 81 88 98 100
5 56 81 88 102 104
5 56 81 92 102 104
5 56 81 98 100 104
5 56 81 98 104 116
5 56 81 98 108 112
5 56 81 102 104 112
5 56 82 88 100 104
5 56 82 100 104 112
5 56 83 92 101 106
5 56 85 88 102 104
5 56 85 106 108 114
5 56 86 88 99 108
5 56 86 97 104 112
5 56 86 105 108 114
5 56 86 106 108 113
5 56 87 106 108 113
5 56 88 97 98 100
5 56 88 97 98 116
5 56 88 97 102 112
5 56 88 97 104 118
5 56 88 97 106 116
5 56 88 97 108 118
5 56 88 97 110 118
5 56 88 97 114 116
5 56 88 98 100 112
5 56 88 98 104 116
5 56 88 98 108 116
5 56 88 99 104 116
5 56 88 99 108 116
5 56 88 99 108 118
5 56 88 100 104 112
5 56 88 101 104 118
5 56 88 101 106 116
5 56 88 102 104 112
5 56 88 102 104 116
5 56 88 103 104 112
5 56 88 103 104 116
5 56 88 103 104 118
5 56 88 103 106 116
5 56 88 104 113 118
5 56 88 104 114 116
5 56 88 104 117 118
5 56 88 105 114 116
5 56 88 106 117 118
5 56 88 108 113 118
5 56 88 108 114 116
5 56 88 108 115 116
5 56 88 110 113 116
5 56 88 110 113 118
5 56 88 110 114 116
5 56 88 110 114 117
5 56 88 110 115 117
5 56 88 111 113 118
5 56 88 111 114 116
5 56 89 97 110 118
5 56 89 99 108 118
5 56 89 103 104 118
5 56 89 106 117 118
5 56 89 110 113 118
5 56 89 110 114 116
5 56 89 110 114 117
5 56 89 111 114 116
5 56 90 97 104 116
5 56 90 97 108 116
5 56 90 97 108 118
5 56 90 98 108 116
5 56 90 98 108 117
5 56 90 101 104 116
5 56 90 102 104 117
5 56 90 108 113 118
5 56 90 108 114 116
5 56 90 108 114 117
5 56 90 109 114 116
5 56 90 110 113 116
5 56 91 98 108 116
5 56 92 97 98 112
5 56 92 97 104 118
5 56 92 97 108 114
5 56 92 98 104 112
5 56 92 98 104 116
5 56 92 99 104 112
5 56 92 99 104 116
5 56 92 99 104 118
5 56 92 99 108 114
5 56 92 100 104 112
5 56 92 100 104 114
5 56 92 100 104 115
5 56 92 100 105 114
5 56 92 101 104 114
5 56 92 101 106 114
5 56 92 102 104 112
5 56 92 102 104 114
5 56 92 102 105 114
5 56 92 103 104 112
5 56 92 103 104 114
5 56 92 103 105 114
5 56 92 105 114 116
5 56 92 108 113 114
5 56 93 97 106 118
5 56 93 102 104 114
5 56 93 110 113 114
5 56 94 97 104 112
5 56 94 97 104 116
5 56 94 97 104 118
5 56 94 97 106 116
5 56 94 98 104 116
5 56 94 98 104 117
5 56 94 98 108 113
5 56 94 99 104 117
5 56 94 100 104 112
5 56 94 100 104 113
5 56 94 101 104 112
5 56 94 101 104 114
5 56 94 101 106 113
5 56 94 102 104 112
5 56 94 102 104 113
5 56 94 102 105 113
5 56 94 103 104 112
5 56 94 103 104 113
5 56 95 97 104 118
5 56 95 97 106 116
5 56 95 98 104 116
5 56 95 99 104 116
5 56 95 100 104 112
5 56 95 102 104 112
5 56 95 103 104 112
5 57 65 70 74 116
5 57 65 70 98 124
5 57 65 70 106 116
5 57 65 70 114 124
5 57 65 70 122 124
5 57 65 74 84 102
5 57 65 74 118 124
5 57 65 78 114 116
5 57 65 78 118 120
5 57 65 82 110 116
5 57 65 86 110 112
5 57 65 88 110 118
5 57 65 90 102 124
5 57 65 90 108 118
5 57 65 94 98 100
5 57 67 76 118 120
5 57 67 84 110 112
5 57 67 88 108 118
5 57 69 76 118 122
5 57 69 78 118 120
5 57 69 90 102 124
5 57 69 90 108 118
5 57 69 92 102 122
5 57 70 76 116 122
5 57 70 82 100 104
5 57 70 88 98 100
5 57 70 88 98 116
5 57 70 92 108 114
5 57 71 76 116 122
5 57 71 88 104 118
5 57 71 90 102 124
5 57 71 108 116 122
5 57 73 78 114 116
5 57 73 82 102 124
5 57 73 86 102 120
5 57 73 86 108 114
5 57 74 81 108 118
5 57 74 84 98 100
5 57 74 84 102 112
5 57 75 86 102 124
5 57 76 82 98 116
5 57 76 84 100 122
5 57 76 84 102 122
5 57 76 84 103 122
5 57 76 85 102 122
5 57 76 86 102 120
5 57 76 86 106 116
5 57 76 86 107 116
5 57 77 86 106 116
5 57 77 118 122 124
5 57 78 81 98 116
5 57 78 81 102 112
5 57 78 81 104 118
5 57 78 86 102 120
5 57 78 86 106 116
5 57 78 97 114 116
5 57 78 97 118 120
5 57 78 104 113 118
5 57 78 108 115 116
5 57 78 113 114 116
5 57 78 113 114 124
5 57 78 113 118 120
5 57 79 104 114 116
5 57 79 114 116 120
5 57 79 119 122 124
5 57 82 84 97 110
5 57 82 84 102 104
5 57 85 110 114 120
5 57 86 97 106 124
5 57 86 97 110 112
5 57 86 101 108 122
5 57 86 106 108 113
5 57 86 110 113 120
5 57 86 110 113 124
5 57 89 102 122 124
5 57 89 106 118 124
5 57 89 110 114 116
5 57 89 110 118 120
5 57 89 110 118 124
5 57 90 97 102 124
5 57 90 97 108 118
5 57 90 101 102 124
5 57 90 102 113 124
5 57 90 108 113 118
5 57 90 108 119 120
5 57 90 109 118 120
5 57 90 109 118 124
5 57 90 110 113 116
5 57 90 111 119 124
5 57 91 102 108 116
5 57 92 99 104 118
5 57 92 99 118 120
5 57 93 110 114 116
5 57 93 110 118 120
5 57 93 110 119 122
5 57 94 97 98 100
5 57 94 97 98 116
5 57 94 97 98 124
5 57 94 97 102 112
5 57 94 97 102 120
5 57 94 97 102 124
5 57 94 97 104 118
5 57 94 97 106 116
5 57 94 98 100 112
5 57 94 98 100 120
5 57 94 98 104 116
5 57 94 98 108 116
5 57 94 99 108 116
5 57 94 100 104 112
5 57 94 101 104 114
5 57 94 101 106 116
5 57 94 102 104 112
5 57 94 102 104 113
5 57 94 102 105 116
5 57 94 102 106 116
5 57 94 103 104 112
5 57 94 103 122 124
5 57 94 110 113 116
5 57 94 110 114 116
5 57 94 110 117 122
5 57 94 110 118 120
5 57 94 110 119 120
5 57 94 111 114 116
5 57 94 111 119 120
5 57 95 102 106 116
5 58 65 66 76 116
5 58 65 66 108 116
5 58 65 76 116 120
5 58 65 82 108 116
5 58 65 84 100 104
5 58 65 84 100 120
5 58 65 84 108 112
5 58 65 88 104 116
5 58 65 88 108 116
5 58 65 88 108 118
5 58 65 90 108 116
5 58 65 92 98 100
5 58 65 92 102 120
5 58 65 92 108 116
5 58 66 69 88 100
5 58 66 69 100 120
5 58 66 69 104 116
5 58 66 69 116 120
5 58 66 73 84 100
5 58 66 76 97 116
5 58 66 76 100 113
5 58 66 76 113 116
5 58 66 76 116 120
5 58 66 76 116 121
5 58 66 76 117 120
5 58 66 81 108 116
5 58 66 84 100 104
5 58 66 84 100 120
5 58 66 84 100 121
5 58 66 84 101 104
5 58 66 84 101 120
5 58 66 84 108 112
5 58 66 84 108 113
5 58 66 84 109 112
5 58 66 85 100 104
5 58 66 88 108 116
5 58 66 88 108 117
5 58 66 92 97 100
5 58 66 92 101 112
5 58 66 92 101 120
5 58 66 92 108 113
5 58 66 92 108 116
5 58 67 81 108 116
5 58 67 88 108 116
5 58 67 92 101 112
5 58 67 92 101 120
5 58 67 92 108 113
5 58 67 92 108 116
5 58 69 74 113 124
5 58 69 76 116 120
5 58 69 76 118 120
5 58 69 82 97 124
5 58 69 88 100 112
5 58 69 88 104 116
5 58 69 88 108 116
5 58 69 90 108 116
5 58 69 92 102 120
5 58 70 73 113 124
5 58 70 75 117 124
5 58 70 76 116 120
5 58 70 76 116 121
5 58 70 76 117 120
5 58 70 81 97 124
5 58 70 88 104 117
5 58 70 88 108 116
5 58 70 90 101 124
5 58 70 90 108 117
5 58 70 90 109 117
5 58 70 92 101 120
5 58 70 92 108 113
5 58 71 102 121 124
5 58 73 81 102 124
5 58 73 84 100 112
5 58 73 84 100 120
5 58 73 86 108 113
5 58 73 88 102 117
5 58 73 92 101 114
5 58 74 76 113 116
5 58 74 81 108 116
5 58 74 84 101 120
5 58 74 84 108 113
5 58 74 88 101 116
5 58 74 92 101 112
5 58 76 81 100 112
5 58 76 82 104 117
5 58 76 84 100 120
5 58 76 84 101 120
5 58 76 84 102 120
5 58 76 84 102 121
5 58 76 84 103 120
5 58 76 86 105 116
5 58 76 88 97 116
5 58 76 90 101 116
5 58 77 82 100 112
5 58 77 86 102 121
5 58 77 97 114 116
5 58 77 97 118 120
5 58 77 104 113 118
5 58 77 104 114 116
5 58 77 113 118 120
5 58 77 114 116 120
5 58 77 118 121 124
5 58 78 88 97 116
5 58 78 104 113 116
5 58 78 113 116 120
5 58 78 118 121 124
5 58 78 119 121 124
5 58 81 82 101 108
5 58 82 84 97 108
5 58 83 92 101 108
5 58 84 88 97 100
5 58 85 90 101 108
5 58 85 97 106 124
5 58 85 98 108 112
5 58 85 98 108 120
5 58 85 106 108 113
5 58 85 106 108 116
5 58 85 110 113 120
5 58 85 111 114 124
5 58 86 97 108 120
5 58 86 105 108 113
5 58 87 97 108 120
5 58 89 98 108 116
5 58 89 102 108 116
5 58 89 110 118 124
5 58 89 110 119 124
5 58 90 97 108 116
5 58 90 101 108 116
5 58 90 101 113 124
5 58 90 108 113 116
5 58 90 108 116 120
5 58 90 108 116 121
5 58 90 108 117 120
5 58 90 109 119 124
5 58 90 110 117 124
5 58 92 97 98 100
5 58 92 97 98 116
5 58 92 97 102 120
5 58 92 97 104 112
5 58 92 97 104 118
5 58 92 97 106 116
5 58 92 98 100 112
5 58 92 98 100 113
5 58 92 98 100 120
5 58 92 98 100 121
5 58 92 98 101 112
5 58 92 98 101 120
5 58 92 98 104 116
5 58 92 98 104 117
5 58 92 98 108 113
5 58 92 99 101 112
5 58 92 99 101 120
5 58 92 101 104 114
5 58 92 101 106 113
5 58 92 101 114 120
5 58 92 102 104 112
5 58 92 102 104 113
5 58 92 102 105 113
5 58 92 102 106 116
5 58 92 102 107 117
5 58 92 102 113 120
5 58 92 103 104 112
5 58 92 103 104 113
5 58 92 103 113 120
5 58 92 105 114 116
5 58 92 105 118 120
5 58 92 110 114 116
5 58 92 110 118 120
5 58 92 110 118 121
5 58 92 110 119 120
5 58 92 110 119 121
5 58 92 111 114 116
5 58 92 111 119 120
5 58 93 97 102 120
5 58 93 97 104 118
5 58 93 97 106 116
5 58 93 98 100 112
5 58 93 98 100 120
5 58 93 98 104 116
5 58 93 98 108 116
5 58 93 102 104 112
5 58 93 102 106 116
5 58 93 102 108 115
5 58 93 111 114 116
5 58 94 97 104 116
5 58 94 97 108 116
5 58 94 98 108 116
5 58 94 101 104 112
5 58 94 101 104 113
5 58 94 103 121 124
5 58 94 107 117 124
5 58 94 109 114 116
5 58 94 109 115 116
5 58 94 109 119 120
5 58 94 110 117 120
5 58 94 110 117 121
5 58 95 97 104 116
5 58 95 97 108 116
5 58 95 98 101 124
5 58 95 98 108 116
5 59 65 66 76 116
5 59 65 66 108 116
5 59 65 82 108 116
5 59 65 92 108 118
5 59 66 76 116 120
5 59 66 84 100 104
5 59 66 84 100 120
5 59 66 84 108 112
5 59 66 88 108 116
5 59 66 92 108 116
5 59 67 88 108 116
5 59 67 92 108 116
5 59 67 92 108 118
5 59 69 76 116 122
5 59 69 76 118 120
5 59 69 88 108 118
5 59 69 90 108 116
5 59 69 92 102 120
5 59 70 74 117 124
5 59 70 76 116 120
5 59 70 88 108 116
5 59 71 76 116 120
5 59 73 82 108 116
5 59 76 84 100 120
5 59 76 84 100 122
5 59 76 84 101 122
5 59 76 84 102 120
5 59 76 84 103 120
5 59 76 85 102 120
5 59 76 89 102 116
5 59 93 97 110 118
5 59 93 102 106 116
5 59 93 110 113 118
5 59 93 110 118 121
5 59 93 110 119 120
5 59 95 98 108 116
5 60 65 66 68 120
5 60 65 66 72 112
5 60 65 66 76 112
5 60 65 66 80 96
5 60 65 66 100 120
5 60 65 66 104 112
5 60 65 66 116 120
5 60 65 68 72 114
5 60 65 68 88 98
5 60 65 68 98 120
5 60 65 68 104 114
5 60 65 68 114 120
5 60 65 70 98 120
5 60 65 70 114 120
5 60 65 72 80 98
5 60 65 72 98 112
5 60 65 74 100 114
5 60 65 74 116 120
5 60 65 74 118 120
5 60 65 76 82 98
5 60 65 76 98 112
5 60 65 76 114 120
5 60 65 76 116 122
5 60 65 76 118 122
5 60 65 82 100 104
5 60 65 82 106 116
5 60 65 82 108 112
5 60 65 82 110 112
5 60 65 84 98 120
5 60 65 84 104 114
5 60 65 84 106 112
5 60 65 88 98 112
5 60 65 88 104 118
5 60 65 88 108 114
5 60 65 92 102 122
5 60 65 92 108 114
5 60 66 68 72 112
5 60 66 68 104 112
5 60 66 72 80 96
5 60 66 76 116 120
5 60 66 84 104 112
5 60 66 88 104 112
5 60 66 88 104 116
5 60 67 68 72 112
5 60 67 68 104 112
5 60 67 69 98 120
5 60 67 69 114 120
5 60 67 72 80 96
5 60 67 73 100 114
5 60 67 73 116 122
5 60 67 74 116 120
5 60 67 76 81 98
5 60 67 76 97 114
5 60 67 76 98 112
5 60 67 76 114 120
5 60 67 76 116 120
5 60 67 76 116 122
5 60 67 81 106 116
5 60 67 81 108 114
5 60 67 82 100 104
5 60 67 82 108 112
5 60 67 84 98 120
5 60 67 84 104 112
5 60 67 84 104 114
5 60 67 84 105 114
5 60 67 84 106 112
5 60 67 88 104 112
5 60 67 88 104 116
5 60 67 88 104 118
5 60 67 88 108 114
5 60 67 90 97 100
5 60 67 92 97 98
5 60 67 92 102 122
5 60 67 92 105 114
5 60 67 92 108 114
5 60 68 72 80 96
5 60 68 72 80 98
5 60 68 72 80 99
5 60 68 72 81 98
5 60 68 72 97 114
5 60 68 72 98 112
5 60 68 72 99 112
5 60 68 72 113 114
5 60 68 73 114 120
5 60 68 81 98 104
5 60 68 81 98 120
5 60 68 81 106 112
5 60 68 88 97 98
5 60 68 88 97 114
5 60 68 88 98 112
5 60 68 88 99 112
5 60 68 88 104 112
5 60 68 88 104 114
5 60 68 88 104 115
5 60 68 88 105 114
5 60 69 73 82 98
5 60 69 74 97 114
5 60 69 74 113 114
5 60 69 74 114 120
5 60 69 74 116 120
5 60 69 76 114 120
5 60 69 82 98 120
5 60 69 82 99 120
5 60 69 82 106 112
5 60 69 82 106 113
5 60 69 88 104 114
5 60 69 90 97 98
5 60 69 90 102 120
5 60 69 90 106 116
5 60 70 73 114 120
5 60 70 73 116 122
5 60 70 74 113 120
5 60 70 75 117 122
5 60 70 76 113 122
5 60 70 81 98 120
5 60 70 81 106 112
5 60 70 82 105 112
5 60 70 88 104 112
5 60 70 88 104 114
5 60 70 88 105 114
5 60 70 90 106 116
5 60 70 90 106 117
5 60 70 90 107 117
5 60 70 92 105 114
5 60 71 75 117 122
5 60 71 88 104 112
5 60 71 88 104 114
5 60 71 88 105 114
5 60 71 90 102 121
5 60 71 100 121 122
5 60 71 105 114 120
5 60 71 108 113 122
5 60 71 116 121 122
5 60 72 80 97 98
5 60 72 81 98 112
5 60 73 74 114 116
5 60 73 74 115 116
5 60 73 82 98 100
5 60 73 82 99 100
5 60 73 82 102 120
5 60 73 83 98 100
5 60 73 84 98 112
5 60 73 84 104 114
5 60 73 84 108 114
5 60 73 86 99 120
5 60 73 88 98 116
5 60 73 88 102 114
5 60 74 81 108 114
5 60 74 82 97 100
5 60 74 82 101 120
5 60 74 82 108 113
5 60 74 84 97 114
5 60 74 84 98 112
5 60 74 84 98 113
5 60 74 84 99 112
5 60 74 84 104 114
5 60 74 88 97 118
5 60 74 88 99 116
5 60 74 88 101 114
5 60 74 88 102 113
5 60 75 81 102 112
5 60 75 102 117 122
5 60 76 81 98 112
5 60 76 81 98 120
5 60 76 81 102 122
5 60 76 82 97 98
5 60 76 82 98 112
5 60 76 82 98 113
5 60 76 82 98 120
5 60 76 82 98 121
5 60 76 84 97 122
5 60 76 84 98 120
5 60 76 84 99 120
5 60 76 84 99 122
5 60 76 84 105 114
5 60 76 86 106 113
5 60 76 88 97 114
5 60 76 88 98 112
5 60 76 88 99 112
5 60 76 90 99 116
5 60 77 82 98 112
5 60 77 86 106 113
5 60 77 97 118 122
5 60 77 100 115 122
5 60 77 113 118 122
5 60 77 114 116 120
5 60 77 115 116 122
5 60 77 118 121 122
5 60 78 81 98 112
5 60 78 81 99 112
5 60 78 86 106 113
5 60 78 100 113 122
5 60 78 100 115 120
5 60 78 105 115 116
5 60 78 108 113 114
5 60 78 113 116 122
5 60 78 114 116 120
5 60 78 114 116 121
5 60 78 115 116 120
5 60 79 113 116 122
5 60 79 114 116 120
5 60 79 115 116 120
5 60 81 82 98 108
5 60 81 82 99 108
5 60 81 82 100 106
5 60 81 82 101 106
5 60 81 84 98 104
5 60 81 88 98 104
5 60 81 88 102 104
5 60 82 84 98 104
5 60 82 84 98 105
5 60 82 84 99 104
5 60 83 88 101 106
5 60 83 92 101 106
5 60 83 98 100 104
5 60 83 98 100 120
5 60 83 98 108 112
5 60 83 98 108 120
5 60 83 99 108 120
5 60 83 100 104 112
5 60 83 101 106 120
5 60 83 106 108 116
5 60 83 109 118 122
5 60 83 110 116 120
5 60 83 110 116 121
5 60 83 111 116 120
5 60 84 88 97 98
5 60 85 99 108 122
5 60 85 100 106 120
5 60 85 102 105 122
5 60 85 102 121 122
5 60 85 105 118 122
5 60 85 106 116 120
5 60 85 107 116 122
5 60 85 107 118 120
5 60 85 110 113 122
5 60 85 110 114 121
5 60 86 88 99 104
5 60 86 97 108 122
5 60 86 98 105 120
5 60 86 98 108 121
5 60 86 99 105 120
5 60 86 100 106 120
5 60 86 100 106 121
5 60 86 105 114 120
5 60 86 105 116 122
5 60 86 106 116 120
5 60 86 106 116 121
5 60 86 107 116 120
5 60 87 100 105 122
5 60 87 100 106 120
5 60 87 100 107 120
5 60 87 107 116 120
5 60 89 100 104 114
5 60 89 102 104 114
5 60 89 102 108 114
5 60 89 109 118 122
5 60 89 110 114 116
5 60 89 110 115 116
5 60 89 110 118 120
5 60 89 110 119 120
5 60 89 111 114 116
5 60 90 97 100 112
5 60 90 97 100 120
5 60 90 97 104 116
5 60 90 97 108 116
5 60 90 98 108 116
5 60 90 99 108 116
5 60 90 100 104 112
5 60 90 101 104 112
5 60 90 101 106 116
5 60 90 102 108 113
5 60 90 109 114 116
5 60 90 110 113 116
5 60 90 110 117 120
5 60 91 97 98 116
5 60 91 97 108 118
5 60 91 98 104 116
5 60 91 98 108 116
5 60 91 99 108 116
5 60 91 100 104 112
5 60 91 101 102 120
5 60 91 102 105 116
5 60 92 97 98 112
5 60 92 97 98 120
5 60 92 97 100 122
5 60 92 97 102 122
5 60 92 97 104 114
5 60 92 97 108 114
5 60 92 98 100 120
5 60 92 98 104 112
5 60 92 99 100 120
5 60 92 99 100 122
5 60 92 99 104 112
5 60 92 99 104 114
5 60 92 99 105 114
5 60 92 99 108 114
5 60 92 99 114 120
5 60 92 99 116 120
5 60 92 99 116 122
5 60 92 100 104 112
5 60 92 100 104 114
5 60 92 100 104 115
5 60 92 100 105 114
5 60 92 100 106 114
5 60 92 100 106 115
5 60 92 100 107 115
5 60 92 101 106 114
5 60 92 101 106 115
5 60 92 101 115 122
5 60 92 102 106 114
5 60 92 102 113 122
5 60 92 102 114 121
5 60 92 102 121 122
5 60 92 103 121 122
5 60 92 105 114 116
5 60 92 105 114 120
5 60 92 105 118 120
5 60 92 105 118 122
5 60 92 105 119 122
5 60 92 106 114 116
5 60 92 106 115 116
5 60 92 106 118 120
5 60 92 106 118 121
5 60 92 106 119 120
5 60 92 107 113 118
5 60 92 107 114 116
5 60 92 107 115 116
5 60 92 107 119 120
5 60 92 108 113 114
5 60 92 108 113 122
5 60 92 108 114 120
5 60 92 108 115 120
5 60 92 108 115 122
5 60 92 108 116 120
5 60 92 108 116 122
5 60 92 108 116 123
5 60 92 108 117 122
5 60 92 108 118 122
5 60 92 108 118 123
5 60 92 108 119 123
5 60 92 109 118 123
5 60 92 110 113 114
5 60 92 110 115 120
5 60 92 110 115 121
5 60 92 110 118 121
5 60 92 110 118 122
5 60 92 110 118 123
5 60 92 110 119 123
5 60 92 111 113 114
5 60 92 111 119 123
5 60 93 97 102 122
5 60 93 97 106 114
5 60 93 99 102 122
5 60 93 100 106 114
5 60 93 102 106 114
5 60 93 102 106 115
5 60 93 109 118 122
5 60 93 110 113 114
5 60 93 110 115 120
5 60 93 110 119 123
5 60 94 97 98 112
5 60 94 97 98 120
5 60 94 97 100 120
5 60 94 97 100 122
5 60 94 97 104 112
5 60 94 97 108 114
5 60 94 98 100 120
5 60 94 98 100 121
5 60 94 98 104 112
5 60 94 98 104 113
5 60 94 98 108 113
5 60 94 99 100 120
5 60 94 99 100 121
5 60 94 99 108 113
5 60 94 100 104 112
5 60 94 100 104 113
5 60 94 100 104 114
5 60 94 100 104 115
5 60 94 100 105 115
5 60 94 100 106 113
5 60 94 102 105 113
5 60 94 102 106 113
5 60 94 107 113 116
5 60 94 110 117 123
5 60 94 110 118 121
5 60 95 97 98 112
5 60 95 97 98 120
5 60 95 97 100 122
5 60 95 97 108 114
5 60 95 98 100 120
5 60 95 98 104 112
5 60 95 99 100 120
5 60 95 99 104 112
5 60 95 99 108 114
5 60 95 100 104 112
5 60 95 100 104 114
5 60 95 100 104 115
5 60 95 100 105 114
5 60 95 101 106 114
5 61 65 70 98 120
5 61 65 70 114 120
5 61 65 70 122 124
5 61 65 74 100 114
5 61 65 74 114 124
5 61 65 74 118 120
5 61 65 76 82 98
5 61 65 76 118 122
5 61 65 78 114 124
5 61 65 78 118 122
5 61 65 82 98 124
5 61 65 82 106 116
5 61 65 82 110 112
5 61 65 86 106 112
5 61 65 88 106 118
5 61 65 90 98 100
5 61 65 90 102 120
5 61 65 90 106 116
5 61 65 92 102 122
5 61 67 70 122 124
5 61 67 76 118 122
5 61 67 77 118 122
5 61 67 78 114 124
5 61 67 92 102 122
5 61 69 90 102 120
5 61 69 90 106 116
5 61 70 74 114 124
5 61 70 74 115 124
5 61 70 88 104 114
5 61 70 90 99 124
5 61 70 90 106 116
5 61 70 90 106 117
5 61 70 90 108 115
5 61 70 92 99 122
5 61 71 90 106 116
5 61 73 84 102 122
5 61 73 86 106 112
5 61 73 88 102 114
5 61 74 84 98 112
5 61 74 84 104 114
5 61 76 82 98 112
5 61 76 82 98 120
5 61 77 86 106 114
5 61 78 83 108 114
5 61 79 113 118 122
5 61 82 84 98 104
5 61 93 102 106 114
5 61 93 110 118 123
5 61 94 97 98 112
5 61 94 97 98 120
5 61 94 97 98 124
5 61 94 97 100 122
5 61 94 97 104 114
5 61 94 97 108 114
5 61 94 99 100 120
5 61 94 99 101 122
5 61 94 99 104 112
5 61 94 100 104 112
5 61 94 100 104 115
5 61 94 100 105 114
5 61 94 101 106 115
5 61 94 103 121 122
5 61 94 103 123 124
5 61 94 111 113 114
5 61 95 97 102 122
5 62 65 66 68 120
5 62 65 66 76 112
5 62 65 66 100 120
5 62 65 66 116 120
5 62 65 68 72 112
5 62 65 68 104 112
5 62 65 70 104 112
5 62 65 70 122 124
5 62 65 72 80 96
5 62 65 74 116 120
5 62 65 76 116 120
5 62 65 76 116 122
5 62 65 78 114 124
5 62 65 82 100 120
5 62 65 82 108 112
5 62 65 84 104 112
5 62 65 88 104 112
5 62 65 88 104 116
5 62 65 88 104 118
5 62 65 88 106 116
5 62 65 92 108 114
5 62 66 68 72 112
5 62 66 68 72 113
5 62 66 68 88 97
5 62 66 68 97 120
5 62 66 68 104 112
5 62 66 68 104 113
5 62 66 68 113 120
5 62 66 73 116 120
5 62 66 76 97 112
5 62 66 76 113 120
5 62 66 76 116 120
5 62 66 76 116 121
5 62 66 81 100 104
5 62 66 81 108 112
5 62 66 84 97 120
5 62 66 84 104 112
5 62 66 84 104 113
5 62 66 84 105 112
5 62 66 88 104 116
5 62 66 88 104 117
5 62 66 88 108 113
5 62 66 92 108 113
5 62 67 73 116 120
5 62 67 76 116 120
5 62 67 76 116 121
5 62 67 77 117 122
5 62 67 81 108 112
5 62 67 88 104 116
5 62 67 88 104 117
5 62 67 88 108 113
5 62 67 92 108 113
5 62 67 92 108 114
5 62 68 72 80 96
5 62 68 72 80 97
5 62 68 72 97 112
5 62 68 88 97 112
5 62 68 88 104 112
5 62 68 88 104 113
5 62 69 73 114 124
5 62 69 74 113 120
5 62 69 74 116 121
5 62 69 76 114 120
5 62 69 76 114 121
5 62 69 82 97 120
5 62 69 82 105 112
5 62 69 88 104 112
5 62 69 90 108 113
5 62 70 73 113 120
5 62 70 73 113 124
5 62 70 73 114 124
5 62 70 73 116 120
5 62 70 74 113 124
5 62 70 76 113 120
5 62 70 81 97 104
5 62 70 81 97 120
5 62 70 81 105 112
5 62 70 88 97 112
5 62 70 88 104 112
5 62 70 88 104 113
5 62 70 88 108 113
5 62 70 90 108 113
5 62 71 88 104 112
5 62 71 88 104 113
5 62 73 74 113 116
5 62 73 81 98 100
5 62 73 81 102 120
5 62 73 81 106 116
5 62 73 82 100 112
5 62 73 82 100 113
5 62 73 82 104 116
5 62 73 82 104 117
5 62 73 82 108 113
5 62 73 88 101 114
5 62 73 88 102 113
5 62 74 81 97 124
5 62 74 81 101 120
5 62 74 84 97 120
5 62 74 84 100 120
5 62 74 84 100 121
5 62 74 84 104 112
5 62 74 84 104 113
5 62 74 88 97 116
5 62 74 88 101 112
5 62 75 85 102 121
5 62 76 81 102 120
5 62 76 83 105 116
5 62 76 84 97 120
5 62 76 84 97 122
5 62 76 84 99 120
5 62 76 84 99 121
5 62 76 84 106 113
5 62 76 85 105 114
5 62 76 88 97 112
5 62 77 82 97 112
5 62 77 83 99 124
5 62 77 86 106 113
5 62 78 81 97 112
5 62 79 113 114 124
5 62 79 113 116 120
5 62 79 114 116 120
5 62 79 114 116 121
5 62 81 82 97 108
5 62 81 82 100 105
5 62 81 88 102 104
5 62 82 84 97 104
5 62 83 88 101 104
5 62 87 100 105 120
5 62 91 97 108 116
5 62 91 98 101 124
5 62 91 98 108 116
5 62 91 98 108 117
5 62 91 109 114 116
5 62 93 97 102 122
5 62 93 98 100 120
5 62 93 98 104 112
5 62 93 99 108 114
5 62 93 100 104 114
5 62 93 101 106 114
5 62 94 97 98 124
5 62 94 97 100 120
5 62 94 97 102 120
5 62 94 97 104 112
5 62 94 98 100 120
5 62 94 98 100 121
5 62 94 98 101 121
5 62 94 98 108 113
5 62 94 99 101 121
5 62 94 100 104 112
5 62 94 100 104 113
5 62 94 100 105 113
5 62 94 102 105 113
5 62 94 103 123 125
5 62 94 107 117 120
5 62 94 109 113 114
5 62 94 109 115 124
5 62 94 110 115 125
5 62 94 110 117 121
5 62 94 110 118 121
5 62 95 97 98 124
5 62 95 97 100 120
5 62 95 97 102 120
5 62 95 97 104 112
5 62 95 98 100 120
5 62 95 98 100 121
5 62 95 98 108 113
5 62 95 100 104 112
5 62 95 100 104 113
5 62 95 102 105 113
5 63 65 66 68 120
5 63 65 66 76 112
5 63 65 66 100 120
5 63 65 66 116 120
5 63 65 70 104 112
5 63 65 70 122 124
5 63 65 74 116 120
5 63 65 76 116 122
5 63 65 78 114 124
5 63 65 82 100 120
5 63 65 82 108 112
5 63 65 88 104 118
5 63 65 88 106 116
5 63 65 92 108 114
5 63 66 68 72 112
5 63 66 68 104 112
5 63 66 76 116 120
5 63 66 84 104 112
5 63 66 88 104 116
5 63 67 76 116 120
5 63 67 84 104 112
5 63 67 88 104 116
5 63 67 92 108 114
5 63 68 72 80 96
5 63 68 88 104 112
5 63 69 74 114 124
5 63 69 74 116 120
5 63 69 76 114 120
5 63 69 88 106 116
5 63 70 74 113 124
5 63 70 88 104 112
5 63 70 89 106 116
5 63 71 88 104 112
5 63 71 89 106 116
5 63 73 82 100 120
5 63 73 82 104 116
5 63 73 84 100 122
5 63 73 88 102 112
5 63 74 84 100 120
5 63 74 84 104 112
5 63 76 84 99 120
5 63 76 84 105 114
5 63 81 82 100 104
5 63 95 97 98 124
5 63 95 97 102 120
5 63 95 98 100 120
5 63 95 100 104 112
5 65 66 68 72 112
5 65 66 68 104 112
5 65 66 76 116 120
5 65 66 84 104 112
5 65 66 88 104 116
5 65 66 100 104 112
5 65 66 108 116 120
5 65 70 88 104 112
5 65 74 84 100 120
5 65 74 84 104 112
5 65 76 98 116 120
5 65 76 100 114 120
5 65 76 114 116 120
5 65 78 114 116 120
5 65 78 118 122 124
5 65 82 100 104 112
5 65 82 108 116 120
5 65 82 110 116 120
5 65 84 108 114 120
5 65 88 98 104 116
5 65 88 102 104 112
5 65 88 104 114 116
5 65 90 98 108 116
5 65 90 108 114 116
5 65 90 108 118 120
5 65 92 98 100 120
5 65 92 98 104 112
5 65 92 100 104 114
5 65 92 108 114 120
5 65 92 108 116 122
5 65 92 108 118 122
5 65 94 98 100 120
5 65 94 100 104 112
5 65 98 100 104 112
5 65 98 108 116 120
5 65 108 114 116 120
5 65 110 114 116 120
5 65 110 118 122 124
5 66 68 72 80 96
5 66 68 88 104 112
5 66 88 100 104 112
5 66 92 100 104 112
5 66 92 108 116 120
5 67 69 74 116 120
5 67 69 88 106 116
5 67 69 106 116 120
5 67 74 84 100 120
5 67 76 98 116 120
5 67 76 114 116 120
5 67 81 108 116 122
5 67 82 108 116 120
5 67 84 108 114 120
5 67 88 100 104 112
5 67 90 97 108 116
5 67 92 97 108 114
5 67 92 98 100 120
5 67 92 100 104 112
5 67 92 100 104 114
5 67 92 100 105 114
5 67 92 105 114 116
5 67 92 108 113 114
5 67 92 108 113 122
5 67 92 108 114 120
5 67 92 108 116 120
5 67 92 108 116 122
5 67 92 108 118 122
5 67 93 109 118 122
5 67 94 100 104 112
5 67 97 108 116 122
5 67 98 108 116 120
5 67 101 106 116 120
5 67 108 113 116 122
5 67 108 114 116 120
5 67 108 116 121 122
5 69 70 88 104 112
5 69 73 82 98 124
5 69 74 84 104 112
5 69 74 97 114 124
5 69 74 98 116 120
5 69 74 99 116 120
5 69 74 113 114 124
5 69 82 106 113 124
5 69 88 100 104 114
5 69 90 97 98 124
5 69 90 100 104 112
5 69 90 108 118 120
5 69 92 98 104 112
5 69 92 108 114 120
5 70 73 113 122 124
5 70 74 84 104 112
5 70 74 84 104 113
5 70 75 117 122 124
5 70 76 116 121 122
5 70 81 97 122 124
5 70 82 105 116 120
5 70 88 98 105 116
5 70 88 100 104 112
5 70 88 105 114 116
5 70 89 98 100 120
5 70 89 98 104 116
5 70 90 106 117 124
5 70 90 107 117 124
5 70 92 108 113 122
5 70 92 108 114 121
5 70 98 105 116 120
5 70 105 114 116 120
5 70 107 117 122 124
5 70 108 116 121 122
5 71 75 117 122 124
5 71 76 116 121 122
5 71 90 102 121 124
5 71 90 108 118 121
5 71 92 108 113 122
5 71 102 121 122 124
5 71 107 117 122 124
5 71 108 116 121 122
5 71 118 121 122 124
5 73 76 114 116 120
5 73 78 114 116 120
5 73 81 102 122 124
5 73 82 100 104 112
5 73 82 108 116 120
5 73 84 98 100 120
5 73 84 100 114 120
5 73 84 108 114 120
5 73 86 106 113 124
5 73 86 108 114 120
5 73 88 98 100 112
5 73 88 104 114 116
5 73 88 108 114 116
5 73 88 110 114 116
5 73 90 108 113 118
5 73 90 108 114 116
5 73 97 118 122 124
5 73 102 113 122 124
5 73 106 113 118 124
5 73 108 114 116 120
5 73 110 114 116 120
5 73 113 118 122 124
5 74 76 113 118 120
5 74 81 108 118 120
5 74 84 98 100 120
5 74 84 98 100 121
5 74 88 104 117 118
5 74 88 108 113 118
5 74 88 108 114 117
5 74 92 101 114 120
5 74 92 102 113 120
5 74 92 108 113 114
5 74 108 113 118 120
5 74 108 114 117 120
5 75 85 103 122 124
5 75 86 102 121 124
5 75 88 104 117 118
5 75 102 117 122 124
5 76 81 98 116 120
5 76 81 100 104 114
5 76 81 100 114 120
5 76 82 98 116 120
5 76 82 98 116 121
5 76 83 100 104 112
5 76 84 97 98 120
5 76 84 100 121 122
5 76 84 102 121 122
5 76 84 103 121 122
5 76 84 105 114 120
5 76 85 102 121 122
5 76 85 105 118 122
5 76 85 106 116 120
5 76 85 107 116 122
5 76 85 107 118 120
5 76 86 105 116 122
5 76 86 106 116 120
5 76 86 106 116 121
5 76 86 107 116 120
5 76 87 107 116 120
5 76 88 104 113 118
5 76 88 104 114 116
5 76 88 104 115 116
5 76 88 105 114 116
5 76 97 98 116 120
5 76 97 100 114 120
5 76 97 114 116 120
5 76 100 104 113 114
5 76 100 113 114 120
5 76 102 116 121 122
5 76 103 116 121 122
5 76 105 114 116 120
5 76 113 114 116 120
5 77 78 115 116 120
5 77 82 98 116 120
5 77 86 97 98 120
5 77 86 106 113 124
5 77 86 108 113 122
5 77 88 104 114 116
5 77 88 106 113 118
5 77 97 118 122 124
5 77 99 118 122 124
5 77 106 113 118 120
5 77 108 113 118 122
5 77 108 115 116 122
5 77 113 118 122 124
5 77 118 121 122 124
5 78 81 97 114 124
5 78 81 98 116 120
5 78 81 99 116 120
5 78 83 101 122 124
5 78 86 106 113 124
5 78 86 106 116 120
5 78 86 106 116 121
5 78 86 106 117 121
5 78 86 107 117 120
5 78 88 104 113 118
5 78 88 104 114 116
5 78 88 104 114 117
5 78 89 105 114 116
5 78 89 108 115 116
5 78 92 108 113 114
5 78 97 114 116 120
5 78 97 118 122 124
5 78 98 113 116 120
5 78 99 113 116 120
5 78 102 113 122 124
5 78 108 113 116 122
5 78 108 115 116 120
5 78 113 114 116 120
5 78 113 118 122 124
5 78 118 121 122 124
5 78 119 121 122 124
5 79 88 104 113 118
5 79 88 104 114 116
5 79 97 114 116 120
5 79 113 114 116 120
5 79 113 118 122 124
5 79 119 121 122 124
5 79 119 123 125 126
5 81 82 100 104 112
5 81 82 101 106 124
5 81 84 98 108 120
5 81 84 100 106 120
5 81 84 106 108 112
5 81 86 97 106 124
5 81 88 98 104 116
5 81 88 98 108 112
5 81 88 102 104 112
5 81 92 98 108 112
5 81 92 100 106 112
5 81 92 101 106 114
5 81 92 102 106 112
5 81 97 102 122 124
5 81 97 110 114 124
5 81 97 118 122 124
5 81 98 100 104 112
5 81 98 108 116 120
5 81 99 110 116 120
5 81 101 106 114 124
5 81 105 118 122 124
5 81 108 114 116 120
5 81 109 118 122 124
5 81 110 114 116 120
5 81 110 118 122 124
5 81 111 114 116 120
5 81 111 118 122 124
5 82 84 97 110 120
5 82 84 99 108 120
5 82 84 102 105 120
5 82 84 105 110 112
5 82 88 100 104 112
5 82 92 97 106 116
5 82 92 97 110 112
5 82 92 98 105 116
5 82 92 101 106 112
5 82 97 110 116 120
5 82 98 108 116 120
5 82 98 108 116 121
5 82 98 109 116 120
5 82 99 108 116 120
5 82 101 106 116 120
5 82 110 113 116 120
5 83 92 98 100 104
5 83 92 101 106 112
5 83 92 101 106 120
5 83 98 108 116 120
5 83 99 108 116 120
5 83 109 118 122 124
5 84 88 97 108 114
5 84 88 97 110 112
5 84 88 98 108 112
5 84 88 99 108 112
5 84 88 101 106 112
5 84 89 100 106 112
5 84 97 108 114 120
5 84 100 105 114 120
5 84 108 113 114 120
5 85 88 106 108 114
5 85 90 106 108 113
5 85 97 106 114 124
5 85 102 105 122 124
5 85 102 108 121 122
5 85 102 121 122 124
5 85 105 118 122 124
5 85 106 108 114 120
5 85 106 113 114 124
5 85 110 113 122 124
5 85 110 114 121 124
5 85 110 116 121 122
5 86 88 105 108 114
5 86 88 106 108 113
5 86 92 106 108 113
5 86 98 100 105 120
5 86 102 106 121 124
5 86 102 121 122 124
5 86 103 121 122 124
5 86 105 106 113 124
5 86 105 108 114 120
5 86 106 108 113 120
5 86 106 108 116 121
5 86 109 115 122 124
5 86 110 113 122 124
5 86 110 114 121 124
5 86 111 113 122 124
5 86 111 114 121 124
5 87 88 106 108 113
5 87 106 108 113 120
5 88 97 98 104 116
5 88 97 102 104 112
5 88 97 104 114 116
5 88 98 100 104 112
5 88 104 113 114 116
5 88 105 108 114 116
5 88 106 108 113 118
5 89 97 102 106 116
5 89 97 102 122 124
5 89 97 106 118 124
5 89 97 110 114 116
5 89 97 110 118 120
5 89 99 108 118 120
5 89 101 108 118 122
5 89 102 108 116 122
5 89 102 113 122 124
5 89 103 108 116 122
5 89 105 118 122 124
5 89 106 108 113 118
5 89 106 113 118 124
5 89 106 117 118 120
5 89 109 118 122 124
5 89 110 113 114 116
5 89 110 113 114 124
5 89 110 113 118 120
5 89 110 114 116 120
5 89 110 114 117 120
5 89 110 118 122 124
5 89 110 119 122 124
5 89 111 114 116 120
5 89 111 119 122 124
5 90 92 99 108 116
5 90 92 101 106 116
5 90 97 98 108 116
5 90 97 108 114 116
5 90 97 108 116 120
5 90 97 108 118 120
5 90 98 101 116 120
5 90 98 108 113 116
5 90 98 108 116 120
5 90 98 108 116 121
5 90 98 108 117 120
5 90 101 106 113 124
5 90 101 108 116 120
5 90 102 105 113 124
5 90 102 107 117 124
5 90 102 108 116 120
5 90 102 108 116 121
5 90 106 108 113 116
5 90 108 113 114 116
5 90 108 113 118 120
5 90 108 114 116 120
5 90 108 114 116 121
5 90 108 114 117 120
5 90 109 114 116 120
5 90 110 113 116 120
5 90 110 118 121 124
5 90 110 119 121 124
5 91 97 98 108 116
5 91 98 108 116 120
5 91 101 108 116 122
5 91 101 108 118 120
5 91 102 106 117 124
5 91 102 108 116 120
5 91 103 108 116 120
5 92 97 98 100 120
5 92 97 98 104 112
5 92 97 98 116 120
5 92 97 100 104 114
5 92 97 100 114 120
5 92 97 108 114 120
5 92 97 108 116 122
5 92 97 108 118 122
5 92 98 100 104 112
5 92 98 108 116 120
5 92 99 100 104 112
5 92 99 105 114 116
5 92 99 108 114 120
5 92 99 108 116 120
5 92 99 108 116 122
5 92 99 114 116 120
5 92 100 104 113 114
5 92 100 105 114 120
5 92 101 106 113 114
5 92 101 106 114 120
5 92 102 105 114 120
5 92 102 108 113 122
5 92 102 116 121 122
5 92 103 116 121 122
5 92 105 108 114 116
5 92 105 114 116 120
5 92 108 113 114 120
5 92 108 113 116 122
5 92 108 113 118 122
5 92 108 114 116 120
5 92 108 115 116 120
5 92 108 115 116 122
5 92 108 116 121 122
5 92 108 118 121 122
5 92 108 119 121 122
5 92 109 113 118 122
5 92 109 118 121 122
5 92 110 113 116 120
5 92 110 113 116 122
5 92 110 114 116 120
5 92 110 114 116 121
5 92 110 115 116 120
5 92 110 115 116 121
5 92 111 113 116 122
5 92 111 114 116 120
5 92 111 115 116 120
5 93 97 102 122 124
5 93 97 106 114 116
5 93 97 106 114 124
5 93 97 106 118 120
5 93 97 108 118 122
5 93 97 110 118 122
5 93 99 102 122 124
5 93 99 108 118 122
5 93 102 106 114 124
5 93 102 106 115 124
5 93 109 118 122 124
5 93 110 113 114 120
5 93 110 113 114 124
5 93 110 113 116 122
5 93 110 115 116 120
5 93 110 115 117 122
5 93 110 119 121 122
5 93 110 119 123 124
5 93 111 113 118 122
5 94 97 98 100 120
5 94 97 98 116 120
5 94 97 100 104 112
5 94 97 102 122 124
5 94 97 106 116 120
5 94 97 108 116 120
5 94 97 108 116 122
5 94 98 100 104 112
5 94 98 100 104 113
5 94 98 100 113 120
5 94 98 108 113 120
5 94 98 108 116 120
5 94 98 108 116 121
5 94 99 108 116 120
5 94 99 108 116 121
5 94 99 109 117 122
5 94 101 106 113 120
5 94 101 106 116 121
5 94 102 105 113 120
5 94 102 105 113 124
5 94 102 106 113 124
5 94 102 108 113 120
5 94 103 121 122 124
5 94 105 106 113 116
5 94 107 114 117 124
5 94 107 117 122 124
5 94 109 113 118 122
5 94 109 114 116 120
5 94 110 113 114 124
5 94 110 113 116 120
5 94 110 114 116 120
5 94 110 114 116 121
5 94 110 114 117 121
5 94 110 115 117 121
5 94 110 117 121 122
5 94 110 117 123 124
5 94 110 118 121 124
5 94 110 118 122 124
5 94 110 118 122 125
5 94 110 118 123 125
5 94 110 119 123 125
5 94 111 113 114 124
5 94 111 113 116 120
5 94 111 114 116 120
5 94 111 114 116 121
5 95 97 98 100 120
5 95 97 98 116 120
5 95 97 102 122 124
5 95 97 106 116 120
5 95 97 108 116 122
5 95 98 100 104 112
5 95 98 108 116 120
5 95 99 108 116 120
5 95 101 106 114 124
5 95 101 106 116 120
5 95 111 113 114 124
5 95 111 114 116 120
5 97 98 100 104 112
5 97 98 108 116 120
5 97 108 114 116 120
5 97 110 114 116 120
5 97 110 118 122 124
5 99 101 106 116 120
5 99 108 114 116 120
5 101 106 113 114 124
5 102 105 113 122 124
5 102 107 117 122 124
5 102 108 116 121 122
5 103 107 117 122 124
5 103 108 116 121 122
5 105 108 114 116 120
5 105 113 118 122 124
5 106 108 113 118 120
5 108 113 114 116 120
5 109 113 118 122 124
5 109 115 118 122 124
5 109 118 121 122 124
5 110 113 114 116 120
5 110 113 118 122 124
5 110 118 121 122 124
5 110 119 121 122 124
5 111 113 114 116 120
5 111 113 118 122 124
5 111 119 121 122 124
5 111 119 123 125 126
6 1 2 4 8 16 96
6 1 2 4 8 80 96
6 1 2 4 24 104 112
6 1 2 4 40 80 96
6 1 2 4 48 80 104
6 1 2 4 72 80 96
6 1 2 4 88 104 112
6 1 2 12 48 80 96
6 1 2 20 40 72 112
6 1 2 20 40 80 96
6 1 2 24 68 104 112
6 1 2 24 72 100 112
6 1 2 24 100 104 112
6 1 2 28 100 104 112
6 1 2 28 108 116 120
6 1 2 36 72 80 96
6 1 2 36 88 104 112
6 1 2 36 92 104 112
6 1 2 40 88 100 112
6 1 2 48 68 80 104
6 1 2 48 76 80 96
6 1 2 48 80 100 104
6 1 2 52 68 88 104
6 1 2 52 88 100 104
6 1 2 52 88 108 112
6 1 2 56 68 72 112
6 1 2 56 68 80 96
6 1 2 56 72 80 100
6 1 2 56 88 100 112
6 1 2 56 88 104 116
6 1 2 56 88 108 116
6 1 2 60 68 72 112
6 1 2 60 72 80 96
6 1 2 68 72 80 96
6 1 2 68 88 104 112
6 1 2 88 100 104 112
6 1 2 92 100 104 112
6 1 2 92 108 116 120
6 1 6 10 20 104 112
6 1 6 10 48 84 104
6 1 6 10 84 104 112
6 1 6 20 40 72 112
6 1 6 24 68 104 112
6 1 6 24 100 104 112
6 1 6 34 88 104 116
6 1 6 36 88 104 112
6 1 6 40 88 100 112
6 1 6 48 72 80 96
6 1 6 52 66 88 104
6 1 6 56 66 88 100
6 1 6 56 68 72 112
6 1 6 56 72 80 96
6 1 6 56 72 80 100
6 1 6 56 72 82 100
6 1 6 56 82 100 104
6 1 6 56 88 98 100
6 1 6 56 88 98 116
6 1 6 56 88 100 112
6 1 6 56 88 104 112
6 1 6 56 88 104 116
6 1 6 56 88 108 116
6 1 6 58 90 108 116
6 1 6 60 72 80 96
6 1 6 66 88 104 116
6 1 6 68 88 104 112
6 1 6 74 84 104 112
6 1 6 88 98 104 116
6 1 6 88 100 104 112
6 1 6 88 104 114 116
6 1 10 12 48 80 96
6 1 10 18 36 68 120
6 1 10 20 40 80 96
6 1 10 20 66 100 120
6 1 10 20 68 104 112
6 1 10 20 70 104 112
6 1 10 20 98 100 120
6 1 10 36 84 98 120
6 1 10 48 72 80 100
6 1 10 52 66 68 120
6 1 10 52 72 80 96
6 1 10 52 88 108 112
6 1 10 56 68 80 96
6 1 10 56 88 100 112
6 1 12 18 98 116 120
6 1 12 20 40 80 98
6 1 12 22 106 116 120
6 1 12 24 104 114 116
6 1 12 34 66 116 120
6 1 12 36 82 104 112
6 1 12 48 68 82 104
6 1 12 48 82 100 104
6 1 12 50 68 72 112
6 1 12 50 68 80 104
6 1 12 52 84 106 120
6 1 12 52 86 106 120
6 1 12 56 88 98 116
6 1 12 56 88 100 114
6 1 12 68 82 104 112
6 1 12 82 100 104 112
6 1 12 86 106 116 120
6 1 12 88 104 114 116
6 1 14 22 106 116 120
6 1 14 24 104 114 116
6 1 14 52 76 114 120
6 1 14 52 88 108 114
6 1 14 56 88 98 116
6 1 14 76 114 116 120
6 1 14 86 106 116 120
6 1 14 88 104 114 116
6 1 14 108 114 116 120
6 1 18 24 100 104 112
6 1 18 28 100 104 112
6 1 18 34 76 116 120
6 1 18 36 72 80 96
6 1 18 36 88 104 112
6 1 18 40 68 72 112
6 1 18 40 72 100 112
6 1 18 40 88 100 112
6 1 18 44 84 98 120
6 1 18 44 88 100 112
6 1 18 48 68 72 96
6 1 18 48 80 100 104
6 1 18 48 88 100 104
6 1 18 48 92 100 104
6 1 18 52 88 98 108
6 1 18 52 88 100 104
6 1 18 66 108 116 120
6 1 18 76 98 116 120
6 1 18 84 98 108 120
6 1 18 88 100 104 112
6 1 18 92 100 104 112
6 1 18 98 108 116 120
6 1 20 24 98 108 112
6 1 20 34 88 108 112
6 1 20 40 68 72 114
6 1 20 48 80 106 108
6 1 20 48 88 98 108
6 1 20 48 88 100 106
6 1 20 56 74 100 112
6 1 20 56 76 98 112
6 1 20 56 88 98 100
6 1 20 88 98 108 112
6 1 20 88 100 106 112
6 1 22 42 78 116 120
6 1 22 44 76 114 120
6 1 22 48 80 106 108
6 1 22 76 106 116 120
6 1 24 34 68 104 112
6 1 24 34 72 80 100
6 1 24 34 72 100 112
6 1 24 36 68 104 114
6 1 24 38 72 80 96
6 1 24 40 66 68 112
6 1 24 40 72 114 116
6 1 24 40 76 114 116
6 1 24 40 78 114 116
6 1 24 40 82 100 112
6 1 24 42 76 114 116
6 1 24 42 82 108 116
6 1 24 42 84 104 112
6 1 24 42 86 104 116
6 1 24 42 86 108 112
6 1 24 44 82 104 116
6 1 24 44 84 104 114
6 1 24 44 86 104 112
6 1 24 46 86 104 112
6 1 24 48 80 98 108
6 1 24 48 80 102 104
6 1 24 48 82 100 104
6 1 24 66 68 104 112
6 1 24 66 72 100 112
6 1 24 66 100 104 112
6 1 24 72 80 98 100
6 1 24 72 98 100 112
6 1 24 76 104 114 116
6 1 24 78 104 114 116
6 1 24 82 100 104 112
6 1 24 98 100 104 112
6 1 26 28 102 104 112
6 1 26 36 68 104 112
6 1 26 44 66 68 112
6 1 26 44 84 98 120
6 1 26 44 88 98 116
6 1 26 48 80 100 104
6 1 26 48 84 98 108
6 1 26 66 108 116 120
6 1 26 70 108 116 120
6 1 26 84 98 108 112
6 1 26 88 98 108 116
6 1 26 88 102 104 116
6 1 26 98 108 116 120
6 1 26 108 114 116 120
6 1 28 34 66 100 120
6 1 28 34 68 104 112
6 1 28 34 70 104 112
6 1 28 38 74 116 120
6 1 28 44 84 98 120
6 1 28 44 84 104 114
6 1 28 44 84 106 114
6 1 28 44 86 106 112
6 1 28 48 80 98 108
6 1 28 48 80 100 106
6 1 28 50 82 100 104
6 1 28 50 88 102 104
6 1 28 56 88 98 100
6 1 28 66 100 104 112
6 1 28 66 108 116 120
6 1 28 68 98 104 112
6 1 28 70 98 104 112
6 1 28 76 98 116 120
6 1 28 88 98 104 116
6 1 28 88 102 104 112
6 1 28 98 100 104 112
6 1 28 98 108 116 120
6 1 28 108 114 116 120
6 1 28 110 114 116 120
6 1 30 48 80 98 108
6 1 30 48 80 100 104
6 1 30 66 100 104 112
6 1 30 98 100 104 112
6 1 30 98 108 116 120
6 1 30 110 114 116 120
6 1 30 110 118 122 124
6 1 34 36 72 80 96
6 1 34 36 74 84 120
6 1 34 40 68 88 112
6 1 34 40 72 84 112
6 1 34 40 84 88 96
6 1 34 44 66 84 120
6 1 34 48 68 80 104
6 1 34 48 68 88 96
6 1 34 48 76 80 96
6 1 34 56 68 88 96
6 1 34 56 72 84 96
6 1 34 56 74 84 100
6 1 34 56 76 84 96
6 1 34 66 76 116 120
6 1 34 66 92 100 120
6 1 34 66 108 116 120
6 1 34 68 72 80 96
6 1 34 68 88 104 112
6 1 34 70 92 104 112
6 1 34 74 84 100 120
6 1 34 82 108 116 120
6 1 34 88 100 104 112
6 1 34 90 108 116 120
6 1 34 92 100 104 112
6 1 34 92 108 116 120
6 1 34 94 100 104 112
6 1 34 94 108 116 120
6 1 36 40 66 92 112
6 1 36 40 70 88 112
6 1 36 40 76 82 112
6 1 36 40 82 92 96
6 1 36 56 66 84 104
6 1 36 56 66 92 96
6 1 36 56 68 82 104
6 1 36 56 74 84 96
6 1 36 66 92 104 112
6 1 36 68 88 104 114
6 1 36 68 90 104 112
6 1 36 70 88 104 112
6 1 36 74 84 104 112
6 1 36 92 98 104 112
6 1 38 56 68 72 80
6 1 38 56 74 84 96
6 1 38 56 74 84 112
6 1 38 68 88 104 112
6 1 38 70 88 104 112
6 1 38 90 108 116 120
6 1 40 48 66 88 100
6 1 40 48 66 92 96
6 1 40 48 70 88 96
6 1 40 48 74 84 96
6 1 40 50 72 84 96
6 1 40 66 88 100 112
6 1 40 72 82 100 112
6 1 40 88 98 100 112
6 1 42 48 84 88 100
6 1 42 52 84 88 98
6 1 42 66 84 100 120
6 1 42 76 82 116 120
6 1 42 76 88 114 116
6 1 42 76 114 116 120
6 1 42 82 108 116 120
6 1 42 84 88 100 112
6 1 42 84 98 100 120
6 1 42 92 98 116 120
6 1 42 92 100 114 120
6 1 42 92 104 114 116
6 1 44 48 82 88 100
6 1 44 48 84 88 98
6 1 44 56 84 88 98
6 1 44 68 72 82 112
6 1 44 76 84 114 120
6 1 44 76 114 116 120
6 1 44 78 114 116 120
6 1 44 82 84 98 120
6 1 44 82 88 100 112
6 1 44 84 88 98 112
6 1 44 84 88 104 114
6 1 44 90 102 116 120
6 1 44 92 98 116 120
6 1 44 92 100 114 120
6 1 44 94 98 116 120
6 1 44 94 100 114 120
6 1 46 48 84 88 98
6 1 46 84 88 98 112
6 1 48 66 68 80 104
6 1 48 66 76 80 96
6 1 48 66 80 100 104
6 1 48 80 98 100 104
6 1 48 82 88 100 104
6 1 48 84 88 98 108
6 1 50 66 76 84 104
6 1 50 66 76 116 120
6 1 50 66 84 108 120
6 1 50 66 92 100 104
6 1 50 66 92 108 112
6 1 50 70 88 108 112
6 1 50 74 88 108 116
6 1 50 76 88 104 116
6 1 50 76 98 116 120
6 1 50 78 88 104 116
6 1 50 82 108 116 120
6 1 50 84 88 98 108
6 1 50 84 98 108 120
6 1 50 84 106 108 112
6 1 50 90 108 116 120
6 1 50 92 98 100 104
6 1 50 92 98 100 120
6 1 50 92 98 108 112
6 1 50 92 100 104 112
6 1 50 92 100 106 112
6 1 50 92 108 116 120
6 1 50 92 110 116 120
6 1 50 94 100 104 112
6 1 50 94 110 116 120
6 1 52 56 70 88 104
6 1 52 56 74 84 104
6 1 52 66 68 88 104
6 1 52 66 88 100 104
6 1 52 66 88 104 112
6 1 52 66 88 108 112
6 1 52 68 74 104 112
6 1 52 68 88 98 104
6 1 52 68 88 104 114
6 1 52 68 88 106 112
6 1 52 74 84 98 120
6 1 52 74 88 104 112
6 1 52 76 82 98 120
6 1 52 76 86 106 120
6 1 52 76 88 104 114
6 1 52 84 88 98 104
6 1 52 88 98 100 104
6 1 52 88 98 108 112
6 1 52 88 100 104 114
6 1 52 88 100 106 112
6 1 52 90 100 104 112
6 1 52 92 98 104 112
6 1 52 92 108 114 120
6 1 52 92 110 114 120
6 1 54 66 68 88 104
6 1 54 68 88 104 112
6 1 54 74 88 104 116
6 1 54 74 88 108 112
6 1 54 76 84 106 120
6 1 54 76 88 104 112
6 1 54 78 88 104 112
6 1 56 66 68 72 112
6 1 56 66 68 80 96
6 1 56 66 68 104 112
6 1 56 66 72 80 100
6 1 56 66 72 100 112
6 1 56 66 88 100 112
6 1 56 66 88 104 116
6 1 56 66 88 108 116
6 1 56 70 72 80 96
6 1 56 70 82 100 104
6 1 56 70 88 100 112
6 1 56 70 88 104 112
6 1 56 70 88 104 116
6 1 56 70 100 104 112
6 1 56 72 80 98 100
6 1 56 72 82 100 112
6 1 56 74 84 98 100
6 1 56 74 84 100 112
6 1 56 76 82 100 112
6 1 56 76 88 98 116
6 1 56 76 104 114 116
6 1 56 78 104 114 116
6 1 56 82 88 100 104
6 1 56 82 100 104 112
6 1 56 88 98 100 112
6 1 56 88 98 104 116
6 1 56 88 98 108 116
6 1 56 88 102 104 112
6 1 56 88 102 104 116
6 1 56 88 104 114 116
6 1 56 88 108 114 116
6 1 56 88 110 114 116
6 1 56 90 98 108 116
6 1 56 90 108 114 116
6 1 56 92 98 104 112
6 1 56 92 98 104 116
6 1 56 92 100 104 114
6 1 56 92 102 104 112
6 1 56 92 102 104 114
6 1 56 94 98 104 116
6 1 56 94 100 104 112
6 1 56 94 102 104 112
6 1 58 66 76 116 120
6 1 58 66 84 100 104
6 1 58 66 84 100 120
6 1 58 66 84 108 112
6 1 58 66 88 108 116
6 1 58 66 92 108 116
6 1 58 70 76 116 120
6 1 58 70 88 108 116
6 1 58 76 84 100 120
6 1 58 76 84 102 120
6 1 58 90 108 116 120
6 1 58 92 98 100 112
6 1 58 92 98 100 120
6 1 58 92 98 104 116
6 1 58 92 102 104 112
6 1 58 92 102 106 116
6 1 58 92 110 114 116
6 1 58 92 110 118 120
6 1 58 94 98 108 116
6 1 60 66 68 72 112
6 1 60 66 68 104 112
6 1 60 66 72 80 96
6 1 60 66 76 116 120
6 1 60 66 84 104 112
6 1 60 66 88 104 112
6 1 60 66 88 104 116
6 1 60 68 72 80 98
6 1 60 68 72 98 112
6 1 60 68 88 98 112
6 1 60 68 88 104 114
6 1 60 70 88 104 112
6 1 60 70 88 104 114
6 1 60 70 90 106 116
6 1 60 74 84 98 112
6 1 60 74 84 104 114
6 1 60 76 82 98 112
6 1 60 76 82 98 120
6 1 60 76 84 98 120
6 1 60 76 88 98 112
6 1 60 78 114 116 120
6 1 60 82 84 98 104
6 1 60 86 100 106 120
6 1 60 86 106 116 120
6 1 60 90 98 108 116
6 1 60 90 100 104 112
6 1 60 92 98 100 120
6 1 60 92 98 104 112
6 1 60 92 100 104 114
6 1 60 92 100 106 114
6 1 60 92 102 106 114
6 1 60 92 106 114 116
6 1 60 92 106 118 120
6 1 60 92 108 114 120
6 1 60 92 108 116 122
6 1 60 92 108 118 122
6 1 60 92 110 118 122
6 1 60 94 98 100 120
6 1 60 94 98 104 112
6 1 60 94 100 104 112
6 1 60 94 100 104 114
6 1 62 66 68 72 112
6 1 62 66 68 104 112
6 1 62 66 76 116 120
6 1 62 66 84 104 112
6 1 62 66 88 104 116
6 1 62 68 72 80 96
6 1 62 68 88 104 112
6 1 62 70 88 104 112
6 1 62 74 84 100 120
6 1 62 74 84 104 112
6 1 62 94 98 100 120
6 1 62 94 100 104 112
6 1 66 68 72 80 96
6 1 66 68 88 104 112
6 1 66 88 100 104 112
6 1 66 92 100 104 112
6 1 66 92 108 116 120
6 1 70 74 84 104 112
6 1 70 88 100 104 112
6 1 74 84 98 100 120
6 1 76 82 98 116 120
6 1 76 86 106 116 120
6 1 76 88 104 114 116
6 1 78 86 106 116 120
6 1 78 88 104 114 116
6 1 82 88 100 104 112
6 1 82 98 108 116 120
6 1 84 88 98 108 112
6 1 88 98 100 104 112
6 1 90 98 108 116 120
6 1 90 102 108 116 120
6 1 90 108 114 116 120
6 1 92 98 100 104 112
6 1 92 98 108 116 120
6 1 92 108 114 116 120
6 1 92 110 114 116 120
6 1 94 98 100 104 112
6 1 94 98 108 116 120
6 1 94 110 114 116 120
6 1 94 110 118 122 124
6 2 4 8 16 32 64
6 2 4 8 48 80 96
6 2 4 48 72 80 96
6 2 4 56 72 80 96
6 2 4 56 88 104 112
6 2 12 20 40 80 96
6 2 12 48 72 80 96
6 2 20 40 68 72 112
6 2 24 36 68 104 112
6 2 24 44 84 104 112
6 2 24 48 80 100 104
6 2 28 44 84 104 112
6 2 28 48 80 100 104
6 2 36 48 72 80 96
6 2 36 68 88 104 112
6 2 40 48 68 88 96
6 2 48 68 72 80 96
6 2 52 68 88 104 112
6 2 52 76 88 104 112
6 2 52 88 100 104 112
6 2 56 68 72 80 96
6 2 56 68 88 104 112
6 2 56 88 100 104 112
6 2 56 92 100 104 112
6 2 60 68 72 80 96
6 2 60 68 88 104 112
6 2 60 92 100 104 112
6 2 60 92 108 116 120
6 3 5 6 24 104 112
6 3 5 6 88 104 112
6 3 5 24 70 104 112
6 3 5 26 100 104 112
6 3 5 26 108 116 120
6 3 5 26 108 118 120
6 3 5 28 108 114 120
6 3 5 34 92 104 112
6 3 5 40 92 98 112
6 3 5 42 72 84 112
6 3 5 42 84 104 112
6 3 5 52 66 88 104
6 3 5 56 70 72 112
6 3 5 56 70 104 112
6 3 5 56 72 82 100
6 3 5 56 82 100 104
6 3 5 56 82 108 112
6 3 5 56 88 102 112
6 3 5 56 88 104 118
6 3 5 56 88 106 116
6 3 5 56 88 108 118
6 3 5 56 88 110 118
6 3 5 56 90 108 118
6 3 5 56 92 108 114
6 3 5 58 90 108 116
6 3 5 58 92 102 120
6 3 5 60 66 72 112
6 3 5 60 72 80 98
6 3 5 62 72 80 96
6 3 5 70 88 104 112
6 3 5 88 102 104 112
6 3 5 90 108 118 120
6 3 5 92 98 104 112
6 3 5 92 108 114 120
6 3 6 20 40 72 112
6 3 6 24 68 104 112
6 3 6 24 100 104 112
6 3 6 25 108 116 122
6 3 6 28 108 113 122
6 3 6 36 88 104 112
6 3 6 40 88 100 112
6 3 6 56 68 72 112
6 3 6 56 72 80 100
6 3 6 56 88 100 112
6 3 6 56 88 104 116
6 3 6 56 88 108 116
6 3 6 60 72 80 96
6 3 6 60 92 105 114
6 3 6 68 88 104 112
6 3 6 88 100 104 112
6 3 6 92 108 113 122
6 3 9 50 92 108 112
6 3 9 52 84 106 120
6 3 9 52 88 110 112
6 3 9 52 92 106 112
6 3 9 56 82 108 116
6 3 9 56 88 102 116
6 3 9 56 92 102 112
6 3 10 20 68 104 112
6 3 10 52 88 108 112
6 3 12 20 40 80 96
6 3 12 20 100 121 122
6 3 12 24 104 113 118
6 3 12 24 104 114 116
6 3 12 33 84 98 120
6 3 12 48 72 80 96
6 3 12 48 82 100 104
6 3 12 49 82 100 104
6 3 12 49 82 100 120
6 3 12 52 65 66 120
6 3 12 52 65 82 104
6 3 12 52 84 105 122
6 3 12 52 84 106 120
6 3 12 56 88 97 118
6 3 12 56 88 98 116
6 3 12 56 88 101 114
6 3 12 81 82 100 104
6 3 12 82 100 104 112
6 3 12 84 97 98 120
6 3 12 84 100 121 122
6 3 12 88 104 113 118
6 3 12 88 104 114 116
6 3 13 28 98 116 120
6 3 13 50 68 72 112
6 3 13 50 84 104 112
6 3 13 56 88 98 116
6 3 13 86 106 116 120
6 3 14 21 108 114 120
6 3 14 28 97 116 122
6 3 14 28 105 114 116
6 3 14 49 92 108 114
6 3 14 52 76 114 120
6 3 14 52 88 108 114
6 3 14 76 114 116 120
6 3 14 81 108 116 122
6 3 14 92 105 114 116
6 3 14 108 114 116 120
6 3 17 28 100 104 114
6 3 17 30 100 104 112
6 3 17 42 92 100 112
6 3 17 44 82 100 120
6 3 17 44 88 100 114
6 3 17 44 90 100 112
6 3 17 48 94 100 104
6 3 17 50 92 100 104
6 3 17 52 88 98 108
6 3 17 52 90 100 104
6 3 17 52 92 98 104
6 3 17 56 70 108 112
6 3 17 56 78 100 112
6 3 17 76 100 114 120
6 3 17 92 100 104 114
6 3 17 94 100 104 112
6 3 18 28 100 104 112
6 3 18 44 88 100 112
6 3 18 48 92 100 104
6 3 18 52 88 100 104
6 3 18 92 100 104 112
6 3 20 24 97 108 114
6 3 20 24 97 110 112
6 3 20 24 98 108 112
6 3 20 24 101 106 112
6 3 20 33 88 108 114
6 3 20 33 88 110 112
6 3 20 34 88 108 112
6 3 20 40 68 72 112
6 3 20 44 81 98 120
6 3 20 48 80 105 110
6 3 20 48 80 106 108
6 3 20 48 88 97 110
6 3 20 48 88 98 108
6 3 20 48 88 101 106
6 3 20 56 73 102 112
6 3 20 56 74 100 112
6 3 20 56 76 98 112
6 3 20 56 78 97 112
6 3 20 56 81 98 108
6 3 20 56 88 97 102
6 3 20 56 88 98 100
6 3 20 65 108 114 120
6 3 20 81 98 108 120
6 3 20 88 97 108 114
6 3 20 88 97 110 112
6 3 20 88 98 108 112
6 3 20 88 101 106 112
6 3 20 97 108 114 120
6 3 21 36 74 104 112
6 3 21 42 68 72 112
6 3 21 42 84 104 112
6 3 21 56 88 102 104
6 3 22 42 92 108 113
6 3 22 44 73 116 122
6 3 22 44 76 113 122
6 3 22 44 76 114 120
6 3 22 44 92 106 113
6 3 22 76 106 116 120
6 3 24 36 68 104 112
6 3 24 40 72 117 118
6 3 24 40 76 113 118
6 3 24 40 76 114 116
6 3 24 44 76 113 114
6 3 24 44 81 104 118
6 3 24 44 82 104 116
6 3 24 44 84 104 112
6 3 24 44 84 104 114
6 3 24 44 85 104 114
6 3 24 44 86 104 112
6 3 24 48 80 100 104
6 3 24 76 104 113 118
6 3 24 76 104 114 116
6 3 25 70 108 116 122
6 3 26 33 76 100 112
6 3 26 36 69 104 112
6 3 26 37 92 106 116
6 3 26 44 65 68 112
6 3 26 69 100 104 112
6 3 26 69 108 116 120
6 3 26 70 108 116 120
6 3 28 33 68 98 120
6 3 28 33 70 104 112
6 3 28 33 76 98 112
6 3 28 34 68 104 112
6 3 28 36 73 98 112
6 3 28 37 74 116 120
6 3 28 37 78 114 120
6 3 28 38 74 116 120
6 3 28 44 65 66 112
6 3 28 44 69 114 120
6 3 28 44 76 113 114
6 3 28 44 81 102 122
6 3 28 44 84 97 122
6 3 28 44 84 98 120
6 3 28 44 84 104 112
6 3 28 44 84 104 114
6 3 28 44 84 105 114
6 3 28 44 84 106 114
6 3 28 44 86 106 112
6 3 28 44 86 106 113
6 3 28 46 86 97 120
6 3 28 48 80 97 110
6 3 28 48 80 98 108
6 3 28 48 80 100 104
6 3 28 48 80 100 106
6 3 28 48 80 101 106
6 3 28 48 84 97 106
6 3 28 49 68 72 98
6 3 28 52 73 108 114
6 3 28 52 88 97 98
6 3 28 56 73 98 116
6 3 28 56 81 102 104
6 3 28 56 88 97 102
6 3 28 56 88 98 100
6 3 28 65 100 104 114
6 3 28 65 108 114 120
6 3 28 65 108 116 122
6 3 28 65 108 118 122
6 3 28 66 100 104 112
6 3 28 66 108 116 120
6 3 28 68 98 104 112
6 3 28 69 98 104 112
6 3 28 69 106 118 120
6 3 28 69 108 114 120
6 3 28 70 108 113 122
6 3 28 73 98 116 120
6 3 28 76 97 116 122
6 3 28 76 97 118 122
6 3 28 76 98 116 120
6 3 28 76 102 113 122
6 3 28 76 105 114 116
6 3 28 78 97 116 122
6 3 28 84 97 98 120
6 3 28 84 97 106 112
6 3 28 86 106 108 113
6 3 28 88 97 104 118
6 3 28 88 97 108 114
6 3 28 88 98 104 116
6 3 28 88 101 104 114
6 3 28 88 102 104 112
6 3 28 97 108 114 120
6 3 28 97 108 116 122
6 3 28 97 108 118 122
6 3 28 98 100 104 112
6 3 28 98 108 116 120
6 3 28 102 108 113 122
6 3 28 105 108 114 116
6 3 28 108 113 114 120
6 3 28 108 113 116 122
6 3 28 108 113 118 122
6 3 28 108 114 116 120
6 3 28 108 116 121 122
6 3 28 110 114 116 120
6 3 30 33 68 104 112
6 3 30 48 80 100 104
6 3 30 65 100 104 112
6 3 30 98 108 116 120
6 3 33 34 76 84 120
6 3 33 36 74 92 112
6 3 33 50 76 84 104
6 3 33 56 70 84 104
6 3 33 56 74 84 100
6 3 33 56 76 84 98
6 3 33 58 76 84 96
6 3 33 70 92 104 112
6 3 33 76 84 98 120
6 3 33 84 108 114 120
6 3 33 92 108 114 120
6 3 33 92 108 116 122
6 3 33 92 108 118 122
6 3 34 56 76 84 96
6 3 34 92 100 104 112
6 3 34 92 108 116 120
6 3 34 94 108 116 120
6 3 36 40 65 92 114
6 3 36 40 65 94 112
6 3 36 40 66 92 112
6 3 36 40 70 88 112
6 3 36 40 76 82 112
6 3 36 40 78 81 112
6 3 36 40 81 92 98
6 3 36 40 81 94 96
6 3 36 40 82 92 96
6 3 36 40 85 90 96
6 3 36 48 72 80 96
6 3 36 49 76 82 104
6 3 36 50 65 92 104
6 3 36 56 65 86 104
6 3 36 56 65 92 98
6 3 36 56 65 94 96
6 3 36 56 66 84 104
6 3 36 56 66 92 96
6 3 36 56 69 82 104
6 3 36 56 73 84 98
6 3 36 56 73 86 96
6 3 36 56 74 84 96
6 3 36 65 92 98 120
6 3 36 65 92 104 114
6 3 36 65 94 104 112
6 3 36 66 92 104 112
6 3 36 68 88 104 112
6 3 36 70 88 104 112
6 3 36 73 84 98 120
6 3 36 73 86 104 112
6 3 36 73 92 98 112
6 3 36 74 84 104 112
6 3 36 92 98 104 112
6 3 37 48 84 88 106
6 3 37 56 74 84 112
6 3 37 56 74 88 116
6 3 37 84 88 106 112
6 3 37 92 106 118 120
6 3 37 92 108 114 120
6 3 38 56 68 72 80
6 3 38 68 88 104 112
6 3 38 90 108 116 120
6 3 38 92 108 113 122
6 3 40 48 68 88 96
6 3 41 52 74 84 112
6 3 41 92 98 116 120
6 3 42 48 84 88 100
6 3 42 84 88 100 112
6 3 44 48 82 88 100
6 3 44 48 84 88 98
6 3 44 49 76 82 120
6 3 44 49 82 88 100
6 3 44 52 73 82 96
6 3 44 52 73 82 112
6 3 44 56 69 88 114
6 3 44 56 76 81 114
6 3 44 56 84 88 98
6 3 44 65 84 98 120
6 3 44 65 84 114 120
6 3 44 65 92 98 112
6 3 44 68 72 82 112
6 3 44 68 82 104 112
6 3 44 76 81 114 120
6 3 44 76 84 113 122
6 3 44 76 84 114 120
6 3 44 76 88 113 114
6 3 44 76 113 114 120
6 3 44 76 113 116 122
6 3 44 76 113 118 122
6 3 44 76 114 116 120
6 3 44 78 114 116 120
6 3 44 81 84 98 120
6 3 44 82 88 100 112
6 3 44 84 88 97 114
6 3 44 84 88 98 112
6 3 44 84 88 104 114
6 3 44 84 97 98 120
6 3 44 84 100 121 122
6 3 44 90 102 116 120
6 3 44 92 97 114 120
6 3 44 92 97 116 122
6 3 44 92 97 118 122
6 3 44 92 98 116 120
6 3 44 92 100 113 122
6 3 44 92 100 114 120
6 3 44 92 102 113 122
6 3 44 92 104 113 114
6 3 44 92 105 114 116
6 3 44 94 98 116 120
6 3 44 94 100 114 120
6 3 46 48 84 88 97
6 3 46 84 88 97 112
6 3 48 68 72 80 96
6 3 48 84 88 97 110
6 3 48 84 88 98 108
6 3 48 84 88 101 106
6 3 49 76 82 100 104
6 3 49 76 82 100 120
6 3 49 76 88 104 118
6 3 49 84 88 98 108
6 3 49 92 108 114 120
6 3 49 92 108 116 122
6 3 49 92 108 118 122
6 3 50 60 65 68 72
6 3 50 65 92 100 104
6 3 50 76 88 104 116
6 3 50 92 100 104 112
6 3 50 92 108 116 120
6 3 50 92 110 116 120
6 3 52 56 69 74 112
6 3 52 56 70 88 104
6 3 52 56 73 84 98
6 3 52 56 73 88 102
6 3 52 56 74 84 104
6 3 52 56 76 81 98
6 3 52 65 76 114 120
6 3 52 65 82 108 120
6 3 52 65 84 106 120
6 3 52 65 88 108 114
6 3 52 65 88 110 112
6 3 52 65 90 100 104
6 3 52 65 92 106 112
6 3 52 66 68 88 104
6 3 52 66 88 100 104
6 3 52 66 88 108 112
6 3 52 68 88 98 104
6 3 52 68 88 104 112
6 3 52 69 88 106 112
6 3 52 73 84 98 120
6 3 52 73 84 106 112
6 3 52 73 92 108 114
6 3 52 76 81 98 120
6 3 52 76 86 106 120
6 3 52 76 88 104 112
6 3 52 76 88 104 114
6 3 52 76 97 114 120
6 3 52 81 88 98 108
6 3 52 81 98 108 120
6 3 52 84 88 97 106
6 3 52 84 88 98 104
6 3 52 84 97 106 120
6 3 52 84 105 106 112
6 3 52 84 108 121 122
6 3 52 88 97 108 114
6 3 52 88 97 110 112
6 3 52 88 98 100 104
6 3 52 88 98 108 112
6 3 52 88 100 104 112
6 3 52 88 100 104 114
6 3 52 88 100 106 112
6 3 52 88 101 106 112
6 3 52 90 100 104 112
6 3 52 92 97 98 120
6 3 52 92 97 106 112
6 3 52 92 98 104 112
6 3 52 92 108 113 122
6 3 52 92 108 114 120
6 3 52 92 110 114 120
6 3 53 76 88 104 114
6 3 54 65 92 108 122
6 3 54 68 88 104 112
6 3 54 69 90 108 120
6 3 54 76 84 106 120
6 3 54 76 88 104 112
6 3 56 65 74 84 100
6 3 56 65 76 100 114
6 3 56 65 88 108 118
6 3 56 65 92 108 114
6 3 56 66 88 108 116
6 3 56 68 72 80 96
6 3 56 68 88 104 112
6 3 56 69 70 104 112
6 3 56 69 82 100 104
6 3 56 69 82 108 112
6 3 56 69 84 106 112
6 3 56 69 88 104 118
6 3 56 69 88 106 116
6 3 56 70 88 100 112
6 3 56 70 88 104 116
6 3 56 70 100 104 112
6 3 56 73 82 108 116
6 3 56 73 84 98 100
6 3 56 73 88 102 116
6 3 56 74 84 100 112
6 3 56 76 81 100 114
6 3 56 76 82 100 112
6 3 56 76 84 97 98
6 3 56 76 88 97 118
6 3 56 76 88 98 116
6 3 56 76 88 101 114
6 3 56 76 104 113 118
6 3 56 76 104 114 116
6 3 56 78 81 100 112
6 3 56 81 92 102 104
6 3 56 85 88 102 104
6 3 56 88 97 108 118
6 3 56 88 98 108 116
6 3 56 88 100 104 112
6 3 56 88 101 104 118
6 3 56 88 101 106 116
6 3 56 88 102 104 116
6 3 56 88 104 117 118
6 3 56 88 108 113 118
6 3 56 88 108 114 116
6 3 56 92 97 104 118
6 3 56 92 97 108 114
6 3 56 92 98 104 116
6 3 56 92 100 104 112
6 3 56 92 100 104 114
6 3 56 92 101 104 114
6 3 56 92 102 104 112
6 3 56 92 108 113 114
6 3 56 94 100 104 112
6 3 57 76 84 100 122
6 3 58 65 92 108 116
6 3 58 66 92 108 116
6 3 58 70 76 116 120
6 3 58 70 88 108 116
6 3 58 70 92 108 113
6 3 58 76 84 100 120
6 3 58 76 84 102 120
6 3 60 65 74 116 120
6 3 60 65 76 114 120
6 3 60 65 76 116 122
6 3 60 65 76 118 122
6 3 60 65 82 100 104
6 3 60 65 82 108 112
6 3 60 65 84 98 120
6 3 60 65 84 106 112
6 3 60 65 88 104 118
6 3 60 65 88 108 114
6 3 60 65 92 102 122
6 3 60 65 92 108 114
6 3 60 66 68 72 112
6 3 60 66 68 104 112
6 3 60 66 76 116 120
6 3 60 66 84 104 112
6 3 60 66 88 104 116
6 3 60 68 72 80 96
6 3 60 68 72 80 98
6 3 60 68 72 98 112
6 3 60 68 88 98 112
6 3 60 68 88 104 112
6 3 60 68 88 104 114
6 3 60 69 74 116 120
6 3 60 69 76 114 120
6 3 60 69 88 104 114
6 3 60 69 90 102 120
6 3 60 69 90 106 116
6 3 60 70 73 116 122
6 3 60 70 76 113 122
6 3 60 70 88 104 112
6 3 60 70 92 105 114
6 3 60 73 84 98 112
6 3 60 73 84 108 114
6 3 60 73 88 98 116
6 3 60 76 81 98 120
6 3 60 76 81 102 122
6 3 60 76 84 97 122
6 3 60 76 84 98 120
6 3 60 76 84 105 114
6 3 60 76 86 106 113
6 3 60 76 88 97 114
6 3 60 76 88 98 112
6 3 60 78 114 116 120
6 3 60 81 88 102 104
6 3 60 84 88 97 98
6 3 60 86 97 108 122
6 3 60 86 100 106 120
6 3 60 86 106 116 120
6 3 60 90 97 108 116
6 3 60 90 98 108 116
6 3 60 90 100 104 112
6 3 60 90 102 108 113
6 3 60 92 97 98 112
6 3 60 92 97 98 120
6 3 60 92 97 100 122
6 3 60 92 97 102 122
6 3 60 92 97 104 114
6 3 60 92 97 108 114
6 3 60 92 98 100 120
6 3 60 92 98 104 112
6 3 60 92 100 104 112
6 3 60 92 100 104 114
6 3 60 92 100 105 114
6 3 60 92 100 106 114
6 3 60 92 101 106 114
6 3 60 92 102 113 122
6 3 60 92 105 114 116
6 3 60 92 106 114 116
6 3 60 92 106 118 120
6 3 60 92 108 113 114
6 3 60 92 108 113 122
6 3 60 92 108 114 120
6 3 60 92 108 116 120
6 3 60 92 108 116 122
6 3 60 92 108 118 122
6 3 60 92 110 118 122
6 3 60 94 98 100 120
6 3 60 94 100 104 112
6 3 60 94 100 104 114
6 3 62 66 76 116 120
6 3 62 68 72 80 96
6 3 62 68 88 104 112
6 3 62 74 84 100 120
6 3 62 94 100 104 112
6 3 62 94 110 117 121
6 3 65 66 76 116 120
6 3 65 66 108 116 120
6 3 65 74 84 100 120
6 3 65 76 98 116 120
6 3 65 76 100 114 120
6 3 65 76 114 116 120
6 3 65 82 108 116 120
6 3 65 84 108 114 120
6 3 65 92 98 100 120
6 3 65 92 100 104 114
6 3 65 92 108 114 120
6 3 65 92 108 116 122
6 3 65 92 108 118 122
6 3 65 94 100 104 112
6 3 65 98 108 116 120
6 3 65 108 114 116 120
6 3 66 92 100 104 112
6 3 66 92 108 116 120
6 3 69 70 88 104 112
6 3 69 90 100 104 112
6 3 69 90 108 118 120
6 3 69 92 98 104 112
6 3 69 92 108 114 120
6 3 70 88 100 104 112
6 3 70 92 108 113 122
6 3 73 82 108 116 120
6 3 73 84 98 100 120
6 3 76 81 98 116 120
6 3 76 81 100 104 114
6 3 76 81 100 114 120
6 3 76 84 97 98 120
6 3 76 84 100 121 122
6 3 76 86 106 116 120
6 3 76 88 104 113 118
6 3 76 88 104 114 116
6 3 76 97 98 116 120
6 3 76 97 114 116 120
6 3 81 84 98 108 120
6 3 81 98 108 116 120
6 3 84 88 97 108 114
6 3 84 88 97 110 112
6 3 84 88 98 108 112
6 3 84 88 101 106 112
6 3 84 97 108 114 120
6 3 86 92 106 108 113
6 3 90 102 108 116 120
6 3 92 97 98 116 120
6 3 92 97 108 114 120
6 3 92 97 108 116 122
6 3 92 97 108 118 122
6 3 92 98 100 104 112
6 3 92 98 108 116 120
6 3 92 102 108 113 122
6 3 92 105 108 114 116
6 3 92 108 113 114 120
6 3 92 108 113 116 122
6 3 92 108 113 118 122
6 3 92 108 114 116 120
6 3 92 108 116 121 122
6 3 92 110 114 116 120
6 3 94 98 108 116 120
6 3 97 98 108 116 120
6 3 97 108 114 116 120
6 5 6 56 72 80 96
6 5 6 56 88 104 112
6 5 6 56 88 104 116
6 5 9 18 34 76 112
6 5 9 22 108 114 120
6 5 9 28 106 114 116
6 5 9 34 82 108 112
6 5 9 50 90 108 116
6 5 9 50 92 110 112
6 5 9 52 88 110 114
6 5 9 52 90 108 114
6 5 9 52 90 110 112
6 5 9 54 90 108 112
6 5 9 90 108 114 116
6 5 10 12 48 80 96
6 5 10 17 98 116 120
6 5 10 18 65 100 120
6 5 10 20 40 80 96
6 5 10 22 108 114 120
6 5 10 28 108 113 114
6 5 10 33 66 116 120
6 5 10 34 84 104 112
6 5 10 48 66 84 104
6 5 10 49 82 100 104
6 5 10 49 92 108 114
6 5 10 52 66 80 104
6 5 10 52 88 108 112
6 5 10 56 68 80 96
6 5 10 56 88 98 116
6 5 10 56 88 100 112
6 5 10 66 84 104 112
6 5 10 81 98 116 120
6 5 10 92 108 113 114
6 5 11 52 76 114 120
6 5 12 19 106 116 120
6 5 12 26 99 116 120
6 5 12 26 106 113 116
6 5 12 48 72 80 98
6 5 12 49 90 106 116
6 5 12 50 72 80 96
6 5 12 52 90 99 120
6 5 12 52 90 106 113
6 5 12 56 66 80 96
6 5 12 56 81 106 118
6 5 12 56 88 98 112
6 5 12 56 88 98 116
6 5 12 56 88 99 118
6 5 12 56 88 100 114
6 5 12 56 90 99 116
6 5 12 88 104 114 116
6 5 12 90 99 116 120
6 5 12 90 106 113 116
6 5 14 49 74 116 120
6 5 14 56 88 97 118
6 5 14 56 88 98 116
6 5 14 56 88 99 116
6 5 14 56 88 100 114
6 5 14 88 104 114 116
6 5 17 34 74 116 120
6 5 18 24 100 104 112
6 5 18 36 88 104 112
6 5 18 40 68 72 112
6 5 18 40 88 100 112
6 5 18 48 88 98 108
6 5 18 48 88 100 104
6 5 18 56 67 108 112
6 5 18 56 74 97 116
6 5 18 74 97 116 120
6 5 18 88 98 108 112
6 5 18 88 100 104 112
6 5 19 44 76 114 120
6 5 19 44 88 106 116
6 5 19 76 106 116 120
6 5 20 24 98 104 112
6 5 20 40 66 72 112
6 5 20 40 72 98 112
6 5 20 40 88 98 112
6 5 20 48 88 98 104
6 5 20 88 98 104 112
6 5 22 56 73 108 114
6 5 22 73 108 114 120
6 5 24 34 68 104 112
6 5 24 36 72 80 98
6 5 24 36 72 98 112
6 5 24 40 66 68 112
6 5 24 40 72 114 116
6 5 24 42 84 104 112
6 5 24 44 84 106 114
6 5 24 48 80 98 108
6 5 24 48 80 100 106
6 5 24 48 82 100 104
6 5 24 48 84 98 104
6 5 24 66 68 104 112
6 5 24 66 100 104 112
6 5 24 68 72 98 112
6 5 24 68 98 104 112
6 5 24 82 100 104 112
6 5 24 84 98 104 112
6 5 24 98 100 104 112
6 5 25 26 98 108 116
6 5 25 28 100 106 114
6 5 25 38 76 114 120
6 5 25 42 82 108 116
6 5 25 44 84 106 114
6 5 26 28 97 106 116
6 5 26 28 102 104 112
6 5 26 33 66 104 116
6 5 26 44 73 114 116
6 5 26 44 76 113 114
6 5 26 44 81 106 116
6 5 26 44 84 98 120
6 5 26 44 84 98 121
6 5 26 44 84 99 120
6 5 26 44 84 104 114
6 5 26 44 84 106 113
6 5 26 44 88 97 118
6 5 26 44 88 98 116
6 5 26 44 88 99 116
6 5 26 48 80 100 104
6 5 26 49 74 108 116
6 5 26 52 88 102 104
6 5 26 56 67 108 116
6 5 26 65 108 118 120
6 5 26 66 108 116 120
6 5 26 67 108 116 120
6 5 26 73 108 114 116
6 5 26 74 108 113 116
6 5 26 76 97 118 120
6 5 26 76 99 116 120
6 5 26 76 105 114 116
6 5 26 76 106 113 116
6 5 26 88 97 108 118
6 5 26 88 98 108 116
6 5 26 88 99 108 116
6 5 26 88 102 104 116
6 5 26 92 97 106 116
6 5 26 97 108 118 120
6 5 26 98 108 116 120
6 5 26 98 108 116 121
6 5 26 99 108 116 120
6 5 26 106 108 113 116
6 5 26 108 114 116 120
6 5 26 108 114 116 121
6 5 27 110 118 121 124
6 5 28 34 66 104 112
6 5 28 42 67 116 120
6 5 28 42 74 113 116
6 5 28 42 81 108 114
6 5 28 42 82 108 113
6 5 28 48 80 98 104
6 5 28 49 76 106 114
6 5 28 49 90 102 104
6 5 28 50 73 102 120
6 5 28 50 88 102 104
6 5 28 56 67 104 118
6 5 28 56 67 108 114
6 5 28 56 73 102 114
6 5 28 56 88 98 100
6 5 28 67 108 114 120
6 5 28 68 106 114 120
6 5 28 68 106 114 121
6 5 28 73 102 114 120
6 5 28 73 106 114 116
6 5 28 74 105 114 116
6 5 28 74 108 113 114
6 5 28 76 106 113 114
6 5 28 88 98 104 116
6 5 28 88 100 106 114
6 5 28 88 102 104 112
6 5 28 88 102 104 114
6 5 28 90 97 106 116
6 5 28 100 106 114 120
6 5 28 100 106 114 121
6 5 28 106 108 113 114
6 5 28 106 114 116 120
6 5 28 106 114 116 121
6 5 30 110 115 121 124
6 5 33 90 108 118 120
6 5 34 40 67 92 112
6 5 34 40 68 88 112
6 5 34 40 84 88 96
6 5 34 56 65 74 116
6 5 34 56 66 84 104
6 5 34 56 67 92 96
6 5 34 56 68 88 96
6 5 34 56 72 84 96
6 5 34 65 74 116 120
6 5 34 66 88 104 116
6 5 34 66 92 104 112
6 5 34 67 92 104 112
6 5 34 68 88 104 112
6 5 34 74 81 104 116
6 5 34 88 100 104 112
6 5 34 90 108 116 120
6 5 35 56 86 88 108
6 5 35 60 66 72 80
6 5 35 90 108 116 120
6 5 36 40 66 88 112
6 5 36 40 72 82 112
6 5 36 40 82 88 96
6 5 36 56 72 82 96
6 5 36 66 88 104 112
6 5 36 88 98 104 112
6 5 36 92 106 114 120
6 5 36 92 106 114 121
6 5 40 48 66 88 100
6 5 40 48 66 92 96
6 5 40 48 68 88 98
6 5 40 48 68 90 96
6 5 40 48 70 88 96
6 5 40 48 74 84 96
6 5 40 66 88 100 112
6 5 40 68 88 98 112
6 5 40 88 98 100 112
6 5 41 90 108 114 116
6 5 41 92 106 114 116
6 5 42 76 82 116 120
6 5 42 76 82 116 121
6 5 42 76 88 114 116
6 5 42 76 114 116 120
6 5 42 76 114 116 121
6 5 42 82 92 108 113
6 5 42 82 108 116 120
6 5 42 82 108 116 121
6 5 42 90 108 113 116
6 5 42 92 98 116 120
6 5 42 92 98 116 121
6 5 42 92 100 114 120
6 5 42 92 100 114 121
6 5 42 92 104 114 116
6 5 42 92 105 114 116
6 5 42 92 108 113 114
6 5 44 56 84 88 98
6 5 44 56 84 90 99
6 5 44 56 86 88 99
6 5 44 74 84 114 120
6 5 44 74 84 114 121
6 5 44 74 88 114 116
6 5 44 84 88 104 114
6 5 44 84 90 106 113
6 5 44 84 106 114 120
6 5 44 84 106 114 121
6 5 44 90 97 118 120
6 5 44 90 98 116 120
6 5 44 90 98 116 121
6 5 44 90 99 116 120
6 5 44 90 100 114 120
6 5 44 90 100 114 121
6 5 44 90 104 114 116
6 5 44 90 105 114 116
6 5 44 90 106 113 116
6 5 44 92 106 113 114
6 5 46 56 86 88 97
6 5 48 82 88 100 104
6 5 49 74 92 108 114
6 5 49 76 90 106 116
6 5 50 56 73 86 108
6 5 50 66 88 104 116
6 5 50 66 88 108 112
6 5 50 68 88 104 112
6 5 50 73 86 108 120
6 5 50 74 88 108 116
6 5 50 74 92 108 113
6 5 50 76 88 104 112
6 5 50 76 88 104 116
6 5 50 78 88 104 116
6 5 50 90 108 116 120
6 5 50 90 108 116 121
6 5 52 56 70 88 104
6 5 52 56 74 84 104
6 5 52 66 88 104 112
6 5 52 74 88 104 112
6 5 52 76 88 104 114
6 5 52 76 88 106 114
6 5 52 76 90 99 120
6 5 52 76 90 106 113
6 5 52 78 88 104 114
6 5 52 90 108 114 120
6 5 52 90 108 114 121
6 5 54 65 90 108 120
6 5 54 74 88 104 116
6 5 54 74 88 108 112
6 5 54 76 81 106 120
6 5 54 76 88 104 112
6 5 54 76 88 104 114
6 5 54 76 88 106 112
6 5 54 78 88 104 112
6 5 56 65 88 110 118
6 5 56 65 90 108 118
6 5 56 66 68 72 112
6 5 56 66 68 104 112
6 5 56 66 72 80 100
6 5 56 66 72 100 112
6 5 56 66 88 100 112
6 5 56 66 88 104 116
6 5 56 66 88 108 116
6 5 56 67 88 108 118
6 5 56 67 92 108 114
6 5 56 68 72 80 98
6 5 56 68 72 98 112
6 5 56 68 88 98 112
6 5 56 68 88 104 114
6 5 56 70 72 80 96
6 5 56 70 88 104 112
6 5 56 70 88 104 116
6 5 56 72 80 98 100
6 5 56 72 82 100 112
6 5 56 73 86 108 114
6 5 56 76 81 106 118
6 5 56 76 88 98 116
6 5 56 76 88 99 118
6 5 56 76 90 99 116
6 5 56 76 104 114 116
6 5 56 78 88 97 118
6 5 56 78 104 114 116
6 5 56 82 88 100 104
6 5 56 82 100 104 112
6 5 56 84 98 104 112
6 5 56 86 88 99 108
6 5 56 88 97 110 118
6 5 56 88 98 100 112
6 5 56 88 98 104 116
6 5 56 88 98 108 116
6 5 56 88 99 108 118
6 5 56 88 100 104 114
6 5 56 88 102 104 112
6 5 56 88 102 104 116
6 5 56 88 104 114 116
6 5 56 88 108 114 116
6 5 56 88 110 114 116
6 5 56 90 97 108 118
6 5 56 90 98 108 116
6 5 56 90 99 108 116
6 5 56 90 100 104 112
6 5 56 90 102 104 116
6 5 56 90 108 114 116
6 5 56 92 98 104 112
6 5 56 92 98 104 116
6 5 56 92 100 104 114
6 5 56 92 100 106 114
6 5 56 92 102 104 112
6 5 56 92 102 104 114
6 5 56 94 98 104 116
6 5 56 94 100 104 112
6 5 56 94 100 104 114
6 5 56 94 102 104 112
6 5 57 94 110 115 124
6 5 58 65 76 118 120
6 5 58 65 88 108 118
6 5 58 65 90 108 116
6 5 58 65 92 102 120
6 5 58 66 76 116 120
6 5 58 66 88 108 116
6 5 58 66 92 108 113
6 5 58 67 76 116 120
6 5 58 67 88 108 116
6 5 58 68 72 80 96
6 5 58 68 88 104 112
6 5 58 70 88 104 116
6 5 58 73 76 114 116
6 5 58 73 84 102 120
6 5 58 74 76 113 116
6 5 58 74 81 108 116
6 5 58 74 84 100 120
6 5 58 74 84 100 121
6 5 58 74 84 108 113
6 5 58 76 81 106 116
6 5 58 76 82 104 116
6 5 58 76 84 99 120
6 5 58 76 84 106 113
6 5 58 76 88 97 118
6 5 58 76 88 99 116
6 5 58 78 88 97 116
6 5 58 86 97 108 120
6 5 58 89 98 108 116
6 5 58 90 97 108 116
6 5 58 90 108 113 116
6 5 58 90 108 116 120
6 5 58 90 108 116 121
6 5 58 92 97 106 116
6 5 58 92 98 100 120
6 5 58 92 98 100 121
6 5 58 92 98 104 116
6 5 58 92 98 108 113
6 5 58 92 100 104 114
6 5 58 92 100 106 113
6 5 58 92 102 104 112
6 5 58 92 105 114 116
6 5 58 92 108 113 114
6 5 58 92 110 118 120
6 5 58 94 100 104 112
6 5 60 65 90 106 116
6 5 60 66 72 80 96
6 5 60 66 88 104 112
6 5 60 66 88 104 116
6 5 60 68 74 114 120
6 5 60 68 74 114 121
6 5 60 68 88 104 114
6 5 60 68 88 106 114
6 5 60 68 90 106 113
6 5 60 70 88 104 112
6 5 60 70 88 104 114
6 5 60 73 74 114 116
6 5 60 74 76 113 114
6 5 60 74 81 108 114
6 5 60 74 82 108 113
6 5 60 74 84 104 114
6 5 60 76 81 106 114
6 5 60 76 82 98 120
6 5 60 76 82 98 121
6 5 60 76 82 106 113
6 5 60 76 88 98 112
6 5 60 89 100 106 114
6 5 60 90 100 104 112
6 5 60 92 97 106 114
6 5 60 92 98 104 112
6 5 60 92 106 118 120
6 5 60 92 108 114 120
6 5 60 94 98 104 112
6 5 60 94 110 115 121
6 5 62 66 88 104 116
6 5 62 68 88 104 112
6 5 62 68 88 104 114
6 5 62 70 88 104 112
6 5 62 74 84 104 112
6 5 65 90 108 118 120
6 5 66 68 88 104 112
6 5 66 88 100 104 112
6 5 67 92 108 114 120
6 5 68 88 98 104 112
6 5 73 86 108 114 120
6 5 73 90 108 114 116
6 5 74 92 108 113 114
6 5 76 81 106 118 120
6 5 76 88 104 114 116
6 5 76 90 99 116 120
6 5 76 90 106 113 116
6 5 78 88 104 114 116
6 5 82 88 100 104 112
6 5 88 98 100 104 112
6 5 90 97 108 118 120
6 5 90 98 108 116 120
6 5 90 98 108 116 121
6 5 90 99 108 116 120
6 5 90 106 108 113 116
6 5 90 108 114 116 120
6 5 90 108 114 116 121
6 5 92 100 106 114 120
6 5 92 100 106 114 121
6 5 92 106 108 113 114
6 5 94 110 115 121 124
6 6 9 17 98 100 120
6 6 9 24 104 114 116
6 6 9 33 82 100 120
6 6 9 50 90 108 116
6 6 9 56 66 68 112
6 6 9 56 88 98 116
6 6 9 88 104 114 116
6 6 9 90 108 114 116
6 6 10 12 48 80 96
6 6 10 12 48 80 97
6 6 10 17 36 72 112
6 6 10 20 65 104 112
6 6 10 20 72 97 112
6 6 10 20 97 104 112
6 6 10 21 105 114 124
6 6 10 28 108 113 114
6 6 10 33 84 104 112
6 6 10 36 88 97 112
6 6 10 48 65 84 104
6 6 10 48 84 97 104
6 6 10 49 76 80 96
6 6 10 49 84 104 112
6 6 10 49 92 108 112
6 6 10 49 92 108 114
6 6 10 50 85 105 124
6 6 10 50 92 108 113
6 6 10 52 65 80 104
6 6 10 52 88 108 112
6 6 10 52 88 108 113
6 6 10 52 88 109 112
6 6 10 52 92 105 112
6 6 10 53 89 108 114
6 6 10 56 65 68 112
6 6 10 56 68 80 96
6 6 10 56 68 80 97
6 6 10 56 69 80 96
6 6 10 56 81 108 112
6 6 10 56 84 105 112
6 6 10 56 88 100 112
6 6 10 56 88 100 113
6 6 10 56 88 101 112
6 6 10 57 68 80 96
6 6 10 60 65 80 96
6 6 10 65 84 104 112
6 6 10 84 97 104 112
6 6 10 85 105 114 124
6 6 10 92 108 113 114
6 6 11 49 92 108 114
6 6 11 50 92 108 113
6 6 11 52 72 80 96
6 6 11 92 108 113 114
6 6 12 48 72 80 96
6 6 12 56 82 105 116
6 6 12 56 88 98 116
6 6 12 56 88 98 117
6 6 12 56 88 99 116
6 6 13 26 106 113 116
6 6 13 50 74 113 124
6 6 13 56 88 98 116
6 6 17 24 98 108 112
6 6 17 34 88 104 116
6 6 17 34 88 108 112
6 6 17 48 80 106 108
6 6 17 48 88 98 108
6 6 17 56 74 100 112
6 6 17 56 82 100 104
6 6 17 56 88 98 100
6 6 17 88 98 104 116
6 6 17 88 98 108 112
6 6 18 28 97 104 112
6 6 18 41 84 104 112
6 6 18 48 92 97 104
6 6 18 49 76 104 112
6 6 18 56 69 104 112
6 6 18 56 76 97 112
6 6 18 56 81 100 104
6 6 18 56 84 97 104
6 6 18 56 88 97 100
6 6 18 88 97 104 116
6 6 18 92 97 104 112
6 6 19 44 92 105 114
6 6 21 42 74 113 124
6 6 21 42 90 108 113
6 6 21 74 105 114 124
6 6 24 34 69 104 112
6 6 24 34 73 100 112
6 6 24 34 76 97 112
6 6 24 34 81 108 112
6 6 24 40 66 68 112
6 6 24 40 66 68 113
6 6 24 40 72 114 116
6 6 24 40 72 114 117
6 6 24 40 73 114 116
6 6 24 41 66 68 112
6 6 24 41 82 104 116
6 6 24 44 65 66 112
6 6 24 48 80 98 108
6 6 24 48 80 98 109
6 6 24 48 80 99 108
6 6 24 48 80 100 104
6 6 24 48 81 98 108
6 6 24 49 74 100 112
6 6 24 49 82 100 104
6 6 24 50 84 97 104
6 6 24 66 69 104 112
6 6 24 66 76 97 112
6 6 24 67 100 104 112
6 6 24 73 104 114 116
6 6 24 81 98 108 112
6 6 24 82 100 104 113
6 6 25 26 98 108 116
6 6 25 26 99 108 116
6 6 25 34 72 100 112
6 6 25 42 82 101 124
6 6 25 42 82 108 116
6 6 25 42 92 101 114
6 6 25 44 84 98 120
6 6 25 44 88 98 116
6 6 25 48 80 98 108
6 6 25 48 88 98 100
6 6 25 56 88 98 100
6 6 25 65 108 116 122
6 6 25 66 100 104 112
6 6 25 66 108 116 120
6 6 25 67 108 116 122
6 6 25 74 101 114 124
6 6 25 88 98 108 116
6 6 25 92 101 106 114
6 6 25 98 108 116 120
6 6 25 101 106 114 124
6 6 26 28 97 106 116
6 6 26 37 73 114 124
6 6 26 42 77 113 116
6 6 26 44 73 114 116
6 6 26 44 81 106 116
6 6 26 44 85 105 114
6 6 26 49 74 108 116
6 6 26 66 108 116 121
6 6 26 67 108 116 121
6 6 26 69 106 113 124
6 6 26 73 108 114 116
6 6 26 74 108 113 116
6 6 26 76 105 114 116
6 6 26 76 106 113 116
6 6 26 77 106 113 116
6 6 26 89 99 108 116
6 6 26 92 97 106 116
6 6 26 98 108 116 121
6 6 26 99 108 116 121
6 6 26 106 108 113 116
6 6 26 108 114 116 121
6 6 28 33 66 104 112
6 6 28 34 72 97 112
6 6 28 42 74 113 116
6 6 28 42 82 108 113
6 6 28 56 67 104 116
6 6 28 56 74 100 113
6 6 28 56 82 101 104
6 6 28 66 97 104 112
6 6 28 74 101 114 121
6 6 28 108 116 121 122
6 6 29 42 82 105 116
6 6 33 34 76 88 112
6 6 33 40 66 92 112
6 6 33 40 74 84 112
6 6 33 40 82 88 100
6 6 33 40 82 92 96
6 6 33 56 66 84 104
6 6 33 56 66 88 100
6 6 33 56 66 92 96
6 6 33 56 72 82 100
6 6 33 56 74 84 96
6 6 33 66 88 104 116
6 6 33 66 92 104 112
6 6 33 74 84 104 112
6 6 33 74 88 100 112
6 6 33 88 98 104 116
6 6 33 88 104 114 116
6 6 33 89 108 116 122
6 6 34 36 73 88 112
6 6 34 40 69 88 112
6 6 34 40 81 88 100
6 6 34 40 84 88 97
6 6 34 52 73 88 96
6 6 34 56 65 84 104
6 6 34 56 69 72 112
6 6 34 56 72 81 100
6 6 34 56 72 84 97
6 6 34 65 88 104 116
6 6 34 69 88 104 112
6 6 34 73 88 100 112
6 6 34 76 88 97 112
6 6 34 88 97 104 116
6 6 34 88 104 113 116
6 6 34 89 108 116 120
6 6 34 90 108 116 121
6 6 35 89 108 116 122
6 6 35 90 108 116 121
6 6 37 56 66 72 80
6 6 37 66 88 104 112
6 6 40 48 66 88 100
6 6 40 48 66 89 100
6 6 40 48 66 92 96
6 6 40 48 66 92 97
6 6 40 48 66 93 96
6 6 40 48 67 88 100
6 6 40 48 67 92 96
6 6 40 48 68 88 96
6 6 40 48 74 84 96
6 6 40 48 74 84 97
6 6 40 49 66 76 112
6 6 40 49 66 92 96
6 6 40 49 74 84 96
6 6 40 66 88 100 112
6 6 40 66 88 100 113
6 6 40 66 89 100 112
6 6 40 66 92 97 112
6 6 40 67 88 100 112
6 6 40 74 84 97 112
6 6 40 81 88 98 100
6 6 40 82 88 97 100
6 6 40 88 98 100 113
6 6 41 56 82 88 100
6 6 41 66 84 104 112
6 6 41 76 82 116 120
6 6 41 82 84 104 112
6 6 41 82 88 104 116
6 6 41 90 108 114 116
6 6 42 48 81 88 100
6 6 42 52 65 72 80
6 6 42 76 82 116 121
6 6 42 76 114 116 121
6 6 42 81 88 100 112
6 6 42 82 92 108 113
6 6 42 82 101 121 124
6 6 42 82 108 116 121
6 6 42 89 101 114 124
6 6 42 90 108 113 116
6 6 42 92 98 116 121
6 6 42 92 100 114 121
6 6 42 92 101 114 121
6 6 42 92 105 114 116
6 6 42 92 108 113 114
6 6 44 56 84 88 98
6 6 44 56 84 88 99
6 6 44 74 84 113 120
6 6 44 89 98 116 120
6 6 48 81 88 98 108
6 6 49 56 66 68 72
6 6 49 66 68 88 104
6 6 49 66 88 100 104
6 6 49 66 88 104 116
6 6 49 66 88 108 112
6 6 49 74 84 104 112
6 6 49 74 92 108 114
6 6 49 82 88 100 104
6 6 50 65 88 100 104
6 6 50 65 88 104 116
6 6 50 73 88 104 116
6 6 50 74 85 105 124
6 6 50 74 85 108 121
6 6 50 74 92 108 113
6 6 50 81 88 100 104
6 6 50 90 108 116 121
6 6 52 56 65 66 72
6 6 52 56 67 88 104
6 6 52 65 66 88 104
6 6 52 66 88 97 104
6 6 52 76 88 104 112
6 6 56 65 66 88 100
6 6 56 65 66 104 116
6 6 56 65 72 82 100
6 6 56 65 82 100 104
6 6 56 65 88 98 100
6 6 56 65 88 98 116
6 6 56 66 69 104 112
6 6 56 66 72 81 100
6 6 56 66 72 100 113
6 6 56 66 81 100 104
6 6 56 66 81 108 112
6 6 56 66 84 97 104
6 6 56 66 84 105 112
6 6 56 66 88 97 100
6 6 56 66 88 97 116
6 6 56 66 88 100 112
6 6 56 66 88 100 113
6 6 56 66 88 101 112
6 6 56 66 88 104 116
6 6 56 66 88 104 117
6 6 56 66 88 105 116
6 6 56 66 88 108 116
6 6 56 66 88 108 117
6 6 56 66 92 108 113
6 6 56 67 88 100 112
6 6 56 67 88 104 116
6 6 56 67 88 108 116
6 6 56 68 72 80 96
6 6 56 68 88 104 112
6 6 56 72 81 98 100
6 6 56 72 82 97 100
6 6 56 72 82 100 113
6 6 56 73 88 98 116
6 6 56 73 104 114 116
6 6 56 74 81 100 112
6 6 56 74 84 108 113
6 6 56 74 88 100 113
6 6 56 76 88 98 116
6 6 56 76 88 98 117
6 6 56 76 88 99 116
6 6 56 81 88 98 100
6 6 56 81 98 100 104
6 6 56 81 98 104 116
6 6 56 81 98 108 112
6 6 56 82 88 97 100
6 6 56 82 88 100 104
6 6 56 82 88 101 104
6 6 56 82 92 101 104
6 6 56 82 97 100 104
6 6 56 82 97 104 116
6 6 56 82 100 104 113
6 6 56 88 97 98 100
6 6 56 88 97 98 116
6 6 56 88 97 114 116
6 6 56 88 98 100 112
6 6 56 88 98 100 113
6 6 56 88 98 101 112
6 6 56 88 98 104 116
6 6 56 88 98 104 117
6 6 56 88 98 105 116
6 6 56 88 98 108 116
6 6 56 88 98 108 117
6 6 56 88 98 113 116
6 6 56 88 99 104 116
6 6 56 88 99 108 116
6 6 56 88 100 104 112
6 6 56 88 104 114 116
6 6 56 88 104 114 117
6 6 56 88 105 114 116
6 6 56 89 98 100 112
6 6 56 89 98 104 116
6 6 56 89 98 108 116
6 6 56 92 100 104 112
6 6 57 65 76 116 122
6 6 57 66 68 104 112
6 6 57 66 76 116 120
6 6 57 66 88 100 112
6 6 57 66 88 104 116
6 6 57 66 88 108 116
6 6 57 67 92 108 114
6 6 57 69 74 114 124
6 6 57 74 82 101 124
6 6 57 74 84 100 120
6 6 57 74 85 108 114
6 6 57 76 88 98 116
6 6 57 82 88 100 104
6 6 57 92 101 106 114
6 6 58 65 90 108 116
6 6 58 66 76 116 121
6 6 58 66 92 108 113
6 6 58 67 92 108 113
6 6 58 74 76 113 116
6 6 58 74 81 108 116
6 6 58 74 84 108 113
6 6 58 89 98 108 116
6 6 58 90 97 108 116
6 6 58 90 108 113 116
6 6 58 90 108 116 121
6 6 58 90 109 117 124
6 6 58 92 97 106 116
6 6 58 92 98 100 121
6 6 58 92 98 108 113
6 6 58 92 105 114 116
6 6 60 68 88 104 112
6 6 60 69 74 114 121
6 6 60 73 74 114 116
6 6 60 74 81 108 114
6 6 60 74 82 101 121
6 6 60 74 82 108 113
6 6 60 74 85 105 114
6 6 60 76 82 98 121
6 6 60 92 108 113 122
6 6 60 92 108 114 121
6 6 60 92 108 115 122
6 6 60 92 109 115 122
6 6 65 66 88 104 116
6 6 65 74 84 104 112
6 6 65 88 98 104 116
6 6 65 88 104 114 116
6 6 66 68 88 104 112
6 6 66 68 88 104 113
6 6 66 69 88 104 112
6 6 66 73 84 104 112
6 6 66 88 97 104 116
6 6 66 88 100 104 112
6 6 66 88 100 104 113
6 6 66 88 101 104 112
6 6 66 88 104 113 116
6 6 66 89 100 104 112
6 6 66 92 97 104 112
6 6 66 92 108 113 120
6 6 67 88 100 104 112
6 6 67 92 108 113 122
6 6 67 92 108 114 121
6 6 67 108 116 121 122
6 6 69 74 114 121 124
6 6 73 88 98 100 112
6 6 73 88 104 114 116
6 6 73 90 108 114 116
6 6 74 82 101 121 124
6 6 74 84 97 104 112
6 6 74 84 108 113 120
6 6 74 85 105 114 124
6 6 74 85 108 114 121
6 6 74 88 97 100 112
6 6 74 92 108 113 114
6 6 74 101 114 121 124
6 6 77 90 106 113 116
6 6 81 88 98 104 116
6 6 81 88 98 108 112
6 6 82 88 100 104 113
6 6 88 97 98 104 116
6 6 88 97 104 114 116
6 6 88 98 100 104 113
6 6 88 98 104 113 116
6 6 88 104 113 114 116
6 6 89 98 108 116 120
6 6 89 101 106 114 124
6 6 90 98 108 116 121
6 6 90 106 108 113 116
6 6 90 108 114 116 121
6 6 92 101 106 114 121
6 6 92 108 116 121 122
6 6 101 106 114 121 124
6 7 9 24 104 114 116
6 7 9 56 82 108 112
6 7 9 56 88 98 116
6 7 9 56 88 102 112
6 7 9 88 104 114 116
6 7 10 56 88 100 112
6 7 11 28 108 113 114
6 7 11 49 92 108 114
6 7 11 92 108 113 114
6 7 12 56 84 105 114
6 7 14 73 114 116 120
6 7 14 88 105 114 116
6 7 14 105 114 116 120
6 7 17 48 80 106 108
6 7 17 105 118 122 124
6 7 22 74 108 113 120
6 7 24 40 72 113 118
6 7 24 40 72 114 116
6 7 24 40 73 114 116
6 7 24 41 82 104 116
6 7 24 42 84 104 112
6 7 24 73 104 114 116
6 7 25 44 88 100 114
6 7 25 46 90 97 116
6 7 25 48 80 98 108
6 7 25 56 88 98 100
6 7 25 67 108 116 122
6 7 25 101 106 114 124
6 7 25 105 118 122 124
6 7 25 110 113 114 124
6 7 26 48 80 100 104
6 7 26 66 108 116 121
6 7 26 76 105 114 116
6 7 26 98 108 116 121
6 7 26 108 114 116 121
6 7 27 105 108 114 116
6 7 27 110 118 121 124
6 7 28 108 113 114 120
6 7 28 108 116 121 122
6 7 28 108 118 121 122
6 7 29 97 106 114 124
6 7 30 110 117 121 122
6 7 33 56 74 84 96
6 7 33 89 102 122 124
6 7 33 89 106 118 124
6 7 33 93 106 114 124
6 7 34 90 108 116 120
6 7 34 90 108 116 121
6 7 35 89 108 116 122
6 7 35 90 108 116 120
6 7 41 48 82 88 100
6 7 41 56 82 88 100
6 7 41 78 113 114 124
6 7 41 78 114 116 120
6 7 41 81 102 122 124
6 7 41 82 88 100 112
6 7 41 82 88 104 116
6 7 41 89 110 114 116
6 7 41 90 101 114 124
6 7 41 90 102 113 124
6 7 41 90 108 114 116
6 7 41 93 106 114 116
6 7 41 94 97 114 124
6 7 41 94 98 113 124
6 7 41 94 106 113 116
6 7 42 76 82 116 121
6 7 42 76 114 116 121
6 7 42 82 108 116 121
6 7 42 92 98 116 121
6 7 42 92 100 114 120
6 7 42 92 100 114 121
6 7 42 92 105 114 116
6 7 43 73 92 114 116
6 7 44 76 113 114 120
6 7 44 84 105 114 120
6 7 44 92 97 114 120
6 7 46 73 90 113 116
6 7 49 81 110 122 124
6 7 49 89 102 122 124
6 7 49 89 106 118 124
6 7 49 89 110 114 124
6 7 49 90 109 114 124
6 7 49 92 108 114 120
6 7 50 73 88 104 116
6 7 50 90 108 116 120
6 7 50 90 108 116 121
6 7 52 56 67 88 104
6 7 52 74 88 104 112
6 7 52 76 88 105 114
6 7 53 65 90 106 124
6 7 56 65 88 104 118
6 7 56 65 88 106 116
6 7 56 66 88 104 116
6 7 56 67 88 104 116
6 7 56 68 72 80 96
6 7 56 68 88 104 112
6 7 56 70 88 104 112
6 7 56 73 82 100 112
6 7 56 73 88 98 116
6 7 56 73 104 114 116
6 7 56 76 84 105 114
6 7 56 81 88 102 104
6 7 56 82 88 100 104
6 7 56 88 97 104 118
6 7 56 88 97 106 116
6 7 56 88 98 104 116
6 7 56 88 99 104 116
6 7 56 88 100 104 112
6 7 56 88 102 104 112
6 7 56 88 104 113 118
6 7 56 88 104 114 116
6 7 56 88 105 114 116
6 7 56 90 97 104 116
6 7 56 92 98 104 112
6 7 57 65 90 102 124
6 7 57 65 90 108 118
6 7 57 69 74 114 124
6 7 57 73 78 114 116
6 7 57 83 106 108 116
6 7 57 86 97 106 124
6 7 57 89 102 122 124
6 7 57 89 106 118 124
6 7 57 89 110 114 116
6 7 57 89 110 118 124
6 7 57 90 97 102 124
6 7 57 90 97 108 118
6 7 57 90 99 108 116
6 7 57 90 101 114 124
6 7 57 90 108 113 118
6 7 57 90 110 113 116
6 7 57 94 97 98 124
6 7 57 94 97 106 116
6 7 57 94 110 117 122
6 7 58 65 88 104 116
6 7 58 65 90 108 116
6 7 58 66 76 116 120
6 7 58 66 76 116 121
6 7 58 66 92 108 113
6 7 58 67 76 116 120
6 7 58 67 92 108 113
6 7 58 73 81 102 124
6 7 58 73 86 108 113
6 7 58 74 84 108 113
6 7 58 77 113 114 124
6 7 58 85 97 106 124
6 7 58 86 97 108 120
6 7 58 89 98 108 116
6 7 58 90 97 108 116
6 7 58 90 101 113 124
6 7 58 90 108 113 116
6 7 58 90 108 116 120
6 7 58 90 108 116 121
6 7 58 92 97 106 116
6 7 58 92 98 100 120
6 7 58 92 98 100 121
6 7 58 92 98 108 113
6 7 58 92 99 108 113
6 7 58 92 105 114 116
6 7 58 92 110 118 120
6 7 58 93 97 106 116
6 7 58 94 110 117 121
6 7 59 73 82 108 116
6 7 60 66 88 104 112
6 7 60 68 88 104 112
6 7 60 68 88 104 114
6 7 60 73 90 99 116
6 7 60 76 82 98 120
6 7 60 76 82 98 121
6 7 60 81 88 98 104
6 7 60 83 105 106 116
6 7 60 83 106 108 113
6 7 60 90 100 104 112
6 7 60 92 97 98 120
6 7 60 92 102 121 122
6 7 60 92 105 118 122
6 7 60 92 106 118 120
6 7 60 92 106 118 121
6 7 60 92 108 113 122
6 7 60 92 108 114 120
6 7 60 92 108 115 122
6 7 60 92 109 115 122
6 7 60 93 97 106 114
6 7 61 65 74 114 124
6 7 61 65 90 106 116
6 7 62 68 88 104 112
6 7 62 73 81 106 116
6 7 62 73 82 108 113
6 7 65 70 88 104 112
6 7 65 90 108 118 120
6 7 65 92 108 114 120
6 7 66 68 88 104 112
6 7 67 92 108 113 122
6 7 67 92 108 114 120
6 7 67 108 116 121 122
6 7 70 73 113 122 124
6 7 73 81 102 122 124
6 7 73 84 108 114 120
6 7 73 88 104 114 116
6 7 73 102 113 122 124
6 7 75 92 108 113 114
6 7 76 84 105 114 120
6 7 76 105 114 116 120
6 7 81 105 118 122 124
6 7 85 105 106 114 124
6 7 86 106 108 113 120
6 7 89 97 102 122 124
6 7 89 97 106 118 124
6 7 89 101 106 114 124
6 7 89 102 113 122 124
6 7 89 105 118 122 124
6 7 89 106 108 113 118
6 7 89 106 113 118 124
6 7 89 110 113 114 124
6 7 90 97 108 116 120
6 7 90 97 108 118 120
6 7 90 98 108 116 120
6 7 90 98 108 116 121
6 7 90 99 108 116 120
6 7 90 101 106 113 124
6 7 90 106 108 113 116
6 7 90 108 114 116 120
6 7 90 108 114 116 121
6 7 92 97 108 114 120
6 7 92 108 113 114 120
6 7 92 108 116 121 122
6 7 92 108 118 121 122
6 7 93 97 106 114 124
6 7 94 105 106 113 116
6 7 94 110 117 121 122
6 7 102 105 113 122 124
6 7 105 108 114 116 120
6 7 105 113 118 122 124
6 7 106 108 113 118 120
6 9 10 48 68 80 96
6 9 10 52 84 98 120
6 9 10 52 84 99 120
6 9 10 52 84 104 112
6 9 10 52 84 104 114
6 9 10 52 84 104 115
6 9 10 84 100 114 120
6 9 10 84 100 115 120
6 9 12 18 98 116 120
6 9 12 20 100 114 120
6 9 14 17 98 116 120
6 9 14 18 97 116 120
6 9 14 20 100 114 120
6 9 14 49 82 100 120
6 9 14 49 82 104 116
6 9 14 65 114 116 120
6 9 14 81 98 116 120
6 9 14 81 104 114 116
6 9 14 97 114 116 120
6 9 17 30 98 100 120
6 9 17 38 66 68 120
6 9 17 38 74 116 120
6 9 17 38 92 98 120
6 9 17 42 88 102 116
6 9 17 42 92 98 116
6 9 17 42 94 100 112
6 9 17 44 86 98 120
6 9 17 50 92 102 104
6 9 17 54 92 98 104
6 9 17 56 86 98 108
6 9 17 56 86 102 104
6 9 17 56 94 98 100
6 9 17 58 92 98 100
6 9 17 86 98 108 120
6 9 17 94 98 100 120
6 9 18 24 100 104 112
6 9 18 28 97 102 120
6 9 18 28 100 104 112
6 9 18 33 92 102 120
6 9 18 34 76 116 120
6 9 18 36 66 68 120
6 9 18 36 68 104 112
6 9 18 36 72 80 96
6 9 18 36 88 104 112
6 9 18 37 92 98 120
6 9 18 40 68 80 96
6 9 18 40 88 100 112
6 9 18 44 84 98 120
6 9 18 44 84 104 112
6 9 18 44 88 98 116
6 9 18 48 80 100 104
6 9 18 52 88 100 104
6 9 18 56 88 101 102
6 9 18 56 92 97 102
6 9 18 60 92 97 98
6 9 18 66 108 116 120
6 9 18 76 98 116 120
6 9 18 88 98 108 116
6 9 18 88 100 104 112
6 9 18 92 97 102 120
6 9 18 92 100 104 112
6 9 18 98 108 116 120
6 9 19 24 102 104 116
6 9 19 88 102 104 116
6 9 20 34 66 100 120
6 9 20 34 68 104 112
6 9 20 36 76 114 120
6 9 20 36 82 104 112
6 9 20 38 76 114 120
6 9 20 38 90 100 120
6 9 20 44 82 100 120
6 9 20 44 88 100 114
6 9 20 44 90 100 114
6 9 20 48 80 100 106
6 9 20 56 88 98 100
6 9 20 66 68 104 112
6 9 20 68 98 104 112
6 9 20 76 100 114 120
6 9 21 42 88 98 116
6 9 21 42 88 102 112
6 9 21 50 88 98 108
6 9 21 50 88 102 104
6 9 21 82 98 108 120
6 9 22 24 101 104 114
6 9 22 56 81 98 108
6 9 22 56 82 97 108
6 9 22 56 82 101 104
6 9 22 56 88 97 102
6 9 22 56 88 98 100
6 9 22 56 88 98 101
6 9 22 65 108 114 120
6 9 22 81 98 108 120
6 9 22 82 97 108 120
6 9 22 88 97 108 114
6 9 22 88 98 108 112
6 9 22 88 98 108 113
6 9 22 88 101 104 114
6 9 22 97 108 114 120
6 9 22 98 108 113 120
6 9 22 108 113 114 120
6 9 23 110 113 122 124
6 9 24 34 84 108 112
6 9 24 35 86 104 116
6 9 24 35 86 108 112
6 9 24 38 82 104 116
6 9 24 38 82 104 117
6 9 24 38 85 104 114
6 9 24 40 70 114 116
6 9 24 40 70 114 117
6 9 24 40 71 114 116
6 9 24 40 82 100 112
6 9 24 40 86 101 114
6 9 24 48 66 68 96
6 9 24 48 80 98 100
6 9 24 48 82 100 104
6 9 24 48 84 102 104
6 9 24 50 67 108 116
6 9 24 50 71 104 116
6 9 24 50 71 108 112
6 9 24 50 82 101 108
6 9 24 50 84 97 110
6 9 24 50 84 102 104
6 9 24 50 85 102 104
6 9 24 50 86 97 108
6 9 24 50 86 101 104
6 9 24 52 67 110 112
6 9 24 52 70 104 112
6 9 24 52 76 98 112
6 9 24 52 84 98 104
6 9 24 54 71 104 112
6 9 24 54 86 97 104
6 9 24 70 104 114 116
6 9 24 70 104 114 117
6 9 24 71 104 114 116
6 9 24 72 102 114 116
6 9 24 72 102 114 117
6 9 24 82 100 104 112
6 9 24 82 102 104 116
6 9 24 82 102 104 117
6 9 24 84 98 108 112
6 9 24 84 102 104 112
6 9 24 85 102 104 114
6 9 24 86 101 104 114
6 9 24 102 104 114 116
6 9 24 102 104 114 117
6 9 26 37 82 108 112
6 9 26 52 67 108 112
6 9 26 65 102 116 120
6 9 26 72 102 113 116
6 9 26 81 102 104 116
6 9 26 84 98 108 112
6 9 26 88 97 102 116
6 9 26 97 102 116 120
6 9 26 102 104 113 116
6 9 26 102 113 116 120
6 9 26 108 114 116 120
6 9 28 48 82 102 104
6 9 28 50 67 104 116
6 9 28 50 67 108 112
6 9 28 50 81 102 104
6 9 28 50 82 97 108
6 9 28 50 82 100 104
6 9 28 50 82 101 104
6 9 28 50 88 97 102
6 9 28 50 88 98 101
6 9 28 82 97 102 120
6 9 28 82 98 101 120
6 9 28 82 102 104 112
6 9 28 82 102 104 113
6 9 28 108 113 118 122
6 9 28 108 114 116 120
6 9 28 110 114 116 120
6 9 30 103 113 122 124
6 9 30 110 114 116 120
6 9 30 110 115 117 120
6 9 33 78 114 116 120
6 9 33 82 110 116 120
6 9 33 86 108 114 120
6 9 33 92 102 114 120
6 9 34 36 68 88 112
6 9 34 36 70 81 120
6 9 34 48 68 88 96
6 9 34 48 72 80 100
6 9 34 48 72 84 96
6 9 34 82 108 116 120
6 9 34 86 108 113 120
6 9 36 50 68 88 96
6 9 36 68 82 104 112
6 9 36 68 88 98 112
6 9 37 56 78 82 112
6 9 38 48 84 88 104
6 9 38 56 67 88 116
6 9 38 56 74 81 116
6 9 38 56 74 84 112
6 9 38 56 74 84 113
6 9 38 56 81 82 108
6 9 38 56 82 88 101
6 9 38 56 84 88 98
6 9 38 74 81 116 120
6 9 38 74 84 113 120
6 9 38 74 113 116 120
6 9 38 81 82 108 120
6 9 38 82 88 104 116
6 9 38 82 88 104 117
6 9 38 84 88 104 112
6 9 38 92 97 114 120
6 9 38 92 98 113 120
6 9 38 92 104 113 114
6 9 40 48 66 84 96
6 9 40 48 70 80 96
6 9 40 88 102 114 116
6 9 40 88 102 114 117
6 9 40 92 102 113 114
6 9 42 52 70 81 120
6 9 42 52 71 88 112
6 9 42 52 76 82 112
6 9 42 52 81 88 102
6 9 42 52 84 88 98
6 9 42 70 81 116 120
6 9 42 70 88 113 116
6 9 42 81 88 102 116
6 9 42 84 88 100 112
6 9 42 86 97 116 120
6 9 42 86 104 113 116
6 9 44 48 82 84 104
6 9 44 50 69 82 120
6 9 44 50 82 84 104
6 9 44 50 82 88 101
6 9 44 67 88 114 116
6 9 44 82 84 98 120
6 9 44 82 84 104 112
6 9 44 82 88 98 116
6 9 44 82 88 98 117
6 9 44 82 88 100 112
6 9 44 84 88 98 112
6 9 44 86 98 113 120
6 9 46 65 82 116 120
6 9 46 65 88 114 116
6 9 46 82 84 97 120
6 9 46 82 84 104 112
6 9 46 82 88 97 116
6 9 46 84 88 98 112
6 9 48 66 72 80 100
6 9 48 70 72 80 96
6 9 48 72 80 98 100
6 9 48 82 88 100 104
6 9 49 86 98 108 120
6 9 49 86 108 114 120
6 9 49 92 102 104 114
6 9 49 92 108 118 122
6 9 49 94 103 122 124
6 9 50 52 67 88 108
6 9 50 52 71 88 104
6 9 50 52 78 81 104
6 9 50 56 69 82 108
6 9 50 65 78 116 120
6 9 50 65 84 110 120
6 9 50 65 86 108 120
6 9 50 65 88 110 116
6 9 50 65 90 108 116
6 9 50 65 92 110 112
6 9 50 66 76 116 120
6 9 50 66 84 108 120
6 9 50 66 88 108 116
6 9 50 66 92 108 112
6 9 50 67 88 108 116
6 9 50 67 92 108 112
6 9 50 69 82 108 120
6 9 50 70 81 108 120
6 9 50 70 88 104 116
6 9 50 70 88 104 117
6 9 50 70 88 108 112
6 9 50 70 88 108 113
6 9 50 70 108 113 120
6 9 50 71 88 104 116
6 9 50 71 88 108 112
6 9 50 74 84 108 112
6 9 50 76 82 101 120
6 9 50 76 82 104 116
6 9 50 76 82 104 117
6 9 50 76 98 116 120
6 9 50 76 98 117 120
6 9 50 78 81 104 116
6 9 50 78 97 116 120
6 9 50 81 88 102 108
6 9 50 82 88 101 108
6 9 50 82 92 97 108
6 9 50 82 92 101 104
6 9 50 82 101 108 120
6 9 50 82 108 116 120
6 9 50 82 108 117 120
6 9 50 84 88 97 110
6 9 50 84 88 98 108
6 9 50 84 97 110 120
6 9 50 84 98 108 120
6 9 50 84 106 108 112
6 9 50 85 98 108 120
6 9 50 86 88 97 108
6 9 50 86 88 101 104
6 9 50 86 97 108 120
6 9 50 86 108 113 120
6 9 50 88 97 110 116
6 9 50 88 98 108 116
6 9 50 88 98 108 117
6 9 50 88 102 104 116
6 9 50 88 102 104 117
6 9 50 88 102 108 112
6 9 50 88 102 108 113
6 9 50 90 108 116 120
6 9 50 92 97 102 120
6 9 50 92 98 100 120
6 9 50 92 98 101 120
6 9 50 92 98 104 116
6 9 50 92 98 104 117
6 9 50 92 98 108 112
6 9 50 92 98 108 113
6 9 50 92 100 104 112
6 9 50 92 100 106 112
6 9 50 92 102 104 112
6 9 50 92 102 104 113
6 9 50 92 108 116 120
6 9 50 92 110 116 120
6 9 50 94 100 104 112
6 9 50 94 110 116 120
6 9 51 85 110 122 124
6 9 51 94 110 113 124
6 9 51 94 110 117 120
6 9 52 56 67 88 102
6 9 52 56 78 81 98
6 9 52 66 72 80 96
6 9 52 66 88 104 112
6 9 52 66 88 108 112
6 9 52 67 88 108 114
6 9 52 67 88 110 112
6 9 52 67 92 106 112
6 9 52 68 88 104 114
6 9 52 68 88 106 112
6 9 52 70 88 104 112
6 9 52 74 84 98 120
6 9 52 74 84 104 112
6 9 52 76 82 98 120
6 9 52 76 82 104 112
6 9 52 78 81 98 120
6 9 52 84 88 98 104
6 9 52 88 98 108 112
6 9 52 88 100 104 114
6 9 52 88 100 106 112
6 9 52 88 102 104 112
6 9 52 90 100 104 112
6 9 52 92 98 104 112
6 9 52 92 108 114 120
6 9 52 92 110 114 120
6 9 53 70 88 104 114
6 9 53 76 82 98 120
6 9 54 65 74 116 120
6 9 54 65 82 108 120
6 9 54 65 88 108 114
6 9 54 65 88 110 112
6 9 54 65 90 108 112
6 9 54 66 76 113 120
6 9 54 66 81 108 120
6 9 54 66 88 104 116
6 9 54 66 88 108 112
6 9 54 66 88 108 113
6 9 54 67 88 104 116
6 9 54 67 88 108 112
6 9 54 68 88 104 112
6 9 54 70 88 104 112
6 9 54 70 88 104 113
6 9 54 71 88 104 112
6 9 54 74 81 104 116
6 9 54 76 82 97 120
6 9 54 76 82 104 112
6 9 54 76 82 104 113
6 9 54 81 88 98 108
6 9 54 81 88 102 104
6 9 54 82 88 97 108
6 9 54 82 88 100 104
6 9 54 82 88 101 104
6 9 54 92 97 98 120
6 9 54 92 97 104 114
6 9 54 92 98 104 112
6 9 54 92 98 104 113
6 9 54 92 110 114 120
6 9 56 66 68 80 96
6 9 56 66 84 108 112
6 9 56 66 88 100 112
6 9 56 67 88 102 116
6 9 56 70 72 114 116
6 9 56 70 72 114 117
6 9 56 70 88 98 116
6 9 56 70 88 98 117
6 9 56 70 88 99 116
6 9 56 70 88 100 112
6 9 56 70 104 114 116
6 9 56 70 104 114 117
6 9 56 72 82 100 112
6 9 56 72 82 102 116
6 9 56 72 82 102 117
6 9 56 72 84 100 114
6 9 56 72 84 102 112
6 9 56 72 86 101 114
6 9 56 72 86 102 112
6 9 56 72 86 102 113
6 9 56 74 81 102 116
6 9 56 74 84 100 112
6 9 56 74 84 102 112
6 9 56 74 84 102 113
6 9 56 74 102 113 116
6 9 56 76 82 98 116
6 9 56 76 82 98 117
6 9 56 76 82 100 112
6 9 56 78 81 98 116
6 9 56 78 97 114 116
6 9 56 81 82 102 108
6 9 56 82 84 97 110
6 9 56 82 84 102 104
6 9 56 82 88 101 102
6 9 56 82 92 97 102
6 9 56 82 92 98 101
6 9 56 82 100 104 112
6 9 56 84 88 98 100
6 9 56 85 102 104 114
6 9 56 86 88 97 102
6 9 56 86 88 98 101
6 9 56 86 97 108 114
6 9 56 86 98 104 116
6 9 56 86 98 104 117
6 9 56 86 98 108 112
6 9 56 86 98 108 113
6 9 56 86 100 104 112
6 9 56 86 101 104 114
6 9 56 86 102 104 112
6 9 56 86 102 104 113
6 9 56 86 108 113 114
6 9 56 88 98 100 112
6 9 56 88 99 102 116
6 9 56 88 102 114 116
6 9 56 88 102 114 117
6 9 56 88 104 114 116
6 9 56 88 108 114 116
6 9 56 88 110 114 116
6 9 56 90 108 114 116
6 9 56 92 97 102 114
6 9 56 92 98 100 112
6 9 56 92 108 114 116
6 9 56 92 110 114 116
6 9 56 94 98 100 112
6 9 56 94 110 114 116
6 9 56 94 110 115 117
6 9 58 66 84 100 120
6 9 58 66 84 108 112
6 9 58 72 84 100 112
6 9 58 83 110 117 124
6 9 58 90 103 117 124
6 9 58 92 98 100 112
6 9 58 92 110 114 116
6 9 58 92 110 115 117
6 9 58 94 103 113 124
6 9 58 94 103 117 120
6 9 60 65 70 114 120
6 9 60 65 82 102 120
6 9 60 65 88 102 114
6 9 60 66 84 104 112
6 9 60 68 88 98 112
6 9 60 69 82 98 120
6 9 60 70 72 113 114
6 9 60 70 81 98 120
6 9 60 70 88 97 114
6 9 60 70 88 98 112
6 9 60 70 88 98 113
6 9 60 72 81 102 114
6 9 60 72 82 98 116
6 9 60 72 82 98 117
6 9 60 72 82 102 112
6 9 60 72 82 102 113
6 9 60 72 84 98 112
6 9 60 74 84 98 112
6 9 60 76 82 98 112
6 9 60 76 82 98 113
6 9 60 78 114 116 120
6 9 60 81 82 98 108
6 9 60 81 82 102 104
6 9 60 82 84 98 104
6 9 60 82 88 97 102
6 9 60 82 88 98 101
6 9 60 86 106 116 120
6 9 60 92 102 113 122
6 9 60 92 102 114 120
6 9 60 92 106 113 118
6 9 60 92 106 114 116
6 9 62 66 84 104 112
6 9 62 72 82 100 112
6 9 62 94 103 113 120
6 9 65 78 114 116 120
6 9 65 82 110 116 120
6 9 65 86 108 114 120
6 9 65 88 110 114 116
6 9 65 90 108 114 116
6 9 65 110 114 116 120
6 9 67 88 108 114 116
6 9 70 88 104 114 116
6 9 70 88 104 114 117
6 9 71 88 104 114 116
6 9 76 82 98 116 120
6 9 76 82 98 117 120
6 9 78 81 98 116 120
6 9 78 81 104 114 116
6 9 78 97 114 116 120
6 9 82 84 97 110 120
6 9 82 88 97 110 116
6 9 82 88 100 104 112
6 9 82 92 97 102 120
6 9 82 92 98 101 120
6 9 82 97 110 116 120
6 9 82 98 108 116 120
6 9 82 98 108 117 120
6 9 84 88 98 108 112
6 9 86 88 97 108 114
6 9 86 88 101 104 114
6 9 86 97 108 114 120
6 9 86 98 108 113 120
6 9 86 108 113 114 120
6 9 88 97 110 114 116
6 9 88 102 104 114 116
6 9 88 102 104 114 117
6 9 90 108 114 116 120
6 9 92 97 102 114 120
6 9 92 102 104 113 114
6 9 92 108 113 118 122
6 9 92 108 114 116 120
6 9 92 110 114 116 120
6 9 94 103 113 122 124
6 9 94 110 114 116 120
6 9 94 110 115 117 120
6 9 97 110 114 116 120
6 10 12 17 97 118 120
6 10 12 18 100 113 120
6 10 12 49 82 100 120
6 10 12 50 84 104 113
6 10 12 82 100 113 120
6 10 17 20 98 100 120
6 10 17 33 76 118 120
6 10 17 36 84 98 120
6 10 17 44 86 97 120
6 10 17 44 88 97 118
6 10 17 44 88 98 116
6 10 17 56 86 97 108
6 10 17 65 108 118 120
6 10 17 76 97 118 120
6 10 17 76 98 116 120
6 10 17 86 97 108 120
6 10 17 88 97 108 118
6 10 17 97 108 118 120
6 10 18 20 97 100 120
6 10 18 28 97 100 120
6 10 18 36 65 68 120
6 10 18 36 68 73 112
6 10 18 36 68 97 120
6 10 18 36 68 113 120
6 10 18 36 76 113 120
6 10 18 36 84 97 120
6 10 18 44 84 97 120
6 10 18 44 88 100 113
6 10 18 44 92 97 112
6 10 18 49 92 100 104
6 10 18 52 73 100 120
6 10 18 52 88 100 104
6 10 18 52 88 101 104
6 10 18 52 89 100 104
6 10 18 56 85 100 104
6 10 18 56 92 97 100
6 10 18 76 100 113 120
6 10 18 92 97 100 120
6 10 20 25 98 100 120
6 10 20 33 66 100 120
6 10 20 33 70 104 112
6 10 20 34 68 97 120
6 10 20 34 68 104 112
6 10 20 34 68 104 113
6 10 20 41 66 68 112
6 10 20 41 82 100 120
6 10 20 56 66 68 97
6 10 20 56 76 98 113
6 10 20 56 88 98 100
6 10 20 56 88 98 101
6 10 20 56 89 98 100
6 10 20 65 66 100 120
6 10 20 65 70 104 112
6 10 20 65 98 100 120
6 10 20 66 68 97 120
6 10 20 66 97 100 120
6 10 20 66 100 113 120
6 10 20 66 108 113 120
6 10 20 70 97 104 112
6 10 20 76 98 113 120
6 10 20 81 98 100 120
6 10 20 82 97 100 120
6 10 20 88 98 108 113
6 10 20 89 98 100 120
6 10 20 97 98 100 120
6 10 20 98 100 113 120
6 10 20 98 108 113 120
6 10 21 56 88 98 100
6 10 21 65 108 114 120
6 10 22 109 114 121 124
6 10 24 37 82 104 116
6 10 24 38 85 104 112
6 10 24 40 69 114 116
6 10 24 49 70 108 112
6 10 24 52 67 108 112
6 10 24 52 69 104 114
6 10 24 52 70 104 112
6 10 24 52 70 104 113
6 10 24 52 70 105 112
6 10 24 52 71 104 112
6 10 24 52 81 98 108
6 10 24 52 82 101 104
6 10 24 52 84 98 104
6 10 24 52 84 98 105
6 10 24 52 84 99 104
6 10 24 52 85 98 104
6 10 24 69 104 114 116
6 10 24 72 101 114 116
6 10 24 82 101 104 116
6 10 24 84 101 104 114
6 10 24 101 104 114 116
6 10 25 52 84 98 104
6 10 28 52 67 104 112
6 10 28 108 113 114 120
6 10 28 108 113 118 120
6 10 28 108 114 117 120
6 10 28 108 115 118 120
6 10 28 109 115 118 120
6 10 33 36 66 84 120
6 10 33 81 108 118 120
6 10 34 36 65 84 120
6 10 34 36 68 81 120
6 10 34 81 108 116 120
6 10 34 84 108 113 120
6 10 36 48 70 89 96
6 10 36 48 72 80 96
6 10 36 65 84 98 120
6 10 36 66 68 113 120
6 10 36 66 84 97 120
6 10 36 66 84 105 112
6 10 36 84 97 98 120
6 10 36 84 98 113 120
6 10 37 56 82 88 100
6 10 37 82 88 104 116
6 10 37 84 88 104 114
6 10 40 88 101 114 116
6 10 41 52 70 88 112
6 10 41 52 82 84 104
6 10 41 82 84 100 120
6 10 41 84 88 100 114
6 10 44 49 70 88 112
6 10 44 66 84 113 120
6 10 44 81 84 98 120
6 10 44 81 88 98 116
6 10 44 81 98 116 120
6 10 44 84 88 98 113
6 10 48 68 72 80 96
6 10 49 52 70 88 104
6 10 49 52 76 82 104
6 10 49 56 76 82 100
6 10 49 65 76 118 120
6 10 49 65 88 108 118
6 10 49 65 92 102 120
6 10 49 65 92 108 114
6 10 49 66 76 116 120
6 10 49 66 84 108 120
6 10 49 66 88 108 116
6 10 49 66 92 108 112
6 10 49 70 88 104 116
6 10 49 70 88 108 112
6 10 49 76 82 100 120
6 10 49 76 82 104 116
6 10 49 84 88 98 108
6 10 49 92 108 114 120
6 10 49 92 108 118 120
6 10 50 69 88 104 116
6 10 50 73 84 100 120
6 10 50 86 109 121 124
6 10 50 92 108 113 120
6 10 50 92 108 117 120
6 10 52 56 67 84 104
6 10 52 56 69 88 98
6 10 52 56 73 84 98
6 10 52 56 76 81 98
6 10 52 65 66 68 120
6 10 52 65 68 98 120
6 10 52 66 68 97 120
6 10 52 66 68 113 120
6 10 52 66 76 113 120
6 10 52 66 81 108 120
6 10 52 66 84 105 120
6 10 52 66 88 108 112
6 10 52 66 88 108 113
6 10 52 66 88 109 112
6 10 52 66 92 105 112
6 10 52 67 88 108 112
6 10 52 68 81 98 120
6 10 52 68 82 105 120
6 10 52 68 88 104 112
6 10 52 69 88 104 114
6 10 52 70 88 104 112
6 10 52 70 88 104 113
6 10 52 70 88 105 112
6 10 52 71 88 104 112
6 10 52 73 84 98 120
6 10 52 73 84 104 114
6 10 52 73 100 114 120
6 10 52 76 81 98 120
6 10 52 76 82 104 113
6 10 52 76 98 113 120
6 10 52 81 88 98 108
6 10 52 81 98 108 120
6 10 52 82 88 100 105
6 10 52 82 88 101 104
6 10 52 82 100 105 120
6 10 52 84 88 98 104
6 10 52 84 88 98 105
6 10 52 84 88 99 104
6 10 52 84 98 105 120
6 10 52 84 105 114 120
6 10 52 88 98 108 113
6 10 52 88 100 104 112
6 10 52 88 100 104 114
6 10 52 88 100 104 115
6 10 52 88 100 105 114
6 10 52 88 101 104 114
6 10 52 89 98 100 120
6 10 52 89 100 104 114
6 10 53 65 88 104 118
6 10 53 66 88 104 116
6 10 53 66 88 108 112
6 10 53 68 88 104 114
6 10 53 70 88 104 112
6 10 53 84 88 98 104
6 10 54 77 114 121 124
6 10 54 93 109 114 120
6 10 56 69 72 114 116
6 10 56 69 88 98 116
6 10 56 69 88 100 114
6 10 56 69 104 114 116
6 10 56 72 82 101 116
6 10 56 72 84 100 112
6 10 56 72 84 100 114
6 10 56 72 84 100 115
6 10 56 72 84 101 114
6 10 56 73 84 100 114
6 10 56 76 81 98 116
6 10 56 76 82 100 113
6 10 56 76 98 113 116
6 10 56 81 84 98 108
6 10 56 81 98 108 116
6 10 56 82 84 100 105
6 10 56 82 84 101 104
6 10 56 82 101 104 116
6 10 56 84 88 98 100
6 10 56 84 88 98 101
6 10 56 84 88 99 100
6 10 56 85 98 104 116
6 10 56 85 100 104 114
6 10 56 88 98 101 116
6 10 56 88 101 114 116
6 10 56 88 104 117 118
6 10 56 88 108 113 118
6 10 56 88 108 114 117
6 10 56 88 108 117 118
6 10 56 92 108 113 114
6 10 56 92 108 113 118
6 10 56 92 108 114 117
6 10 56 92 108 115 118
6 10 56 92 109 115 118
6 10 57 66 84 100 120
6 10 57 72 84 100 114
6 10 57 84 88 98 100
6 10 57 86 109 114 124
6 10 60 77 115 118 120
6 10 60 83 109 118 120
6 10 60 86 109 114 120
6 10 60 86 109 114 121
6 10 60 86 109 115 120
6 10 60 89 103 118 120
6 10 60 92 99 118 120
6 10 60 92 101 114 120
6 10 60 92 102 113 120
6 10 60 92 102 114 120
6 10 60 92 102 114 121
6 10 60 92 102 115 120
6 10 60 92 102 115 121
6 10 60 92 103 114 120
6 10 60 92 103 114 121
6 10 60 92 103 115 120
6 10 60 92 105 115 118
6 10 60 92 108 113 114
6 10 60 93 103 114 120
6 10 66 76 113 116 120
6 10 66 81 108 116 120
6 10 66 84 108 113 120
6 10 66 88 108 113 116
6 10 66 108 113 116 120
6 10 69 88 104 114 116
6 10 70 88 104 113 116
6 10 73 84 100 114 120
6 10 76 81 98 116 120
6 10 76 82 100 113 120
6 10 76 82 104 113 116
6 10 76 98 113 116 120
6 10 81 84 98 108 120
6 10 81 88 98 108 116
6 10 81 98 108 116 120
6 10 82 84 100 105 120
6 10 82 88 101 104 116
6 10 84 88 98 108 113
6 10 84 98 108 113 120
6 10 84 100 105 114 120
6 10 86 109 114 121 124
6 10 88 98 108 113 116
6 10 88 101 104 114 116
6 10 92 108 113 114 120
6 10 92 108 113 118 120
6 10 92 108 114 117 120
6 10 92 108 115 118 120
6 10 92 109 115 118 120
6 10 98 108 113 116 120
6 11 12 20 100 113 122
6 11 12 20 100 114 120
6 11 12 20 101 114 120
6 11 12 52 69 114 120
6 11 12 52 81 102 120
6 11 12 52 84 97 122
6 11 12 52 84 98 120
6 11 12 52 84 99 120
6 11 12 52 84 104 114
6 11 12 52 84 105 114
6 11 12 84 100 113 122
6 11 12 84 100 114 120
6 11 12 84 101 114 120
6 11 17 48 84 98 108
6 11 17 48 92 98 100
6 11 18 48 84 100 104
6 11 20 48 80 100 104
6 11 21 24 102 104 112
6 11 21 38 90 108 113
6 11 21 56 88 98 100
6 11 21 65 102 122 124
6 11 21 70 105 114 124
6 11 21 88 102 104 112
6 11 21 97 102 122 124
6 11 21 102 113 122 124
6 11 21 102 114 121 124
6 11 21 102 121 122 124
6 11 22 70 108 113 120
6 11 22 102 108 113 120
6 11 22 108 114 116 120
6 11 24 37 86 104 112
6 11 24 40 85 102 112
6 11 24 85 102 104 112
6 11 24 108 113 114 116
6 11 25 101 118 122 124
6 11 26 52 70 108 113
6 11 26 108 117 118 120
6 11 28 38 70 113 120
6 11 28 38 82 108 113
6 11 28 52 69 104 114
6 11 28 106 117 118 120
6 11 28 108 113 116 122
6 11 28 108 113 118 120
6 11 28 108 114 116 120
6 11 28 109 115 118 120
6 11 28 110 114 117 120
6 11 34 52 68 88 96
6 11 37 70 113 122 124
6 11 37 76 84 114 120
6 11 37 85 106 114 124
6 11 37 86 97 122 124
6 11 37 86 108 114 121
6 11 37 89 102 114 124
6 11 38 76 82 116 120
6 11 38 85 97 122 124
6 11 38 86 108 113 120
6 11 38 90 108 113 116
6 11 38 92 98 116 120
6 11 38 92 105 114 116
6 11 38 92 108 113 114
6 11 40 88 101 114 116
6 11 40 92 97 114 116
6 11 44 49 82 84 104
6 11 44 52 73 84 114
6 11 44 52 76 81 114
6 11 44 69 84 114 120
6 11 44 76 84 113 114
6 11 44 84 88 100 114
6 11 44 92 100 113 114
6 11 48 81 84 98 108
6 11 49 69 86 106 124
6 11 49 70 92 108 114
6 11 49 76 84 100 122
6 11 49 92 108 118 120
6 11 49 92 108 118 122
6 11 50 70 92 108 113
6 11 52 56 69 76 114
6 11 52 65 82 108 112
6 11 52 66 84 104 112
6 11 52 67 84 104 112
6 11 52 69 76 114 120
6 11 52 73 84 100 122
6 11 52 76 100 113 122
6 11 52 76 100 114 120
6 11 52 76 101 114 120
6 11 52 81 98 108 112
6 11 52 84 100 121 122
6 11 52 84 108 113 122
6 11 52 84 108 114 120
6 11 52 92 97 98 112
6 11 52 92 100 104 114
6 11 52 92 108 113 114
6 11 53 65 70 122 124
6 11 53 69 90 108 114
6 11 53 70 81 108 122
6 11 53 78 113 122 124
6 11 53 89 102 122 124
6 11 53 89 106 118 124
6 11 53 90 110 113 124
6 11 53 94 110 113 120
6 11 54 69 88 104 112
6 11 54 70 81 105 124
6 11 54 70 81 108 120
6 11 54 76 84 97 120
6 11 54 92 98 100 120
6 11 56 72 84 100 112
6 11 56 76 84 100 114
6 11 56 81 108 114 116
6 11 56 88 97 102 116
6 11 56 88 101 114 116
6 11 56 88 104 117 118
6 11 56 88 108 113 118
6 11 56 88 108 114 116
6 11 56 88 108 117 118
6 11 56 88 110 117 118
6 11 56 92 97 98 116
6 11 56 92 106 117 118
6 11 56 92 108 113 114
6 11 56 92 108 113 118
6 11 56 92 108 114 116
6 11 56 92 108 115 118
6 11 56 92 109 115 118
6 11 56 92 110 113 118
6 11 56 92 110 114 116
6 11 56 92 110 114 117
6 11 57 69 82 102 124
6 11 57 76 84 100 114
6 11 58 70 81 108 116
6 11 60 65 84 98 112
6 11 60 69 70 114 120
6 11 60 70 81 108 114
6 11 60 70 82 108 113
6 11 60 72 84 98 112
6 11 60 73 84 100 114
6 11 60 76 84 97 114
6 11 60 77 115 118 120
6 11 60 78 113 118 120
6 11 60 78 114 116 120
6 11 60 78 114 117 120
6 11 60 83 109 118 120
6 11 60 85 102 121 122
6 11 60 85 105 118 122
6 11 60 85 110 113 122
6 11 60 85 110 114 120
6 11 60 85 110 115 120
6 11 60 86 106 116 120
6 11 60 86 106 117 120
6 11 60 86 109 114 120
6 11 60 86 110 113 120
6 11 60 89 103 118 120
6 11 60 89 106 117 118
6 11 60 90 101 118 120
6 11 60 92 97 100 114
6 11 60 92 99 118 120
6 11 60 92 101 114 120
6 11 60 92 101 115 122
6 11 60 92 102 113 122
6 11 60 92 102 114 120
6 11 60 92 102 114 121
6 11 60 92 102 115 120
6 11 60 92 103 113 122
6 11 60 92 103 114 120
6 11 60 92 103 115 120
6 11 60 92 105 114 116
6 11 60 92 105 115 118
6 11 60 92 106 113 118
6 11 60 92 106 114 116
6 11 60 92 106 114 117
6 11 60 92 108 113 114
6 11 60 92 110 113 114
6 11 60 94 103 113 120
6 11 62 69 70 113 120
6 11 62 70 81 97 124
6 11 65 88 108 114 116
6 11 65 108 114 116 120
6 11 69 76 114 116 120
6 11 69 86 106 113 124
6 11 69 108 114 116 120
6 11 70 92 105 114 116
6 11 70 92 106 113 116
6 11 70 92 108 113 114
6 11 70 108 113 116 122
6 11 76 81 98 116 120
6 11 76 84 100 113 122
6 11 76 84 100 114 120
6 11 76 84 101 114 120
6 11 81 84 98 108 112
6 11 81 88 102 104 116
6 11 81 108 114 116 120
6 11 85 88 102 104 112
6 11 85 102 121 122 124
6 11 85 105 118 122 124
6 11 85 110 113 122 124
6 11 88 97 108 114 116
6 11 88 101 104 114 116
6 11 88 108 113 114 116
6 11 89 106 117 118 124
6 11 92 97 98 116 120
6 11 92 97 104 114 116
6 11 92 106 117 118 120
6 11 92 108 113 114 120
6 11 92 108 113 116 122
6 11 92 108 113 118 120
6 11 92 108 113 118 122
6 11 92 108 114 116 120
6 11 92 108 115 118 120
6 11 92 109 115 118 120
6 11 92 110 113 118 120
6 11 92 110 114 116 120
6 11 92 110 114 117 120
6 11 97 108 114 116 120
6 11 108 113 114 116 120
6 12 17 18 100 104 112
6 12 17 24 98 104 116
6 12 17 34 66 116 120
6 12 17 34 68 72 112
6 12 17 34 88 104 116
6 12 17 36 82 104 112
6 12 17 38 74 116 120
6 12 17 38 90 104 116
6 12 17 40 72 114 116
6 12 17 40 88 98 116
6 12 17 40 88 100 114
6 12 17 48 80 100 106
6 12 17 48 82 100 104
6 12 17 50 68 72 96
6 12 17 52 90 100 104
6 12 17 52 90 102 104
6 12 17 54 90 100 104
6 12 17 56 82 100 104
6 12 17 56 84 98 104
6 12 17 68 72 98 112
6 12 17 82 100 104 112
6 12 17 86 100 106 120
6 12 17 88 98 104 116
6 12 17 88 100 104 114
6 12 18 34 68 73 112
6 12 18 34 73 116 120
6 12 18 34 81 100 120
6 12 18 34 84 104 113
6 12 18 48 80 100 104
6 12 18 52 88 100 104
6 12 18 56 73 98 116
6 12 18 65 98 116 120
6 12 18 66 97 116 120
6 12 18 66 100 104 113
6 12 18 66 100 113 120
6 12 18 73 98 116 120
6 12 18 97 98 116 120
6 12 18 98 113 116 120
6 12 19 48 80 100 104
6 12 19 52 69 106 120
6 12 19 52 84 105 106
6 12 19 52 88 100 106
6 12 19 52 88 101 106
6 12 19 56 69 106 116
6 12 19 69 106 116 120
6 12 19 84 100 105 122
6 12 19 84 100 106 120
6 12 19 84 101 106 120
6 12 19 101 106 116 120
6 12 20 24 97 98 112
6 12 20 25 98 100 120
6 12 20 25 99 100 122
6 12 20 26 97 102 120
6 12 20 26 99 100 120
6 12 20 33 90 102 120
6 12 20 35 89 100 122
6 12 20 35 90 100 120
6 12 20 36 67 121 122
6 12 20 36 73 114 120
6 12 20 36 75 113 122
6 12 20 36 90 99 120
6 12 20 37 83 106 120
6 12 20 38 90 97 120
6 12 20 40 65 80 98
6 12 20 40 66 80 96
6 12 20 40 67 80 96
6 12 20 40 80 97 98
6 12 20 41 81 102 122
6 12 20 41 82 100 120
6 12 20 41 83 100 122
6 12 20 41 83 102 120
6 12 20 42 82 100 120
6 12 20 42 82 100 121
6 12 20 42 82 101 120
6 12 20 42 83 100 120
6 12 20 43 83 100 120
6 12 20 43 89 100 114
6 12 20 48 88 97 98
6 12 20 50 65 72 96
6 12 20 56 65 66 96
6 12 20 56 73 100 114
6 12 20 56 81 98 104
6 12 20 56 83 100 106
6 12 20 56 83 101 106
6 12 20 56 88 97 98
6 12 20 56 88 97 102
6 12 20 56 88 98 100
6 12 20 56 88 99 100
6 12 20 56 88 99 102
6 12 20 56 90 97 100
6 12 20 56 90 97 102
6 12 20 56 90 99 100
6 12 20 57 90 99 100
6 12 20 58 90 97 100
6 12 20 67 100 121 122
6 12 20 68 99 121 122
6 12 20 68 105 114 120
6 12 20 73 100 114 120
6 12 20 75 100 113 122
6 12 20 83 100 106 120
6 12 20 83 101 106 120
6 12 20 88 97 98 112
6 12 20 88 100 105 114
6 12 20 89 99 100 122
6 12 20 90 97 100 120
6 12 20 90 97 102 120
6 12 20 90 99 100 120
6 12 20 99 100 121 122
6 12 20 100 105 114 120
6 12 20 100 115 121 122
6 12 21 26 99 100 120
6 12 21 42 67 116 120
6 12 21 52 90 99 104
6 12 21 56 90 99 100
6 12 21 74 101 114 120
6 12 22 41 84 99 120
6 12 22 56 81 100 106
6 12 22 56 84 97 106
6 12 22 56 84 99 104
6 12 22 65 106 116 120
6 12 22 68 106 113 120
6 12 22 81 100 106 120
6 12 22 84 97 106 120
6 12 22 88 97 106 116
6 12 22 88 100 106 113
6 12 22 97 106 116 120
6 12 22 100 106 113 120
6 12 22 106 113 116 120
6 12 24 40 81 98 116
6 12 24 49 82 100 104
6 12 24 49 84 98 104
6 12 24 50 69 104 112
6 12 24 65 104 114 116
6 12 24 72 97 114 116
6 12 24 81 98 104 116
6 12 24 84 97 104 114
6 12 24 97 104 114 116
6 12 24 104 113 114 116
6 12 25 38 84 97 122
6 12 25 52 84 98 104
6 12 25 52 84 99 106
6 12 25 52 86 97 106
6 12 25 84 99 100 122
6 12 25 106 117 118 120
6 12 26 37 69 114 120
6 12 26 37 81 106 116
6 12 26 37 84 99 120
6 12 26 37 84 105 114
6 12 26 37 84 106 113
6 12 26 52 69 98 120
6 12 26 52 69 104 114
6 12 26 52 84 97 106
6 12 26 52 84 98 104
6 12 26 52 84 98 105
6 12 26 52 84 99 104
6 12 26 69 99 116 120
6 12 26 84 99 100 120
6 12 27 52 84 99 104
6 12 33 34 66 84 120
6 12 33 34 68 88 112
6 12 33 34 84 88 96
6 12 33 48 68 82 104
6 12 33 48 68 88 98
6 12 33 48 68 90 96
6 12 33 48 70 88 96
6 12 33 50 68 88 96
6 12 33 68 82 104 112
6 12 33 68 88 98 112
6 12 33 82 100 104 112
6 12 33 86 106 116 120
6 12 33 88 104 114 116
6 12 34 48 68 88 96
6 12 34 49 66 84 104
6 12 34 52 66 88 97
6 12 34 65 66 116 120
6 12 34 66 81 100 120
6 12 34 66 84 97 120
6 12 34 66 84 104 113
6 12 34 66 97 116 120
6 12 34 66 100 113 120
6 12 34 66 113 116 120
6 12 34 82 97 116 120
6 12 34 82 105 116 120
6 12 35 48 68 72 80
6 12 35 52 73 84 122
6 12 35 52 84 90 105
6 12 36 40 65 82 112
6 12 36 40 81 82 96
6 12 36 48 65 82 104
6 12 36 56 67 80 96
6 12 36 65 82 104 112
6 12 36 68 115 121 122
6 12 36 81 98 104 112
6 12 36 84 99 121 122
6 12 36 84 105 114 120
6 12 36 84 105 115 122
6 12 36 84 106 115 120
6 12 36 86 106 113 120
6 12 37 50 75 84 120
6 12 37 56 75 84 114
6 12 37 56 82 88 100
6 12 37 74 84 114 120
6 12 37 75 84 114 120
6 12 37 83 84 106 120
6 12 37 83 88 106 116
6 12 37 83 106 116 120
6 12 38 56 74 84 113
6 12 38 56 81 84 106
6 12 38 56 82 84 105
6 12 38 73 84 113 122
6 12 38 74 81 116 120
6 12 38 74 84 113 120
6 12 38 74 113 116 120
6 12 38 81 84 106 120
6 12 38 90 97 116 120
6 12 38 90 100 113 120
6 12 38 90 104 113 116
6 12 40 72 113 114 116
6 12 40 88 97 114 116
6 12 40 88 100 113 114
6 12 41 52 83 84 106
6 12 41 52 84 90 99
6 12 41 82 84 100 120
6 12 41 84 88 100 114
6 12 42 52 67 84 120
6 12 42 52 70 81 120
6 12 42 52 84 88 99
6 12 48 65 68 82 104
6 12 48 65 82 100 104
6 12 48 68 81 98 104
6 12 48 68 88 97 98
6 12 48 81 82 100 104
6 12 48 81 98 100 104
6 12 49 52 69 90 106
6 12 49 56 75 84 102
6 12 49 58 75 84 100
6 12 49 68 72 80 98
6 12 49 68 72 98 112
6 12 49 68 80 98 104
6 12 49 68 82 104 112
6 12 49 68 88 104 114
6 12 49 68 88 106 112
6 12 49 69 90 106 116
6 12 49 73 84 102 122
6 12 49 75 84 100 122
6 12 49 75 84 102 120
6 12 49 82 88 100 104
6 12 49 82 100 104 112
6 12 49 86 100 106 120
6 12 49 86 106 116 120
6 12 50 56 75 84 100
6 12 50 65 66 116 120
6 12 50 65 68 72 112
6 12 50 65 68 80 104
6 12 50 65 68 104 112
6 12 50 65 80 100 104
6 12 50 65 88 104 116
6 12 50 66 73 116 120
6 12 50 66 88 104 116
6 12 50 66 88 104 117
6 12 50 66 88 105 116
6 12 50 68 88 104 112
6 12 50 69 88 104 112
6 12 50 70 88 105 116
6 12 50 73 84 100 120
6 12 50 74 84 100 120
6 12 50 74 84 100 121
6 12 50 75 84 100 120
6 12 51 68 88 104 112
6 12 51 69 74 116 120
6 12 51 69 84 106 120
6 12 51 69 88 106 116
6 12 51 73 84 100 122
6 12 51 74 84 100 120
6 12 51 75 84 100 120
6 12 51 84 88 101 106
6 12 51 84 89 100 106
6 12 52 56 67 84 104
6 12 52 56 67 84 106
6 12 52 56 69 90 99
6 12 52 56 73 84 98
6 12 52 65 84 106 120
6 12 52 65 86 106 120
6 12 52 65 88 104 114
6 12 52 67 68 121 122
6 12 52 67 84 105 122
6 12 52 67 84 106 120
6 12 52 67 100 121 122
6 12 52 68 73 114 120
6 12 52 68 81 106 120
6 12 52 68 83 105 122
6 12 52 68 88 104 114
6 12 52 68 88 104 115
6 12 52 68 88 105 114
6 12 52 68 88 106 115
6 12 52 68 89 106 115
6 12 52 68 90 99 120
6 12 52 68 90 106 113
6 12 52 69 88 106 115
6 12 52 69 90 99 120
6 12 52 69 90 106 113
6 12 52 69 106 115 120
6 12 52 70 81 106 120
6 12 52 70 88 105 114
6 12 52 70 88 106 113
6 12 52 70 106 113 120
6 12 52 73 84 98 120
6 12 52 73 84 99 122
6 12 52 73 100 114 120
6 12 52 74 84 99 120
6 12 52 81 88 98 104
6 12 52 81 88 100 106
6 12 52 81 88 102 106
6 12 52 81 100 106 120
6 12 52 83 84 105 106
6 12 52 83 88 101 106
6 12 52 83 100 105 122
6 12 52 83 100 106 120
6 12 52 83 101 106 120
6 12 52 84 88 97 106
6 12 52 84 88 98 104
6 12 52 84 88 99 104
6 12 52 84 88 99 106
6 12 52 84 90 97 106
6 12 52 84 90 99 104
6 12 52 84 90 99 105
6 12 52 84 97 106 120
6 12 52 84 99 105 122
6 12 52 84 99 106 120
6 12 52 84 99 121 122
6 12 52 84 105 106 115
6 12 52 84 105 114 120
6 12 52 84 105 115 122
6 12 52 84 106 115 120
6 12 52 84 107 121 122
6 12 52 86 88 97 106
6 12 52 86 97 106 120
6 12 52 86 106 113 120
6 12 52 88 100 104 114
6 12 52 88 100 104 115
6 12 52 88 100 105 114
6 12 52 88 100 106 115
6 12 52 88 101 106 115
6 12 52 88 102 106 113
6 12 52 89 99 100 122
6 12 52 89 100 104 114
6 12 52 89 100 106 115
6 12 52 90 97 100 120
6 12 52 90 97 102 120
6 12 52 90 99 100 120
6 12 52 90 100 104 115
6 12 52 90 100 106 113
6 12 52 90 102 104 113
6 12 53 68 88 104 114
6 12 54 65 84 106 120
6 12 54 68 74 113 120
6 12 54 68 81 106 120
6 12 54 68 88 104 115
6 12 54 68 88 106 113
6 12 54 84 88 97 106
6 12 54 90 97 100 120
6 12 54 90 100 104 113
6 12 56 65 72 114 116
6 12 56 65 88 98 116
6 12 56 65 88 100 114
6 12 56 69 88 100 114
6 12 56 69 90 99 116
6 12 56 72 81 98 116
6 12 56 72 81 100 114
6 12 56 73 84 100 114
6 12 56 74 84 100 114
6 12 56 74 84 100 115
6 12 56 75 84 100 114
6 12 56 75 84 100 115
6 12 56 75 84 101 114
6 12 56 81 84 100 106
6 12 56 81 88 98 100
6 12 56 81 98 104 116
6 12 56 81 100 104 114
6 12 56 84 88 97 98
6 12 56 84 90 99 100
6 12 56 84 97 104 114
6 12 56 88 97 98 116
6 12 56 88 97 100 114
6 12 56 88 97 114 116
6 12 56 88 100 113 114
6 12 56 88 104 113 118
6 12 56 88 104 114 116
6 12 56 88 104 115 116
6 12 56 88 104 117 118
6 12 56 88 105 114 116
6 12 56 88 106 117 118
6 12 56 88 107 117 118
6 12 56 89 106 117 118
6 12 57 67 84 100 122
6 12 57 74 84 100 114
6 12 57 75 84 100 114
6 12 57 83 84 100 106
6 12 57 86 107 116 120
6 12 57 89 102 116 122
6 12 57 90 101 118 120
6 12 57 90 103 116 120
6 12 58 65 70 116 120
6 12 58 65 84 100 120
6 12 58 65 84 102 120
6 12 58 67 84 100 120
6 12 58 70 81 100 120
6 12 58 70 88 97 116
6 12 58 70 88 100 113
6 12 58 73 84 100 115
6 12 58 73 84 102 113
6 12 58 74 84 100 113
6 12 58 81 84 100 106
6 12 58 81 84 102 104
6 12 58 84 88 97 100
6 12 58 84 88 99 100
6 12 58 86 105 116 120
6 12 58 90 101 116 120
6 12 65 68 82 104 112
6 12 65 82 100 104 112
6 12 65 86 106 116 120
6 12 65 88 104 114 116
6 12 67 84 100 121 122
6 12 68 72 81 98 112
6 12 68 81 98 104 112
6 12 68 88 97 98 112
6 12 68 88 104 113 114
6 12 69 74 115 116 120
6 12 69 84 106 115 120
6 12 69 88 106 115 116
6 12 69 90 99 116 120
6 12 69 90 106 113 116
6 12 69 106 115 116 120
6 12 70 88 105 114 116
6 12 73 84 100 114 120
6 12 73 84 100 115 122
6 12 73 84 102 113 122
6 12 74 84 100 114 120
6 12 74 84 100 114 121
6 12 74 84 100 115 120
6 12 75 84 100 113 122
6 12 75 84 100 114 120
6 12 75 84 100 115 120
6 12 75 84 101 114 120
6 12 81 82 100 104 112
6 12 81 84 100 106 120
6 12 81 88 98 104 116
6 12 81 88 100 104 114
6 12 81 98 100 104 112
6 12 83 84 100 105 122
6 12 83 84 101 106 120
6 12 83 101 106 116 120
6 12 84 88 101 106 115
6 12 84 89 100 106 115
6 12 84 90 97 102 120
6 12 84 90 99 100 120
6 12 84 99 100 121 122
6 12 84 100 105 114 120
6 12 84 100 105 115 122
6 12 84 100 106 115 120
6 12 84 100 115 121 122
6 12 84 101 106 115 120
6 12 86 97 106 116 120
6 12 86 100 106 113 120
6 12 86 106 113 116 120
6 12 88 97 104 114 116
6 12 88 100 104 113 114
6 12 88 104 113 114 116
6 12 89 106 117 118 120
6 12 101 106 115 116 120
6 13 14 50 67 116 120
6 13 14 81 98 116 120
6 13 14 82 98 116 120
6 13 17 38 88 98 112
6 13 17 50 82 100 104
6 13 17 50 84 98 104
6 13 18 34 84 104 112
6 13 18 48 80 98 108
6 13 18 48 80 100 106
6 13 18 48 84 98 104
6 13 18 84 98 104 112
6 13 19 78 99 116 120
6 13 19 105 118 122 124
6 13 20 48 80 98 104
6 13 21 42 82 102 120
6 13 22 26 98 108 113
6 13 22 33 66 104 112
6 13 22 41 82 100 120
6 13 22 41 82 104 112
6 13 22 42 67 116 120
6 13 22 42 81 102 120
6 13 22 56 76 99 112
6 13 22 68 106 113 120
6 13 22 74 101 114 120
6 13 22 74 102 113 120
6 13 22 88 100 106 113
6 13 22 100 106 113 120
6 13 22 102 121 122 124
6 13 22 106 113 116 120
6 13 23 110 113 122 124
6 13 24 50 67 104 116
6 13 24 50 73 102 112
6 13 24 50 81 102 104
6 13 24 50 86 97 104
6 13 25 50 82 100 104
6 13 26 97 98 116 120
6 13 26 106 113 118 124
6 13 26 106 117 118 120
6 13 26 108 114 116 120
6 13 26 110 113 116 120
6 13 26 110 113 118 120
6 13 26 110 114 116 120
6 13 28 50 67 100 120
6 13 28 50 82 100 104
6 13 28 68 106 113 114
6 13 28 81 100 106 114
6 13 28 100 106 113 114
6 13 28 106 113 114 116
6 13 28 106 114 116 120
6 13 28 106 114 116 121
6 13 28 106 115 116 120
6 13 28 108 114 116 120
6 13 28 110 114 116 120
6 13 30 107 113 118 124
6 13 30 110 114 116 120
6 13 30 110 115 116 121
6 13 33 50 66 84 104
6 13 33 56 70 82 96
6 13 33 67 118 122 124
6 13 33 82 98 116 120
6 13 33 86 106 116 120
6 13 33 90 98 116 120
6 13 34 52 65 90 96
6 13 34 52 66 88 96
6 13 35 76 82 116 120
6 13 35 82 88 104 116
6 13 35 86 106 113 124
6 13 36 84 106 115 120
6 13 36 86 106 113 120
6 13 36 92 106 113 114
6 13 37 74 82 116 120
6 13 38 74 81 116 120
6 13 38 74 82 113 124
6 13 38 74 82 116 120
6 13 38 74 114 116 120
6 13 38 90 97 116 120
6 13 38 90 98 116 120
6 13 38 90 100 113 120
6 13 38 90 104 113 116
6 13 38 92 97 114 120
6 13 41 50 82 84 104
6 13 41 82 88 98 116
6 13 42 65 82 116 120
6 13 42 69 82 116 120
6 13 42 81 82 104 116
6 13 42 82 88 97 116
6 13 44 84 88 99 114
6 13 44 90 97 114 116
6 13 44 90 100 113 114
6 13 48 82 84 98 104
6 13 49 67 118 122 124
6 13 49 86 100 106 120
6 13 49 86 106 116 120
6 13 49 90 98 104 116
6 13 49 90 98 108 116
6 13 49 90 108 114 116
6 13 49 92 100 106 114
6 13 50 65 66 84 104
6 13 50 65 66 116 120
6 13 50 65 74 116 120
6 13 50 65 82 100 120
6 13 50 65 82 108 112
6 13 50 65 84 98 104
6 13 50 66 76 116 120
6 13 50 66 84 104 112
6 13 50 66 88 104 116
6 13 50 67 76 116 120
6 13 50 67 88 104 116
6 13 50 68 72 80 96
6 13 50 69 74 116 120
6 13 50 70 74 113 124
6 13 50 73 82 104 116
6 13 50 73 88 102 112
6 13 50 73 98 116 120
6 13 50 74 81 104 116
6 13 50 74 97 116 120
6 13 50 76 98 116 120
6 13 50 81 88 102 104
6 13 50 81 106 116 120
6 13 50 82 100 104 112
6 13 50 82 108 116 120
6 13 50 82 110 116 120
6 13 50 84 98 104 112
6 13 50 86 106 116 120
6 13 50 88 98 104 116
6 13 50 90 97 104 116
6 13 50 92 98 100 120
6 13 50 92 98 104 112
6 13 50 92 100 104 112
6 13 50 92 102 106 113
6 13 50 92 108 116 120
6 13 51 74 84 100 120
6 13 51 85 110 122 124
6 13 51 94 110 113 124
6 13 51 94 110 116 121
6 13 52 65 82 98 104
6 13 52 68 88 104 114
6 13 52 68 88 106 115
6 13 52 68 90 106 113
6 13 52 70 88 105 114
6 13 52 76 82 98 120
6 13 52 76 99 114 120
6 13 52 76 106 113 114
6 13 52 83 100 106 120
6 13 52 84 106 114 120
6 13 52 84 106 114 121
6 13 52 84 106 115 120
6 13 52 86 106 113 120
6 13 52 88 100 104 114
6 13 52 88 100 106 115
6 13 52 89 100 106 114
6 13 52 90 100 104 114
6 13 52 90 100 104 115
6 13 52 90 100 106 113
6 13 52 90 102 104 113
6 13 52 90 108 113 114
6 13 52 90 108 115 120
6 13 52 92 108 114 120
6 13 52 94 110 115 121
6 13 53 67 86 106 120
6 13 53 67 90 106 116
6 13 53 94 110 113 122
6 13 54 66 88 104 112
6 13 54 68 74 113 120
6 13 54 68 81 106 120
6 13 54 68 88 104 112
6 13 54 68 88 104 114
6 13 54 68 88 104 115
6 13 54 68 88 106 113
6 13 54 70 74 113 120
6 13 54 78 113 122 124
6 13 54 82 88 97 104
6 13 54 83 110 121 124
6 13 54 86 105 122 124
6 13 54 86 106 121 124
6 13 54 86 107 121 124
6 13 54 86 108 121 122
6 13 54 90 97 100 120
6 13 54 90 100 104 112
6 13 54 90 100 104 113
6 13 54 90 110 113 124
6 13 54 90 110 116 120
6 13 54 92 108 115 122
6 13 54 92 110 113 122
6 13 54 92 110 115 121
6 13 54 94 107 113 124
6 13 54 94 107 116 121
6 13 56 72 82 98 116
6 13 56 72 82 100 112
6 13 56 72 82 102 112
6 13 56 73 82 98 116
6 13 56 74 84 100 114
6 13 56 74 97 114 116
6 13 56 81 82 102 104
6 13 56 86 98 104 112
6 13 56 88 104 114 116
6 13 56 88 106 117 118
6 13 56 88 108 114 116
6 13 56 88 108 115 118
6 13 56 88 110 113 118
6 13 56 88 110 114 116
6 13 56 88 110 115 116
6 13 56 90 97 98 116
6 13 56 90 108 113 118
6 13 56 90 108 114 116
6 13 56 90 108 115 116
6 13 56 90 110 113 116
6 13 57 74 84 100 114
6 13 57 94 110 115 116
6 13 58 65 66 116 120
6 13 58 65 70 116 120
6 13 58 65 82 104 116
6 13 58 70 82 104 116
6 13 58 70 88 97 116
6 13 58 70 88 100 113
6 13 58 72 82 97 116
6 13 58 73 84 100 114
6 13 58 76 82 97 116
6 13 58 76 82 98 116
6 13 58 78 113 116 120
6 13 58 81 84 102 104
6 13 58 86 105 116 120
6 13 58 90 101 116 120
6 13 58 90 108 113 116
6 13 58 92 97 98 116
6 13 58 92 97 100 114
6 13 58 92 99 116 120
6 13 58 92 102 113 120
6 13 58 92 105 114 116
6 13 58 92 108 113 114
6 13 58 92 110 114 116
6 13 60 68 81 106 114
6 13 60 68 82 98 120
6 13 60 69 82 98 120
6 13 60 70 74 113 114
6 13 60 70 82 98 120
6 13 60 70 82 106 113
6 13 60 72 82 98 112
6 13 60 74 84 97 114
6 13 60 76 82 98 112
6 13 60 78 114 116 120
6 13 60 82 84 98 104
6 13 60 85 110 115 122
6 13 60 86 106 116 120
6 13 60 92 102 113 122
6 13 60 92 106 114 116
6 13 60 92 107 115 118
6 13 60 94 107 113 118
6 13 60 94 107 115 116
6 13 62 94 107 113 116
6 13 65 74 114 116 120
6 13 65 78 114 116 120
6 13 65 82 98 116 120
6 13 65 86 106 116 120
6 13 65 90 108 114 116
6 13 65 110 114 116 120
6 13 67 76 114 116 120
6 13 67 78 114 116 120
6 13 67 86 106 116 120
6 13 67 88 104 114 116
6 13 67 90 108 114 116
6 13 67 97 118 122 124
6 13 67 102 113 122 124
6 13 67 108 114 116 120
6 13 67 110 114 116 120
6 13 67 113 118 122 124
6 13 69 74 114 116 120
6 13 69 88 106 114 116
6 13 69 106 114 116 120
6 13 70 74 113 114 124
6 13 70 105 114 116 120
6 13 73 82 98 116 120
6 13 74 81 104 114 116
6 13 74 84 100 114 120
6 13 74 84 101 114 120
6 13 74 97 114 116 120
6 13 76 82 98 116 120
6 13 76 84 99 114 120
6 13 76 99 114 116 120
6 13 78 97 114 116 120
6 13 78 113 118 122 124
6 13 82 84 98 104 112
6 13 84 100 106 115 120
6 13 86 97 106 116 120
6 13 86 100 106 113 120
6 13 86 102 121 122 124
6 13 86 106 113 116 120
6 13 86 110 113 122 124
6 13 90 97 98 116 120
6 13 90 97 108 114 116
6 13 90 108 113 114 116
6 13 90 108 113 118 120
6 13 90 108 114 116 120
6 13 90 108 114 116 121
6 13 90 108 115 116 120
6 13 90 110 113 116 120
6 13 92 97 106 114 116
6 13 92 100 106 113 114
6 13 92 108 113 118 122
6 13 92 108 114 116 120
6 13 92 108 115 118 122
6 13 92 110 113 118 122
6 13 92 110 114 116 120
6 13 94 107 113 118 124
6 13 94 110 114 116 120
6 13 94 110 115 116 121
6 13 97 110 114 116 120
6 13 99 108 114 116 120
6 13 101 106 114 116 120
6 13 110 113 118 122 124
6 14 17 33 66 116 120
6 14 17 33 82 100 120
6 14 17 40 72 114 116
6 14 17 40 88 98 116
6 14 17 48 80 98 108
6 14 17 48 80 98 109
6 14 17 48 80 100 104
6 14 17 48 80 102 105
6 14 17 48 82 100 104
6 14 17 48 82 100 105
6 14 17 50 84 97 104
6 14 17 52 67 104 112
6 14 17 65 98 116 120
6 14 17 66 97 116 120
6 14 17 82 97 100 120
6 14 17 82 100 104 112
6 14 17 82 100 105 112
6 14 17 97 98 116 120
6 14 17 97 114 116 120
6 14 17 97 118 122 124
6 14 17 105 114 116 120
6 14 17 108 114 116 120
6 14 18 48 80 100 104
6 14 18 48 80 100 105
6 14 18 48 81 100 104
6 14 18 48 84 97 104
6 14 18 98 117 121 124
6 14 19 48 80 100 104
6 14 19 48 81 100 104
6 14 19 66 108 116 120
6 14 19 67 108 116 120
6 14 19 69 106 116 120
6 14 19 98 108 116 120
6 14 19 99 108 116 120
6 14 19 108 114 116 120
6 14 19 109 114 116 120
6 14 20 108 113 114 120
6 14 21 65 108 114 120
6 14 21 97 108 114 120
6 14 21 105 118 122 124
6 14 21 108 113 114 120
6 14 22 25 97 106 116
6 14 22 41 81 98 124
6 14 22 41 81 102 120
6 14 22 56 88 98 100
6 14 22 56 89 98 101
6 14 22 65 106 116 120
6 14 22 66 108 113 120
6 14 22 67 108 113 120
6 14 22 73 97 114 124
6 14 22 88 97 106 116
6 14 22 88 98 108 113
6 14 22 97 106 116 120
6 14 22 98 108 113 120
6 14 22 101 106 113 120
6 14 22 101 121 122 124
6 14 22 102 121 122 124
6 14 22 105 114 116 120
6 14 22 106 113 116 120
6 14 22 106 117 121 124
6 14 23 98 105 116 120
6 14 23 103 121 122 124
6 14 24 50 84 97 104
6 14 24 65 104 114 116
6 14 24 72 97 114 116
6 14 24 81 99 104 116
6 14 24 82 97 104 116
6 14 24 97 104 114 116
6 14 24 104 113 114 116
6 14 25 38 67 116 120
6 14 25 38 82 105 116
6 14 25 70 105 114 116
6 14 25 84 97 108 114
6 14 25 97 104 114 116
6 14 25 105 114 116 120
6 14 25 106 114 117 124
6 14 25 106 117 118 120
6 14 25 108 113 116 122
6 14 25 108 114 116 120
6 14 25 108 115 116 120
6 14 26 52 69 98 120
6 14 26 69 105 114 116
6 14 26 70 105 113 116
6 14 26 84 102 105 113
6 14 26 105 114 117 124
6 14 26 105 117 118 120
6 14 28 35 67 116 120
6 14 28 67 97 116 120
6 14 28 97 100 114 120
6 14 28 97 114 116 120
6 14 28 100 104 113 114
6 14 28 105 114 116 120
6 14 28 108 113 114 120
6 14 28 108 113 116 122
6 14 28 108 113 118 122
6 14 28 108 115 116 122
6 14 28 109 115 116 122
6 14 33 50 65 84 104
6 14 33 52 66 88 96
6 14 33 52 67 88 96
6 14 33 65 66 116 120
6 14 33 65 98 116 120
6 14 33 65 114 116 120
6 14 33 65 118 122 124
6 14 33 73 114 116 120
6 14 33 76 114 116 120
6 14 33 81 98 116 120
6 14 33 81 102 122 124
6 14 33 81 108 116 122
6 14 33 86 106 116 120
6 14 33 88 104 114 116
6 14 33 89 98 116 120
6 14 33 89 104 114 116
6 14 33 89 108 114 116
6 14 33 92 98 116 120
6 14 33 92 100 114 120
6 14 34 66 117 121 124
6 14 34 82 108 117 121
6 14 34 83 108 116 120
6 14 34 83 108 116 121
6 14 34 83 109 116 120
6 14 34 86 105 116 120
6 14 34 86 108 113 120
6 14 34 90 101 116 121
6 14 34 91 101 116 120
6 14 35 76 82 116 120
6 14 35 77 114 116 120
6 14 35 81 86 108 120
6 14 35 83 108 116 120
6 14 35 84 88 97 112
6 14 35 86 105 116 120
6 14 35 86 108 113 120
6 14 35 89 108 114 116
6 14 35 92 98 116 120
6 14 35 92 105 114 116
6 14 35 93 98 116 120
6 14 35 93 100 114 120
6 14 36 76 113 114 120
6 14 36 92 97 114 120
6 14 36 92 98 113 120
6 14 36 92 104 113 114
6 14 37 56 73 84 114
6 14 37 56 76 81 114
6 14 37 73 84 114 120
6 14 37 73 114 116 120
6 14 37 76 81 114 120
6 14 37 76 113 114 120
6 14 37 90 98 116 120
6 14 37 92 97 114 120
6 14 38 73 82 116 120
6 14 38 73 114 116 120
6 14 38 74 81 116 120
6 14 38 74 84 113 120
6 14 38 74 113 116 120
6 14 38 85 105 114 120
6 14 38 89 98 116 120
6 14 38 89 104 114 116
6 14 38 89 105 114 116
6 14 38 90 97 116 120
6 14 38 90 104 113 116
6 14 38 90 105 113 116
6 14 38 92 98 113 120
6 14 39 66 89 116 120
6 14 40 72 113 114 116
6 14 40 73 113 114 116
6 14 40 88 97 114 116
6 14 40 88 98 113 116
6 14 40 89 97 114 116
6 14 41 65 82 116 120
6 14 41 65 88 114 116
6 14 41 70 81 114 124
6 14 41 70 82 116 120
6 14 41 72 81 114 116
6 14 41 82 88 97 116
6 14 41 82 97 116 120
6 14 41 84 88 100 114
6 14 41 92 100 113 114
6 14 44 65 84 114 120
6 14 44 68 81 114 120
6 14 44 68 88 113 114
6 14 44 69 88 113 114
6 14 44 81 84 97 122
6 14 44 81 88 100 114
6 14 44 81 98 116 120
6 14 44 81 100 114 120
6 14 44 84 88 97 114
6 14 44 84 88 98 113
6 14 44 89 97 114 116
6 14 48 81 82 100 104
6 14 49 65 70 122 124
6 14 49 65 74 116 120
6 14 49 65 76 116 122
6 14 49 65 82 100 120
6 14 49 65 86 106 124
6 14 49 65 88 104 118
6 14 49 65 92 108 114
6 14 49 66 68 72 112
6 14 49 66 76 116 120
6 14 49 66 84 104 112
6 14 49 66 88 104 116
6 14 49 67 92 108 114
6 14 49 67 108 116 122
6 14 49 70 73 114 124
6 14 49 70 97 122 124
6 14 49 73 104 114 116
6 14 49 73 114 116 120
6 14 49 76 97 116 122
6 14 49 76 99 116 120
6 14 49 81 82 100 104
6 14 49 81 98 100 120
6 14 49 81 98 108 112
6 14 49 81 98 116 120
6 14 49 81 102 122 124
6 14 49 81 106 116 120
6 14 49 81 108 116 122
6 14 49 82 97 100 120
6 14 49 82 100 104 112
6 14 49 82 108 116 120
6 14 49 86 97 106 124
6 14 49 86 97 108 120
6 14 49 86 98 108 120
6 14 49 86 106 116 120
6 14 49 88 97 104 118
6 14 49 88 99 104 116
6 14 49 88 105 114 116
6 14 49 89 108 114 116
6 14 49 90 97 104 116
6 14 49 92 97 100 122
6 14 49 92 97 108 114
6 14 49 92 100 104 114
6 14 49 92 108 114 120
6 14 49 92 108 116 122
6 14 49 92 108 118 122
6 14 50 65 88 104 116
6 14 50 66 85 105 124
6 14 50 66 85 108 121
6 14 50 66 92 108 113
6 14 50 67 92 108 113
6 14 50 70 73 116 120
6 14 50 70 88 108 113
6 14 50 70 89 105 116
6 14 50 70 105 117 120
6 14 50 74 84 100 120
6 14 50 74 84 100 121
6 14 50 74 84 101 121
6 14 50 74 117 121 124
6 14 50 81 84 97 104
6 14 50 82 101 121 124
6 14 50 82 108 116 120
6 14 50 82 108 116 121
6 14 50 82 108 117 121
6 14 50 82 109 116 120
6 14 50 82 109 116 121
6 14 50 83 108 116 121
6 14 50 83 109 116 120
6 14 50 85 98 105 124
6 14 50 85 98 108 121
6 14 50 85 100 106 120
6 14 50 85 100 106 121
6 14 50 85 102 105 120
6 14 50 85 106 116 121
6 14 50 85 107 116 120
6 14 50 86 97 108 120
6 14 50 86 105 116 120
6 14 50 86 108 113 120
6 14 50 87 100 105 120
6 14 50 89 98 108 116
6 14 50 89 99 108 116
6 14 50 89 102 105 116
6 14 50 89 106 117 124
6 14 50 90 108 117 121
6 14 50 92 97 100 120
6 14 50 92 97 102 120
6 14 50 92 98 100 120
6 14 50 92 98 100 121
6 14 50 92 98 101 121
6 14 50 92 98 108 113
6 14 50 92 99 116 120
6 14 50 92 100 104 113
6 14 50 92 100 106 113
6 14 50 92 102 105 113
6 14 50 92 108 113 120
6 14 50 93 98 100 120
6 14 50 93 98 100 121
6 14 50 93 98 101 120
6 14 50 93 99 100 120
6 14 51 65 88 104 116
6 14 51 66 76 116 120
6 14 51 66 77 116 120
6 14 51 66 84 108 120
6 14 51 66 84 108 121
6 14 51 66 89 108 116
6 14 51 77 98 116 120
6 14 51 89 98 108 116
6 14 51 92 98 105 116
6 14 51 93 98 100 120
6 14 51 93 109 118 122
6 14 52 65 76 114 120
6 14 52 65 88 108 114
6 14 52 67 81 104 112
6 14 52 68 73 114 120
6 14 52 68 88 104 114
6 14 52 68 88 104 115
6 14 52 68 88 106 113
6 14 52 70 88 104 113
6 14 52 73 100 114 120
6 14 52 76 81 97 122
6 14 52 76 97 114 120
6 14 52 76 98 113 120
6 14 52 76 113 114 120
6 14 52 81 108 114 120
6 14 52 82 108 113 120
6 14 52 84 105 114 120
6 14 52 84 106 113 120
6 14 52 88 97 108 114
6 14 52 88 100 104 114
6 14 52 88 100 104 115
6 14 52 88 100 106 113
6 14 52 88 108 113 114
6 14 52 89 97 100 122
6 14 52 89 97 108 114
6 14 52 89 100 104 114
6 14 52 90 97 100 120
6 14 52 90 98 101 120
6 14 52 90 98 101 121
6 14 52 90 100 104 113
6 14 52 92 97 104 114
6 14 52 92 98 104 113
6 14 52 92 108 113 122
6 14 52 92 108 114 121
6 14 52 92 108 115 122
6 14 52 92 109 115 122
6 14 53 66 88 104 112
6 14 53 68 88 104 114
6 14 53 69 82 106 120
6 14 53 70 82 105 120
6 14 53 70 88 105 114
6 14 53 76 82 98 121
6 14 53 77 82 98 120
6 14 53 82 89 98 108
6 14 53 82 89 100 106
6 14 53 86 98 105 120
6 14 53 86 106 121 124
6 14 53 89 102 114 120
6 14 53 89 102 122 124
6 14 53 90 98 100 121
6 14 53 90 98 105 116
6 14 53 90 109 114 124
6 14 54 65 82 108 120
6 14 54 66 76 113 120
6 14 54 66 81 108 120
6 14 54 66 85 105 120
6 14 54 66 89 105 116
6 14 54 67 81 108 120
6 14 54 68 88 104 113
6 14 54 73 82 100 120
6 14 54 76 81 97 120
6 14 54 77 114 121 124
6 14 54 81 90 97 108
6 14 54 82 89 100 105
6 14 54 86 105 122 124
6 14 54 86 106 121 124
6 14 54 89 98 100 120
6 14 54 92 97 98 120
6 14 54 93 109 115 122
6 14 55 66 84 105 120
6 14 56 65 72 114 116
6 14 56 65 88 98 116
6 14 56 67 88 97 116
6 14 56 69 88 100 114
6 14 56 72 81 97 118
6 14 56 72 81 98 116
6 14 56 72 81 99 116
6 14 56 73 81 98 116
6 14 56 73 84 100 114
6 14 56 73 84 100 115
6 14 56 73 97 114 116
6 14 56 73 113 114 116
6 14 56 76 81 100 114
6 14 56 76 100 113 114
6 14 56 81 98 104 116
6 14 56 82 97 104 116
6 14 56 83 97 104 116
6 14 56 88 97 98 116
6 14 56 88 97 114 116
6 14 56 88 98 100 113
6 14 56 88 98 113 116
6 14 56 88 104 113 118
6 14 56 88 104 114 116
6 14 56 88 104 114 117
6 14 56 88 104 117 118
6 14 56 88 105 114 116
6 14 56 88 106 113 116
6 14 56 88 106 117 118
6 14 56 88 107 117 118
6 14 56 88 108 113 118
6 14 56 88 108 114 116
6 14 56 88 108 114 117
6 14 56 88 108 115 116
6 14 56 88 109 114 116
6 14 56 89 106 117 118
6 14 56 92 105 114 116
6 14 56 92 108 113 114
6 14 57 65 72 114 116
6 14 57 65 76 114 116
6 14 57 65 82 108 116
6 14 57 65 84 100 122
6 14 57 65 84 108 114
6 14 57 65 88 98 116
6 14 57 67 69 118 120
6 14 57 67 82 108 116
6 14 57 69 74 114 116
6 14 57 69 82 98 124
6 14 57 69 82 106 116
6 14 57 70 73 114 116
6 14 57 70 82 105 116
6 14 57 70 88 98 116
6 14 57 71 98 116 120
6 14 57 71 114 116 120
6 14 57 73 84 100 114
6 14 57 76 81 100 114
6 14 57 76 82 98 116
6 14 57 82 84 102 104
6 14 57 86 98 105 116
6 14 57 86 109 114 120
6 14 57 87 98 100 120
6 14 57 89 102 114 116
6 14 57 89 102 114 124
6 14 57 90 101 114 124
6 14 57 90 101 118 120
6 14 57 90 102 117 120
6 14 57 90 103 116 120
6 14 57 90 108 114 117
6 14 57 92 97 100 114
6 14 58 65 70 116 120
6 14 58 65 84 100 120
6 14 58 66 69 116 120
6 14 58 66 84 100 120
6 14 58 66 84 100 121
6 14 58 66 84 101 120
6 14 58 66 84 101 121
6 14 58 66 84 108 113
6 14 58 67 69 116 120
6 14 58 67 84 101 120
6 14 58 70 73 113 116
6 14 58 70 81 97 124
6 14 58 70 88 97 116
6 14 58 72 81 97 116
6 14 58 82 85 100 105
6 14 58 84 88 97 100
6 14 58 85 98 100 120
6 14 58 86 105 116 120
6 14 58 90 101 116 120
6 14 58 90 101 116 121
6 14 58 90 108 113 116
6 14 58 92 98 100 113
6 14 58 92 101 114 121
6 14 58 92 105 114 116
6 14 58 93 109 114 116
6 14 59 66 69 116 120
6 14 59 66 84 100 120
6 14 59 66 84 100 121
6 14 59 66 84 101 120
6 14 60 65 68 114 120
6 14 60 65 82 102 120
6 14 60 65 84 104 114
6 14 60 68 72 113 114
6 14 60 68 73 113 114
6 14 60 68 81 97 122
6 14 60 68 88 97 114
6 14 60 68 88 98 113
6 14 60 69 82 98 120
6 14 60 69 82 98 121
6 14 60 69 82 106 113
6 14 60 70 82 105 113
6 14 60 70 88 98 113
6 14 60 73 84 97 114
6 14 60 76 81 97 114
6 14 60 76 82 98 113
6 14 60 77 82 98 113
6 14 60 77 115 116 122
6 14 60 82 84 98 104
6 14 60 82 85 98 105
6 14 60 83 109 114 120
6 14 60 83 109 116 122
6 14 60 85 102 121 122
6 14 60 85 105 118 122
6 14 60 85 107 116 122
6 14 60 86 106 117 121
6 14 60 86 109 114 121
6 14 60 90 109 114 116
6 14 60 90 109 115 116
6 14 60 92 99 116 122
6 14 60 92 101 115 122
6 14 60 92 102 113 122
6 14 60 92 102 114 121
6 14 60 92 102 115 121
6 14 60 92 105 114 116
6 14 60 92 106 113 116
6 14 60 92 106 114 116
6 14 60 92 106 115 116
6 14 60 92 107 114 116
6 14 60 92 107 114 117
6 14 60 92 107 115 116
6 14 60 92 108 113 114
6 14 60 93 107 114 116
6 14 61 67 84 104 114
6 14 61 69 82 98 120
6 14 61 82 84 98 104
6 14 61 82 84 99 104
6 14 65 76 114 116 120
6 14 65 86 106 116 120
6 14 65 88 104 114 116
6 14 65 108 114 116 120
6 14 66 76 113 116 120
6 14 66 88 104 113 116
6 14 66 108 113 116 120
6 14 67 81 108 116 122
6 14 67 92 102 113 120
6 14 67 92 105 114 116
6 14 67 92 108 113 114
6 14 67 108 113 116 122
6 14 67 108 114 116 120
6 14 67 108 114 116 121
6 14 69 74 114 116 121
6 14 69 82 106 113 124
6 14 70 73 113 114 124
6 14 70 73 114 116 120
6 14 70 81 97 122 124
6 14 70 82 105 117 120
6 14 70 88 105 114 116
6 14 70 89 99 116 120
6 14 70 89 105 114 116
6 14 70 89 106 113 116
6 14 70 105 113 114 124
6 14 70 105 114 116 120
6 14 70 105 114 117 120
6 14 71 105 114 116 120
6 14 73 81 98 116 120
6 14 73 84 100 113 122
6 14 73 84 100 114 120
6 14 73 84 100 115 120
6 14 73 97 114 116 120
6 14 73 104 113 114 116
6 14 73 113 114 116 120
6 14 74 84 100 113 120
6 14 74 84 101 114 121
6 14 74 114 117 121 124
6 14 76 81 97 116 122
6 14 76 81 98 116 120
6 14 76 81 99 116 120
6 14 76 81 100 114 120
6 14 76 82 98 116 120
6 14 76 82 98 116 121
6 14 76 82 98 117 121
6 14 76 82 100 113 120
6 14 76 97 114 116 120
6 14 76 98 113 116 120
6 14 76 100 113 114 120
6 14 76 113 114 116 120
6 14 77 82 98 113 124
6 14 81 82 97 100 120
6 14 81 82 100 104 112
6 14 81 86 97 106 124
6 14 81 88 98 104 116
6 14 81 97 98 116 120
6 14 81 97 102 122 124
6 14 81 97 108 116 122
6 14 81 97 114 116 120
6 14 81 97 118 122 124
6 14 81 105 114 116 120
6 14 81 108 114 116 120
6 14 82 88 100 104 113
6 14 82 98 108 117 121
6 14 82 98 117 121 124
6 14 82 106 117 121 124
6 14 82 108 113 116 120
6 14 83 98 108 116 120
6 14 83 98 108 116 121
6 14 83 98 109 116 120
6 14 83 109 114 116 120
6 14 84 108 113 114 120
6 14 85 102 105 114 120
6 14 85 102 121 122 124
6 14 85 105 118 122 124
6 14 85 106 114 116 121
6 14 86 97 106 116 120
6 14 86 98 105 116 120
6 14 86 98 108 113 120
6 14 86 101 105 114 120
6 14 86 102 121 122 124
6 14 86 105 114 116 120
6 14 86 106 113 116 120
6 14 86 106 117 121 124
6 14 86 109 114 121 124
6 14 88 97 104 114 116
6 14 88 98 104 113 116
6 14 88 104 113 114 116
6 14 89 97 104 114 116
6 14 89 97 108 114 116
6 14 89 102 105 114 116
6 14 89 106 114 117 124
6 14 89 106 117 118 120
6 14 90 98 101 116 121
6 14 90 101 114 121 124
6 14 90 102 105 113 116
6 14 90 108 114 116 121
6 14 90 108 114 117 121
6 14 91 98 101 116 120
6 14 92 97 98 116 120
6 14 92 97 100 114 120
6 14 92 98 100 113 120
6 14 92 100 104 113 114
6 14 92 105 114 116 120
6 14 92 108 113 114 120
6 14 92 108 113 116 122
6 14 92 108 113 118 122
6 14 92 108 114 116 121
6 14 92 108 115 116 122
6 14 92 109 115 116 122
6 14 93 109 115 118 122
6 14 97 108 114 116 120
6 14 98 108 113 116 120
6 14 101 106 114 116 121
6 14 102 105 113 114 124
6 14 102 105 114 116 120
6 14 106 114 117 121 124
6 14 108 113 114 116 120
6 15 17 48 80 98 108
6 15 17 48 82 100 104
6 15 17 97 118 122 124
6 15 18 48 80 100 104
6 15 18 110 113 116 120
6 15 19 48 80 100 104
6 15 19 110 113 116 120
6 15 20 108 113 114 120
6 15 22 106 113 116 120
6 15 23 97 106 116 120
6 15 23 103 121 122 124
6 15 24 104 113 114 116
6 15 28 100 104 113 114
6 15 30 98 100 113 120
6 15 30 110 114 117 121
6 15 33 65 118 122 124
6 15 36 76 113 114 120
6 15 36 92 104 113 114
6 15 38 74 113 116 120
6 15 38 90 104 113 116
6 15 40 72 113 114 116
6 15 40 88 97 114 116
6 15 44 68 88 113 114
6 15 48 81 82 100 104
6 15 49 73 118 122 124
6 15 49 81 102 122 124
6 15 49 81 110 114 124
6 15 49 83 110 116 120
6 15 49 85 106 114 124
6 15 49 86 106 116 120
6 15 49 86 109 114 120
6 15 50 78 113 116 120
6 15 50 81 110 116 120
6 15 50 82 108 116 120
6 15 50 82 108 116 121
6 15 50 82 109 116 120
6 15 50 84 110 113 120
6 15 50 86 108 113 120
6 15 50 90 101 116 120
6 15 50 92 99 116 120
6 15 51 69 74 116 120
6 15 51 83 108 116 120
6 15 51 85 106 116 120
6 15 51 86 97 108 120
6 15 51 92 97 102 120
6 15 51 93 109 118 122
6 15 52 68 88 104 115
6 15 52 76 113 114 120
6 15 52 81 108 114 120
6 15 52 84 105 114 120
6 15 52 88 100 104 115
6 15 52 88 108 113 114
6 15 53 68 88 104 114
6 15 53 90 97 98 124
6 15 53 94 97 98 120
6 15 54 66 76 113 120
6 15 54 89 98 100 120
6 15 54 90 110 117 121
6 15 56 76 100 113 114
6 15 56 88 97 114 116
6 15 56 88 104 113 118
6 15 56 88 104 114 116
6 15 56 88 104 117 118
6 15 56 88 106 117 118
6 15 56 88 107 117 118
6 15 56 88 108 113 118
6 15 56 88 108 115 116
6 15 56 89 106 117 118
6 15 56 90 108 113 118
6 15 56 90 108 114 117
6 15 57 65 86 102 120
6 15 57 71 114 116 120
6 15 57 71 118 122 124
6 15 57 86 97 102 120
6 15 57 90 108 113 118
6 15 57 92 99 118 120
6 15 58 92 98 100 113
6 15 60 68 72 113 114
6 15 60 76 82 98 113
6 15 60 77 113 118 122
6 15 60 77 115 116 122
6 15 60 83 98 100 120
6 15 60 85 105 118 122
6 15 60 91 97 98 116
6 15 60 92 101 115 122
6 15 60 92 106 115 116
6 15 60 92 108 113 114
6 15 62 66 84 104 113
6 15 62 67 84 104 113
6 15 65 76 114 116 120
6 15 65 88 104 114 116
6 15 67 76 114 116 120
6 15 67 92 108 113 114
6 15 69 74 113 114 124
6 15 71 118 121 122 124
6 15 73 113 118 122 124
6 15 76 97 114 116 120
6 15 76 100 113 114 120
6 15 76 113 114 116 120
6 15 77 113 118 122 124
6 15 78 113 114 116 120
6 15 78 113 118 122 124
6 15 81 82 100 104 112
6 15 81 97 118 122 124
6 15 81 108 114 116 120
6 15 81 110 114 116 120
6 15 82 110 113 116 120
6 15 83 110 113 116 120
6 15 84 108 113 114 120
6 15 85 105 118 122 124
6 15 85 106 113 114 124
6 15 86 106 113 116 120
6 15 87 103 121 122 124
6 15 88 97 104 114 116
6 15 88 104 113 114 116
6 15 89 106 113 118 124
6 15 89 106 117 118 120
6 15 90 108 113 118 120
6 15 90 108 114 117 120
6 15 92 99 114 116 120
6 15 92 100 104 113 114
6 15 92 108 113 118 122
6 15 92 108 115 116 122
6 15 103 118 121 122 124
6 15 105 113 118 122 124
6 15 108 113 114 116 120
6 15 110 113 114 116 120
6 17 18 34 76 100 120
6 17 18 36 76 98 120
6 17 18 36 76 104 112
6 17 18 37 74 108 112
6 17 18 40 72 100 112
6 17 18 44 67 100 120
6 17 18 44 69 106 112
6 17 18 44 74 100 112
6 17 18 44 75 100 112
6 17 18 44 76 98 112
6 17 18 44 76 99 112
6 17 18 44 88 98 100
6 17 18 44 88 99 100
6 17 18 48 76 100 104
6 17 18 48 76 100 106
6 17 18 48 76 100 107
6 17 18 48 76 101 106
6 17 18 69 106 108 112
6 17 18 76 98 100 120
6 17 18 76 99 100 120
6 17 18 76 100 104 112
6 17 18 76 100 106 112
6 17 18 76 100 107 112
6 17 18 76 101 106 112
6 17 18 80 101 106 108
6 17 18 98 108 116 120
6 17 18 101 106 108 112
6 17 20 34 66 108 120
6 17 20 34 74 108 112
6 17 20 36 74 104 112
6 17 20 40 74 100 112
6 17 20 48 74 100 104
6 17 20 74 100 104 112
6 17 22 33 66 108 120
6 17 22 42 76 97 112
6 17 22 65 98 108 120
6 17 22 65 106 108 112
6 17 22 73 98 100 120
6 17 22 80 97 106 108
6 17 22 97 106 108 112
6 17 22 106 108 116 120
6 17 24 34 68 104 112
6 17 24 34 72 100 112
6 17 24 34 80 100 104
6 17 24 36 68 104 114
6 17 24 36 68 106 112
6 17 24 40 72 98 116
6 17 24 40 72 102 112
6 17 24 40 72 102 116
6 17 24 40 76 98 116
6 17 24 66 100 104 112
6 17 24 72 98 100 112
6 17 24 80 98 100 104
6 17 24 98 100 104 112
6 17 24 105 110 114 116
6 17 26 33 70 108 112
6 17 26 34 69 108 112
6 17 26 40 72 102 116
6 17 26 69 98 108 112
6 17 26 70 97 108 112
6 17 26 97 108 118 120
6 17 26 98 108 116 120
6 17 26 99 108 116 120
6 17 28 34 66 100 120
6 17 28 34 66 108 112
6 17 28 34 80 100 104
6 17 28 35 70 104 112
6 17 28 35 82 100 104
6 17 28 40 72 98 116
6 17 28 40 72 102 112
6 17 28 42 69 98 112
6 17 28 66 100 104 112
6 17 28 68 98 104 112
6 17 28 70 98 104 112
6 17 28 70 98 105 112
6 17 28 80 98 100 104
6 17 28 82 98 100 104
6 17 28 98 100 104 112
6 17 28 98 108 116 120
6 17 28 102 105 116 122
6 17 28 105 110 114 116
6 17 30 48 67 100 104
6 17 30 65 98 100 120
6 17 30 65 98 108 112
6 17 30 66 100 104 112
6 17 30 67 100 104 112
6 17 30 80 98 100 104
6 17 30 98 100 104 112
6 17 30 98 108 116 120
6 17 33 38 74 84 120
6 17 33 46 70 88 112
6 17 33 46 84 88 98
6 17 33 56 78 82 100
6 17 33 60 70 74 112
6 17 33 60 74 84 98
6 17 33 78 98 116 120
6 17 33 78 114 116 120
6 17 33 78 118 122 124
6 17 33 79 118 122 124
6 17 33 90 108 118 120
6 17 33 92 102 106 112
6 17 34 36 72 80 96
6 17 34 37 74 84 120
6 17 34 40 68 72 112
6 17 34 40 72 84 96
6 17 34 44 66 84 120
6 17 34 44 70 88 112
6 17 34 48 68 80 104
6 17 34 48 68 88 104
6 17 34 48 70 88 108
6 17 34 48 76 80 96
6 17 34 48 76 80 104
6 17 34 52 65 78 120
6 17 34 52 66 88 108
6 17 34 52 69 74 120
6 17 34 56 69 78 112
6 17 34 56 74 84 100
6 17 34 56 76 80 96
6 17 34 56 76 82 100
6 17 34 60 65 78 112
6 17 34 60 69 74 112
6 17 34 65 78 116 120
6 17 34 66 76 116 120
6 17 34 66 84 108 120
6 17 34 66 92 108 112
6 17 34 66 108 116 120
6 17 34 68 72 80 96
6 17 34 68 88 104 112
6 17 34 69 74 116 120
6 17 34 69 90 108 112
6 17 34 70 88 108 112
6 17 34 74 84 100 120
6 17 34 76 82 100 120
6 17 34 78 97 116 120
6 17 34 82 108 116 120
6 17 34 88 100 104 112
6 17 34 92 100 104 112
6 17 34 92 108 116 120
6 17 34 94 100 104 112
6 17 35 48 70 88 108
6 17 35 48 78 80 108
6 17 35 70 88 108 112
6 17 35 77 118 122 124
6 17 35 90 108 116 120
6 17 36 48 70 88 104
6 17 36 48 74 84 104
6 17 36 48 76 82 104
6 17 36 56 66 76 112
6 17 36 56 68 74 112
6 17 36 68 88 104 114
6 17 36 68 88 106 112
6 17 36 70 88 104 112
6 17 36 74 84 104 112
6 17 36 76 82 104 112
6 17 36 92 98 104 112
6 17 37 42 84 88 98
6 17 37 56 70 74 112
6 17 37 74 84 98 120
6 17 37 92 106 118 120
6 17 37 92 110 114 120
6 17 38 48 67 88 108
6 17 38 48 74 80 108
6 17 38 48 74 80 109
6 17 38 48 74 84 105
6 17 38 48 77 80 106
6 17 38 56 67 76 112
6 17 38 56 70 73 112
6 17 38 56 74 84 96
6 17 38 56 74 84 97
6 17 38 65 74 116 120
6 17 38 65 82 108 120
6 17 38 65 92 98 120
6 17 38 65 92 106 112
6 17 38 65 94 104 112
6 17 38 66 73 116 120
6 17 38 66 88 108 112
6 17 38 66 92 97 120
6 17 38 67 88 108 112
6 17 38 68 88 104 112
6 17 38 70 88 104 112
6 17 38 70 88 105 112
6 17 38 73 84 98 120
6 17 38 74 84 97 120
6 17 38 74 84 105 112
6 17 38 74 97 116 120
6 17 38 82 97 108 120
6 17 38 82 105 108 112
6 17 38 84 88 98 105
6 17 38 84 98 105 120
6 17 38 88 98 105 116
6 17 38 88 98 108 112
6 17 38 88 98 109 112
6 17 38 88 99 108 112
6 17 38 90 108 116 120
6 17 38 92 97 98 120
6 17 38 92 97 106 112
6 17 38 92 98 105 112
6 17 38 92 105 116 122
6 17 39 94 97 122 124
6 17 40 48 66 88 100
6 17 40 50 76 88 100
6 17 40 52 76 88 98
6 17 40 54 74 76 112
6 17 40 66 68 72 112
6 17 40 66 72 100 112
6 17 40 66 88 100 112
6 17 40 72 82 100 112
6 17 40 72 98 100 112
6 17 40 76 88 98 116
6 17 40 88 98 100 112
6 17 41 48 78 82 100
6 17 41 78 114 116 120
6 17 42 48 67 92 100
6 17 42 48 69 92 98
6 17 42 48 76 80 96
6 17 42 48 77 84 98
6 17 42 52 69 88 98
6 17 42 52 73 84 98
6 17 42 65 92 100 114
6 17 42 66 84 100 120
6 17 42 66 92 100 112
6 17 42 67 92 100 112
6 17 42 69 82 108 112
6 17 42 69 92 98 112
6 17 42 69 98 116 120
6 17 42 70 92 97 112
6 17 42 76 84 98 112
6 17 42 76 114 116 120
6 17 42 77 84 98 112
6 17 42 82 108 116 120
6 17 42 84 88 98 100
6 17 42 84 98 100 120
6 17 42 92 97 118 120
6 17 42 92 98 100 112
6 17 42 92 98 116 120
6 17 42 92 100 114 120
6 17 42 92 101 114 120
6 17 42 92 104 114 116
6 17 43 94 101 114 124
6 17 44 48 66 88 100
6 17 44 48 70 88 96
6 17 44 48 70 88 98
6 17 44 48 74 80 100
6 17 44 52 67 74 112
6 17 44 52 67 82 104
6 17 44 66 88 100 112
6 17 44 67 82 100 120
6 17 44 68 82 104 112
6 17 44 68 88 98 112
6 17 44 70 82 105 112
6 17 44 70 88 98 112
6 17 44 76 114 116 120
6 17 44 78 114 116 120
6 17 44 82 100 104 112
6 17 44 88 98 100 112
6 17 44 90 102 116 120
6 17 44 92 98 116 120
6 17 44 92 100 114 120
6 17 44 94 98 116 120
6 17 44 94 100 114 120
6 17 45 48 70 88 98
6 17 45 70 88 98 112
6 17 46 48 69 88 98
6 17 46 48 77 80 98
6 17 46 65 66 116 120
6 17 46 65 82 108 112
6 17 46 65 84 98 120
6 17 46 65 92 98 112
6 17 46 66 84 97 120
6 17 46 66 84 105 112
6 17 46 66 88 100 112
6 17 46 66 92 97 112
6 17 46 69 88 98 112
6 17 46 70 88 97 112
6 17 46 78 114 116 120
6 17 46 84 88 97 98
6 17 46 86 97 122 124
6 17 46 92 97 98 112
6 17 46 92 102 114 120
6 17 46 94 98 116 120
6 17 47 79 114 116 120
6 17 48 66 68 72 96
6 17 48 66 80 100 104
6 17 48 66 88 100 104
6 17 48 66 92 100 104
6 17 48 67 94 100 104
6 17 48 70 80 106 108
6 17 48 70 80 106 109
6 17 48 70 88 98 108
6 17 48 70 88 98 109
6 17 48 70 88 99 108
6 17 48 70 88 100 104
6 17 48 74 80 100 104
6 17 48 76 80 100 106
6 17 48 76 82 100 104
6 17 48 77 80 102 106
6 17 48 78 80 98 108
6 17 48 78 80 98 109
6 17 48 78 80 100 104
6 17 48 78 80 102 105
6 17 48 78 82 100 104
6 17 48 78 82 100 105
6 17 48 80 98 100 104
6 17 48 80 102 106 108
6 17 48 80 102 106 109
6 17 48 82 101 106 108
6 17 48 88 98 100 104
6 17 48 92 97 102 106
6 17 48 92 98 100 104
6 17 48 94 98 100 104
6 17 50 65 70 108 120
6 17 50 65 78 108 112
6 17 50 65 94 100 104
6 17 50 66 76 100 120
6 17 50 66 92 100 104
6 17 50 67 92 100 104
6 17 50 69 74 108 112
6 17 50 70 80 105 108
6 17 50 70 88 97 108
6 17 50 76 80 100 104
6 17 50 76 98 116 120
6 17 50 78 80 97 108
6 17 50 78 97 108 112
6 17 50 78 97 116 120
6 17 50 78 105 116 120
6 17 50 78 108 116 120
6 17 50 84 97 106 108
6 17 50 84 98 108 120
6 17 50 84 106 108 112
6 17 50 84 106 108 120
6 17 50 92 98 100 104
6 17 50 92 98 100 120
6 17 50 92 98 108 112
6 17 50 92 98 108 120
6 17 50 92 100 104 112
6 17 50 92 100 106 112
6 17 50 92 100 106 120
6 17 50 92 101 106 120
6 17 50 92 105 110 116
6 17 50 92 106 108 112
6 17 50 94 100 104 112
6 17 52 65 78 98 120
6 17 52 66 88 100 104
6 17 52 67 80 106 108
6 17 52 67 106 108 112
6 17 52 68 74 104 112
6 17 52 68 88 98 104
6 17 52 69 74 98 120
6 17 52 70 73 98 120
6 17 52 70 74 105 112
6 17 52 70 88 98 105
6 17 52 74 84 98 105
6 17 52 78 80 98 105
6 17 52 78 97 98 120
6 17 52 78 98 105 112
6 17 52 78 108 114 120
6 17 52 84 105 110 122
6 17 52 84 106 108 120
6 17 52 86 106 108 120
6 17 52 88 98 100 104
6 17 52 88 98 108 112
6 17 52 88 100 104 114
6 17 52 88 100 106 112
6 17 52 90 100 104 112
6 17 52 90 102 108 120
6 17 52 92 97 110 122
6 17 52 92 98 104 112
6 17 52 92 98 108 120
6 17 52 92 100 106 120
6 17 52 92 102 105 122
6 17 52 92 105 110 114
6 17 52 92 106 108 112
6 17 52 94 98 108 120
6 17 52 94 100 106 120
6 17 52 94 106 108 112
6 17 54 71 105 122 124
6 17 54 77 99 122 124
6 17 54 79 97 122 124
6 17 54 86 107 109 120
6 17 54 90 97 110 124
6 17 54 90 99 109 124
6 17 54 92 107 109 114
6 17 54 94 107 109 112
6 17 56 66 68 104 112
6 17 56 66 72 100 112
6 17 56 66 76 100 112
6 17 56 66 80 100 104
6 17 56 67 70 108 112
6 17 56 67 78 100 112
6 17 56 70 74 100 112
6 17 56 70 77 98 112
6 17 56 70 80 98 108
6 17 56 70 80 98 109
6 17 56 70 80 99 108
6 17 56 70 80 100 104
6 17 56 70 82 100 104
6 17 56 70 82 100 105
6 17 56 70 88 98 100
6 17 56 70 100 104 112
6 17 56 72 80 98 100
6 17 56 73 110 114 116
6 17 56 74 84 98 100
6 17 56 76 80 98 100
6 17 56 76 104 114 116
6 17 56 78 80 98 100
6 17 56 78 82 97 100
6 17 56 78 98 100 112
6 17 56 78 104 114 116
6 17 56 78 105 114 116
6 17 56 82 100 104 112
6 17 56 82 105 110 116
6 17 56 84 106 108 112
6 17 56 86 106 108 112
6 17 56 88 97 110 118
6 17 56 88 98 100 112
6 17 56 88 98 104 116
6 17 56 88 98 108 112
6 17 56 88 98 108 116
6 17 56 88 99 108 118
6 17 56 88 99 110 116
6 17 56 88 102 104 112
6 17 56 88 102 104 116
6 17 56 88 102 108 112
6 17 56 90 97 108 118
6 17 56 90 97 110 116
6 17 56 90 98 108 116
6 17 56 92 98 104 112
6 17 56 92 98 104 116
6 17 56 92 98 108 112
6 17 56 92 100 104 114
6 17 56 92 100 106 112
6 17 56 92 101 106 114
6 17 56 92 102 104 112
6 17 56 92 102 104 114
6 17 56 92 102 106 112
6 17 56 94 98 104 116
6 17 56 94 98 108 112
6 17 56 94 100 104 112
6 17 56 94 102 104 112
6 17 58 66 76 100 112
6 17 58 66 84 100 104
6 17 58 71 109 114 124
6 17 58 78 97 116 120
6 17 58 79 101 114 124
6 17 58 79 109 114 116
6 17 58 86 97 108 120
6 17 58 90 97 108 116
6 17 58 92 98 100 112
6 17 58 92 98 100 120
6 17 58 92 98 104 116
6 17 58 92 98 108 112
6 17 58 92 102 104 112
6 17 58 92 102 106 116
6 17 58 94 98 108 116
6 17 58 94 99 109 116
6 17 60 65 70 98 120
6 17 60 65 70 106 112
6 17 60 65 78 98 112
6 17 60 65 80 102 106
6 17 60 66 68 104 112
6 17 60 66 80 100 104
6 17 60 68 72 98 112
6 17 60 68 80 98 104
6 17 60 69 74 98 112
6 17 60 70 74 97 112
6 17 60 70 80 97 106
6 17 60 70 80 98 105
6 17 60 74 80 98 100
6 17 60 74 84 97 98
6 17 60 78 80 97 98
6 17 60 78 97 116 122
6 17 60 78 98 116 120
6 17 60 78 100 114 120
6 17 60 78 105 114 116
6 17 60 86 100 106 120
6 17 60 90 97 110 116
6 17 60 90 98 108 116
6 17 60 90 100 104 112
6 17 60 90 102 105 116
6 17 60 90 102 108 112
6 17 60 92 97 102 122
6 17 60 92 97 110 114
6 17 60 92 98 100 120
6 17 60 92 98 104 112
6 17 60 92 98 108 112
6 17 60 92 100 104 114
6 17 60 92 100 106 112
6 17 60 92 100 106 114
6 17 60 92 101 106 114
6 17 60 92 102 106 112
6 17 60 92 102 106 114
6 17 60 94 98 100 120
6 17 60 94 98 104 112
6 17 60 94 98 108 112
6 17 60 94 100 104 112
6 17 60 94 100 104 114
6 17 60 94 100 106 112
6 17 60 94 102 106 112
6 17 62 66 68 104 112
6 17 62 66 80 100 104
6 17 62 79 97 114 124
6 17 62 79 99 116 120
6 17 62 94 98 100 120
6 17 62 94 98 108 112
6 17 62 94 99 109 112
6 17 62 94 100 104 112
6 17 62 94 101 105 114
6 17 65 78 98 116 120
6 17 65 90 98 108 116
6 17 65 92 102 106 112
6 17 65 94 98 100 120
6 17 65 94 98 108 112
6 17 65 110 114 116 120
6 17 65 110 118 122 124
6 17 66 88 100 104 112
6 17 66 92 100 104 112
6 17 67 84 106 108 112
6 17 67 92 100 104 114
6 17 67 92 100 106 112
6 17 67 94 100 104 112
6 17 69 74 98 116 120
6 17 70 88 98 105 116
6 17 70 88 98 108 112
6 17 70 88 98 109 112
6 17 70 88 99 108 112
6 17 70 88 100 104 112
6 17 70 98 105 116 120
6 17 73 110 114 116 120
6 17 74 84 98 100 120
6 17 76 82 100 104 112
6 17 77 99 118 122 124
6 17 78 97 98 116 120
6 17 78 97 114 116 120
6 17 78 97 118 122 124
6 17 78 105 114 116 120
6 17 78 108 114 116 120
6 17 79 97 118 122 124
6 17 82 97 110 116 120
6 17 82 98 108 116 120
6 17 82 101 106 108 112
6 17 82 105 110 116 120
6 17 86 97 110 122 124
6 17 88 98 100 104 112
6 17 88 105 110 114 116
6 17 90 97 108 118 120
6 17 90 97 110 116 120
6 17 90 98 108 116 120
6 17 90 102 108 116 120
6 17 92 97 102 106 112
6 17 92 97 110 116 122
6 17 92 98 100 104 112
6 17 92 98 108 116 120
6 17 92 101 106 114 120
6 17 92 102 105 116 122
6 17 92 105 110 114 116
6 17 94 98 100 104 112
6 17 94 98 108 116 120
6 17 97 110 114 116 120
6 17 97 110 118 122 124
6 17 105 110 114 116 120
6 18 20 33 65 110 120
6 18 20 33 73 102 120
6 18 20 33 73 110 112
6 18 20 33 74 100 120
6 18 20 34 68 105 120
6 18 20 34 76 97 120
6 18 20 34 76 105 112
6 18 20 41 70 104 112
6 18 20 41 74 100 112
6 18 20 42 76 97 112
6 18 20 42 88 97 100
6 18 20 48 73 102 104
6 18 20 73 102 104 112
6 18 20 74 97 100 120
6 18 20 74 100 105 112
6 18 21 107 110 116 120
6 18 24 36 68 104 112
6 18 24 40 72 100 112
6 18 25 76 98 100 112
6 18 25 98 108 116 120
6 18 28 33 65 106 116
6 18 28 33 65 110 112
6 18 28 33 69 106 112
6 18 28 34 68 105 112
6 18 28 48 67 100 104
6 18 28 48 70 97 104
6 18 28 66 97 100 120
6 18 28 66 100 104 112
6 18 28 66 100 104 113
6 18 28 66 100 105 112
6 18 28 67 100 104 112
6 18 28 70 97 104 112
6 18 28 97 98 116 120
6 18 28 97 106 116 120
6 18 28 97 110 116 120
6 18 28 98 105 116 120
6 18 28 99 110 116 120
6 18 28 101 106 116 120
6 18 29 66 100 104 112
6 18 29 99 110 116 120
6 18 29 102 106 113 124
6 18 33 44 70 88 112
6 18 33 44 84 88 98
6 18 33 46 69 88 112
6 18 33 48 69 88 110
6 18 33 52 65 88 110
6 18 33 52 69 88 106
6 18 33 65 84 110 120
6 18 33 65 92 106 116
6 18 33 65 92 110 112
6 18 33 65 110 116 120
6 18 33 66 84 108 120
6 18 33 66 108 116 120
6 18 33 69 88 106 116
6 18 33 69 88 110 112
6 18 33 69 106 116 120
6 18 33 70 88 108 112
6 18 33 76 98 116 120
6 18 33 84 88 98 108
6 18 33 84 98 108 120
6 18 33 92 106 116 120
6 18 33 92 110 116 120
6 18 34 41 76 84 112
6 18 34 44 68 81 120
6 18 34 44 69 88 112
6 18 34 44 76 81 112
6 18 34 44 81 88 100
6 18 34 44 84 88 97
6 18 34 48 77 84 104
6 18 34 49 76 84 104
6 18 34 52 68 73 120
6 18 34 56 69 76 112
6 18 34 56 69 88 100
6 18 34 56 76 81 100
6 18 34 65 76 116 120
6 18 34 76 81 100 120
6 18 34 76 97 116 120
6 18 34 76 100 113 120
6 18 34 76 113 116 120
6 18 34 78 117 121 124
6 18 34 81 108 116 120
6 18 34 92 105 116 120
6 18 35 92 110 116 120
6 18 35 93 110 116 120
6 18 36 40 66 76 113
6 18 36 41 74 84 112
6 18 36 42 69 88 112
6 18 36 42 76 81 112
6 18 36 48 72 80 96
6 18 36 49 74 76 112
6 18 36 56 66 76 112
6 18 36 56 66 76 113
6 18 36 56 66 77 112
6 18 36 56 67 76 112
6 18 36 66 76 113 120
6 18 36 66 84 105 120
6 18 36 66 92 105 112
6 18 36 68 88 104 112
6 18 36 74 84 105 112
6 18 36 76 98 113 120
6 18 37 48 74 88 100
6 18 37 65 84 106 120
6 18 37 65 88 106 116
6 18 37 65 88 110 112
6 18 37 65 92 106 112
6 18 37 66 88 108 112
6 18 37 74 88 100 112
6 18 37 92 106 116 120
6 18 38 74 117 121 124
6 18 38 85 106 121 124
6 18 38 92 105 116 120
6 18 38 92 106 116 121
6 18 38 93 98 121 124
6 18 38 93 106 113 124
6 18 38 93 106 116 121
6 18 41 48 74 84 100
6 18 41 66 84 100 120
6 18 41 66 92 100 112
6 18 41 74 84 100 112
6 18 41 76 84 98 112
6 18 41 92 98 116 120
6 18 42 48 69 88 100
6 18 42 48 76 81 100
6 18 42 48 77 80 100
6 18 42 69 88 100 112
6 18 42 76 81 100 112
6 18 42 92 97 116 120
6 18 43 93 102 116 120
6 18 44 48 67 88 100
6 18 44 48 69 80 106
6 18 44 48 69 88 98
6 18 44 48 70 80 105
6 18 44 48 70 88 97
6 18 44 48 74 80 100
6 18 44 48 74 81 100
6 18 44 48 75 80 100
6 18 44 65 66 116 120
6 18 44 65 84 98 120
6 18 44 66 68 113 120
6 18 44 66 81 100 120
6 18 44 66 84 97 120
6 18 44 66 84 105 112
6 18 44 66 88 100 112
6 18 44 66 88 100 113
6 18 44 66 89 100 112
6 18 44 66 92 97 112
6 18 44 67 88 100 112
6 18 44 68 81 98 120
6 18 44 68 88 98 112
6 18 44 68 88 98 113
6 18 44 68 89 98 112
6 18 44 69 88 98 112
6 18 44 70 88 97 112
6 18 44 74 81 100 112
6 18 44 76 81 98 112
6 18 44 81 88 98 100
6 18 44 81 98 100 120
6 18 44 81 98 116 120
6 18 44 81 100 106 112
6 18 44 84 88 97 98
6 18 44 84 97 98 120
6 18 44 84 98 105 112
6 18 44 88 98 100 112
6 18 44 88 98 100 113
6 18 44 88 99 100 112
6 18 44 89 98 100 112
6 18 44 89 98 116 120
6 18 45 66 88 100 112
6 18 45 68 88 98 112
6 18 46 78 113 116 120
6 18 46 79 113 116 120
6 18 46 89 102 116 120
6 18 46 93 98 113 124
6 18 46 93 98 116 120
6 18 46 93 98 116 121
6 18 46 93 99 116 120
6 18 46 93 102 113 120
6 18 48 67 92 100 104
6 18 48 69 80 106 108
6 18 48 69 88 98 108
6 18 48 69 88 100 106
6 18 48 70 92 97 104
6 18 48 76 80 100 104
6 18 48 76 80 100 106
6 18 48 76 80 100 107
6 18 48 76 80 101 106
6 18 48 76 81 100 106
6 18 48 77 80 98 108
6 18 48 77 80 100 106
6 18 48 77 84 98 104
6 18 48 80 101 106 108
6 18 48 84 98 105 108
6 18 49 66 76 100 120
6 18 49 66 92 100 104
6 18 49 70 76 104 112
6 18 49 76 80 100 106
6 18 49 76 84 98 104
6 18 49 79 110 116 120
6 18 49 93 102 106 124
6 18 52 65 76 98 120
6 18 52 65 88 98 108
6 18 52 66 76 97 120
6 18 52 66 76 105 112
6 18 52 66 92 97 104
6 18 52 76 80 98 105
6 18 52 76 98 113 120
6 18 52 79 110 113 120
6 18 52 81 98 108 120
6 18 52 84 97 106 120
6 18 52 84 98 105 120
6 18 52 84 105 106 112
6 18 52 84 105 106 120
6 18 52 84 105 110 120
6 18 52 84 106 109 120
6 18 52 84 107 110 120
6 18 52 85 107 110 120
6 18 52 88 97 98 108
6 18 52 88 97 110 112
6 18 52 88 100 104 112
6 18 52 88 101 106 112
6 18 52 88 109 110 112
6 18 52 89 98 108 120
6 18 52 89 103 110 120
6 18 52 92 97 98 120
6 18 52 92 97 106 112
6 18 52 92 97 106 120
6 18 52 92 97 110 120
6 18 52 92 98 105 112
6 18 52 92 98 105 120
6 18 52 92 98 109 120
6 18 52 92 99 110 120
6 18 52 92 101 106 120
6 18 52 92 102 105 120
6 18 52 92 102 107 120
6 18 52 92 105 106 112
6 18 52 92 105 110 112
6 18 52 92 106 109 112
6 18 52 92 107 110 112
6 18 52 93 99 110 120
6 18 52 93 102 107 120
6 18 52 93 107 110 112
6 18 53 78 98 121 124
6 18 53 78 106 116 121
6 18 53 78 107 116 120
6 18 53 89 102 106 124
6 18 56 66 76 100 112
6 18 56 66 76 100 113
6 18 56 66 77 100 112
6 18 56 67 76 100 112
6 18 56 69 74 100 112
6 18 56 69 76 98 112
6 18 56 69 80 98 108
6 18 56 69 80 100 106
6 18 56 69 88 98 100
6 18 56 69 98 108 112
6 18 56 69 100 106 112
6 18 56 74 84 97 100
6 18 56 76 80 98 100
6 18 56 76 80 99 100
6 18 56 76 81 98 100
6 18 56 76 84 97 98
6 18 56 77 80 98 100
6 18 56 77 98 100 112
6 18 56 84 105 110 112
6 18 56 84 106 109 112
6 18 56 88 97 110 116
6 18 56 88 98 108 116
6 18 56 88 98 108 117
6 18 56 88 98 109 116
6 18 56 88 99 108 116
6 18 56 88 100 104 112
6 18 56 88 101 106 116
6 18 56 88 101 110 112
6 18 56 88 102 105 116
6 18 56 88 102 109 112
6 18 56 89 98 108 116
6 18 56 92 97 106 116
6 18 56 92 97 110 112
6 18 56 92 98 105 116
6 18 56 92 98 109 112
6 18 56 92 100 104 112
6 18 56 92 101 106 112
6 18 56 92 102 105 112
6 18 57 66 76 100 112
6 18 57 71 110 116 120
6 18 57 76 80 98 100
6 18 57 78 102 113 124
6 18 57 79 102 116 120
6 18 57 93 102 106 116
6 18 60 71 106 116 121
6 18 60 75 102 116 120
6 18 60 77 98 116 120
6 18 60 78 97 116 120
6 18 60 78 98 116 120
6 18 60 78 98 116 121
6 18 60 78 98 117 121
6 18 60 78 99 116 120
6 18 60 78 99 116 121
6 18 60 78 102 113 120
6 18 60 79 98 116 120
6 18 60 79 98 116 121
6 18 60 79 99 116 120
6 18 60 79 102 113 120
6 18 60 85 102 107 120
6 18 60 85 107 110 112
6 18 60 89 99 110 116
6 18 60 89 102 106 116
6 18 60 92 97 98 112
6 18 60 92 97 98 120
6 18 60 92 97 106 112
6 18 60 92 97 106 116
6 18 60 92 97 110 112
6 18 60 92 98 105 112
6 18 60 92 98 105 116
6 18 60 92 98 109 112
6 18 60 92 99 106 116
6 18 60 92 99 110 112
6 18 60 92 100 104 112
6 18 60 92 101 106 112
6 18 60 92 102 106 112
6 18 60 92 102 106 113
6 18 60 92 102 107 112
6 18 60 92 102 107 113
6 18 60 92 103 107 112
6 18 60 93 99 106 116
6 18 60 93 99 110 112
6 18 60 93 102 106 112
6 18 60 93 102 106 113
6 18 60 93 102 107 112
6 18 61 79 98 116 120
6 18 61 93 102 106 112
6 18 65 66 108 116 120
6 18 65 76 98 116 120
6 18 65 84 98 108 120
6 18 65 98 108 116 120
6 18 66 76 97 116 120
6 18 66 76 100 113 120
6 18 66 84 97 108 120
6 18 66 84 100 105 120
6 18 66 84 105 108 112
6 18 66 92 97 100 120
6 18 66 92 97 108 112
6 18 66 92 100 104 112
6 18 66 92 100 104 113
6 18 66 92 100 105 112
6 18 66 93 100 104 112
6 18 66 97 108 116 120
6 18 66 108 113 116 120
6 18 67 92 100 104 112
6 18 69 88 98 108 112
6 18 69 88 100 106 112
6 18 70 88 97 108 112
6 18 70 92 97 104 112
6 18 74 84 97 100 120
6 18 74 84 100 105 112
6 18 76 81 98 100 120
6 18 76 81 100 106 112
6 18 76 84 97 98 120
6 18 76 97 98 116 120
6 18 76 98 100 113 120
6 18 76 98 113 116 120
6 18 78 98 117 121 124
6 18 79 110 113 116 120
6 18 81 98 108 116 120
6 18 84 88 97 98 108
6 18 84 97 98 108 120
6 18 84 98 105 108 112
6 18 84 98 108 113 120
6 18 85 107 110 116 120
6 18 89 98 108 116 120
6 18 92 97 98 116 120
6 18 92 97 106 116 120
6 18 92 97 110 116 120
6 18 92 98 105 116 120
6 18 92 98 109 116 120
6 18 92 99 110 116 120
6 18 92 101 106 116 120
6 18 93 99 110 116 120
6 18 93 102 106 113 124
6 18 97 98 108 116 120
6 18 98 108 113 116 120
6 19 21 105 110 118 120
6 19 21 109 110 114 120
6 19 22 106 108 116 120
6 19 22 106 109 116 120
6 19 24 37 74 104 116
6 19 24 40 72 101 118
6 19 24 40 72 102 116
6 19 24 40 73 102 116
6 19 24 40 76 97 118
6 19 24 40 77 102 112
6 19 24 44 70 104 112
6 19 24 44 71 104 112
6 19 24 44 73 98 116
6 19 24 73 102 104 116
6 19 24 106 108 113 116
6 19 25 44 76 100 114
6 19 26 44 69 106 116
6 19 28 44 76 97 114
6 19 28 73 102 104 112
6 19 28 76 97 106 116
6 19 28 76 100 106 113
6 19 28 80 98 100 104
6 19 28 88 97 102 104
6 19 28 98 100 104 112
6 19 28 101 106 116 120
6 19 28 106 108 113 116
6 19 29 99 110 116 120
6 19 29 102 106 113 124
6 19 30 98 109 116 120
6 19 30 102 105 116 120
6 19 33 34 76 84 104
6 19 34 36 76 88 96
6 19 34 92 100 104 112
6 19 35 93 110 116 120
6 19 36 40 66 92 96
6 19 36 40 76 80 96
6 19 37 56 70 88 104
6 19 37 70 73 122 124
6 19 37 70 121 122 124
6 19 37 73 118 122 124
6 19 37 78 113 122 124
6 19 37 78 114 121 124
6 19 37 86 105 122 124
6 19 37 89 110 114 124
6 19 37 92 106 116 120
6 19 37 92 106 118 120
6 19 37 92 108 114 120
6 19 37 92 110 114 120
6 19 38 74 92 105 116
6 19 38 74 108 116 120
6 19 38 76 88 104 112
6 19 38 90 109 116 120
6 19 38 92 105 116 122
6 19 38 92 106 116 121
6 19 38 92 108 113 122
6 19 41 76 84 102 120
6 19 41 76 88 98 116
6 19 41 77 118 122 124
6 19 41 92 98 100 112
6 19 41 92 98 100 120
6 19 41 92 110 118 120
6 19 42 70 92 108 113
6 19 42 92 100 104 112
6 19 42 92 109 118 120
6 19 43 94 101 116 120
6 19 44 49 70 76 120
6 19 44 49 70 88 104
6 19 44 49 76 82 104
6 19 44 52 76 88 99
6 19 44 56 69 76 114
6 19 44 56 69 88 98
6 19 44 66 68 72 112
6 19 44 66 68 104 112
6 19 44 69 76 114 120
6 19 44 69 88 106 116
6 19 44 69 106 116 120
6 19 44 70 92 105 114
6 19 44 73 98 116 120
6 19 44 76 81 102 120
6 19 44 76 82 104 112
6 19 44 76 84 97 122
6 19 44 76 84 99 120
6 19 44 76 84 106 113
6 19 44 76 97 116 122
6 19 44 76 98 116 120
6 19 44 76 99 116 120
6 19 44 76 100 113 122
6 19 44 76 100 114 120
6 19 44 76 102 113 120
6 19 44 76 113 116 122
6 19 44 78 97 116 120
6 19 44 78 98 116 120
6 19 44 81 82 100 104
6 19 44 82 100 104 112
6 19 44 84 88 97 98
6 19 44 84 97 98 120
6 19 44 88 97 104 118
6 19 44 88 98 104 116
6 19 44 88 100 104 112
6 19 44 92 97 98 112
6 19 44 92 97 98 120
6 19 44 92 97 100 122
6 19 44 92 97 104 114
6 19 44 92 97 106 116
6 19 44 92 98 100 120
6 19 44 92 98 104 112
6 19 44 92 100 104 112
6 19 44 92 100 104 114
6 19 44 92 100 106 113
6 19 44 92 106 113 116
6 19 44 94 100 104 112
6 19 45 48 78 80 96
6 19 45 78 113 114 124
6 19 45 78 113 116 122
6 19 45 79 114 116 120
6 19 45 86 97 122 124
6 19 45 86 105 116 122
6 19 45 86 107 116 120
6 19 45 89 102 116 122
6 19 45 89 110 114 116
6 19 45 90 102 113 124
6 19 45 90 110 113 116
6 19 45 94 99 116 120
6 19 45 94 101 114 120
6 19 46 65 76 116 120
6 19 46 65 88 104 116
6 19 46 66 76 116 120
6 19 46 67 76 116 120
6 19 46 77 114 116 120
6 19 46 78 113 116 120
6 19 46 86 105 113 124
6 19 46 86 105 116 120
6 19 46 89 102 116 120
6 19 48 76 80 100 104
6 19 48 76 82 100 104
6 19 48 80 101 106 108
6 19 48 92 97 98 108
6 19 48 92 98 100 104
6 19 49 76 82 100 104
6 19 49 77 102 122 124
6 19 49 77 110 114 124
6 19 49 77 110 116 122
6 19 49 79 110 116 120
6 19 49 90 109 110 116
6 19 49 92 102 108 122
6 19 49 92 106 108 116
6 19 49 93 102 106 124
6 19 50 76 80 100 104
6 19 50 76 88 100 104
6 19 50 78 108 116 120
6 19 50 78 109 116 120
6 19 50 92 105 110 116
6 19 50 92 106 109 116
6 19 50 92 109 110 112
6 19 52 77 110 114 120
6 19 52 78 109 114 120
6 19 52 79 110 113 120
6 19 52 82 109 110 120
6 19 52 84 105 108 122
6 19 52 84 105 110 120
6 19 52 84 106 108 120
6 19 52 86 106 109 120
6 19 52 88 97 98 108
6 19 52 88 109 110 112
6 19 52 88 109 110 114
6 19 52 89 109 110 114
6 19 52 90 102 109 120
6 19 52 90 109 110 112
6 19 52 92 97 98 104
6 19 52 92 97 110 120
6 19 52 92 101 106 120
6 19 52 92 105 110 112
6 19 52 92 106 108 112
6 19 52 92 106 108 113
6 19 52 93 99 110 120
6 19 52 93 107 110 112
6 19 52 94 101 106 120
6 19 52 94 106 109 112
6 19 53 89 102 106 124
6 19 54 76 88 97 104
6 19 56 69 76 106 116
6 19 56 73 108 114 116
6 19 56 81 106 108 116
6 19 56 88 97 108 118
6 19 56 88 97 110 116
6 19 56 88 98 108 116
6 19 56 88 99 108 116
6 19 56 88 101 102 104
6 19 56 88 101 104 118
6 19 56 88 101 106 116
6 19 56 88 101 110 112
6 19 56 88 102 104 116
6 19 56 88 102 108 112
6 19 56 88 102 108 113
6 19 56 92 97 102 104
6 19 56 92 97 110 112
6 19 56 92 98 100 104
6 19 56 92 101 106 112
6 19 57 71 110 116 120
6 19 57 78 101 116 122
6 19 57 78 102 113 124
6 19 57 90 101 102 124
6 19 57 90 101 110 116
6 19 58 77 102 116 120
6 19 58 79 101 116 120
6 19 58 94 101 105 116
6 19 60 65 76 106 116
6 19 60 65 88 102 104
6 19 60 66 80 100 104
6 19 60 70 74 108 113
6 19 60 71 105 116 122
6 19 60 73 80 98 100
6 19 60 75 102 116 120
6 19 60 76 80 97 98
6 19 60 76 88 97 98
6 19 60 77 97 118 122
6 19 60 77 99 116 122
6 19 60 77 102 113 122
6 19 60 78 99 116 120
6 19 60 78 102 113 120
6 19 60 78 105 114 116
6 19 60 79 99 116 120
6 19 60 79 101 114 120
6 19 60 85 102 107 120
6 19 60 85 107 110 112
6 19 60 86 105 106 116
6 19 60 86 105 110 112
6 19 60 89 99 110 116
6 19 60 89 101 110 114
6 19 60 89 102 106 116
6 19 60 90 97 110 116
6 19 60 90 98 109 116
6 19 60 90 101 106 116
6 19 60 90 102 105 116
6 19 60 90 102 108 112
6 19 60 90 102 108 113
6 19 60 90 102 109 112
6 19 60 92 97 98 104
6 19 60 92 97 102 122
6 19 60 92 97 106 116
6 19 60 92 97 110 112
6 19 60 92 97 110 114
6 19 60 92 98 100 104
6 19 60 92 99 106 116
6 19 60 92 99 110 112
6 19 60 92 101 106 112
6 19 60 92 101 106 114
6 19 60 92 102 106 112
6 19 60 92 102 106 113
6 19 60 92 102 107 112
6 19 60 92 102 107 113
6 19 60 92 103 107 112
6 19 60 93 99 110 112
6 19 60 93 102 106 112
6 19 60 94 98 100 104
6 19 60 94 99 105 116
6 19 60 94 101 105 114
6 19 60 94 101 107 112
6 19 60 94 102 105 112
6 19 62 94 101 105 112
6 19 65 66 108 116 120
6 19 65 74 108 116 120
6 19 65 84 98 108 120
6 19 65 92 98 100 104
6 19 65 98 108 116 120
6 19 65 108 114 116 120
6 19 66 76 100 104 112
6 19 67 76 100 104 112
6 19 69 74 108 116 120
6 19 69 76 106 116 120
6 19 69 88 98 108 112
6 19 70 73 108 116 122
6 19 73 88 98 108 116
6 19 73 88 102 104 116
6 19 73 98 108 116 120
6 19 73 108 114 116 120
6 19 76 97 98 116 120
6 19 76 101 106 116 120
6 19 77 102 113 122 124
6 19 77 102 116 121 122
6 19 77 110 113 116 122
6 19 77 110 114 116 120
6 19 78 108 114 116 120
6 19 78 109 114 116 120
6 19 79 110 113 116 120
6 19 81 98 108 116 120
6 19 81 106 108 116 120
6 19 82 109 110 116 120
6 19 84 88 97 98 108
6 19 84 97 98 108 120
6 19 84 97 108 114 120
6 19 84 109 110 114 120
6 19 85 107 110 116 120
6 19 86 105 110 116 120
6 19 88 106 108 113 116
6 19 89 101 110 114 124
6 19 89 101 110 116 122
6 19 89 109 110 114 116
6 19 90 102 108 116 120
6 19 90 102 109 116 120
6 19 92 97 98 100 120
6 19 92 97 98 108 112
6 19 92 97 110 116 120
6 19 92 97 110 116 122
6 19 92 98 100 104 112
6 19 92 99 110 116 120
6 19 92 101 106 116 120
6 19 92 102 105 116 122
6 19 92 102 108 113 122
6 19 92 105 110 114 116
6 19 92 106 108 113 116
6 19 93 99 110 116 120
6 19 94 101 105 114 124
6 19 94 102 105 116 120
6 19 97 98 108 116 120
6 19 97 108 114 116 120
6 19 106 108 113 116 120
6 19 108 113 114 116 120
6 19 109 110 114 116 120
6 19 109 113 118 122 124
6 20 24 33 66 108 112
6 20 24 33 70 104 112
6 20 24 33 76 98 112
6 20 24 33 80 98 108
6 20 24 34 66 108 112
6 20 24 34 66 108 113
6 20 24 34 66 109 112
6 20 24 34 67 108 112
6 20 24 36 72 97 114
6 20 24 36 72 98 112
6 20 24 36 72 99 112
6 20 24 36 73 98 112
6 20 24 48 69 98 104
6 20 24 48 76 97 98
6 20 24 65 98 108 112
6 20 24 69 98 104 112
6 20 24 76 97 98 112
6 20 24 80 97 98 108
6 20 24 97 98 108 112
6 20 25 34 66 108 112
6 20 25 68 98 104 112
6 20 25 101 110 114 120
6 20 25 102 108 113 122
6 20 26 101 108 114 120
6 20 26 102 108 113 120
6 20 27 102 108 113 120
6 20 33 40 68 72 114
6 20 33 48 66 88 108
6 20 33 48 74 80 108
6 20 33 56 66 88 100
6 20 33 56 68 88 98
6 20 33 56 74 80 100
6 20 33 56 76 80 98
6 20 33 66 88 108 112
6 20 33 68 88 106 112
6 20 33 88 98 108 112
6 20 33 88 100 106 112
6 20 34 40 68 72 112
6 20 34 48 67 88 108
6 20 34 48 74 81 108
6 20 34 56 66 81 108
6 20 34 56 74 81 100
6 20 34 66 81 108 120
6 20 34 66 88 108 112
6 20 34 66 88 108 113
6 20 34 66 88 109 112
6 20 34 66 108 113 120
6 20 34 67 88 108 112
6 20 34 74 81 100 120
6 20 34 74 81 108 112
6 20 35 66 88 108 112
6 20 35 68 88 104 112
6 20 36 40 67 72 112
6 20 36 40 72 81 98
6 20 36 48 73 82 104
6 20 36 56 65 74 112
6 20 36 56 67 72 112
6 20 36 56 72 81 98
6 20 36 73 82 104 112
6 20 36 76 115 121 122
6 20 37 89 110 114 120
6 20 37 90 108 114 120
6 20 37 90 108 114 121
6 20 37 91 108 114 120
6 20 38 90 108 113 120
6 20 40 50 65 68 72
6 20 40 50 68 73 112
6 20 40 65 68 72 114
6 20 40 66 68 72 112
6 20 40 67 68 72 112
6 20 40 68 72 81 98
6 20 40 68 72 97 114
6 20 40 68 72 98 112
6 20 40 68 72 99 112
6 20 40 68 72 113 114
6 20 40 68 88 97 114
6 20 40 68 88 98 112
6 20 40 68 88 99 112
6 20 41 48 74 80 100
6 20 41 48 76 80 98
6 20 41 68 82 104 112
6 20 41 68 88 98 112
6 20 41 72 82 100 112
6 20 41 82 100 104 112
6 20 42 48 69 80 104
6 20 42 65 88 100 112
6 20 42 66 81 108 112
6 20 42 66 88 101 112
6 20 44 65 88 98 112
6 20 44 76 113 114 120
6 20 44 78 113 114 120
6 20 44 79 113 114 120
6 20 44 83 100 121 122
6 20 44 89 100 114 120
6 20 44 89 100 115 122
6 20 44 89 102 113 122
6 20 44 90 100 114 120
6 20 44 90 100 114 121
6 20 44 90 100 115 120
6 20 44 90 101 114 120
6 20 44 90 101 115 120
6 20 44 90 102 113 120
6 20 44 91 100 113 122
6 20 44 91 100 114 120
6 20 44 91 100 115 120
6 20 44 91 102 113 120
6 20 45 78 113 114 120
6 20 46 89 100 114 120
6 20 46 91 100 113 120
6 20 48 65 80 106 108
6 20 48 65 88 98 108
6 20 48 65 88 100 106
6 20 48 69 88 98 104
6 20 48 73 80 98 108
6 20 48 73 80 100 106
6 20 48 73 80 102 104
6 20 48 73 82 100 104
6 20 48 73 88 98 100
6 20 48 74 80 100 104
6 20 48 75 80 100 104
6 20 48 76 88 97 98
6 20 48 80 97 106 108
6 20 48 80 100 105 106
6 20 48 88 97 98 108
6 20 48 88 97 100 106
6 20 49 68 88 98 104
6 20 49 77 110 114 120
6 20 49 78 108 114 120
6 20 49 79 108 114 120
6 20 49 82 109 110 120
6 20 49 89 102 108 122
6 20 49 90 101 110 120
6 20 49 90 102 108 120
6 20 49 90 102 109 120
6 20 49 90 109 110 112
6 20 49 91 102 108 120
6 20 50 68 73 104 112
6 20 50 73 80 100 104
6 20 50 78 108 113 120
6 20 50 90 101 108 120
6 20 51 78 108 113 120
6 20 56 65 66 108 112
6 20 56 65 74 100 112
6 20 56 65 76 98 112
6 20 56 65 80 98 108
6 20 56 65 80 100 106
6 20 56 65 88 98 100
6 20 56 68 73 98 112
6 20 56 68 88 97 98
6 20 56 73 80 98 100
6 20 56 73 98 100 112
6 20 56 76 80 97 98
6 20 56 76 97 98 112
6 20 56 78 108 113 114
6 20 56 79 108 113 114
6 20 56 81 98 108 112
6 20 56 81 100 106 112
6 20 56 81 106 108 112
6 20 56 82 109 110 112
6 20 56 83 109 110 112
6 20 56 88 97 98 100
6 20 56 88 97 100 114
6 20 56 88 97 102 112
6 20 56 88 97 108 114
6 20 56 88 97 110 112
6 20 56 88 98 100 112
6 20 56 88 98 108 112
6 20 56 88 99 100 112
6 20 56 88 99 108 112
6 20 56 88 100 105 114
6 20 56 88 100 106 112
6 20 56 88 100 107 112
6 20 56 88 101 106 112
6 20 56 88 101 108 114
6 20 56 88 101 110 112
6 20 56 88 101 110 114
6 20 56 88 102 108 112
6 20 56 88 103 108 112
6 20 56 88 103 108 114
6 20 56 88 103 110 112
6 20 56 89 100 106 112
6 20 56 89 101 110 114
6 20 56 89 103 110 112
6 20 56 90 97 100 112
6 20 56 90 97 108 112
6 20 56 90 101 108 112
6 20 56 90 101 108 114
6 20 56 90 101 110 112
6 20 56 90 102 108 112
6 20 56 90 102 108 113
6 20 56 90 102 109 112
6 20 56 90 103 108 112
6 20 56 90 103 108 113
6 20 56 91 101 110 112
6 20 56 91 102 108 112
6 20 56 91 102 108 113
6 20 56 91 103 108 112
6 20 57 78 100 113 122
6 20 57 78 100 115 120
6 20 57 78 108 113 114
6 20 57 79 100 114 120
6 20 57 90 101 102 120
6 20 57 90 101 110 112
6 20 57 90 102 108 113
6 20 57 90 103 108 112
6 20 57 91 102 108 112
6 20 58 71 108 113 120
6 20 58 77 100 114 120
6 20 58 77 101 114 120
6 20 58 77 102 113 120
6 20 58 78 100 113 120
6 20 58 78 101 113 120
6 20 58 83 101 108 120
6 20 58 89 102 108 112
6 20 58 90 101 108 112
6 20 58 90 101 108 113
6 20 65 88 98 108 112
6 20 65 88 100 106 112
6 20 68 88 97 104 114
6 20 68 88 97 106 112
6 20 68 88 98 104 112
6 20 68 88 99 104 112
6 20 68 90 97 104 112
6 20 69 88 98 104 112
6 20 73 82 100 104 112
6 20 73 88 98 100 112
6 20 76 88 97 98 112
6 20 76 100 115 121 122
6 20 78 108 113 114 120
6 20 79 108 113 114 120
6 20 88 97 98 108 112
6 20 88 97 100 106 112
6 20 89 101 110 114 120
6 20 89 102 108 113 122
6 20 90 101 108 114 120
6 20 90 102 108 113 120
6 20 91 102 108 113 120
6 21 22 106 108 113 120
6 21 24 40 72 98 116
6 21 24 40 72 102 112
6 21 24 40 74 102 112
6 21 24 40 74 102 113
6 21 24 41 82 102 104
6 21 24 42 67 104 116
6 21 24 42 74 100 112
6 21 24 74 102 104 112
6 21 24 74 102 104 113
6 21 24 76 98 104 112
6 21 26 38 74 105 116
6 21 26 42 69 108 114
6 21 26 44 76 97 114
6 21 26 44 76 99 112
6 21 26 65 98 108 112
6 21 26 76 99 100 120
6 21 26 80 97 98 108
6 21 26 97 98 108 112
6 21 26 97 108 114 120
6 21 26 98 108 116 120
6 21 26 99 108 116 120
6 21 26 101 108 114 120
6 21 26 102 105 114 124
6 21 26 105 110 114 116
6 21 28 99 108 114 120
6 21 28 100 106 114 120
6 21 28 100 106 114 121
6 21 28 100 107 114 120
6 21 28 101 106 114 120
6 21 28 102 105 114 120
6 21 28 105 106 114 116
6 21 28 106 108 113 114
6 21 33 34 76 90 96
6 21 33 74 108 114 120
6 21 33 90 98 108 112
6 21 34 65 90 100 104
6 21 34 68 74 104 112
6 21 34 90 100 104 112
6 21 35 73 102 122 124
6 21 35 74 88 104 116
6 21 35 81 110 122 124
6 21 35 89 110 114 124
6 21 36 76 106 114 120
6 21 36 76 106 114 121
6 21 37 74 76 114 120
6 21 37 90 108 114 120
6 21 38 74 92 105 114
6 21 38 90 108 113 120
6 21 41 48 78 80 98
6 21 41 70 74 114 124
6 21 41 78 114 116 120
6 21 41 78 118 122 124
6 21 41 90 108 114 116
6 21 41 92 106 114 116
6 21 41 94 110 115 124
6 21 42 48 67 88 100
6 21 42 48 76 80 96
6 21 42 48 76 80 98
6 21 42 48 76 81 98
6 21 42 52 69 74 120
6 21 42 52 73 76 114
6 21 42 52 74 88 100
6 21 42 56 74 81 100
6 21 42 65 66 100 120
6 21 42 65 66 116 120
6 21 42 65 74 116 120
6 21 42 65 88 108 114
6 21 42 66 76 116 120
6 21 42 66 84 104 112
6 21 42 66 88 100 112
6 21 42 66 88 104 116
6 21 42 67 76 116 120
6 21 42 67 88 100 112
6 21 42 67 88 104 116
6 21 42 69 74 116 120
6 21 42 69 88 108 114
6 21 42 69 108 114 120
6 21 42 70 73 116 120
6 21 42 70 90 108 113
6 21 42 70 105 114 124
6 21 42 74 81 100 120
6 21 42 74 81 104 116
6 21 42 74 84 100 120
6 21 42 74 88 100 112
6 21 42 76 81 98 112
6 21 42 76 98 116 120
6 21 42 76 100 114 120
6 21 42 76 101 114 120
6 21 42 81 88 98 100
6 21 42 81 108 114 120
6 21 42 88 97 108 114
6 21 42 88 98 100 112
6 21 42 88 98 104 116
6 21 42 88 102 104 112
6 21 42 88 102 104 113
6 21 42 90 97 108 116
6 21 42 90 98 108 116
6 21 42 92 97 108 114
6 21 42 92 100 104 114
6 21 42 92 108 113 114
6 21 42 94 98 100 120
6 21 44 48 74 81 98
6 21 44 68 88 106 114
6 21 44 68 90 99 120
6 21 44 68 90 106 113
6 21 44 69 88 106 114
6 21 44 69 106 114 120
6 21 44 70 106 113 120
6 21 44 74 81 98 112
6 21 44 76 90 99 112
6 21 44 76 99 114 120
6 21 44 76 106 113 114
6 21 44 78 97 114 120
6 21 44 78 113 114 120
6 21 44 84 106 114 120
6 21 44 84 106 114 121
6 21 44 84 107 114 120
6 21 44 86 97 106 120
6 21 44 88 100 106 114
6 21 44 88 101 106 114
6 21 44 90 97 102 120
6 21 44 90 98 100 120
6 21 44 90 98 104 116
6 21 44 90 99 100 120
6 21 44 90 99 116 120
6 21 44 90 100 104 112
6 21 44 90 100 104 114
6 21 44 90 100 106 113
6 21 44 90 101 114 120
6 21 44 90 102 113 120
6 21 44 90 105 114 116
6 21 44 90 106 113 116
6 21 44 92 97 106 114
6 21 44 92 99 114 120
6 21 44 92 106 113 114
6 21 46 65 76 114 120
6 21 46 65 88 98 112
6 21 46 68 88 104 114
6 21 48 82 97 106 108
6 21 48 90 97 98 108
6 21 49 74 88 102 104
6 21 49 78 108 114 120
6 21 49 86 106 108 120
6 21 49 90 102 108 120
6 21 49 90 106 108 116
6 21 49 92 106 108 114
6 21 50 65 66 108 120
6 21 50 73 88 102 104
6 21 50 75 110 113 124
6 21 50 78 105 116 120
6 21 50 78 106 116 120
6 21 50 78 108 113 120
6 21 50 82 105 110 124
6 21 50 82 109 110 120
6 21 50 83 109 110 120
6 21 50 84 106 108 120
6 21 50 86 105 110 120
6 21 50 86 106 108 120
6 21 50 89 99 110 124
6 21 50 89 103 110 120
6 21 50 90 97 110 124
6 21 50 90 101 108 120
6 21 50 90 101 110 120
6 21 50 90 102 105 124
6 21 50 90 102 109 120
6 21 50 90 105 110 116
6 21 50 90 109 110 112
6 21 50 92 99 110 120
6 21 50 92 101 106 120
6 21 50 92 102 106 120
6 21 50 92 105 110 112
6 21 50 92 106 108 112
6 21 50 92 106 108 113
6 21 50 94 99 109 120
6 21 50 94 102 105 120
6 21 50 94 105 108 112
6 21 50 94 105 110 112
6 21 50 94 106 108 112
6 21 52 74 76 98 120
6 21 52 76 90 99 104
6 21 52 78 105 114 120
6 21 52 90 99 108 120
6 21 52 90 100 107 120
6 21 52 90 105 108 114
6 21 52 90 105 110 112
6 21 52 90 106 108 112
6 21 52 90 106 108 113
6 21 52 90 107 108 112
6 21 52 92 105 106 114
6 21 56 67 88 102 104
6 21 56 74 80 98 100
6 21 56 74 81 98 100
6 21 56 74 81 102 104
6 21 56 74 88 97 102
6 21 56 74 88 98 100
6 21 56 74 100 104 112
6 21 56 74 108 113 114
6 21 56 76 90 99 100
6 21 56 76 98 104 112
6 21 56 78 80 97 98
6 21 56 78 97 98 112
6 21 56 78 105 114 116
6 21 56 82 105 110 112
6 21 56 82 106 108 112
6 21 56 82 106 108 113
6 21 56 84 105 110 114
6 21 56 84 106 108 112
6 21 56 84 107 108 114
6 21 56 84 107 110 112
6 21 56 86 107 108 112
6 21 56 88 98 100 104
6 21 56 88 98 108 112
6 21 56 88 100 106 112
6 21 56 88 102 104 112
6 21 56 90 99 108 116
6 21 56 90 101 108 114
6 21 56 90 102 109 112
6 21 56 91 102 108 112
6 21 56 92 100 107 114
6 21 56 92 101 106 114
6 21 56 92 102 107 112
6 21 56 94 102 105 112
6 21 58 65 66 108 112
6 21 58 65 74 108 116
6 21 58 65 76 102 120
6 21 58 65 80 98 108
6 21 58 66 80 100 104
6 21 58 70 74 97 124
6 21 58 70 74 108 113
6 21 58 74 76 97 116
6 21 58 74 76 100 113
6 21 58 76 88 99 100
6 21 58 86 105 108 112
6 21 58 89 102 108 112
6 21 58 90 101 108 112
6 21 58 92 97 102 120
6 21 58 92 97 106 116
6 21 58 92 97 110 112
6 21 58 92 98 100 104
6 21 58 92 99 100 120
6 21 58 92 99 108 112
6 21 58 92 100 107 112
6 21 58 92 102 105 112
6 21 60 65 74 98 112
6 21 60 68 88 98 104
6 21 60 74 76 97 114
6 21 60 92 97 106 114
6 21 65 74 98 100 120
6 21 65 74 108 114 120
6 21 65 76 106 118 120
6 21 65 82 98 108 120
6 21 65 82 106 108 112
6 21 67 76 106 116 120
6 21 69 74 108 114 120
6 21 69 76 106 114 120
6 21 70 74 105 114 124
6 21 70 76 106 113 120
6 21 74 88 97 108 114
6 21 74 88 102 104 113
6 21 74 97 108 114 120
6 21 74 108 113 114 120
6 21 76 97 106 118 120
6 21 76 99 106 116 120
6 21 76 100 106 114 120
6 21 76 100 106 114 121
6 21 76 101 106 114 120
6 21 76 102 106 113 120
6 21 76 106 113 118 120
6 21 78 105 114 116 120
6 21 78 108 113 114 120
6 21 81 106 108 118 120
6 21 82 97 106 108 112
6 21 82 105 110 116 120
6 21 82 106 108 113 120
6 21 84 105 110 114 120
6 21 84 107 108 114 120
6 21 86 105 108 114 120
6 21 86 106 108 113 120
6 21 90 97 98 108 112
6 21 90 97 110 116 120
6 21 90 99 108 116 120
6 21 90 101 108 114 120
6 21 90 102 108 113 120
6 21 90 105 108 114 116
6 21 90 106 108 113 116
6 21 92 97 110 114 120
6 21 92 99 108 114 120
6 21 92 100 107 114 120
6 21 92 101 106 114 120
6 21 92 102 105 114 120
6 21 92 105 106 114 116
6 21 92 106 108 113 114
6 21 105 110 114 116 120
6 21 106 108 113 118 120
6 22 24 40 72 98 116
6 22 24 40 72 98 117
6 22 24 40 72 101 114
6 22 24 40 73 98 116
6 22 24 40 74 101 112
6 22 24 41 73 98 116
6 22 24 41 73 102 112
6 22 24 41 74 100 112
6 22 24 44 67 104 112
6 22 24 74 101 104 112
6 22 25 41 88 98 100
6 22 25 97 108 116 122
6 22 25 102 106 113 124
6 22 25 106 108 113 116
6 22 26 41 70 108 113
6 22 26 98 109 113 124
6 22 26 102 105 113 124
6 22 26 102 108 113 120
6 22 26 102 109 113 120
6 22 26 105 108 114 116
6 22 27 101 108 114 120
6 22 28 35 74 108 113
6 22 28 73 100 106 113
6 22 28 97 106 116 120
6 22 28 100 106 113 120
6 22 29 102 106 113 120
6 22 33 40 72 80 96
6 22 33 65 74 100 120
6 22 33 65 108 114 120
6 22 33 66 73 100 120
6 22 33 73 98 100 120
6 22 33 73 108 114 120
6 22 33 76 106 116 120
6 22 33 81 98 108 120
6 22 33 81 106 108 112
6 22 33 89 98 100 120
6 22 33 89 98 108 112
6 22 34 36 73 88 96
6 22 34 74 101 121 124
6 22 34 74 108 116 121
6 22 34 89 100 104 112
6 22 35 89 110 116 120
6 22 35 92 106 116 120
6 22 36 40 65 88 96
6 22 36 76 105 114 120
6 22 36 76 106 113 120
6 22 37 73 76 114 120
6 22 38 73 74 113 124
6 22 38 73 74 116 120
6 22 38 73 90 108 113
6 22 38 74 76 113 120
6 22 38 74 77 113 120
6 22 38 74 85 105 120
6 22 38 74 89 108 113
6 22 38 89 106 113 124
6 22 38 90 108 113 120
6 22 38 90 109 113 120
6 22 39 76 89 98 120
6 22 41 48 78 80 97
6 22 41 56 76 84 99
6 22 41 65 76 116 122
6 22 41 65 88 108 114
6 22 41 66 68 104 112
6 22 41 69 106 116 120
6 22 41 69 108 114 120
6 22 41 70 106 113 124
6 22 41 73 84 100 122
6 22 41 73 88 98 116
6 22 41 73 88 102 112
6 22 41 73 98 116 120
6 22 41 73 104 114 116
6 22 41 73 114 116 120
6 22 41 74 97 116 120
6 22 41 76 84 99 120
6 22 41 76 97 116 122
6 22 41 76 100 113 122
6 22 41 78 114 116 120
6 22 41 81 102 122 124
6 22 41 81 108 114 120
6 22 41 81 108 116 122
6 22 41 88 97 108 114
6 22 41 90 102 108 113
6 22 41 90 108 114 116
6 22 41 92 97 98 112
6 22 41 92 97 98 120
6 22 41 92 98 100 120
6 22 41 92 100 106 113
6 22 41 92 106 113 116
6 22 42 48 76 80 96
6 22 42 48 76 80 97
6 22 42 48 76 81 97
6 22 42 48 77 80 96
6 22 42 49 76 81 104
6 22 42 65 76 116 120
6 22 42 65 78 116 120
6 22 42 65 88 100 112
6 22 42 66 76 116 120
6 22 42 66 76 116 121
6 22 42 66 76 117 121
6 22 42 66 92 108 113
6 22 42 67 76 116 120
6 22 42 67 76 116 121
6 22 42 67 92 108 113
6 22 42 67 108 116 121
6 22 42 69 73 114 124
6 22 42 69 90 108 113
6 22 42 69 108 114 120
6 22 42 70 73 113 124
6 22 42 70 73 116 120
6 22 42 70 88 108 113
6 22 42 70 89 101 120
6 22 42 70 89 105 116
6 22 42 70 105 113 124
6 22 42 70 105 116 120
6 22 42 70 108 113 120
6 22 42 73 88 100 112
6 22 42 74 117 121 124
6 22 42 76 81 97 112
6 22 42 76 81 102 120
6 22 42 76 89 101 114
6 22 42 76 98 116 120
6 22 42 76 98 116 121
6 22 42 76 98 117 121
6 22 42 76 101 114 121
6 22 42 76 102 113 120
6 22 42 76 105 114 116
6 22 42 76 114 116 120
6 22 42 76 114 116 121
6 22 42 76 114 117 121
6 22 42 77 114 116 120
6 22 42 77 114 116 121
6 22 42 77 115 116 120
6 22 42 78 100 113 120
6 22 42 78 113 116 120
6 22 42 78 117 121 124
6 22 42 79 113 116 120
6 22 42 82 101 121 124
6 22 42 82 108 116 121
6 22 42 82 109 116 121
6 22 42 89 101 114 124
6 22 42 89 102 113 124
6 22 42 90 101 116 121
6 22 42 90 101 121 124
6 22 42 90 109 113 116
6 22 42 92 98 108 113
6 22 42 92 99 108 113
6 22 42 92 99 116 120
6 22 42 92 99 116 121
6 22 42 92 101 114 121
6 22 42 92 105 114 116
6 22 42 92 108 113 114
6 22 43 66 76 117 120
6 22 43 77 114 116 120
6 22 43 85 108 114 120
6 22 44 50 70 73 120
6 22 44 65 76 114 120
6 22 44 68 73 113 122
6 22 44 68 73 114 120
6 22 44 68 88 106 113
6 22 44 69 73 114 120
6 22 44 69 88 106 113
6 22 44 69 106 113 120
6 22 44 73 84 98 120
6 22 44 73 84 99 120
6 22 44 73 84 106 113
6 22 44 73 100 114 120
6 22 44 74 89 101 114
6 22 44 74 97 116 120
6 22 44 74 100 113 120
6 22 44 75 98 117 120
6 22 44 76 81 97 122
6 22 44 76 81 99 120
6 22 44 76 97 114 120
6 22 44 76 98 113 120
6 22 44 76 113 114 120
6 22 44 81 106 116 120
6 22 44 84 105 114 120
6 22 44 84 106 113 120
6 22 44 88 100 106 113
6 22 44 89 98 100 120
6 22 44 92 97 98 120
6 22 45 65 88 98 112
6 22 45 76 83 98 120
6 22 45 78 113 114 120
6 22 45 85 106 114 120
6 22 46 66 76 113 120
6 22 46 69 74 113 120
6 22 46 74 88 100 113
6 22 48 65 80 106 108
6 22 48 75 80 97 108
6 22 48 80 97 106 108
6 22 48 80 98 105 108
6 22 48 81 97 106 108
6 22 48 88 98 100 105
6 22 48 89 98 100 104
6 22 49 65 80 106 108
6 22 49 73 76 100 122
6 22 49 75 101 122 124
6 22 49 77 110 114 120
6 22 49 78 106 116 120
6 22 49 79 106 116 120
6 22 49 81 98 108 120
6 22 49 81 106 108 112
6 22 49 81 106 108 120
6 22 49 82 106 109 124
6 22 49 82 109 110 120
6 22 49 84 105 108 122
6 22 49 84 107 108 120
6 22 49 85 106 108 120
6 22 49 89 102 106 124
6 22 49 89 106 108 112
6 22 49 89 106 108 116
6 22 49 90 98 109 124
6 22 49 90 101 106 124
6 22 49 90 101 110 120
6 22 49 90 102 105 124
6 22 49 90 102 108 120
6 22 49 90 102 109 120
6 22 49 90 106 108 116
6 22 49 90 106 109 116
6 22 49 90 109 110 112
6 22 49 92 99 108 120
6 22 49 92 100 107 120
6 22 49 92 101 106 120
6 22 49 92 105 106 116
6 22 49 92 106 108 112
6 22 49 92 107 108 112
6 22 49 93 102 106 120
6 22 50 73 88 100 104
6 22 50 73 110 116 120
6 22 50 75 108 116 120
6 22 50 75 108 116 121
6 22 50 75 108 117 120
6 22 50 75 109 116 120
6 22 50 77 106 116 120
6 22 50 78 105 116 120
6 22 50 78 108 113 120
6 22 50 78 109 113 120
6 22 50 79 108 113 120
6 22 50 85 106 108 120
6 22 50 85 106 109 120
6 22 50 85 107 108 120
6 22 50 89 98 109 124
6 22 50 89 101 106 124
6 22 50 89 101 110 120
6 22 50 89 102 109 120
6 22 50 89 106 109 116
6 22 50 89 109 110 112
6 22 50 90 101 108 120
6 22 50 90 101 108 121
6 22 50 90 105 108 116
6 22 50 91 101 108 120
6 22 50 92 105 106 116
6 22 50 92 106 108 113
6 22 50 92 106 109 113
6 22 50 92 107 108 113
6 22 51 74 77 100 120
6 22 51 77 108 114 120
6 22 51 85 106 108 120
6 22 52 73 76 98 120
6 22 52 73 76 99 120
6 22 52 73 108 114 120
6 22 52 81 106 108 120
6 22 52 84 105 106 120
6 22 52 89 106 108 112
6 22 52 92 97 106 120
6 22 52 92 98 105 120
6 22 52 92 105 106 112
6 22 53 67 76 106 120
6 22 53 78 106 113 120
6 22 56 73 88 97 102
6 22 56 73 88 98 100
6 22 56 73 98 104 116
6 22 56 74 80 97 100
6 22 56 74 97 100 112
6 22 56 76 105 114 116
6 22 56 76 106 113 116
6 22 56 77 106 114 116
6 22 56 78 105 114 116
6 22 56 78 106 113 116
6 22 56 79 106 113 116
6 22 56 81 106 108 112
6 22 56 82 105 108 112
6 22 56 82 105 110 116
6 22 56 84 105 108 114
6 22 56 84 105 110 112
6 22 56 84 106 108 112
6 22 56 84 106 108 113
6 22 56 84 106 109 112
6 22 56 84 107 108 112
6 22 56 88 97 108 114
6 22 56 88 97 110 112
6 22 56 88 98 100 104
6 22 56 88 98 101 104
6 22 56 88 98 105 116
6 22 56 88 98 108 112
6 22 56 88 98 108 113
6 22 56 88 98 109 112
6 22 56 88 99 108 112
6 22 56 88 101 104 114
6 22 56 88 102 105 112
6 22 56 89 98 100 104
6 22 56 89 101 110 114
6 22 56 89 102 108 112
6 22 56 90 102 108 112
6 22 56 90 102 108 113
6 22 56 90 102 109 112
6 22 56 90 102 109 113
6 22 56 91 102 109 112
6 22 56 92 97 106 116
6 22 56 92 97 110 112
6 22 56 92 98 105 116
6 22 56 92 100 107 112
6 22 56 92 102 105 112
6 22 56 93 99 106 116
6 22 56 93 99 110 112
6 22 56 93 102 106 112
6 22 56 93 102 106 113
6 22 57 65 80 98 108
6 22 57 65 88 98 100
6 22 57 66 80 100 104
6 22 57 71 108 114 120
6 22 57 74 76 101 114
6 22 57 74 76 102 113
6 22 57 76 88 98 100
6 22 57 77 102 114 120
6 22 57 77 106 114 116
6 22 57 78 101 114 120
6 22 57 78 102 113 120
6 22 57 78 106 113 116
6 22 57 83 102 108 120
6 22 57 85 106 108 114
6 22 57 89 102 108 114
6 22 57 90 98 101 124
6 22 57 90 98 109 116
6 22 57 90 101 108 114
6 22 57 90 101 110 112
6 22 57 90 102 108 113
6 22 57 90 102 109 112
6 22 57 90 103 108 112
6 22 57 92 99 102 120
6 22 57 92 99 108 114
6 22 57 92 101 106 114
6 22 57 93 102 106 112
6 22 58 69 74 108 113
6 22 58 70 73 108 113
6 22 58 71 108 113 120
6 22 58 74 76 97 116
6 22 58 77 101 114 120
6 22 58 77 102 113 120
6 22 58 77 106 113 116
6 22 58 77 108 113 114
6 22 58 78 101 113 120
6 22 58 83 101 108 120
6 22 58 89 102 108 112
6 22 58 90 97 108 116
6 22 58 90 101 108 112
6 22 58 90 101 108 113
6 22 58 92 97 108 114
6 22 58 92 98 101 121
6 22 58 92 98 105 116
6 22 58 92 98 109 113
6 22 58 92 101 106 113
6 22 58 92 102 105 113
6 22 60 65 76 98 120
6 22 60 67 74 108 113
6 22 60 67 76 98 120
6 22 60 68 73 98 120
6 22 60 68 73 106 113
6 22 60 69 73 98 120
6 22 60 70 73 98 120
6 22 60 73 74 100 114
6 22 60 73 80 97 98
6 22 60 73 88 97 98
6 22 60 74 76 98 113
6 22 60 75 98 116 120
6 22 60 75 98 116 121
6 22 60 75 98 117 120
6 22 60 92 97 106 112
6 22 60 92 98 105 112
6 22 60 93 99 106 112
6 22 61 67 76 98 120
6 22 61 74 76 98 113
6 22 65 76 106 116 120
6 22 66 76 105 116 120
6 22 66 88 100 105 112
6 22 67 74 108 116 121
6 22 67 108 116 121 122
6 22 69 73 108 114 120
6 22 69 74 108 114 120
6 22 69 74 108 114 121
6 22 70 73 106 113 124
6 22 70 74 105 113 124
6 22 70 74 108 113 120
6 22 70 105 113 122 124
6 22 73 90 102 108 113
6 22 73 97 98 100 120
6 22 73 97 108 114 120
6 22 73 102 106 113 124
6 22 73 102 113 122 124
6 22 73 110 114 116 120
6 22 74 76 101 114 121
6 22 74 88 101 104 112
6 22 74 89 99 108 116
6 22 74 92 102 105 113
6 22 74 98 101 121 124
6 22 74 98 108 116 121
6 22 74 99 108 116 121
6 22 74 101 108 114 121
6 22 74 101 114 121 124
6 22 74 102 105 113 124
6 22 75 108 114 117 120
6 22 76 97 106 116 120
6 22 76 98 105 116 120
6 22 76 100 105 114 120
6 22 76 100 106 113 120
6 22 76 105 114 116 120
6 22 76 106 113 116 120
6 22 77 106 114 116 120
6 22 77 106 114 116 121
6 22 78 105 114 116 120
6 22 78 106 113 116 120
6 22 79 106 113 116 120
6 22 81 97 98 108 120
6 22 81 97 106 108 112
6 22 81 102 105 122 124
6 22 81 106 108 116 120
6 22 82 98 109 121 124
6 22 82 101 106 121 124
6 22 82 105 108 116 120
6 22 82 105 110 116 120
6 22 82 106 109 113 124
6 22 82 106 109 116 120
6 22 82 106 109 116 121
6 22 83 106 109 116 120
6 22 84 105 108 114 120
6 22 84 106 108 113 120
6 22 85 106 108 114 120
6 22 85 106 108 114 121
6 22 88 98 100 105 112
6 22 88 105 110 114 116
6 22 89 98 100 104 112
6 22 89 101 106 114 124
6 22 89 101 110 114 120
6 22 89 102 106 113 124
6 22 90 98 109 113 124
6 22 90 98 109 116 121
6 22 90 101 106 113 124
6 22 90 101 108 114 120
6 22 90 101 108 114 121
6 22 90 102 105 113 124
6 22 90 102 108 113 120
6 22 90 102 109 113 120
6 22 90 105 108 114 116
6 22 90 106 108 113 116
6 22 90 106 109 113 116
6 22 92 97 106 116 120
6 22 92 98 105 116 120
6 22 92 99 108 114 121
6 22 92 101 106 114 121
6 22 93 99 106 116 120
6 22 93 102 106 113 120
6 22 101 106 114 121 124
6 22 102 105 113 122 124
6 22 105 108 114 116 120
6 22 105 110 114 116 120
6 22 106 108 113 116 120
6 22 106 114 117 121 124
6 23 24 40 72 99 116
6 23 24 41 74 100 112
6 23 26 105 108 118 120
6 23 28 105 106 116 120
6 23 28 107 108 117 122
6 23 34 94 100 105 120
6 23 35 94 100 105 120
6 23 36 76 106 113 120
6 23 36 92 97 106 120
6 23 38 90 97 108 120
6 23 38 92 98 105 120
6 23 42 92 98 100 121
6 23 43 65 78 116 120
6 23 43 66 76 116 120
6 23 43 67 76 116 120
6 23 43 77 114 116 120
6 23 43 77 118 122 124
6 23 44 84 97 106 120
6 23 44 89 100 106 112
6 23 46 78 117 121 122
6 23 50 92 105 106 116
6 23 50 92 107 108 112
6 23 52 84 105 106 120
6 23 52 92 105 106 112
6 23 56 81 106 108 112
6 23 56 84 107 108 112
6 23 56 88 97 98 108
6 23 56 88 97 102 104
6 23 56 88 97 110 112
6 23 56 88 98 100 104
6 23 56 88 99 108 112
6 23 56 88 105 108 118
6 23 56 88 105 110 118
6 23 56 88 106 108 113
6 23 56 88 106 108 116
6 23 56 88 106 108 118
6 23 56 88 106 109 118
6 23 56 92 97 98 104
6 23 57 67 76 106 116
6 23 57 78 106 113 116
6 23 57 89 102 106 124
6 23 57 90 102 108 113
6 23 57 90 103 108 120
6 23 57 92 99 110 112
6 23 58 66 76 105 116
6 23 58 90 101 108 120
6 23 60 75 99 116 120
6 23 60 89 107 108 118
6 23 60 92 102 105 122
6 23 60 92 102 106 121
6 23 60 92 107 108 115
6 23 67 105 108 116 122
6 23 70 106 108 113 120
6 23 73 110 113 122 124
6 23 76 100 106 113 120
6 23 78 103 121 122 124
6 23 78 107 117 122 124
6 23 81 97 110 122 124
6 23 81 102 105 122 124
6 23 84 106 108 113 120
6 23 92 97 100 106 120
6 23 92 107 108 117 122
6 23 94 98 100 105 120
6 23 102 105 113 122 124
6 23 110 117 121 122 124
6 23 110 118 121 122 124
6 23 111 118 121 122 124
6 24 33 34 68 72 112
6 24 33 34 72 80 100
6 24 33 34 72 84 96
6 24 33 36 68 74 112
6 24 33 42 76 82 116
6 24 33 48 66 80 108
6 24 33 48 70 80 104
6 24 33 48 74 80 100
6 24 33 52 74 84 104
6 24 33 54 76 82 104
6 24 33 66 68 104 112
6 24 33 66 72 80 100
6 24 33 66 72 100 112
6 24 33 66 100 104 112
6 24 33 72 80 98 100
6 24 33 72 98 100 112
6 24 33 76 104 114 116
6 24 33 78 104 114 116
6 24 33 82 100 104 112
6 24 34 36 72 80 96
6 24 34 48 68 80 104
6 24 35 40 76 82 116
6 24 35 40 78 81 116
6 24 35 44 73 82 116
6 24 35 44 73 86 112
6 24 35 44 81 86 104
6 24 35 52 74 76 112
6 24 35 73 82 108 116
6 24 35 73 86 104 116
6 24 35 73 86 108 112
6 24 35 76 81 104 118
6 24 35 76 82 104 116
6 24 35 76 104 113 118
6 24 35 77 86 104 112
6 24 36 48 69 82 104
6 24 36 65 68 104 114
6 24 36 66 68 104 112
6 24 36 67 68 104 112
6 24 36 68 73 98 112
6 24 36 68 81 106 112
6 24 36 68 97 104 114
6 24 36 68 98 104 112
6 24 36 68 99 104 112
6 24 36 68 104 113 114
6 24 36 69 82 104 112
6 24 37 40 74 84 112
6 24 37 40 76 82 112
6 24 37 49 74 86 104
6 24 37 50 73 86 104
6 24 37 74 84 104 112
6 24 37 74 86 104 113
6 24 38 40 74 84 112
6 24 38 40 74 84 113
6 24 38 40 77 82 112
6 24 38 41 73 82 116
6 24 38 41 82 84 104
6 24 38 65 72 80 96
6 24 38 73 82 104 116
6 24 38 73 104 114 116
6 24 38 74 84 104 112
6 24 38 74 84 104 113
6 24 38 74 85 104 112
6 24 39 40 73 82 116
6 24 39 40 73 86 112
6 24 39 40 74 84 112
6 24 39 40 78 81 112
6 24 39 73 82 104 116
6 24 39 73 86 104 112
6 24 39 74 84 104 112
6 24 40 48 65 66 68
6 24 40 48 65 70 96
6 24 40 48 65 82 100
6 24 40 48 73 82 100
6 24 40 48 75 85 102
6 24 40 49 67 76 118
6 24 40 49 71 72 118
6 24 40 49 72 82 100
6 24 40 50 65 78 116
6 24 40 50 67 76 116
6 24 40 50 69 74 116
6 24 40 50 69 76 112
6 24 40 50 70 73 116
6 24 40 50 71 72 116
6 24 40 50 71 73 116
6 24 40 50 73 86 101
6 24 40 51 72 85 102
6 24 40 52 65 74 112
6 24 40 52 65 76 114
6 24 40 52 65 78 112
6 24 40 52 66 76 112
6 24 40 52 67 72 112
6 24 40 52 67 76 112
6 24 40 52 67 78 112
6 24 40 52 69 72 114
6 24 40 52 69 74 112
6 24 40 52 70 72 112
6 24 40 52 71 72 112
6 24 40 52 71 74 112
6 24 40 52 76 81 98
6 24 40 54 65 78 112
6 24 40 54 67 76 112
6 24 40 54 67 76 113
6 24 40 54 71 72 112
6 24 40 65 66 68 112
6 24 40 65 66 100 112
6 24 40 65 72 114 116
6 24 40 65 76 114 116
6 24 40 65 78 114 116
6 24 40 65 82 100 112
6 24 40 67 72 117 118
6 24 40 67 76 113 118
6 24 40 67 76 114 116
6 24 40 69 72 114 116
6 24 40 70 72 114 116
6 24 40 70 72 114 117
6 24 40 70 73 114 116
6 24 40 71 72 113 118
6 24 40 71 72 114 116
6 24 40 71 73 114 116
6 24 40 72 81 98 116
6 24 40 72 81 102 112
6 24 40 72 81 102 116
6 24 40 72 82 100 112
6 24 40 72 83 101 118
6 24 40 72 85 102 112
6 24 40 72 86 101 114
6 24 40 72 97 114 116
6 24 40 72 99 117 118
6 24 40 72 101 114 116
6 24 40 72 102 114 116
6 24 40 72 102 114 117
6 24 40 72 103 113 118
6 24 40 72 103 114 116
6 24 40 72 113 114 116
6 24 40 72 115 117 118
6 24 40 73 82 100 112
6 24 40 73 86 101 114
6 24 40 73 102 114 116
6 24 40 73 102 114 117
6 24 40 73 103 114 116
6 24 40 74 85 102 112
6 24 40 74 101 114 116
6 24 40 75 85 102 112
6 24 40 76 81 98 116
6 24 40 76 81 102 112
6 24 40 76 97 114 116
6 24 40 76 113 114 116
6 24 40 78 97 114 116
6 24 40 78 113 114 116
6 24 40 79 113 114 116
6 24 40 81 98 100 112
6 24 41 50 73 84 102
6 24 41 52 70 82 104
6 24 41 70 72 114 116
6 24 41 70 73 114 116
6 24 41 70 82 104 116
6 24 41 71 72 114 116
6 24 41 71 104 114 116
6 24 41 72 82 100 112
6 24 41 72 82 102 116
6 24 41 72 84 102 112
6 24 41 72 85 102 114
6 24 41 73 82 102 116
6 24 41 73 102 114 116
6 24 41 74 84 102 113
6 24 41 78 113 114 116
6 24 41 82 84 102 104
6 24 41 82 100 104 112
6 24 41 83 108 114 116
6 24 41 85 102 104 114
6 24 41 86 104 114 116
6 24 41 86 104 114 117
6 24 41 86 108 113 114
6 24 41 87 104 114 116
6 24 42 52 69 74 112
6 24 42 52 70 81 104
6 24 42 52 71 81 104
6 24 42 52 73 81 102
6 24 42 52 76 82 97
6 24 42 65 76 114 116
6 24 42 65 82 108 116
6 24 42 65 84 104 112
6 24 42 65 86 104 116
6 24 42 65 86 108 112
6 24 42 69 82 104 116
6 24 42 69 84 104 112
6 24 42 71 81 104 116
6 24 42 72 81 101 118
6 24 42 72 82 101 116
6 24 42 72 84 101 114
6 24 42 72 86 97 116
6 24 42 72 86 101 112
6 24 42 73 86 101 112
6 24 42 74 84 101 112
6 24 42 76 82 97 116
6 24 42 76 97 114 116
6 24 42 76 113 114 116
6 24 42 81 86 101 104
6 24 42 82 84 101 104
6 24 42 82 97 108 116
6 24 42 82 101 104 116
6 24 42 84 101 104 114
6 24 42 85 104 114 116
6 24 42 86 97 104 116
6 24 42 86 97 108 112
6 24 42 86 101 104 112
6 24 42 86 104 113 116
6 24 44 49 67 86 104
6 24 44 50 67 84 104
6 24 44 52 67 82 104
6 24 44 65 72 114 116
6 24 44 65 82 104 116
6 24 44 65 84 104 114
6 24 44 65 86 104 112
6 24 44 66 84 104 112
6 24 44 67 72 113 118
6 24 44 67 72 114 116
6 24 44 67 81 104 118
6 24 44 67 82 104 116
6 24 44 67 84 104 112
6 24 44 67 85 104 114
6 24 44 67 86 104 112
6 24 44 67 104 114 116
6 24 44 72 81 98 116
6 24 44 72 81 102 112
6 24 44 72 84 97 114
6 24 44 72 84 98 112
6 24 44 72 84 99 112
6 24 44 72 86 97 112
6 24 44 74 86 97 112
6 24 44 81 98 104 116
6 24 44 81 104 114 116
6 24 44 84 97 104 114
6 24 44 84 98 104 112
6 24 44 84 99 104 112
6 24 44 86 97 104 112
6 24 46 65 72 114 116
6 24 46 65 86 104 112
6 24 46 72 82 97 116
6 24 46 72 82 101 112
6 24 46 72 84 97 112
6 24 46 72 86 97 112
6 24 46 86 97 104 112
6 24 48 65 80 98 108
6 24 48 65 80 102 104
6 24 48 65 82 100 104
6 24 48 66 80 100 104
6 24 48 67 80 100 104
6 24 48 73 80 98 100
6 24 48 80 97 98 108
6 24 48 80 97 102 104
6 24 48 80 98 100 104
6 24 48 81 98 100 104
6 24 49 67 76 104 118
6 24 49 72 80 98 100
6 24 49 73 110 114 116
6 24 49 74 84 102 104
6 24 49 74 101 104 118
6 24 49 76 84 98 104
6 24 49 77 106 114 116
6 24 49 78 104 114 116
6 24 49 78 105 114 116
6 24 49 79 104 114 116
6 24 49 81 106 108 118
6 24 49 82 100 104 112
6 24 49 82 105 110 116
6 24 49 82 109 110 112
6 24 49 85 106 108 114
6 24 49 86 105 108 114
6 24 49 86 105 110 112
6 24 49 86 106 108 112
6 24 49 86 106 109 112
6 24 49 87 106 108 112
6 24 50 52 71 73 104
6 24 50 65 72 100 112
6 24 50 65 76 104 116
6 24 50 65 80 100 104
6 24 50 67 76 104 116
6 24 50 69 74 104 116
6 24 50 70 73 104 116
6 24 50 71 73 104 116
6 24 50 73 84 102 104
6 24 50 73 85 102 104
6 24 50 73 86 101 104
6 24 50 73 102 104 116
6 24 50 74 84 101 104
6 24 50 74 108 113 116
6 24 50 78 104 113 116
6 24 50 82 105 108 116
6 24 50 84 105 110 112
6 24 50 84 106 108 112
6 24 50 84 106 108 113
6 24 50 84 106 109 112
6 24 50 85 106 108 112
6 24 50 86 105 108 112
6 24 51 85 106 108 112
6 24 52 65 66 104 112
6 24 52 65 76 104 114
6 24 52 69 74 104 112
6 24 52 71 74 104 112
6 24 52 73 76 98 112
6 24 52 73 84 98 104
6 24 52 73 102 104 112
6 24 52 74 82 101 104
6 24 52 76 81 98 104
6 24 52 76 104 113 114
6 24 52 81 106 108 112
6 24 52 84 105 106 112
6 24 53 78 104 113 114
6 24 54 65 74 104 116
6 24 54 65 74 108 112
6 24 54 65 76 104 112
6 24 54 67 76 104 112
6 24 54 67 76 104 113
6 24 54 74 76 97 112
6 24 54 74 81 101 104
6 24 54 76 82 97 104
6 24 65 66 68 104 112
6 24 65 66 72 100 112
6 24 65 66 100 104 112
6 24 65 72 80 98 100
6 24 65 72 98 100 112
6 24 65 76 104 114 116
6 24 65 78 104 114 116
6 24 65 82 100 104 112
6 24 65 98 100 104 112
6 24 67 76 104 113 118
6 24 67 76 104 114 116
6 24 70 73 104 114 116
6 24 71 73 104 114 116
6 24 72 80 97 98 100
6 24 72 81 98 100 112
6 24 72 97 98 100 112
6 24 73 82 99 108 116
6 24 73 82 100 104 112
6 24 73 82 102 104 116
6 24 73 82 103 104 116
6 24 73 84 102 104 112
6 24 73 85 102 104 114
6 24 73 86 99 108 112
6 24 73 86 101 104 114
6 24 73 86 103 104 112
6 24 73 102 104 114 116
6 24 73 102 104 114 117
6 24 73 103 104 114 116
6 24 74 81 101 104 118
6 24 74 84 101 104 114
6 24 74 84 102 104 112
6 24 74 84 102 104 113
6 24 74 84 103 104 112
6 24 74 85 102 104 112
6 24 74 101 104 114 116
6 24 75 85 102 104 112
6 24 76 81 98 104 116
6 24 76 97 104 114 116
6 24 76 104 113 114 116
6 24 78 97 104 114 116
6 24 78 104 113 114 116
6 24 78 105 113 114 116
6 24 79 104 113 114 116
6 24 81 98 100 104 112
6 24 81 105 110 114 116
6 24 85 106 108 113 114
6 24 97 98 100 104 112
6 25 26 38 70 97 124
6 25 26 38 70 105 116
6 25 26 98 108 116 120
6 25 26 99 108 116 120
6 25 26 102 104 113 116
6 25 26 102 108 116 120
6 25 26 103 108 116 120
6 25 26 103 108 118 120
6 25 28 69 100 106 114
6 25 28 98 100 104 112
6 25 28 98 108 116 120
6 25 28 99 108 116 122
6 25 28 101 106 118 120
6 25 28 102 105 116 122
6 25 30 98 100 104 112
6 25 30 99 108 116 120
6 25 30 101 106 114 124
6 25 30 101 106 118 120
6 25 33 70 74 100 112
6 25 33 70 108 116 122
6 25 33 78 104 114 116
6 25 33 86 98 108 120
6 25 34 36 65 86 104
6 25 34 36 65 94 96
6 25 34 36 70 72 112
6 25 34 36 70 88 96
6 25 34 36 74 84 96
6 25 34 66 76 100 112
6 25 34 66 108 116 120
6 25 34 70 100 104 112
6 25 34 70 108 116 120
6 25 34 94 100 104 112
6 25 35 90 108 116 120
6 25 35 92 108 116 122
6 25 36 40 68 82 96
6 25 36 68 72 98 112
6 25 36 68 98 104 112
6 25 36 84 98 104 112
6 25 36 92 98 104 112
6 25 37 92 106 118 120
6 25 38 44 76 81 114
6 25 38 52 74 84 104
6 25 38 56 74 84 100
6 25 38 65 70 104 112
6 25 38 65 74 116 120
6 25 38 65 82 108 112
6 25 38 65 84 98 120
6 25 38 66 68 104 112
6 25 38 66 88 104 116
6 25 38 67 108 116 122
6 25 38 69 76 114 120
6 25 38 70 74 113 124
6 25 38 70 88 104 112
6 25 38 70 92 105 114
6 25 38 70 97 122 124
6 25 38 70 105 114 124
6 25 38 70 113 122 124
6 25 38 73 104 114 116
6 25 38 74 81 104 116
6 25 38 74 84 100 120
6 25 38 74 84 104 112
6 25 38 76 84 97 122
6 25 38 76 84 98 120
6 25 38 76 88 98 112
6 25 38 76 97 116 122
6 25 38 76 100 114 120
6 25 38 76 113 116 122
6 25 38 78 97 114 124
6 25 38 78 105 114 116
6 25 38 81 108 116 122
6 25 38 82 108 116 120
6 25 38 86 106 113 124
6 25 38 88 98 104 116
6 25 38 90 97 108 116
6 25 38 90 98 108 116
6 25 38 92 97 104 114
6 25 38 92 98 100 120
6 25 38 92 98 104 112
6 25 38 92 105 116 122
6 25 38 94 98 100 120
6 25 38 94 100 104 112
6 25 39 74 84 104 112
6 25 39 94 105 114 124
6 25 40 72 102 114 116
6 25 40 72 102 114 117
6 25 40 72 103 114 116
6 25 40 73 102 114 116
6 25 40 74 102 113 116
6 25 40 78 97 114 116
6 25 40 88 98 100 112
6 25 40 88 99 102 116
6 25 40 92 97 102 114
6 25 40 92 98 100 112
6 25 40 94 98 100 112
6 25 41 70 72 114 116
6 25 41 71 118 122 124
6 25 41 78 114 116 120
6 25 41 92 102 116 122
6 25 42 52 65 66 68
6 25 42 52 69 70 120
6 25 42 52 70 73 112
6 25 42 52 73 84 98
6 25 42 52 76 82 97
6 25 42 65 70 116 120
6 25 42 65 82 108 116
6 25 42 66 84 100 112
6 25 42 66 84 100 120
6 25 42 69 70 116 120
6 25 42 70 81 104 116
6 25 42 72 84 100 112
6 25 42 72 86 101 112
6 25 42 74 84 100 112
6 25 42 74 117 118 124
6 25 42 76 82 97 116
6 25 42 76 97 114 116
6 25 42 76 113 114 116
6 25 42 78 113 118 124
6 25 42 78 114 117 124
6 25 42 78 117 118 120
6 25 42 82 97 108 116
6 25 42 82 108 116 120
6 25 42 84 98 100 120
6 25 42 86 97 104 116
6 25 42 86 97 108 112
6 25 42 86 101 104 112
6 25 42 86 109 114 124
6 25 42 88 97 102 116
6 25 42 90 101 118 124
6 25 42 92 101 118 120
6 25 42 92 103 118 120
6 25 43 85 110 118 120
6 25 44 67 104 114 116
6 25 44 69 70 114 120
6 25 44 69 84 106 114
6 25 44 70 84 97 122
6 25 44 70 88 100 114
6 25 44 72 84 98 112
6 25 44 76 84 98 112
6 25 44 76 84 99 114
6 25 44 76 113 118 122
6 25 44 76 115 116 122
6 25 44 76 115 118 120
6 25 44 78 84 97 114
6 25 44 78 113 116 122
6 25 44 78 113 118 120
6 25 44 78 115 116 120
6 25 44 84 98 100 120
6 25 44 84 98 104 112
6 25 44 84 100 104 114
6 25 44 84 100 106 114
6 25 44 84 101 106 114
6 25 44 86 97 98 120
6 25 44 86 98 104 112
6 25 44 86 98 104 113
6 25 44 86 100 106 112
6 25 44 86 107 116 120
6 25 44 88 106 117 118
6 25 44 90 101 118 120
6 25 44 90 103 116 120
6 25 44 92 98 100 112
6 25 44 92 99 116 122
6 25 44 92 99 118 120
6 25 44 92 102 113 122
6 25 44 92 106 113 118
6 25 44 94 98 100 112
6 25 45 94 99 118 120
6 25 46 65 70 114 124
6 25 46 65 72 114 116
6 25 46 70 90 97 116
6 25 46 72 82 97 116
6 25 46 72 82 101 112
6 25 46 72 84 98 112
6 25 46 72 86 97 112
6 25 46 73 84 100 114
6 25 46 75 117 118 120
6 25 46 76 84 97 114
6 25 46 78 113 118 120
6 25 46 78 114 117 120
6 25 46 78 115 117 120
6 25 46 83 106 117 124
6 25 46 85 106 118 120
6 25 46 86 97 104 112
6 25 46 86 97 122 124
6 25 46 86 98 100 120
6 25 46 86 105 114 124
6 25 46 86 105 116 120
6 25 46 86 106 116 120
6 25 46 86 106 117 120
6 25 46 86 107 117 120
6 25 46 87 106 113 124
6 25 46 87 106 117 120
6 25 46 90 97 118 124
6 25 46 90 99 117 124
6 25 46 90 101 118 120
6 25 46 90 103 117 120
6 25 46 92 106 113 118
6 25 46 92 106 114 117
6 25 46 92 106 115 117
6 25 46 94 99 117 120
6 25 48 70 80 98 108
6 25 48 78 80 98 100
6 25 48 78 81 98 100
6 25 48 80 98 100 104
6 25 48 84 98 100 104
6 25 49 86 106 108 112
6 25 50 65 70 108 112
6 25 50 67 108 116 120
6 25 50 76 98 104 116
6 25 50 84 98 100 104
6 25 50 84 98 108 112
6 25 50 84 98 108 120
6 25 50 84 106 108 112
6 25 50 84 106 108 113
6 25 50 85 106 108 112
6 25 50 86 105 108 112
6 25 50 88 98 108 116
6 25 50 88 102 104 116
6 25 50 88 102 105 116
6 25 50 88 102 108 112
6 25 50 88 102 108 113
6 25 50 92 97 102 104
6 25 50 92 98 100 104
6 25 51 94 101 106 124
6 25 52 65 70 98 120
6 25 52 68 80 98 104
6 25 52 68 88 98 104
6 25 52 69 110 114 120
6 25 52 70 88 98 104
6 25 52 70 108 113 122
6 25 52 74 80 98 100
6 25 52 74 98 100 112
6 25 52 74 100 104 112
6 25 52 76 102 113 122
6 25 52 78 108 113 114
6 25 52 81 102 108 122
6 25 52 82 101 110 120
6 25 52 82 109 110 112
6 25 52 84 97 110 122
6 25 52 84 98 108 120
6 25 52 84 99 108 122
6 25 52 84 99 110 120
6 25 52 84 100 106 120
6 25 52 84 102 105 122
6 25 52 84 105 110 114
6 25 52 84 106 108 112
6 25 52 84 107 108 114
6 25 52 84 107 110 112
6 25 52 86 97 110 120
6 25 52 86 105 110 112
6 25 52 86 106 108 112
6 25 52 86 106 108 113
6 25 52 86 107 108 112
6 25 52 88 98 100 104
6 25 52 88 98 108 112
6 25 52 88 100 106 112
6 25 52 88 102 104 112
6 25 52 90 101 108 114
6 25 52 90 101 110 112
6 25 52 90 102 108 112
6 25 52 90 102 108 113
6 25 52 92 97 102 122
6 25 52 92 97 110 114
6 25 52 92 99 108 114
6 25 52 92 99 110 112
6 25 52 92 101 106 114
6 25 52 92 102 106 112
6 25 52 94 99 108 112
6 25 54 65 66 108 120
6 25 54 65 74 108 112
6 25 54 65 88 98 108
6 25 54 70 88 97 104
6 25 54 71 105 122 124
6 25 54 75 108 116 120
6 25 54 75 110 117 120
6 25 54 76 82 97 104
6 25 54 77 99 122 124
6 25 54 77 106 114 124
6 25 54 85 106 108 120
6 25 54 86 105 106 124
6 25 54 86 105 108 120
6 25 54 86 106 108 120
6 25 54 90 101 106 124
6 25 54 90 101 108 120
6 25 54 90 105 108 116
6 25 54 92 97 98 104
6 25 54 92 102 106 120
6 25 54 92 103 106 120
6 25 54 92 106 108 114
6 25 54 94 101 106 120
6 25 55 87 106 108 120
6 25 56 70 72 98 116
6 25 56 70 88 98 100
6 25 56 72 80 98 100
6 25 56 72 84 98 100
6 25 56 72 86 97 102
6 25 56 73 102 114 116
6 25 56 74 84 97 102
6 25 56 74 84 98 100
6 25 56 74 102 113 116
6 25 56 76 84 98 100
6 25 56 78 106 117 118
6 25 56 78 107 117 118
6 25 56 78 108 115 116
6 25 56 86 97 98 108
6 25 56 86 97 102 104
6 25 56 86 98 100 104
6 25 56 86 99 108 112
6 25 56 86 103 104 112
6 25 56 86 106 108 113
6 25 56 86 106 108 116
6 25 56 86 106 108 117
6 25 56 88 98 100 112
6 25 56 88 98 104 116
6 25 56 88 98 108 116
6 25 56 88 99 102 116
6 25 56 88 102 104 112
6 25 56 88 102 104 116
6 25 56 88 102 108 116
6 25 56 90 102 108 116
6 25 56 90 103 108 116
6 25 56 92 97 102 114
6 25 56 92 98 108 116
6 25 56 92 101 106 114
6 25 56 92 101 106 118
6 25 56 92 102 104 112
6 25 56 92 102 104 116
6 25 56 92 103 106 118
6 25 56 94 99 108 116
6 25 56 94 101 106 118
6 25 58 65 70 108 116
6 25 58 67 70 108 116
6 25 58 70 76 97 116
6 25 58 71 105 118 124
6 25 58 71 106 117 124
6 25 58 71 108 116 120
6 25 58 75 101 118 124
6 25 58 76 84 97 102
6 25 58 76 84 99 100
6 25 58 77 99 118 124
6 25 58 87 101 106 124
6 25 58 87 106 108 117
6 25 58 90 97 108 116
6 25 58 90 101 108 116
6 25 58 90 101 108 118
6 25 58 90 103 108 117
6 25 58 92 101 106 118
6 25 58 92 102 106 116
6 25 58 92 103 105 118
6 25 58 92 103 106 117
6 25 58 94 99 108 117
6 25 58 94 103 104 117
6 25 60 65 70 98 120
6 25 60 68 72 98 112
6 25 60 70 72 97 114
6 25 60 70 72 98 112
6 25 60 71 106 118 120
6 25 60 72 80 98 100
6 25 60 72 82 97 102
6 25 60 75 103 118 120
6 25 60 78 97 118 120
6 25 60 86 99 108 120
6 25 60 86 101 106 120
6 25 60 86 106 108 113
6 25 60 87 99 110 120
6 25 60 87 103 106 120
6 25 60 90 99 108 116
6 25 60 90 102 105 116
6 25 60 92 97 102 122
6 25 60 92 97 106 118
6 25 60 92 101 106 114
6 25 60 92 102 104 112
6 25 60 92 102 105 114
6 25 60 92 102 106 114
6 25 60 92 103 106 114
6 25 60 94 101 106 114
6 25 60 94 103 105 114
6 25 62 72 80 98 100
6 25 62 87 99 108 120
6 25 62 87 106 108 113
6 25 62 94 99 101 120
6 25 62 94 101 106 113
6 25 62 94 103 104 113
6 25 65 70 98 100 120
6 25 65 70 108 116 122
6 25 65 110 114 116 120
6 25 65 110 118 122 124
6 25 67 70 108 116 122
6 25 67 88 102 104 116
6 25 67 108 114 116 120
6 25 69 110 114 116 120
6 25 69 110 118 122 124
6 25 70 92 101 106 114
6 25 70 97 108 116 122
6 25 70 98 100 104 112
6 25 70 98 108 116 120
6 25 70 101 106 114 124
6 25 70 108 113 116 122
6 25 71 88 102 104 112
6 25 71 105 118 122 124
6 25 73 82 98 108 116
6 25 73 82 102 104 116
6 25 73 102 104 114 116
6 25 73 102 114 116 120
6 25 73 110 114 116 120
6 25 74 81 102 104 116
6 25 74 84 102 104 112
6 25 74 84 102 104 113
6 25 74 102 104 113 116
6 25 74 108 113 118 120
6 25 74 108 117 118 120
6 25 75 110 117 118 120
6 25 76 84 97 102 122
6 25 76 84 99 100 122
6 25 76 84 99 102 120
6 25 76 84 102 105 114
6 25 76 106 117 118 120
6 25 77 99 118 122 124
6 25 78 97 104 114 116
6 25 78 106 113 118 124
6 25 78 106 114 117 124
6 25 78 106 117 118 120
6 25 78 107 117 118 120
6 25 78 108 113 118 120
6 25 78 108 115 116 120
6 25 82 97 110 116 120
6 25 82 98 108 116 120
6 25 82 102 105 116 120
6 25 84 98 100 104 112
6 25 84 101 110 114 120
6 25 84 102 108 113 122
6 25 85 106 108 118 120
6 25 86 97 98 108 120
6 25 86 105 108 116 122
6 25 86 106 108 113 120
6 25 86 106 108 116 120
6 25 86 106 108 117 120
6 25 88 97 110 114 116
6 25 88 98 100 104 112
6 25 88 99 102 104 116
6 25 88 99 108 114 116
6 25 88 102 104 114 116
6 25 88 102 104 114 117
6 25 88 102 105 114 116
6 25 88 103 104 114 116
6 25 88 106 108 113 118
6 25 88 106 108 117 118
6 25 88 107 110 117 118
6 25 90 97 110 118 124
6 25 90 101 106 118 124
6 25 90 101 108 118 120
6 25 90 101 110 118 120
6 25 90 102 108 116 120
6 25 90 103 108 116 120
6 25 92 97 102 104 114
6 25 92 97 110 118 120
6 25 92 98 100 104 112
6 25 92 99 108 116 122
6 25 92 99 108 118 120
6 25 92 101 106 114 120
6 25 92 101 106 118 120
6 25 92 102 105 116 122
6 25 92 103 106 118 120
6 25 92 106 108 113 118
6 25 94 98 100 104 112
6 25 94 99 108 116 120
6 25 94 101 106 114 124
6 25 94 101 106 118 120
6 25 97 110 114 116 120
6 25 97 110 118 122 124
6 25 99 108 114 116 120
6 25 102 105 114 116 120
6 25 106 108 113 118 120
6 25 106 108 117 118 120
6 25 107 110 117 118 120
6 25 110 113 114 116 120
6 25 110 113 118 122 124
6 25 111 113 118 122 124
6 26 28 35 69 106 116
6 26 28 37 67 100 120
6 26 28 37 69 98 120
6 26 28 37 69 104 114
6 26 28 38 70 97 120
6 26 28 38 70 104 113
6 26 28 38 70 105 113
6 26 28 65 102 104 112
6 26 28 69 97 106 116
6 26 28 72 97 102 112
6 26 28 73 97 102 112
6 26 28 97 102 104 112
6 26 28 97 106 116 120
6 26 28 97 108 118 120
6 26 28 97 110 118 120
6 26 28 99 108 116 120
6 26 28 101 106 116 120
6 26 28 101 106 118 120
6 26 28 102 108 113 120
6 26 29 99 108 118 120
6 26 29 102 105 114 124
6 26 33 34 69 76 112
6 26 33 34 76 84 96
6 26 33 36 66 92 96
6 26 33 36 68 72 112
6 26 33 36 68 88 96
6 26 33 36 72 84 96
6 26 33 65 108 118 120
6 26 33 66 69 100 120
6 26 33 66 76 100 112
6 26 33 66 108 116 120
6 26 33 69 98 116 120
6 26 33 70 108 116 120
6 26 33 73 102 116 120
6 26 33 76 98 116 120
6 26 33 76 104 114 116
6 26 33 84 98 108 112
6 26 33 84 100 104 112
6 26 33 85 98 108 120
6 26 33 88 98 108 116
6 26 33 88 100 104 112
6 26 33 88 102 104 116
6 26 33 92 98 104 116
6 26 33 92 100 104 112
6 26 33 92 102 104 112
6 26 34 36 65 76 112
6 26 34 36 73 84 96
6 26 34 69 100 104 112
6 26 34 69 108 116 120
6 26 34 70 108 116 120
6 26 34 70 108 116 121
6 26 34 70 108 117 121
6 26 35 65 84 108 112
6 26 35 69 76 116 120
6 26 35 69 88 104 116
6 26 35 70 76 116 120
6 26 35 76 84 100 120
6 26 35 92 108 116 120
6 26 35 92 108 118 120
6 26 36 41 66 84 96
6 26 36 65 68 104 112
6 26 37 42 69 82 124
6 26 37 42 84 88 97
6 26 37 44 69 88 114
6 26 37 44 73 84 114
6 26 37 44 76 81 114
6 26 37 48 67 80 108
6 26 37 56 76 84 99
6 26 37 65 82 108 112
6 26 37 65 92 106 116
6 26 37 67 92 106 116
6 26 37 67 108 116 120
6 26 37 68 88 104 112
6 26 37 69 74 114 124
6 26 37 69 76 114 120
6 26 37 69 88 106 116
6 26 37 69 106 116 120
6 26 37 70 73 114 124
6 26 37 70 106 113 124
6 26 37 73 84 102 120
6 26 37 73 98 116 120
6 26 37 74 97 116 120
6 26 37 76 81 106 116
6 26 37 76 84 98 120
6 26 37 76 84 99 120
6 26 37 76 84 106 113
6 26 37 76 99 116 120
6 26 37 76 102 113 120
6 26 37 76 105 114 116
6 26 37 81 98 108 112
6 26 37 82 97 108 112
6 26 37 82 108 116 120
6 26 37 85 108 114 120
6 26 37 92 97 98 120
6 26 37 92 97 104 114
6 26 37 92 97 106 116
6 26 37 92 98 104 112
6 26 37 92 106 116 120
6 26 37 92 106 118 120
6 26 38 67 108 116 120
6 26 38 67 108 116 121
6 26 38 70 105 113 124
6 26 38 70 105 116 120
6 26 38 70 105 117 120
6 26 38 73 84 97 120
6 26 38 75 108 113 116
6 26 38 76 84 97 120
6 26 38 76 98 116 121
6 26 38 76 105 114 116
6 26 38 77 98 116 121
6 26 38 78 105 113 116
6 26 38 82 108 116 120
6 26 38 82 108 116 121
6 26 38 82 108 117 121
6 26 38 82 109 113 124
6 26 38 82 109 116 120
6 26 38 82 109 116 121
6 26 38 83 109 116 120
6 26 38 86 108 113 120
6 26 38 89 98 108 116
6 26 38 89 99 108 116
6 26 38 92 97 104 112
6 26 38 92 99 116 121
6 26 38 92 106 116 121
6 26 38 92 108 113 120
6 26 39 76 84 98 121
6 26 39 93 106 116 120
6 26 40 72 101 114 116
6 26 40 72 102 113 116
6 26 40 73 102 113 116
6 26 40 76 97 114 116
6 26 40 76 98 113 116
6 26 40 88 97 102 116
6 26 40 88 98 101 116
6 26 40 88 101 102 112
6 26 40 92 97 98 116
6 26 40 92 97 102 112
6 26 40 92 98 101 112
6 26 41 65 88 102 116
6 26 41 69 70 114 124
6 26 41 69 88 98 116
6 26 41 70 97 116 120
6 26 41 72 81 102 116
6 26 41 81 102 104 116
6 26 41 81 110 118 124
6 26 41 85 110 114 124
6 26 41 85 110 118 120
6 26 41 88 97 102 116
6 26 41 92 97 98 116
6 26 41 92 102 113 120
6 26 41 92 102 116 120
6 26 42 69 88 97 116
6 26 42 77 113 118 124
6 26 42 77 114 117 124
6 26 42 77 117 118 120
6 26 42 82 109 117 124
6 26 42 86 109 113 124
6 26 42 86 109 117 120
6 26 42 89 102 117 124
6 26 42 92 101 116 120
6 26 42 92 101 118 120
6 26 42 92 102 117 120
6 26 44 49 76 84 99
6 26 44 52 69 73 114
6 26 44 52 69 88 98
6 26 44 56 67 69 112
6 26 44 65 66 68 112
6 26 44 65 72 114 116
6 26 44 65 84 98 120
6 26 44 65 88 98 116
6 26 44 66 68 97 112
6 26 44 66 68 113 120
6 26 44 69 76 113 114
6 26 44 69 81 106 116
6 26 44 69 84 98 120
6 26 44 69 84 99 120
6 26 44 69 84 104 114
6 26 44 69 84 106 113
6 26 44 69 98 116 120
6 26 44 69 114 116 120
6 26 44 70 89 101 114
6 26 44 72 81 97 118
6 26 44 72 84 98 112
6 26 44 72 84 98 113
6 26 44 73 114 116 120
6 26 44 76 84 97 114
6 26 44 76 84 98 112
6 26 44 76 84 98 113
6 26 44 76 84 99 112
6 26 44 76 113 118 120
6 26 44 76 114 116 120
6 26 44 76 114 116 121
6 26 44 76 114 117 120
6 26 44 76 115 116 120
6 26 44 77 114 116 120
6 26 44 81 98 104 116
6 26 44 81 106 116 120
6 26 44 84 97 98 120
6 26 44 84 98 104 112
6 26 44 84 98 104 113
6 26 44 84 100 104 112
6 26 44 85 98 104 112
6 26 44 86 97 104 112
6 26 44 86 107 117 120
6 26 44 88 97 98 116
6 26 44 88 106 117 118
6 26 44 92 97 98 112
6 26 44 92 99 116 120
6 26 44 92 101 114 120
6 26 44 92 102 113 120
6 26 45 72 84 98 112
6 26 45 78 113 118 120
6 26 45 78 114 117 120
6 26 45 78 115 116 120
6 26 45 83 108 118 120
6 26 45 85 106 114 124
6 26 45 85 106 118 120
6 26 45 86 106 113 124
6 26 45 86 106 117 120
6 26 45 86 108 115 120
6 26 45 87 108 114 120
6 26 46 72 84 97 112
6 26 46 78 113 116 120
6 26 46 85 106 116 120
6 26 46 86 105 113 124
6 26 46 86 105 117 120
6 26 48 65 80 100 104
6 26 48 65 84 98 108
6 26 48 69 80 98 108
6 26 48 69 80 100 104
6 26 48 69 82 97 108
6 26 48 77 80 98 100
6 26 48 84 97 98 108
6 26 49 65 70 108 112
6 26 49 65 76 104 118
6 26 49 65 84 98 108
6 26 49 65 92 102 104
6 26 49 69 76 106 116
6 26 49 69 80 98 108
6 26 49 70 80 97 108
6 26 49 70 97 108 112
6 26 49 70 108 116 120
6 26 49 73 102 116 120
6 26 49 73 108 114 116
6 26 49 74 108 116 120
6 26 49 76 97 104 118
6 26 49 81 102 108 120
6 26 49 81 106 108 116
6 26 49 84 97 98 108
6 26 49 84 105 110 112
6 26 49 88 97 108 118
6 26 49 88 99 108 116
6 26 49 88 101 102 104
6 26 49 88 101 104 118
6 26 49 88 103 104 116
6 26 49 88 103 108 112
6 26 49 89 102 108 112
6 26 49 92 97 102 104
6 26 49 92 99 108 112
6 26 49 92 102 105 112
6 26 49 92 103 104 112
6 26 50 65 84 100 104
6 26 50 69 80 97 108
6 26 50 73 84 100 104
6 26 51 93 102 108 120
6 26 52 65 80 98 108
6 26 52 65 80 100 104
6 26 52 66 68 105 112
6 26 52 67 80 97 108
6 26 52 67 97 108 112
6 26 52 69 74 97 120
6 26 52 69 76 104 114
6 26 52 69 76 106 113
6 26 52 69 108 114 120
6 26 52 70 108 113 120
6 26 52 70 108 114 121
6 26 52 71 108 114 121
6 26 52 81 98 108 112
6 26 52 81 98 108 120
6 26 52 81 102 108 120
6 26 52 81 106 108 112
6 26 52 82 97 100 104
6 26 52 82 97 108 112
6 26 52 82 97 108 120
6 26 52 82 100 105 120
6 26 52 82 101 108 120
6 26 52 82 102 109 120
6 26 52 82 105 108 112
6 26 52 82 109 110 112
6 26 52 83 102 109 120
6 26 52 83 109 110 112
6 26 52 84 97 110 120
6 26 52 84 98 108 120
6 26 52 84 98 108 121
6 26 52 84 98 109 120
6 26 52 84 99 108 120
6 26 52 84 101 106 120
6 26 52 84 102 105 120
6 26 52 84 105 108 114
6 26 52 84 105 110 112
6 26 52 84 106 108 112
6 26 52 84 106 108 113
6 26 52 84 106 109 112
6 26 52 84 107 108 112
6 26 52 86 105 108 112
6 26 52 86 105 108 114
6 26 52 86 105 110 112
6 26 52 86 107 109 112
6 26 52 88 97 108 114
6 26 52 88 97 110 112
6 26 52 88 98 101 104
6 26 52 88 101 104 114
6 26 52 88 101 106 112
6 26 52 89 102 108 112
6 26 52 92 97 106 112
6 26 52 92 98 105 112
6 26 52 92 98 109 112
6 26 52 92 99 108 112
6 26 52 92 102 105 112
6 26 52 93 102 107 112
6 26 53 65 76 98 120
6 26 53 65 76 104 114
6 26 53 65 88 98 108
6 26 53 65 88 102 104
6 26 53 75 108 118 120
6 26 53 78 105 118 120
6 26 53 78 106 113 124
6 26 53 78 106 116 121
6 26 53 86 105 106 124
6 26 53 89 102 106 124
6 26 53 93 102 106 120
6 26 54 65 76 104 112
6 26 54 69 88 97 104
6 26 54 70 76 105 113
6 26 54 75 108 117 120
6 26 54 76 81 97 104
6 26 54 85 106 108 120
6 26 54 87 105 108 120
6 26 54 89 102 108 120
6 26 54 93 99 108 120
6 26 54 93 102 105 120
6 26 54 93 105 108 114
6 26 56 65 72 100 112
6 26 56 65 72 102 116
6 26 56 65 76 98 116
6 26 56 69 72 98 116
6 26 56 69 72 100 112
6 26 56 69 74 97 116
6 26 56 69 98 104 116
6 26 56 69 100 104 112
6 26 56 72 80 101 102
6 26 56 72 81 101 102
6 26 56 72 84 98 101
6 26 56 73 102 113 116
6 26 56 73 108 114 116
6 26 56 75 108 117 118
6 26 56 76 84 98 100
6 26 56 76 84 99 100
6 26 56 76 97 114 116
6 26 56 76 106 113 116
6 26 56 77 106 117 118
6 26 56 77 108 115 118
6 26 56 78 105 117 118
6 26 56 81 98 108 116
6 26 56 81 102 104 116
6 26 56 81 102 108 112
6 26 56 85 97 102 104
6 26 56 85 98 100 104
6 26 56 85 105 110 118
6 26 56 85 106 108 116
6 26 56 85 106 108 118
6 26 56 85 107 108 118
6 26 56 87 105 108 118
6 26 56 88 97 102 116
6 26 56 88 97 108 118
6 26 56 88 98 101 116
6 26 56 88 99 108 116
6 26 56 88 100 104 112
6 26 56 88 101 102 112
6 26 56 88 101 104 118
6 26 56 88 101 106 116
6 26 56 88 101 108 118
6 26 56 88 101 110 118
6 26 56 88 103 108 116
6 26 56 88 103 108 118
6 26 56 89 102 108 116
6 26 56 89 103 108 118
6 26 56 92 97 102 112
6 26 56 92 97 106 116
6 26 56 92 97 108 118
6 26 56 92 97 110 118
6 26 56 92 98 101 112
6 26 56 92 99 108 116
6 26 56 92 99 108 118
6 26 56 92 101 104 114
6 26 56 92 101 104 118
6 26 56 92 101 106 116
6 26 56 92 101 106 118
6 26 56 92 102 104 113
6 26 56 92 102 104 117
6 26 56 92 102 108 113
6 26 56 92 103 104 118
6 26 56 92 103 106 116
6 26 56 93 99 108 118
6 26 56 93 103 104 118
6 26 56 93 103 106 116
6 26 57 67 70 108 116
6 26 57 70 76 98 116
6 26 57 70 77 98 116
6 26 57 71 108 118 120
6 26 57 76 84 98 100
6 26 57 78 98 117 124
6 26 57 78 102 117 120
6 26 57 86 102 105 124
6 26 57 86 103 108 120
6 26 57 87 102 108 120
6 26 57 93 102 106 116
6 26 60 65 72 98 116
6 26 60 65 72 102 112
6 26 60 65 76 98 112
6 26 60 69 70 97 120
6 26 60 69 70 98 120
6 26 60 69 70 106 113
6 26 60 69 72 97 114
6 26 60 69 72 98 112
6 26 60 69 74 97 112
6 26 60 69 76 97 114
6 26 60 69 76 98 112
6 26 60 69 88 97 98
6 26 60 71 106 116 120
6 26 60 71 106 116 121
6 26 60 72 80 97 102
6 26 60 72 80 98 101
6 26 60 72 81 97 102
6 26 60 72 84 97 98
6 26 60 75 102 117 120
6 26 60 76 81 97 98
6 26 60 76 84 97 98
6 26 60 77 99 118 120
6 26 60 77 102 115 120
6 26 60 77 104 115 118
6 26 60 77 106 113 118
6 26 60 78 97 118 120
6 26 60 78 98 117 120
6 26 60 78 98 117 121
6 26 60 78 99 117 120
6 26 60 78 102 113 120
6 26 60 78 105 114 117
6 26 60 78 106 113 116
6 26 60 83 102 108 120
6 26 60 85 102 106 120
6 26 60 86 99 108 120
6 26 60 86 99 108 121
6 26 60 86 101 106 120
6 26 60 87 99 108 120
6 26 60 87 102 105 120
6 26 60 87 105 108 114
6 26 60 89 99 108 118
6 26 60 89 102 106 116
6 26 60 89 103 104 118
6 26 60 89 103 106 116
6 26 60 92 97 102 120
6 26 60 92 97 106 118
6 26 60 92 97 108 114
6 26 60 92 98 101 120
6 26 60 92 98 108 113
6 26 60 92 99 102 120
6 26 60 92 99 104 118
6 26 60 92 99 108 114
6 26 60 92 101 104 114
6 26 60 92 101 106 114
6 26 60 92 102 104 113
6 26 60 92 102 104 114
6 26 60 92 102 104 115
6 26 60 92 102 105 115
6 26 60 92 102 106 113
6 26 60 92 103 104 114
6 26 60 92 103 104 115
6 26 60 92 103 106 113
6 26 60 93 99 102 120
6 26 60 93 99 108 114
6 26 60 93 102 105 114
6 26 60 93 103 104 114
6 26 65 66 108 116 120
6 26 65 70 108 116 120
6 26 65 84 98 108 112
6 26 65 88 98 108 116
6 26 65 88 102 104 116
6 26 65 98 108 116 120
6 26 65 108 114 116 120
6 26 66 69 100 104 112
6 26 66 69 108 116 120
6 26 66 76 97 100 112
6 26 66 84 97 108 112
6 26 66 84 100 105 112
6 26 66 88 97 108 116
6 26 66 88 101 104 116
6 26 66 97 108 116 120
6 26 66 108 113 116 120
6 26 67 69 108 116 120
6 26 67 70 108 116 120
6 26 67 84 97 108 112
6 26 67 88 97 108 116
6 26 69 70 106 113 124
6 26 69 76 99 116 120
6 26 69 76 105 114 116
6 26 69 76 106 113 116
6 26 69 82 97 108 112
6 26 69 92 97 106 116
6 26 69 97 98 116 120
6 26 69 98 108 116 120
6 26 69 99 108 116 120
6 26 69 106 108 113 116
6 26 69 108 114 116 120
6 26 70 77 106 113 116
6 26 70 81 97 108 112
6 26 70 88 101 104 112
6 26 70 89 99 108 116
6 26 70 89 101 106 116
6 26 70 92 97 106 116
6 26 70 97 108 116 120
6 26 70 98 108 116 120
6 26 70 98 108 116 121
6 26 70 98 108 117 121
6 26 70 99 108 116 120
6 26 70 99 108 116 121
6 26 70 106 108 113 116
6 26 70 108 113 116 120
6 26 70 108 114 116 121
6 26 70 108 114 117 121
6 26 73 97 102 116 120
6 26 73 102 104 113 116
6 26 73 102 113 116 120
6 26 73 108 114 116 120
6 26 74 84 101 104 112
6 26 74 108 113 116 120
6 26 74 108 117 118 120
6 26 75 108 117 118 120
6 26 76 84 97 102 120
6 26 76 84 98 101 120
6 26 76 84 99 100 120
6 26 76 97 98 116 120
6 26 76 97 104 114 116
6 26 76 97 114 116 120
6 26 76 98 104 113 116
6 26 76 105 114 116 120
6 26 76 106 113 116 120
6 26 76 106 117 118 120
6 26 77 106 113 118 124
6 26 77 106 117 118 120
6 26 77 108 115 118 120
6 26 78 105 114 117 124
6 26 78 105 117 118 120
6 26 81 97 108 118 120
6 26 81 98 108 116 120
6 26 81 99 108 116 120
6 26 81 102 105 116 120
6 26 82 97 108 116 120
6 26 84 97 98 108 112
6 26 84 97 108 114 120
6 26 84 98 108 113 120
6 26 84 101 108 114 120
6 26 84 102 108 113 120
6 26 85 105 110 118 120
6 26 85 106 108 116 120
6 26 85 106 108 118 120
6 26 85 107 108 118 120
6 26 86 106 108 117 120
6 26 86 106 109 117 120
6 26 86 107 108 117 120
6 26 87 105 108 118 120
6 26 88 97 98 108 116
6 26 88 97 102 104 116
6 26 88 97 108 114 116
6 26 88 98 101 104 116
6 26 88 98 108 113 116
6 26 88 101 102 104 112
6 26 88 101 104 114 116
6 26 88 102 104 113 116
6 26 88 106 108 113 116
6 26 88 106 108 117 118
6 26 88 107 108 117 118
6 26 89 102 108 116 120
6 26 89 103 108 118 120
6 26 92 97 98 104 116
6 26 92 97 102 104 112
6 26 92 97 106 116 120
6 26 92 97 108 118 120
6 26 92 97 110 118 120
6 26 92 98 101 104 112
6 26 92 99 108 116 120
6 26 92 99 108 118 120
6 26 92 101 106 116 120
6 26 92 101 106 118 120
6 26 92 102 108 113 120
6 26 93 99 108 118 120
6 26 93 102 105 114 124
6 26 97 98 108 116 120
6 26 97 108 114 116 120
6 26 98 108 113 116 120
6 26 106 108 113 116 120
6 26 106 108 117 118 120
6 26 107 108 117 118 120
6 26 108 113 114 116 120
6 26 110 114 117 121 124
6 27 28 101 110 118 121
6 27 28 102 105 116 120
6 27 28 102 108 116 122
6 27 28 102 108 117 122
6 27 30 101 110 118 121
6 27 33 34 76 84 96
6 27 33 77 102 114 124
6 27 33 93 102 106 116
6 27 34 70 108 116 120
6 27 34 70 108 116 121
6 27 34 70 108 117 120
6 27 34 71 108 116 120
6 27 34 78 101 116 120
6 27 34 86 105 108 116
6 27 34 90 101 108 116
6 27 34 94 97 108 116
6 27 35 71 108 116 120
6 27 35 77 102 116 120
6 27 35 86 105 108 116
6 27 35 89 102 108 116
6 27 35 94 97 108 116
6 27 37 78 98 113 124
6 27 37 92 102 104 112
6 27 37 94 97 98 124
6 27 38 67 108 116 120
6 27 38 74 101 116 120
6 27 38 74 108 113 116
6 27 38 76 98 117 120
6 27 38 77 98 116 120
6 27 38 77 104 114 116
6 27 38 82 109 116 120
6 27 38 92 98 101 120
6 27 38 92 98 104 116
6 27 38 92 98 105 116
6 27 38 92 100 104 112
6 27 38 92 101 104 114
6 27 38 93 98 104 116
6 27 38 94 101 104 112
6 27 40 92 97 98 116
6 27 41 81 110 118 124
6 27 44 76 97 114 116
6 27 44 76 100 113 114
6 27 44 84 100 104 112
6 27 44 84 100 104 114
6 27 44 84 100 105 114
6 27 44 84 102 104 112
6 27 44 84 102 104 113
6 27 44 86 100 104 112
6 27 44 92 97 98 116
6 27 44 92 97 100 114
6 27 44 92 97 102 112
6 27 44 92 98 100 112
6 27 45 65 70 114 124
6 27 45 78 113 118 120
6 27 45 86 105 114 124
6 27 45 89 102 114 124
6 27 45 90 101 118 120
6 27 46 66 76 113 116
6 27 46 86 101 122 124
6 27 46 86 107 117 124
6 27 46 92 97 98 116
6 27 49 85 102 106 124
6 27 49 86 102 109 120
6 27 49 86 109 110 112
6 27 50 86 101 108 120
6 27 50 86 105 108 116
6 27 50 92 101 110 112
6 27 50 92 102 109 112
6 27 52 81 102 108 120
6 27 52 82 102 109 120
6 27 52 82 109 110 112
6 27 52 84 97 110 120
6 27 52 84 99 108 120
6 27 52 84 102 105 120
6 27 52 84 105 108 114
6 27 52 84 105 110 112
6 27 52 84 106 108 112
6 27 52 84 107 108 112
6 27 52 88 101 110 112
6 27 52 88 102 108 112
6 27 52 88 102 108 113
6 27 54 66 76 105 116
6 27 55 65 70 108 120
6 27 56 76 84 99 100
6 27 56 92 102 105 116
6 27 58 66 76 101 116
6 27 58 90 101 108 116
6 27 60 77 99 118 120
6 27 60 77 101 118 122
6 27 60 92 97 98 100
6 27 60 92 101 102 122
6 27 60 92 101 106 114
6 27 60 92 101 110 115
6 27 60 92 103 105 114
6 27 61 65 70 106 116
6 27 65 98 108 116 120
6 27 65 102 108 116 120
6 27 67 102 108 116 120
6 27 69 98 108 116 120
6 27 69 110 118 121 124
6 27 70 98 108 116 120
6 27 70 98 108 116 121
6 27 70 98 108 117 120
6 27 71 98 108 116 120
6 27 71 99 108 116 120
6 27 71 110 118 121 124
6 27 76 97 102 116 120
6 27 77 97 102 114 124
6 27 78 98 101 116 120
6 27 81 101 110 114 124
6 27 81 102 108 116 120
6 27 82 101 110 116 120
6 27 82 102 109 116 120
6 27 84 102 108 113 120
6 27 86 98 105 108 116
6 27 88 97 98 108 116
6 27 88 106 108 117 118
6 27 90 98 101 108 116
6 27 92 97 98 104 116
6 27 92 97 98 108 116
6 27 92 101 110 118 121
6 27 93 97 102 106 116
6 27 94 97 98 108 116
6 27 97 98 108 116 120
6 27 97 102 108 116 120
6 27 101 102 105 114 124
6 27 101 110 118 121 124
6 27 102 108 113 116 120
6 27 106 108 117 118 120
6 27 109 113 118 122 124
6 27 109 118 121 122 124
6 28 33 34 66 68 120
6 28 33 34 66 76 112
6 28 33 34 67 68 120
6 28 33 34 67 76 112
6 28 33 34 68 72 112
6 28 33 34 68 74 112
6 28 33 34 68 88 96
6 28 33 34 69 74 112
6 28 33 34 69 90 96
6 28 33 34 72 80 96
6 28 33 34 76 82 96
6 28 33 34 76 83 96
6 28 33 48 66 80 108
6 28 33 65 108 118 122
6 28 33 66 68 104 112
6 28 33 66 100 104 112
6 28 33 66 108 116 120
6 28 33 67 70 104 112
6 28 33 67 76 98 112
6 28 33 67 108 114 120
6 28 33 67 108 116 122
6 28 33 68 72 98 112
6 28 33 68 98 104 112
6 28 33 69 74 98 112
6 28 33 70 98 104 112
6 28 33 76 98 116 120
6 28 33 76 100 114 120
6 28 33 78 100 114 120
6 28 33 82 98 100 120
6 28 33 82 100 104 112
6 28 33 84 98 104 112
6 28 33 88 98 104 116
6 28 33 88 100 104 114
6 28 33 88 102 104 112
6 28 33 90 100 104 112
6 28 34 36 66 73 112
6 28 34 65 66 100 120
6 28 34 65 70 104 112
6 28 34 66 68 97 120
6 28 34 66 68 104 112
6 28 34 66 68 104 113
6 28 34 66 69 104 112
6 28 34 66 76 97 112
6 28 34 66 97 100 120
6 28 34 66 97 116 120
6 28 34 66 100 104 112
6 28 34 66 100 104 113
6 28 34 66 100 113 120
6 28 34 66 108 113 120
6 28 34 66 108 116 120
6 28 34 66 108 116 121
6 28 34 67 68 104 112
6 28 34 67 100 104 112
6 28 34 67 108 116 120
6 28 34 68 74 97 112
6 28 34 70 97 104 112
6 28 34 74 100 113 120
6 28 34 82 97 100 120
6 28 34 82 100 104 112
6 28 34 82 100 104 113
6 28 34 82 100 105 112
6 28 34 83 100 104 112
6 28 34 88 100 104 112
6 28 35 44 67 84 120
6 28 35 44 69 82 120
6 28 35 44 73 84 114
6 28 35 48 70 80 104
6 28 35 56 65 66 68
6 28 35 56 67 76 112
6 28 35 56 70 76 112
6 28 35 56 70 88 97
6 28 35 56 73 82 100
6 28 35 56 76 84 98
6 28 35 65 70 104 112
6 28 35 65 74 116 120
6 28 35 65 76 116 122
6 28 35 65 82 100 120
6 28 35 65 82 108 112
6 28 35 65 88 104 118
6 28 35 65 88 108 114
6 28 35 65 90 108 116
6 28 35 66 68 104 112
6 28 35 66 76 116 120
6 28 35 66 84 104 112
6 28 35 66 88 104 116
6 28 35 67 76 116 120
6 28 35 67 84 104 112
6 28 35 67 88 104 116
6 28 35 67 90 108 116
6 28 35 67 100 104 112
6 28 35 67 108 116 120
6 28 35 67 108 116 122
6 28 35 68 88 104 112
6 28 35 69 74 116 120
6 28 35 69 108 114 120
6 28 35 70 88 104 112
6 28 35 70 97 104 112
6 28 35 71 88 104 112
6 28 35 73 82 100 120
6 28 35 73 82 104 116
6 28 35 73 84 108 114
6 28 35 73 88 102 112
6 28 35 73 104 114 116
6 28 35 73 114 116 120
6 28 35 74 88 97 116
6 28 35 74 88 100 112
6 28 35 74 97 116 120
6 28 35 76 82 100 120
6 28 35 76 84 98 120
6 28 35 76 84 105 114
6 28 35 76 97 116 122
6 28 35 76 100 113 122
6 28 35 76 105 114 116
6 28 35 82 97 100 120
6 28 35 82 97 108 112
6 28 35 84 98 104 112
6 28 35 88 97 104 118
6 28 35 88 97 108 114
6 28 35 88 101 104 114
6 28 35 89 108 116 122
6 28 35 90 97 108 116
6 28 35 90 108 116 120
6 28 36 40 65 82 96
6 28 36 65 66 104 112
6 28 36 68 99 121 122
6 28 36 68 105 114 120
6 28 36 68 105 115 122
6 28 36 68 106 114 120
6 28 36 68 106 114 121
6 28 36 68 106 115 120
6 28 36 68 107 115 120
6 28 36 69 106 114 120
6 28 36 69 106 114 121
6 28 36 69 106 115 120
6 28 36 70 105 114 120
6 28 36 76 97 114 120
6 28 36 76 99 113 122
6 28 36 76 99 114 120
6 28 36 76 104 113 114
6 28 36 76 106 113 114
6 28 36 76 107 113 114
6 28 36 78 97 114 120
6 28 36 78 104 113 114
6 28 36 78 105 113 114
6 28 36 79 104 113 114
6 28 36 81 98 104 112
6 28 36 90 97 104 112
6 28 37 42 69 82 120
6 28 37 42 69 88 114
6 28 37 42 70 81 120
6 28 37 67 76 114 120
6 28 37 68 74 114 120
6 28 37 68 88 104 114
6 28 37 68 88 106 114
6 28 37 69 74 114 120
6 28 37 69 88 106 114
6 28 37 69 106 114 120
6 28 37 70 73 114 120
6 28 37 70 105 114 120
6 28 37 73 106 114 116
6 28 37 74 81 108 114
6 28 37 74 84 104 114
6 28 37 74 105 114 116
6 28 37 74 108 113 114
6 28 37 76 81 106 114
6 28 37 76 82 98 120
6 28 37 76 82 106 113
6 28 37 76 99 114 120
6 28 37 76 106 113 114
6 28 37 83 100 106 120
6 28 37 89 100 106 114
6 28 37 89 102 114 120
6 28 37 89 106 118 120
6 28 37 90 100 104 112
6 28 37 90 100 104 114
6 28 37 90 100 106 113
6 28 37 90 102 113 120
6 28 37 90 106 116 120
6 28 37 90 106 116 121
6 28 37 90 108 118 120
6 28 37 90 110 118 120
6 28 37 91 100 104 114
6 28 37 91 102 104 112
6 28 38 65 66 104 112
6 28 38 65 74 116 120
6 28 38 65 88 104 112
6 28 38 66 81 104 112
6 28 38 67 74 116 120
6 28 38 67 81 104 112
6 28 38 67 88 104 112
6 28 38 68 74 113 120
6 28 38 68 88 104 112
6 28 38 70 74 113 120
6 28 38 73 100 114 120
6 28 38 74 82 101 121
6 28 38 74 82 108 113
6 28 38 74 84 104 113
6 28 38 74 97 116 120
6 28 38 74 100 113 120
6 28 38 74 101 114 121
6 28 38 74 113 116 120
6 28 38 76 82 97 120
6 28 38 76 97 114 120
6 28 38 89 100 104 114
6 28 38 90 97 100 120
6 28 38 90 97 104 116
6 28 38 90 100 104 112
6 28 38 90 100 104 113
6 28 38 90 108 113 120
6 28 38 91 100 104 112
6 28 39 68 88 104 112
6 28 39 68 88 104 114
6 28 39 68 90 104 112
6 28 39 68 90 104 113
6 28 39 91 100 104 112
6 28 39 91 108 116 122
6 28 39 91 108 117 122
6 28 40 72 97 114 116
6 28 40 72 100 113 114
6 28 40 88 97 98 116
6 28 40 88 97 100 114
6 28 40 88 97 102 112
6 28 40 88 98 100 112
6 28 40 88 99 100 112
6 28 40 90 97 100 112
6 28 41 65 82 102 120
6 28 41 67 72 114 116
6 28 41 67 84 108 114
6 28 41 70 100 113 122
6 28 41 72 82 98 116
6 28 41 72 82 102 112
6 28 41 72 82 102 113
6 28 41 72 84 98 112
6 28 41 73 82 98 116
6 28 41 73 82 102 112
6 28 41 74 84 100 114
6 28 41 74 117 118 120
6 28 41 78 100 113 114
6 28 41 78 114 116 120
6 28 41 81 82 102 104
6 28 41 81 108 118 122
6 28 41 81 110 118 120
6 28 41 82 97 102 120
6 28 41 82 100 104 112
6 28 41 82 102 104 113
6 28 41 82 108 116 120
6 28 41 83 110 116 120
6 28 41 85 100 106 114
6 28 41 86 100 106 113
6 28 41 86 106 116 120
6 28 41 89 102 116 122
6 28 41 90 101 118 120
6 28 41 90 102 116 120
6 28 41 90 102 117 120
6 28 42 52 76 82 97
6 28 42 66 88 100 113
6 28 42 67 69 116 120
6 28 42 67 81 104 116
6 28 42 67 88 97 116
6 28 42 69 81 108 114
6 28 42 69 100 114 120
6 28 42 72 81 102 112
6 28 42 72 82 97 116
6 28 42 72 82 101 112
6 28 42 74 84 100 113
6 28 42 74 113 116 120
6 28 42 74 117 118 120
6 28 42 75 117 118 120
6 28 42 76 100 113 114
6 28 42 81 108 118 120
6 28 42 82 97 104 116
6 28 42 82 101 104 112
6 28 42 82 108 113 120
6 28 42 82 108 116 120
6 28 42 82 108 116 121
6 28 42 82 108 117 120
6 28 42 83 109 118 120
6 28 42 86 105 116 120
6 28 42 88 98 100 113
6 28 42 88 109 115 118
6 28 42 89 103 118 120
6 28 42 90 101 116 120
6 28 42 90 101 118 120
6 28 42 90 102 117 120
6 28 43 76 83 100 112
6 28 43 83 108 116 120
6 28 43 85 108 118 122
6 28 43 86 100 104 113
6 28 43 86 108 113 120
6 28 44 50 67 69 120
6 28 44 50 67 70 120
6 28 44 50 67 76 112
6 28 44 50 67 84 104
6 28 44 50 73 82 100
6 28 44 65 66 116 120
6 28 44 65 68 114 120
6 28 44 65 70 114 120
6 28 44 65 84 98 120
6 28 44 65 84 104 114
6 28 44 65 84 106 114
6 28 44 65 86 106 112
6 28 44 65 88 98 112
6 28 44 66 84 104 112
6 28 44 67 68 113 122
6 28 44 67 68 114 120
6 28 44 67 69 114 120
6 28 44 67 76 113 114
6 28 44 67 84 97 122
6 28 44 67 84 98 120
6 28 44 67 84 104 112
6 28 44 67 84 104 114
6 28 44 67 84 105 114
6 28 44 67 88 98 112
6 28 44 67 98 116 120
6 28 44 67 100 114 120
6 28 44 67 114 116 120
6 28 44 67 116 121 122
6 28 44 68 72 113 114
6 28 44 68 74 113 114
6 28 44 68 75 113 114
6 28 44 68 81 98 120
6 28 44 68 81 106 114
6 28 44 68 83 106 113
6 28 44 68 88 97 114
6 28 44 68 88 98 112
6 28 44 68 88 99 112
6 28 44 68 88 99 114
6 28 44 68 90 99 112
6 28 44 69 74 113 114
6 28 44 69 81 106 114
6 28 44 69 90 99 112
6 28 44 70 116 121 122
6 28 44 71 116 121 122
6 28 44 71 118 121 122
6 28 44 72 81 98 112
6 28 44 73 84 99 114
6 28 44 73 114 116 120
6 28 44 74 84 97 114
6 28 44 74 84 98 113
6 28 44 75 100 113 114
6 28 44 75 113 114 116
6 28 44 75 113 116 122
6 28 44 75 113 118 120
6 28 44 75 114 116 120
6 28 44 75 115 116 120
6 28 44 76 81 98 112
6 28 44 76 99 113 114
6 28 44 76 113 114 120
6 28 44 76 113 116 122
6 28 44 76 113 118 122
6 28 44 76 114 116 120
6 28 44 76 115 116 120
6 28 44 76 115 116 122
6 28 44 76 115 118 122
6 28 44 77 114 116 120
6 28 44 78 113 114 120
6 28 44 78 113 116 122
6 28 44 78 113 118 122
6 28 44 78 115 116 120
6 28 44 78 115 116 122
6 28 44 79 113 114 120
6 28 44 81 98 100 120
6 28 44 81 98 116 120
6 28 44 81 100 104 114
6 28 44 81 100 106 114
6 28 44 81 106 118 120
6 28 44 82 100 104 112
6 28 44 83 100 104 112
6 28 44 83 100 104 114
6 28 44 83 100 106 112
6 28 44 83 100 106 113
6 28 44 83 106 113 116
6 28 44 84 97 98 120
6 28 44 84 97 104 114
6 28 44 84 97 106 114
6 28 44 84 98 104 112
6 28 44 84 99 104 112
6 28 44 84 99 104 114
6 28 44 84 99 105 114
6 28 44 84 99 121 122
6 28 44 84 105 114 120
6 28 44 84 105 115 122
6 28 44 84 106 114 120
6 28 44 84 106 114 121
6 28 44 84 106 115 120
6 28 44 84 107 115 120
6 28 44 85 106 113 114
6 28 44 85 106 116 120
6 28 44 86 97 106 112
6 28 44 86 105 116 122
6 28 44 86 107 113 120
6 28 44 86 107 116 122
6 28 44 86 107 117 122
6 28 44 87 107 117 122
6 28 44 89 99 116 122
6 28 44 89 102 113 122
6 28 44 89 106 115 116
6 28 44 90 97 100 112
6 28 44 90 97 100 114
6 28 44 90 99 100 112
6 28 44 90 99 100 113
6 28 44 90 99 116 120
6 28 44 90 101 114 120
6 28 44 90 101 115 120
6 28 44 90 102 113 120
6 28 45 70 74 113 114
6 28 45 77 115 118 122
6 28 45 78 115 116 120
6 28 46 65 68 114 120
6 28 46 68 72 113 114
6 28 46 68 73 113 114
6 28 46 68 81 104 114
6 28 46 68 82 104 113
6 28 46 68 83 104 113
6 28 46 68 88 97 114
6 28 46 73 81 100 114
6 28 46 73 82 100 113
6 28 46 77 115 116 122
6 28 46 78 113 116 122
6 28 46 78 114 117 121
6 28 46 78 115 116 120
6 28 46 78 115 116 121
6 28 46 83 100 104 112
6 28 46 83 108 116 120
6 28 46 83 108 116 122
6 28 46 86 105 113 120
6 28 46 86 108 113 122
6 28 46 90 108 113 116
6 28 46 90 108 115 116
6 28 46 90 109 115 116
6 28 46 91 101 118 121
6 28 47 68 72 113 114
6 28 48 65 80 98 108
6 28 48 65 80 100 106
6 28 48 66 80 100 104
6 28 48 67 80 97 110
6 28 48 67 80 98 108
6 28 48 67 80 100 104
6 28 48 67 80 101 106
6 28 48 67 84 98 104
6 28 48 69 80 98 104
6 28 48 80 97 98 108
6 28 48 80 97 100 106
6 28 48 80 98 100 104
6 28 48 80 99 100 104
6 28 48 81 98 100 104
6 28 48 82 98 100 104
6 28 48 82 98 100 105
6 28 48 84 97 98 104
6 28 49 67 76 100 122
6 28 49 67 88 102 104
6 28 49 67 106 116 120
6 28 49 67 108 114 120
6 28 49 67 108 116 122
6 28 49 68 80 98 104
6 28 49 69 74 108 114
6 28 49 69 106 118 120
6 28 49 69 110 114 120
6 28 49 70 74 108 114
6 28 49 70 80 98 104
6 28 49 70 98 104 112
6 28 49 70 105 116 122
6 28 49 73 82 102 104
6 28 49 74 88 97 102
6 28 49 75 108 114 116
6 28 49 76 83 100 106
6 28 49 76 98 104 112
6 28 49 77 106 114 116
6 28 49 78 100 104 114
6 28 49 78 105 114 116
6 28 49 81 102 108 122
6 28 49 82 101 106 112
6 28 49 82 101 106 120
6 28 49 82 105 110 116
6 28 49 82 109 110 112
6 28 49 83 106 108 116
6 28 49 84 99 108 122
6 28 49 84 100 107 122
6 28 49 84 102 105 122
6 28 49 84 102 107 120
6 28 49 84 105 110 114
6 28 49 84 107 108 114
6 28 49 84 107 110 112
6 28 49 85 106 108 114
6 28 49 86 100 107 120
6 28 49 86 105 106 116
6 28 49 86 105 110 112
6 28 49 86 106 108 112
6 28 49 86 106 109 112
6 28 49 86 107 108 112
6 28 49 90 99 108 116
6 28 49 90 101 106 116
6 28 49 90 101 108 114
6 28 49 90 102 105 116
6 28 49 91 102 108 112
6 28 50 65 66 100 120
6 28 50 65 74 104 116
6 28 50 65 76 100 120
6 28 50 65 80 100 104
6 28 50 65 82 100 104
6 28 50 65 88 100 104
6 28 50 65 88 102 104
6 28 50 66 73 100 120
6 28 50 66 73 104 116
6 28 50 66 80 100 104
6 28 50 66 80 100 105
6 28 50 66 88 100 104
6 28 50 66 88 101 104
6 28 50 67 73 104 116
6 28 50 67 76 100 120
6 28 50 67 80 97 108
6 28 50 67 80 100 104
6 28 50 67 88 100 104
6 28 50 67 100 104 112
6 28 50 67 108 116 120
6 28 50 67 110 116 120
6 28 50 69 80 98 104
6 28 50 69 82 97 104
6 28 50 69 98 104 112
6 28 50 69 106 116 120
6 28 50 70 73 100 120
6 28 50 70 74 108 113
6 28 50 70 105 116 120
6 28 50 70 108 113 120
6 28 50 73 81 102 104
6 28 50 73 82 100 104
6 28 50 73 88 97 102
6 28 50 73 98 100 120
6 28 50 73 98 104 116
6 28 50 73 102 104 112
6 28 50 73 102 113 120
6 28 50 74 97 116 120
6 28 50 76 82 100 104
6 28 50 78 97 116 120
6 28 50 78 100 104 113
6 28 50 81 98 100 104
6 28 50 82 97 100 104
6 28 50 82 97 100 120
6 28 50 82 97 108 112
6 28 50 82 97 108 120
6 28 50 82 100 105 112
6 28 50 82 100 105 120
6 28 50 82 105 108 112
6 28 50 82 105 108 116
6 28 50 82 105 110 116
6 28 50 82 106 109 116
6 28 50 82 109 110 112
6 28 50 83 106 109 116
6 28 50 83 109 110 112
6 28 50 84 97 110 120
6 28 50 84 99 108 120
6 28 50 84 100 106 120
6 28 50 84 100 106 121
6 28 50 84 100 107 120
6 28 50 84 101 106 120
6 28 50 84 102 105 120
6 28 50 84 105 110 112
6 28 50 84 106 108 112
6 28 50 84 106 108 113
6 28 50 84 106 109 112
6 28 50 84 107 108 112
6 28 50 85 106 108 112
6 28 50 86 106 109 112
6 28 50 86 106 109 113
6 28 50 88 97 102 104
6 28 50 88 98 100 104
6 28 50 88 98 101 104
6 28 50 88 98 105 116
6 28 50 88 101 106 112
6 28 50 88 102 104 112
6 28 50 88 102 104 113
6 28 50 88 102 105 112
6 28 50 88 103 104 112
6 28 50 89 98 100 104
6 28 50 89 102 106 116
6 28 50 90 101 104 112
6 28 50 90 101 108 112
6 28 51 66 80 100 104
6 28 51 66 88 100 104
6 28 51 69 74 100 120
6 28 51 69 88 100 106
6 28 51 73 84 100 106
6 28 51 74 84 100 104
6 28 51 76 81 100 106
6 28 51 76 82 100 104
6 28 51 78 81 100 104
6 28 51 78 100 104 113
6 28 51 78 108 113 120
6 28 51 85 106 108 112
6 28 51 85 106 108 120
6 28 52 65 66 104 112
6 28 52 65 76 104 114
6 28 52 65 80 98 104
6 28 52 67 73 98 112
6 28 52 67 73 108 114
6 28 52 67 76 104 114
6 28 52 67 80 98 104
6 28 52 67 81 98 104
6 28 52 67 100 121 122
6 28 52 67 108 113 122
6 28 52 67 108 114 120
6 28 52 68 73 104 114
6 28 52 69 106 114 120
6 28 52 69 106 114 121
6 28 52 69 106 115 120
6 28 52 69 107 114 120
6 28 52 70 74 104 113
6 28 52 70 105 114 120
6 28 52 70 106 113 120
6 28 52 73 100 104 114
6 28 52 73 108 114 120
6 28 52 75 108 113 114
6 28 52 76 81 98 104
6 28 52 76 82 98 104
6 28 52 76 82 99 104
6 28 52 76 83 99 104
6 28 52 76 97 114 120
6 28 52 76 99 113 122
6 28 52 76 99 114 120
6 28 52 76 106 113 114
6 28 52 76 107 113 114
6 28 52 78 97 114 120
6 28 52 78 105 113 114
6 28 52 81 98 108 120
6 28 52 81 100 106 120
6 28 52 81 106 108 112
6 28 52 83 100 107 120
6 28 52 83 101 106 120
6 28 52 83 105 110 112
6 28 52 83 106 108 112
6 28 52 83 106 108 113
6 28 52 83 107 108 112
6 28 52 84 97 106 120
6 28 52 84 99 105 122
6 28 52 84 99 106 120
6 28 52 84 105 106 112
6 28 52 84 105 106 114
6 28 52 84 105 106 115
6 28 52 86 97 106 120
6 28 52 86 105 106 112
6 28 52 86 105 106 113
6 28 52 87 105 106 112
6 28 52 89 99 100 122
6 28 52 89 100 107 114
6 28 52 90 97 102 120
6 28 52 90 99 100 120
6 28 52 90 99 108 113
6 28 52 90 101 106 113
6 28 52 90 102 105 113
6 28 53 68 73 106 114
6 28 53 68 74 104 114
6 28 53 70 74 105 114
6 28 53 86 105 106 112
6 28 53 86 105 106 120
6 28 53 87 107 108 122
6 28 53 91 102 108 122
6 28 53 91 103 108 122
6 28 54 65 76 106 112
6 28 54 68 73 104 112
6 28 54 68 73 104 114
6 28 54 68 73 106 113
6 28 54 68 74 97 120
6 28 54 68 74 104 112
6 28 54 68 74 104 113
6 28 54 68 75 104 113
6 28 54 68 88 97 104
6 28 54 68 88 99 104
6 28 54 71 108 121 122
6 28 54 75 108 117 122
6 28 54 76 81 97 106
6 28 54 86 106 108 121
6 28 54 90 97 100 104
6 28 55 68 73 104 114
6 28 55 68 73 106 112
6 28 55 68 74 104 112
6 28 55 68 75 104 112
6 28 56 65 66 104 116
6 28 56 65 72 98 116
6 28 56 65 72 100 114
6 28 56 65 72 102 112
6 28 56 65 82 102 104
6 28 56 65 88 98 100
6 28 56 66 72 100 112
6 28 56 67 72 97 118
6 28 56 67 72 98 116
6 28 56 67 72 100 112
6 28 56 67 72 101 114
6 28 56 67 72 102 112
6 28 56 67 73 98 116
6 28 56 67 76 98 112
6 28 56 67 81 102 104
6 28 56 67 88 97 102
6 28 56 67 88 98 100
6 28 56 67 98 104 116
6 28 56 67 100 104 112
6 28 56 67 102 104 112
6 28 56 67 108 113 114
6 28 56 69 74 100 114
6 28 56 69 98 104 112
6 28 56 69 100 106 114
6 28 56 69 106 114 116
6 28 56 72 80 97 102
6 28 56 72 80 98 100
6 28 56 72 80 99 100
6 28 56 72 81 98 100
6 28 56 72 82 97 102
6 28 56 72 82 98 100
6 28 56 72 82 98 101
6 28 56 72 84 97 98
6 28 56 73 82 97 102
6 28 56 73 82 98 100
6 28 56 73 108 114 116
6 28 56 73 110 114 116
6 28 56 74 104 117 118
6 28 56 74 108 113 118
6 28 56 74 108 114 117
6 28 56 75 104 117 118
6 28 56 75 108 113 118
6 28 56 76 84 97 98
6 28 56 76 97 98 112
6 28 56 78 105 115 116
6 28 56 78 108 113 114
6 28 56 81 98 100 104
6 28 56 81 98 108 112
6 28 56 81 100 106 112
6 28 56 81 102 104 112
6 28 56 83 106 108 116
6 28 56 85 106 108 114
6 28 56 86 100 107 113
6 28 56 86 106 108 113
6 28 56 87 105 106 116
6 28 56 88 97 98 100
6 28 56 88 97 98 116
6 28 56 88 97 100 114
6 28 56 88 97 102 112
6 28 56 88 97 104 118
6 28 56 88 97 108 114
6 28 56 88 97 108 118
6 28 56 88 97 110 118
6 28 56 88 98 100 112
6 28 56 88 98 104 116
6 28 56 88 98 108 116
6 28 56 88 99 100 112
6 28 56 88 99 104 116
6 28 56 88 99 108 116
6 28 56 88 99 108 118
6 28 56 88 101 104 114
6 28 56 88 101 104 118
6 28 56 88 101 106 118
6 28 56 88 101 108 114
6 28 56 88 102 104 116
6 28 56 88 103 104 116
6 28 56 88 103 104 118
6 28 56 88 103 108 114
6 28 56 89 101 106 118
6 28 56 89 103 104 118
6 28 56 90 97 108 118
6 28 56 90 99 108 116
6 28 56 90 101 104 116
6 28 56 90 101 104 118
6 28 56 90 101 106 116
6 28 56 90 102 104 116
6 28 56 90 102 104 117
6 28 56 90 102 108 113
6 28 56 90 103 104 116
6 28 56 90 103 108 113
6 28 56 91 102 105 116
6 28 56 91 103 104 116
6 28 57 71 108 116 122
6 28 57 72 82 98 100
6 28 57 76 82 98 100
6 28 57 78 100 115 120
6 28 57 83 106 108 116
6 28 57 86 105 106 116
6 28 57 90 99 108 116
6 28 57 90 101 102 120
6 28 57 90 101 104 118
6 28 57 90 102 105 116
6 28 57 90 103 104 116
6 28 57 91 101 110 118
6 28 58 65 70 100 120
6 28 58 65 70 104 116
6 28 58 65 72 100 112
6 28 58 65 76 100 112
6 28 58 65 76 100 114
6 28 58 67 76 97 116
6 28 58 67 76 100 112
6 28 58 67 76 100 113
6 28 58 69 73 100 114
6 28 58 69 74 100 112
6 28 58 69 74 100 113
6 28 58 70 73 100 113
6 28 58 70 88 97 100
6 28 58 71 100 113 120
6 28 58 71 108 113 120
6 28 58 72 80 97 100
6 28 58 74 84 97 100
6 28 58 76 81 99 100
6 28 58 78 100 113 120
6 28 58 78 101 113 120
6 28 58 83 101 108 120
6 28 58 85 101 106 120
6 28 58 85 102 105 120
6 28 58 86 97 108 120
6 28 58 86 105 108 113
6 28 58 89 102 108 116
6 28 58 90 97 108 116
6 28 58 90 101 104 116
6 28 58 90 101 108 113
6 28 58 90 101 108 116
6 28 58 90 102 108 116
6 28 58 91 102 108 116
6 28 58 91 102 108 117
6 28 58 91 103 108 116
6 28 59 70 73 100 112
6 28 59 91 101 108 118
6 28 59 91 102 108 116
6 28 59 91 103 108 116
6 28 65 66 100 104 112
6 28 65 66 108 116 120
6 28 65 68 98 104 112
6 28 65 70 98 104 112
6 28 65 76 98 116 120
6 28 65 88 98 104 116
6 28 65 88 102 104 112
6 28 65 98 100 104 112
6 28 65 98 108 116 120
6 28 65 108 114 116 120
6 28 65 110 114 116 120
6 28 67 69 98 104 112
6 28 67 69 108 114 120
6 28 67 76 97 116 122
6 28 67 76 98 116 120
6 28 67 76 105 114 116
6 28 67 84 97 98 120
6 28 67 88 97 104 118
6 28 67 88 97 108 114
6 28 67 88 98 104 116
6 28 67 88 101 104 114
6 28 67 88 102 104 112
6 28 67 97 108 114 120
6 28 67 97 108 116 122
6 28 67 98 100 104 112
6 28 67 98 108 116 120
6 28 67 105 108 114 116
6 28 67 108 113 114 120
6 28 67 108 113 116 122
6 28 67 108 114 116 120
6 28 67 108 116 121 122
6 28 68 72 80 97 98
6 28 68 72 97 98 112
6 28 68 88 99 104 112
6 28 68 97 98 104 112
6 28 69 70 105 114 120
6 28 69 73 106 114 116
6 28 69 74 97 98 112
6 28 69 74 99 116 120
6 28 69 74 105 114 116
6 28 69 74 108 113 114
6 28 69 76 99 114 120
6 28 69 76 106 113 114
6 28 69 88 100 106 114
6 28 69 88 100 106 115
6 28 69 90 97 106 116
6 28 69 90 99 100 120
6 28 69 90 99 104 116
6 28 69 99 108 114 120
6 28 69 100 106 114 120
6 28 69 100 106 114 121
6 28 69 100 106 115 120
6 28 69 102 105 114 120
6 28 69 106 108 113 114
6 28 69 106 113 118 120
6 28 69 106 114 116 120
6 28 69 106 114 116 121
6 28 69 106 115 116 120
6 28 70 74 105 114 116
6 28 70 74 108 113 114
6 28 70 88 100 105 114
6 28 70 97 98 104 112
6 28 70 100 105 114 120
6 28 70 105 114 116 120
6 28 70 108 116 121 122
6 28 71 108 116 121 122
6 28 71 108 118 121 122
6 28 73 82 97 102 120
6 28 73 82 102 104 112
6 28 73 82 102 104 113
6 28 73 82 103 104 112
6 28 73 84 99 108 114
6 28 73 84 100 106 115
6 28 73 108 113 118 122
6 28 73 108 114 116 120
6 28 73 110 114 116 120
6 28 74 84 98 108 113
6 28 74 98 100 113 120
6 28 74 108 113 118 120
6 28 74 108 114 117 120
6 28 74 109 115 118 120
6 28 75 108 113 114 116
6 28 75 108 113 118 120
6 28 76 81 97 102 122
6 28 76 81 99 100 122
6 28 76 81 100 106 114
6 28 76 81 101 106 114
6 28 76 82 99 100 120
6 28 76 82 100 106 113
6 28 76 83 101 106 112
6 28 76 84 97 98 120
6 28 76 84 99 105 114
6 28 76 97 98 116 120
6 28 76 97 100 114 120
6 28 76 97 114 116 120
6 28 76 99 100 113 122
6 28 76 99 100 114 120
6 28 76 99 105 114 116
6 28 76 99 113 116 122
6 28 76 99 114 116 120
6 28 76 99 116 121 122
6 28 76 100 104 113 114
6 28 76 100 106 113 114
6 28 76 100 107 113 114
6 28 76 101 106 113 114
6 28 76 102 116 121 122
6 28 76 103 116 121 122
6 28 76 105 114 116 120
6 28 76 105 115 116 122
6 28 76 106 113 118 120
6 28 76 106 115 116 120
6 28 76 107 117 118 122
6 28 77 108 114 116 120
6 28 77 110 115 116 120
6 28 77 110 115 116 122
6 28 78 97 100 114 120
6 28 78 97 114 116 120
6 28 78 100 104 113 114
6 28 78 100 105 113 114
6 28 78 105 113 114 116
6 28 78 105 115 116 120
6 28 78 108 113 114 120
6 28 78 108 113 116 122
6 28 78 108 113 118 122
6 28 78 108 115 116 120
6 28 78 108 115 116 122
6 28 78 109 115 116 122
6 28 79 100 104 113 114
6 28 81 98 100 104 112
6 28 81 98 108 116 120
6 28 81 99 108 116 122
6 28 81 102 105 116 122
6 28 81 105 110 114 116
6 28 82 97 98 100 120
6 28 82 97 98 116 120
6 28 82 97 110 116 120
6 28 82 98 100 104 112
6 28 82 98 100 104 113
6 28 82 98 100 105 112
6 28 82 98 105 116 120
6 28 82 99 108 116 120
6 28 82 101 106 116 120
6 28 83 101 106 116 120
6 28 83 105 108 116 122
6 28 83 106 108 113 116
6 28 83 106 108 116 120
6 28 84 97 98 104 112
6 28 84 97 108 114 120
6 28 84 97 110 114 120
6 28 84 99 100 121 122
6 28 84 99 108 113 122
6 28 84 99 108 114 120
6 28 84 100 105 114 120
6 28 84 100 105 115 122
6 28 84 100 106 114 120
6 28 84 100 106 114 121
6 28 84 100 106 115 120
6 28 84 100 107 113 122
6 28 84 100 107 114 120
6 28 84 100 107 115 120
6 28 84 101 106 114 120
6 28 84 101 106 115 120
6 28 84 101 107 114 120
6 28 84 102 105 113 122
6 28 84 102 105 114 120
6 28 84 107 108 113 114
6 28 85 101 106 114 120
6 28 85 106 108 113 114
6 28 85 106 108 114 120
6 28 86 97 106 116 120
6 28 86 100 107 113 120
6 28 86 103 108 121 122
6 28 86 105 106 113 116
6 28 86 105 108 113 122
6 28 86 106 108 113 120
6 28 87 105 106 116 120
6 28 87 107 108 117 122
6 28 88 97 98 104 116
6 28 88 97 100 104 114
6 28 88 97 102 104 112
6 28 88 97 104 114 116
6 28 88 98 100 104 112
6 28 88 99 100 104 112
6 28 88 105 108 114 116
6 28 88 106 108 113 118
6 28 89 99 108 116 122
6 28 89 101 106 118 120
6 28 89 102 105 116 122
6 28 89 102 108 116 122
6 28 90 97 100 104 112
6 28 90 97 108 118 120
6 28 90 99 108 113 116
6 28 90 99 108 116 120
6 28 90 101 106 116 120
6 28 90 102 105 113 116
6 28 90 102 108 113 120
6 28 90 102 108 116 121
6 28 91 101 110 118 121
6 28 91 102 105 116 120
6 28 91 102 108 116 122
6 28 91 102 108 117 122
6 28 91 103 108 116 122
6 28 97 98 100 104 112
6 28 97 98 108 116 120
6 28 97 108 114 116 120
6 28 97 110 114 116 120
6 28 99 105 108 114 116
6 28 99 108 113 116 122
6 28 99 108 114 116 120
6 28 99 108 116 121 122
6 28 101 106 108 113 114
6 28 101 106 114 116 120
6 28 101 106 115 116 120
6 28 102 105 113 116 122
6 28 102 108 116 121 122
6 28 103 108 116 121 122
6 28 105 108 114 116 120
6 28 106 108 113 118 120
6 28 107 108 117 118 122
6 28 108 113 114 116 120
6 28 108 115 116 121 122
6 28 110 113 114 116 120
6 28 111 113 114 116 120
6 29 30 98 100 104 112
6 29 30 99 100 104 112
6 29 33 67 102 122 124
6 29 33 67 108 118 122
6 29 33 71 106 114 124
6 29 34 66 68 104 112
6 29 34 66 100 104 112
6 29 34 66 108 116 120
6 29 34 82 100 104 112
6 29 34 90 100 104 112
6 29 34 94 100 104 112
6 29 35 67 108 116 122
6 29 35 69 106 114 124
6 29 35 69 106 118 120
6 29 35 70 97 122 124
6 29 35 78 97 114 124
6 29 35 78 97 116 122
6 29 35 78 100 114 120
6 29 35 78 101 114 120
6 29 35 78 108 113 114
6 29 35 81 110 114 124
6 29 35 81 110 116 122
6 29 35 87 100 106 120
6 29 35 90 100 104 112
6 29 35 94 97 108 114
6 29 35 94 100 104 112
6 29 35 94 100 104 114
6 29 35 94 100 105 114
6 29 36 68 106 114 120
6 29 36 69 106 114 120
6 29 36 78 97 114 120
6 29 36 78 104 113 114
6 29 36 92 97 106 114
6 29 36 94 97 104 114
6 29 36 94 98 104 112
6 29 36 94 99 104 112
6 29 38 70 105 114 120
6 29 38 74 98 116 120
6 29 38 74 99 116 120
6 29 38 74 100 114 120
6 29 38 74 100 114 121
6 29 38 74 101 114 120
6 29 38 78 97 114 120
6 29 38 78 104 113 114
6 29 38 90 98 100 120
6 29 38 90 98 104 116
6 29 38 90 100 104 112
6 29 38 90 101 104 114
6 29 38 92 97 106 114
6 29 38 94 97 104 112
6 29 38 94 97 104 114
6 29 38 94 98 104 112
6 29 39 92 97 106 114
6 29 40 88 97 102 114
6 29 40 90 97 102 112
6 29 40 90 98 100 112
6 29 41 90 98 100 112
6 29 42 82 100 104 112
6 29 42 82 102 121 124
6 29 42 92 99 100 114
6 29 44 84 97 106 114
6 29 44 86 97 106 112
6 29 44 90 97 100 114
6 29 44 90 98 100 112
6 29 45 65 86 106 114
6 29 46 68 72 113 114
6 29 46 69 74 113 114
6 29 46 72 82 97 112
6 29 46 78 113 114 124
6 29 46 78 115 116 120
6 29 46 85 106 113 114
6 29 46 92 101 115 122
6 29 46 92 102 114 121
6 29 48 80 97 102 106
6 29 48 82 98 100 104
6 29 49 71 110 114 120
6 29 49 83 102 106 124
6 29 49 86 99 110 120
6 29 50 66 80 100 104
6 29 50 67 110 116 120
6 29 50 81 102 106 124
6 29 50 82 97 110 124
6 29 50 82 101 106 124
6 29 50 82 101 110 120
6 29 50 82 106 109 116
6 29 50 82 109 110 112
6 29 50 84 99 110 120
6 29 50 84 106 108 112
6 29 50 86 105 106 116
6 29 50 86 106 109 112
6 29 50 86 107 108 112
6 29 50 88 98 100 104
6 29 50 90 101 110 112
6 29 50 92 98 100 104
6 29 50 92 99 110 112
6 29 50 92 102 107 112
6 29 51 70 74 108 112
6 29 52 86 105 106 112
6 29 54 69 74 105 114
6 29 54 71 105 122 124
6 29 54 77 97 106 114
6 29 54 86 105 106 112
6 29 54 86 105 106 113
6 29 54 86 105 108 122
6 29 54 90 97 100 104
6 29 54 90 98 100 104
6 29 56 88 102 104 112
6 29 56 88 102 104 116
6 29 56 89 99 110 118
6 29 56 89 103 106 118
6 29 56 90 102 105 116
6 29 56 90 103 106 116
6 29 56 92 103 106 114
6 29 56 94 103 105 114
6 29 58 70 74 101 112
6 29 58 71 100 104 112
6 29 58 71 110 118 121
6 29 58 72 80 97 102
6 29 58 72 80 98 100
6 29 58 90 101 102 120
6 29 58 90 101 106 116
6 29 58 90 102 105 116
6 29 58 92 99 102 120
6 29 60 74 82 99 100
6 29 60 92 102 106 115
6 29 65 70 98 104 112
6 29 65 102 106 114 124
6 29 65 110 114 116 120
6 29 65 110 118 122 124
6 29 67 97 102 122 124
6 29 67 97 108 118 122
6 29 67 102 105 116 122
6 29 67 110 114 116 120
6 29 67 110 118 122 124
6 29 69 100 106 114 120
6 29 70 88 101 106 114
6 29 70 97 106 114 124
6 29 70 101 106 114 120
6 29 70 105 106 114 116
6 29 71 97 106 114 124
6 29 73 110 114 116 120
6 29 76 107 117 118 122
6 29 77 110 113 118 122
6 29 77 110 115 116 122
6 29 78 97 100 114 120
6 29 78 97 102 114 120
6 29 78 100 104 113 114
6 29 81 102 106 114 124
6 29 82 97 110 116 120
6 29 82 98 100 104 112
6 29 82 99 110 116 120
6 29 82 102 106 113 124
6 29 83 99 110 116 120
6 29 83 101 110 114 120
6 29 83 105 110 118 120
6 29 84 97 110 114 120
6 29 85 99 110 114 120
6 29 88 97 102 104 114
6 29 88 106 108 113 118
6 29 89 99 110 118 120
6 29 89 103 106 118 120
6 29 90 97 102 104 112
6 29 90 98 100 104 112
6 29 92 97 100 106 114
6 29 92 97 102 106 114
6 29 92 99 108 116 122
6 29 92 103 106 114 120
6 29 94 97 100 104 114
6 29 94 98 100 104 112
6 29 94 99 100 104 112
6 29 97 102 106 114 124
6 29 97 106 114 116 120
6 29 97 110 114 116 120
6 29 97 110 118 122 124
6 29 99 110 114 116 120
6 29 99 110 118 122 124
6 29 101 102 106 114 120
6 29 102 106 113 114 124
6 29 102 106 114 121 124
6 29 102 108 116 121 122
6 29 106 108 113 118 120
6 29 107 108 117 118 122
6 29 107 117 118 122 124
6 29 109 115 118 122 124
6 29 110 113 114 116 120
6 29 110 113 118 122 124
6 29 110 118 121 122 124
6 29 110 119 121 122 124
6 29 111 113 118 122 124
6 30 33 65 66 100 120
6 30 33 65 70 104 112
6 30 33 65 98 100 120
6 30 33 65 98 116 120
6 30 33 65 102 122 124
6 30 33 65 106 116 120
6 30 33 65 108 116 122
6 30 33 66 68 104 112
6 30 33 66 69 104 112
6 30 33 66 100 104 112
6 30 33 66 108 116 120
6 30 33 67 100 104 112
6 30 33 67 108 116 120
6 30 33 67 108 116 122
6 30 33 69 106 116 120
6 30 33 73 98 116 120
6 30 33 73 104 114 116
6 30 33 76 98 116 120
6 30 33 76 100 114 120
6 30 33 78 98 116 120
6 30 33 81 98 100 120
6 30 33 81 98 108 112
6 30 33 82 100 104 112
6 30 33 88 98 104 116
6 30 33 88 100 104 112
6 30 33 88 102 104 112
6 30 33 89 98 100 112
6 30 33 89 98 100 120
6 30 33 89 98 104 116
6 30 33 89 98 108 116
6 30 33 92 98 100 120
6 30 33 92 98 104 112
6 30 33 92 100 104 112
6 30 33 92 100 104 114
6 30 34 66 101 121 124
6 30 34 66 108 116 120
6 30 34 66 108 116 121
6 30 34 66 108 117 121
6 30 34 67 108 116 120
6 30 34 67 108 116 121
6 30 34 70 105 113 124
6 30 34 70 105 117 120
6 30 34 70 108 113 120
6 30 34 75 108 113 116
6 30 34 78 97 116 120
6 30 34 78 100 113 120
6 30 34 78 105 113 116
6 30 34 81 100 104 112
6 30 34 87 100 105 120
6 30 34 89 100 104 112
6 30 34 93 100 104 112
6 30 35 48 69 80 104
6 30 35 67 108 116 120
6 30 35 69 106 113 124
6 30 35 69 106 116 120
6 30 35 69 106 116 121
6 30 35 70 108 113 120
6 30 35 75 108 113 116
6 30 35 78 97 116 120
6 30 35 78 105 113 116
6 30 35 85 100 106 120
6 30 35 89 98 108 116
6 30 35 89 102 105 116
6 30 35 92 98 100 120
6 30 35 92 100 104 112
6 30 35 93 98 100 120
6 30 35 93 100 104 114
6 30 36 68 105 113 122
6 30 36 68 105 115 120
6 30 36 68 106 113 120
6 30 36 69 106 113 120
6 30 36 76 97 114 120
6 30 36 76 98 113 120
6 30 36 76 99 113 120
6 30 36 76 104 113 114
6 30 36 76 105 113 114
6 30 36 92 97 98 120
6 30 36 92 97 104 112
6 30 36 92 97 104 114
6 30 36 92 98 104 112
6 30 36 92 98 104 113
6 30 36 92 99 104 112
6 30 36 92 99 104 113
6 30 36 93 98 104 112
6 30 37 65 66 104 112
6 30 37 73 98 116 120
6 30 37 73 100 114 120
6 30 37 75 98 113 124
6 30 37 76 97 114 120
6 30 37 76 98 113 120
6 30 37 78 98 113 120
6 30 37 89 98 100 120
6 30 37 89 98 104 116
6 30 37 89 100 104 114
6 30 37 89 102 104 112
6 30 37 90 100 104 112
6 30 37 91 100 104 112
6 30 37 92 97 98 120
6 30 38 70 105 113 120
6 30 38 73 98 116 120
6 30 38 74 97 116 120
6 30 38 74 100 113 120
6 30 38 74 105 113 116
6 30 38 77 98 113 120
6 30 38 77 104 113 114
6 30 38 89 98 100 120
6 30 38 89 98 104 116
6 30 38 89 100 104 112
6 30 38 90 97 104 116
6 30 38 92 97 98 120
6 30 38 92 97 104 112
6 30 38 92 98 104 112
6 30 38 92 98 104 113
6 30 38 92 98 105 113
6 30 38 93 98 104 112
6 30 38 93 98 104 113
6 30 38 93 99 104 112
6 30 39 68 88 104 112
6 30 39 71 121 122 124
6 30 39 75 118 121 124
6 30 39 89 98 100 120
6 30 40 72 97 114 116
6 30 40 72 98 113 116
6 30 40 72 101 113 114
6 30 40 73 97 114 116
6 30 40 73 98 113 116
6 30 40 88 97 98 116
6 30 40 88 97 100 112
6 30 40 88 97 102 112
6 30 40 88 98 100 112
6 30 40 88 98 100 113
6 30 40 88 98 101 112
6 30 40 88 99 101 112
6 30 40 89 97 98 116
6 30 40 89 98 100 112
6 30 40 92 97 98 112
6 30 41 76 100 113 114
6 30 41 81 98 100 120
6 30 41 81 98 104 116
6 30 41 81 102 104 112
6 30 41 81 103 122 124
6 30 41 81 110 118 120
6 30 41 85 98 104 112
6 30 41 86 98 100 120
6 30 41 88 97 98 116
6 30 41 88 98 100 113
6 30 41 88 110 115 117
6 30 41 89 98 100 112
6 30 41 92 97 100 114
6 30 41 92 98 100 113
6 30 42 82 109 117 120
6 30 42 86 100 105 113
6 30 43 85 98 100 120
6 30 43 85 106 116 120
6 30 43 85 110 118 121
6 30 43 86 110 117 121
6 30 44 67 98 116 120
6 30 44 68 88 99 112
6 30 44 81 98 100 120
6 30 44 81 100 104 112
6 30 44 81 100 104 114
6 30 44 83 100 104 112
6 30 44 84 97 98 120
6 30 44 84 97 104 112
6 30 44 84 97 104 114
6 30 44 84 98 104 112
6 30 44 84 98 104 113
6 30 44 84 99 104 112
6 30 44 84 99 104 113
6 30 44 89 97 98 116
6 30 44 89 97 100 114
6 30 44 89 98 100 112
6 30 44 89 99 100 112
6 30 44 90 97 100 112
6 30 44 92 97 98 112
6 30 45 77 113 118 122
6 30 45 77 115 116 122
6 30 45 85 99 122 124
6 30 45 85 106 114 124
6 30 45 89 110 115 116
6 30 45 90 98 100 113
6 30 45 92 101 115 122
6 30 46 65 66 116 120
6 30 46 66 68 113 120
6 30 46 66 69 113 120
6 30 46 66 84 104 113
6 30 46 67 69 113 120
6 30 46 71 114 121 124
6 30 46 73 82 100 113
6 30 46 78 113 114 124
6 30 46 78 113 116 120
6 30 46 78 114 116 120
6 30 46 78 114 116 121
6 30 46 78 114 117 121
6 30 46 78 115 117 121
6 30 46 79 114 117 121
6 30 46 86 106 113 124
6 30 48 65 80 98 108
6 30 48 65 80 100 104
6 30 48 67 80 100 104
6 30 48 80 97 98 108
6 30 48 80 97 100 104
6 30 48 80 98 100 104
6 30 48 80 98 100 105
6 30 48 81 97 98 108
6 30 48 81 98 100 104
6 30 48 81 98 100 105
6 30 48 82 97 100 104
6 30 48 89 97 98 100
6 30 49 65 76 102 120
6 30 49 65 80 98 108
6 30 49 65 88 102 104
6 30 49 66 80 100 104
6 30 49 67 80 100 104
6 30 49 67 100 104 112
6 30 49 67 110 116 120
6 30 49 74 100 104 112
6 30 49 81 98 100 104
6 30 49 81 102 106 124
6 30 49 81 102 108 120
6 30 49 81 106 108 112
6 30 49 82 97 100 104
6 30 49 82 98 109 124
6 30 49 82 102 105 124
6 30 49 82 102 109 120
6 30 49 82 105 110 116
6 30 49 82 109 110 112
6 30 49 83 102 109 120
6 30 49 83 109 110 112
6 30 49 84 99 108 120
6 30 49 84 100 107 120
6 30 49 84 102 105 120
6 30 49 84 105 108 114
6 30 49 84 105 110 112
6 30 49 84 107 108 112
6 30 49 85 105 110 114
6 30 49 86 99 109 120
6 30 49 86 105 110 112
6 30 49 86 106 109 112
6 30 49 86 107 109 112
6 30 49 88 97 102 104
6 30 49 88 98 101 104
6 30 49 88 101 106 112
6 30 49 88 103 104 112
6 30 49 92 97 98 104
6 30 49 92 98 100 104
6 30 49 92 99 100 104
6 30 50 65 80 100 104
6 30 50 67 109 116 120
6 30 50 70 105 116 120
6 30 50 70 109 113 120
6 30 50 71 105 116 120
6 30 50 78 100 104 113
6 30 50 82 101 105 124
6 30 50 82 101 108 121
6 30 50 82 105 108 116
6 30 50 83 105 108 116
6 30 50 85 105 106 116
6 30 50 85 105 110 112
6 30 50 85 106 109 112
6 30 50 85 107 108 112
6 30 50 86 101 105 120
6 30 50 86 105 108 112
6 30 51 66 69 108 120
6 30 51 67 69 108 120
6 30 51 85 105 110 112
6 30 51 92 103 105 120
6 30 51 93 98 100 104
6 30 52 69 105 114 120
6 30 52 73 100 104 114
6 30 52 76 81 99 104
6 30 52 81 106 108 112
6 30 52 84 97 106 120
6 30 52 84 98 105 120
6 30 52 84 99 105 120
6 30 52 84 105 106 112
6 30 52 84 105 106 113
6 30 52 92 99 105 112
6 30 53 68 73 106 112
6 30 53 89 102 106 113
6 30 53 92 105 110 115
6 30 53 92 107 108 115
6 30 54 89 98 100 104
6 30 56 65 72 102 112
6 30 56 67 100 104 112
6 30 56 72 80 97 100
6 30 56 72 80 97 102
6 30 56 72 80 98 100
6 30 56 72 80 98 101
6 30 56 72 80 99 101
6 30 56 72 81 97 102
6 30 56 72 81 98 101
6 30 56 73 110 114 116
6 30 56 74 97 100 112
6 30 56 81 98 100 104
6 30 56 85 97 98 104
6 30 56 88 97 98 100
6 30 56 88 97 102 112
6 30 56 88 97 106 116
6 30 56 88 97 108 118
6 30 56 88 97 110 118
6 30 56 88 98 101 112
6 30 56 88 99 101 112
6 30 56 88 99 108 116
6 30 56 88 101 104 114
6 30 56 88 101 104 118
6 30 56 88 101 106 116
6 30 56 88 101 106 118
6 30 56 88 103 104 116
6 30 56 88 103 104 118
6 30 56 88 103 106 116
6 30 56 89 97 98 100
6 30 56 89 103 106 116
6 30 56 90 101 106 116
6 30 56 90 102 108 113
6 30 56 90 103 108 113
6 30 56 92 101 106 114
6 30 57 65 80 98 100
6 30 57 67 69 102 120
6 30 57 67 69 106 116
6 30 57 69 74 102 112
6 30 57 72 80 98 100
6 30 57 86 98 100 105
6 30 57 89 102 106 116
6 30 57 90 101 102 120
6 30 57 90 103 105 116
6 30 57 92 97 98 100
6 30 58 83 101 108 120
6 30 58 90 101 108 113
6 30 58 92 97 98 100
6 30 58 92 103 105 113
6 30 60 68 72 99 112
6 30 60 68 81 99 104
6 30 60 72 80 97 98
6 30 60 77 102 113 122
6 30 60 77 106 115 116
6 30 60 78 102 113 120
6 30 60 90 99 108 116
6 30 60 92 99 108 114
6 30 60 92 101 107 115
6 30 60 92 102 105 113
6 30 60 92 102 105 115
6 30 60 92 102 106 113
6 30 65 66 100 104 112
6 30 65 98 100 104 112
6 30 65 98 108 116 120
6 30 65 110 114 116 120
6 30 65 110 118 122 124
6 30 66 68 97 104 112
6 30 66 97 100 104 112
6 30 66 97 108 116 120
6 30 67 97 100 104 112
6 30 67 97 108 116 120
6 30 67 97 108 116 122
6 30 67 98 108 116 120
6 30 67 98 108 116 121
6 30 67 102 105 113 124
6 30 67 102 108 113 120
6 30 69 74 105 114 116
6 30 69 97 106 116 120
6 30 69 100 106 113 120
6 30 69 110 115 121 124
6 30 70 98 105 113 124
6 30 70 98 105 117 120
6 30 70 98 108 113 120
6 30 70 101 106 113 120
6 30 70 105 106 113 116
6 30 70 105 114 116 120
6 30 70 107 117 122 124
6 30 71 105 106 113 116
6 30 71 105 114 116 120
6 30 71 107 117 122 124
6 30 71 110 117 121 122
6 30 73 97 98 116 120
6 30 73 97 104 114 116
6 30 73 98 100 113 120
6 30 73 98 104 113 116
6 30 73 103 113 122 124
6 30 73 110 114 116 120
6 30 73 110 115 117 120
6 30 74 84 102 105 113
6 30 75 98 108 113 116
6 30 76 97 98 116 120
6 30 76 97 100 114 120
6 30 76 98 100 113 120
6 30 76 99 100 113 120
6 30 76 100 104 113 114
6 30 76 100 105 113 114
6 30 76 103 116 121 122
6 30 76 105 114 116 120
6 30 77 101 106 113 114
6 30 77 110 115 116 120
6 30 77 110 115 116 121
6 30 78 97 98 116 120
6 30 78 98 100 113 120
6 30 78 98 105 113 116
6 30 78 101 105 113 114
6 30 78 103 114 121 124
6 30 78 107 117 118 121
6 30 78 109 115 116 120
6 30 81 97 98 100 120
6 30 81 97 98 108 112
6 30 81 98 100 104 112
6 30 81 98 100 105 112
6 30 81 99 108 116 120
6 30 81 102 105 114 124
6 30 81 102 105 116 120
6 30 81 105 110 114 116
6 30 82 97 100 104 112
6 30 82 97 110 116 120
6 30 82 98 109 113 124
6 30 82 98 109 116 120
6 30 82 98 109 116 121
6 30 82 99 108 116 120
6 30 82 99 108 116 121
6 30 82 99 109 116 120
6 30 82 101 106 116 121
6 30 82 102 105 113 124
6 30 82 102 105 116 120
6 30 82 102 109 113 120
6 30 83 105 110 117 120
6 30 84 97 108 114 120
6 30 84 99 108 113 120
6 30 84 100 105 114 120
6 30 84 100 107 113 120
6 30 84 101 106 113 120
6 30 84 102 105 113 120
6 30 85 103 108 121 122
6 30 85 105 110 115 124
6 30 86 101 105 114 120
6 30 87 98 100 105 120
6 30 88 97 98 104 116
6 30 88 97 100 104 112
6 30 88 97 102 104 112
6 30 88 98 100 104 112
6 30 88 98 100 104 113
6 30 88 98 101 104 112
6 30 88 99 101 104 112
6 30 88 105 106 113 116
6 30 88 105 110 115 117
6 30 88 106 108 113 116
6 30 88 106 108 113 118
6 30 89 97 98 100 112
6 30 89 97 98 100 120
6 30 89 97 98 104 116
6 30 89 97 98 108 116
6 30 89 98 100 104 112
6 30 90 101 106 116 120
6 30 90 103 105 113 124
6 30 92 97 98 100 120
6 30 92 97 98 104 112
6 30 92 97 100 104 112
6 30 92 97 100 104 114
6 30 92 98 100 104 112
6 30 92 98 100 104 113
6 30 92 99 100 104 112
6 30 92 99 100 104 113
6 30 92 99 108 116 120
6 30 92 99 108 116 122
6 30 92 101 106 114 120
6 30 92 101 110 115 121
6 30 93 98 100 104 112
6 30 97 98 100 104 112
6 30 97 98 108 116 120
6 30 97 108 114 116 120
6 30 97 110 114 116 120
6 30 97 110 118 122 124
6 30 98 108 113 116 120
6 30 99 108 113 116 120
6 30 101 106 114 116 121
6 30 101 106 114 121 124
6 30 101 110 115 121 124
6 30 102 105 106 113 116
6 30 102 105 113 114 124
6 30 102 105 113 116 120
6 30 102 105 113 122 124
6 30 102 105 114 116 120
6 30 102 107 117 122 124
6 30 102 108 116 121 122
6 30 103 105 113 122 124
6 30 103 108 116 121 122
6 30 105 106 113 116 120
6 30 105 110 115 117 120
6 30 105 113 118 122 124
6 30 106 108 113 116 120
6 30 106 108 113 118 120
6 30 107 110 117 118 121
6 30 109 113 118 122 124
6 30 109 115 118 122 124
6 30 110 113 114 116 120
6 30 110 113 118 122 124
6 30 110 114 117 121 124
6 30 110 117 121 122 124
6 30 110 118 121 122 124
6 30 110 119 121 122 124
6 30 111 113 114 116 120
6 30 111 113 118 122 124
6 30 111 119 121 122 124
6 31 33 65 102 122 124
6 31 33 67 108 116 122
6 31 33 71 106 116 120
6 31 33 91 98 108 116
6 31 34 66 108 116 120
6 31 34 66 108 116 121
6 31 34 67 108 116 120
6 31 34 70 105 116 120
6 31 34 78 97 116 120
6 31 34 86 100 105 120
6 31 34 94 97 100 120
6 31 34 94 100 104 112
6 31 34 94 100 104 113
6 31 35 67 108 116 120
6 31 35 69 106 116 120
6 31 35 77 100 114 120
6 31 35 78 97 116 120
6 31 35 94 97 100 120
6 31 35 94 100 104 112
6 31 35 94 100 104 113
6 31 36 68 105 114 120
6 31 36 76 97 114 120
6 31 36 76 104 113 114
6 31 36 92 97 98 120
6 31 36 92 97 104 114
6 31 36 92 98 104 112
6 31 36 92 99 104 112
6 31 36 94 97 104 112
6 31 37 92 98 104 112
6 31 38 74 97 116 120
6 31 38 74 100 113 120
6 31 38 90 97 104 116
6 31 38 92 97 98 120
6 31 38 92 98 104 112
6 31 38 92 98 104 113
6 31 38 92 99 104 112
6 31 38 93 98 104 112
6 31 38 94 97 104 112
6 31 40 72 97 114 116
6 31 40 88 97 98 116
6 31 40 88 97 102 112
6 31 40 88 98 100 112
6 31 40 92 97 98 112
6 31 44 84 97 98 120
6 31 44 84 97 104 114
6 31 44 84 98 104 112
6 31 44 84 99 104 112
6 31 44 90 97 100 112
6 31 44 92 97 98 112
6 31 45 86 97 98 120
6 31 48 80 97 98 108
6 31 48 80 98 100 104
6 31 48 81 98 100 104
6 31 49 81 102 106 124
6 31 50 82 101 108 120
6 31 51 92 97 98 108
6 31 52 84 105 106 112
6 31 56 72 80 97 102
6 31 56 72 80 98 100
6 31 56 73 98 100 112
6 31 56 88 97 98 100
6 31 56 89 103 106 116
6 31 57 94 97 98 100
6 31 58 92 97 98 100
6 31 60 72 80 97 98
6 31 60 83 98 100 104
6 31 65 66 100 104 112
6 31 65 98 100 104 112
6 31 65 98 108 116 120
6 31 67 97 108 116 122
6 31 67 98 108 116 120
6 31 67 101 106 116 120
6 31 70 98 105 116 120
6 31 71 97 106 116 120
6 31 76 97 98 116 120
6 31 76 97 100 114 120
6 31 76 100 104 113 114
6 31 78 97 98 116 120
6 31 81 98 100 104 112
6 31 81 99 110 116 120
6 31 81 101 106 114 124
6 31 82 99 108 116 120
6 31 82 101 106 116 120
6 31 86 98 100 105 120
6 31 88 97 98 104 116
6 31 88 97 102 104 112
6 31 88 98 100 104 112
6 31 88 105 108 114 116
6 31 88 106 108 113 118
6 31 91 97 98 108 116
6 31 92 97 98 100 120
6 31 92 97 98 104 112
6 31 92 97 100 104 114
6 31 92 98 100 104 112
6 31 92 99 100 104 112
6 31 94 97 98 100 120
6 31 94 97 100 104 112
6 31 94 98 100 104 112
6 31 94 98 100 104 113
6 31 97 98 100 104 112
6 31 97 98 108 116 120
6 31 97 108 114 116 120
6 31 97 110 114 116 120
6 31 97 110 118 122 124
6 31 99 101 106 116 120
6 31 99 108 114 116 120
6 31 101 106 113 114 124
6 31 102 105 113 122 124
6 31 102 107 117 122 124
6 31 102 108 116 121 122
6 31 103 107 117 122 124
6 31 103 108 116 121 122
6 31 105 108 114 116 120
6 31 106 108 113 118 120
6 31 111 113 114 116 120
6 31 111 113 118 122 124
6 31 111 119 121 122 124
6 31 111 119 123 125 126
6 33 34 36 73 86 88
6 33 34 36 74 84 88
6 33 34 48 68 72 80
6 33 34 56 66 76 84
6 33 34 56 67 76 84
6 33 34 66 76 84 120
6 33 34 66 76 116 120
6 33 34 66 92 100 120
6 33 34 66 92 116 120
6 33 34 67 76 84 120
6 33 34 68 72 80 96
6 33 34 68 88 104 112
6 33 34 69 74 92 112
6 33 34 69 76 90 112
6 33 34 69 90 92 96
6 33 34 70 76 88 112
6 33 34 70 92 104 112
6 33 34 74 84 100 120
6 33 34 76 82 116 120
6 33 34 76 83 84 104
6 33 34 76 84 88 96
6 33 34 76 84 90 96
6 33 34 76 84 91 96
6 33 34 76 85 90 96
6 33 34 78 81 116 120
6 33 34 82 92 100 120
6 33 34 84 88 104 112
6 33 34 84 88 108 112
6 33 34 85 90 108 112
6 33 34 85 90 108 120
6 33 36 66 92 104 112
6 33 36 68 74 88 112
6 33 36 68 88 104 114
6 33 36 68 90 104 112
6 33 36 70 88 104 112
6 33 36 74 84 88 96
6 33 36 74 84 104 112
6 33 36 78 92 114 120
6 33 36 82 92 104 112
6 33 36 84 90 104 112
6 33 36 90 92 104 112
6 33 38 65 90 92 96
6 33 38 70 88 104 112
6 33 38 73 86 122 124
6 33 38 73 92 114 120
6 33 38 75 85 122 124
6 33 38 75 93 114 124
6 33 38 76 90 116 120
6 33 38 78 90 116 120
6 33 38 81 92 106 112
6 33 38 85 90 108 120
6 33 38 87 93 106 120
6 33 38 90 92 100 120
6 33 38 90 92 104 112
6 33 38 90 92 106 116
6 33 38 91 93 106 116
6 33 40 48 66 68 88
6 33 40 66 68 88 112
6 33 40 66 72 84 112
6 33 40 66 84 88 96
6 33 40 66 88 100 112
6 33 40 72 82 84 96
6 33 40 72 82 100 112
6 33 40 73 94 114 116
6 33 40 76 88 114 116
6 33 40 78 88 114 116
6 33 40 78 89 114 116
6 33 40 82 88 100 112
6 33 40 89 94 98 116
6 33 40 90 92 100 112
6 33 40 90 92 102 112
6 33 42 65 92 118 120
6 33 42 66 92 116 120
6 33 42 67 92 116 120
6 33 42 69 82 116 120
6 33 42 70 92 116 120
6 33 42 73 86 116 120
6 33 42 76 81 118 120
6 33 42 76 82 116 120
6 33 42 76 88 114 116
6 33 42 81 86 108 120
6 33 42 81 92 104 118
6 33 42 82 92 100 112
6 33 42 82 92 104 116
6 33 42 83 92 104 116
6 33 42 84 88 100 112
6 33 42 86 88 104 116
6 33 42 86 92 100 120
6 33 42 86 92 104 112
6 33 44 66 92 116 120
6 33 44 67 92 114 120
6 33 44 67 92 116 122
6 33 44 68 72 82 112
6 33 44 69 90 118 120
6 33 44 69 94 114 120
6 33 44 70 89 116 122
6 33 44 74 85 114 120
6 33 44 76 82 116 120
6 33 44 76 84 114 120
6 33 44 78 81 116 122
6 33 44 78 89 114 116
6 33 44 82 84 98 120
6 33 44 82 88 100 112
6 33 44 82 88 104 116
6 33 44 82 92 100 120
6 33 44 82 92 104 112
6 33 44 84 88 98 112
6 33 44 84 88 104 114
6 33 44 85 90 98 112
6 33 44 85 90 98 120
6 33 44 86 88 104 112
6 33 44 86 89 98 120
6 33 44 86 89 100 122
6 33 44 86 89 106 116
6 33 44 89 94 98 116
6 33 44 89 94 100 114
6 33 46 65 86 122 124
6 33 46 84 88 98 112
6 33 48 66 68 80 104
6 33 48 66 68 88 96
6 33 48 66 76 80 96
6 33 48 66 80 100 104
6 33 48 81 92 102 106
6 33 48 81 94 98 108
6 33 48 82 88 100 104
6 33 48 82 92 100 104
6 33 48 84 88 98 108
6 33 48 85 90 98 108
6 33 48 89 94 98 100
6 33 50 65 70 92 104
6 33 50 65 78 116 120
6 33 50 65 84 110 120
6 33 50 65 92 106 116
6 33 50 65 92 110 112
6 33 50 66 76 84 104
6 33 50 66 92 100 104
6 33 50 66 92 100 120
6 33 50 66 92 108 112
6 33 50 67 84 108 120
6 33 50 67 92 100 104
6 33 50 67 92 100 120
6 33 50 67 92 108 112
6 33 50 69 74 92 96
6 33 50 70 88 108 112
6 33 50 70 92 104 112
6 33 50 73 86 108 120
6 33 50 73 92 102 120
6 33 50 74 85 108 120
6 33 50 74 88 108 116
6 33 50 74 92 100 120
6 33 50 74 92 104 116
6 33 50 76 88 104 116
6 33 50 78 88 104 116
6 33 50 78 89 104 116
6 33 50 81 92 100 106
6 33 50 81 94 100 104
6 33 50 82 92 100 104
6 33 50 83 92 100 104
6 33 50 84 88 98 108
6 33 50 89 94 100 104
6 33 50 90 92 100 104
6 33 52 66 68 88 104
6 33 52 66 88 100 104
6 33 52 66 88 108 112
6 33 52 66 92 104 112
6 33 52 67 88 108 114
6 33 52 67 88 110 112
6 33 52 67 90 108 112
6 33 52 67 92 106 112
6 33 52 68 74 88 96
6 33 52 68 74 104 112
6 33 52 68 90 104 112
6 33 52 70 74 89 96
6 33 52 74 82 100 120
6 33 52 74 84 98 120
6 33 52 74 88 104 112
6 33 52 76 82 98 120
6 33 52 76 86 106 120
6 33 52 76 88 104 114
6 33 52 76 90 100 120
6 33 52 76 90 102 120
6 33 52 76 90 104 112
6 33 52 77 82 98 120
6 33 52 77 82 106 112
6 33 52 77 90 98 112
6 33 52 78 81 98 120
6 33 52 82 88 100 104
6 33 52 84 88 98 104
6 33 52 90 92 100 104
6 33 54 65 90 108 112
6 33 54 66 68 88 104
6 33 54 67 92 108 122
6 33 54 69 90 108 120
6 33 54 74 81 108 120
6 33 54 74 88 104 116
6 33 54 74 88 108 112
6 33 54 74 92 104 112
6 33 54 76 84 106 120
6 33 54 76 88 104 112
6 33 54 76 90 100 120
6 33 54 78 88 104 112
6 33 56 66 68 72 112
6 33 56 66 68 80 96
6 33 56 66 68 88 96
6 33 56 66 72 80 100
6 33 56 66 72 84 96
6 33 56 66 76 84 96
6 33 56 66 84 104 112
6 33 56 66 88 100 112
6 33 56 66 88 104 116
6 33 56 66 88 108 116
6 33 56 66 92 104 112
6 33 56 66 92 104 116
6 33 56 67 70 84 104
6 33 56 67 70 92 96
6 33 56 67 76 84 98
6 33 56 67 92 104 118
6 33 56 67 92 108 114
6 33 56 70 72 80 96
6 33 56 70 73 82 100
6 33 56 70 74 84 96
6 33 56 70 82 100 104
6 33 56 70 84 104 112
6 33 56 70 88 100 112
6 33 56 70 88 104 112
6 33 56 70 88 104 116
6 33 56 70 92 104 112
6 33 56 72 82 100 112
6 33 56 73 78 114 116
6 33 56 73 86 108 114
6 33 56 73 92 102 114
6 33 56 73 94 98 116
6 33 56 74 81 108 118
6 33 56 74 84 98 100
6 33 56 74 84 100 112
6 33 56 74 84 104 112
6 33 56 74 85 104 118
6 33 56 74 85 108 114
6 33 56 76 82 100 112
6 33 56 76 82 104 116
6 33 56 76 84 98 112
6 33 56 76 88 98 116
6 33 56 78 81 104 118
6 33 56 78 83 104 116
6 33 56 78 92 100 114
6 33 56 81 94 102 104
6 33 56 82 88 100 104
6 33 56 82 92 100 104
6 33 56 83 92 102 104
6 33 56 85 90 98 108
6 33 56 85 94 98 104
6 33 56 86 89 98 108
6 33 56 89 94 98 100
6 33 58 65 86 108 120
6 33 58 65 92 102 120
6 33 58 65 92 104 118
6 33 58 65 92 106 116
6 33 58 66 76 84 96
6 33 58 67 92 104 116
6 33 58 67 92 108 116
6 33 58 67 94 108 116
6 33 58 70 76 116 120
6 33 58 70 88 108 116
6 33 58 70 89 108 116
6 33 58 70 92 100 120
6 33 58 70 92 104 116
6 33 58 71 93 106 116
6 33 58 74 92 100 112
6 33 58 75 85 102 124
6 33 58 76 84 100 120
6 33 58 76 84 102 120
6 33 58 76 86 100 120
6 33 58 78 81 104 116
6 33 58 81 92 102 104
6 33 58 86 92 100 104
6 33 60 65 70 90 96
6 33 60 65 74 82 100
6 33 60 65 86 108 122
6 33 60 66 68 72 112
6 33 60 66 68 88 96
6 33 60 66 72 80 96
6 33 60 66 92 100 120
6 33 60 66 92 104 112
6 33 60 68 72 80 98
6 33 60 68 72 82 96
6 33 60 68 90 104 112
6 33 60 69 74 82 96
6 33 60 69 74 114 120
6 33 60 69 82 98 120
6 33 60 69 82 106 112
6 33 60 69 86 106 120
6 33 60 69 90 98 112
6 33 60 69 90 98 120
6 33 60 69 90 102 120
6 33 60 69 90 106 116
6 33 60 69 94 98 120
6 33 60 70 73 116 122
6 33 60 70 88 104 112
6 33 60 70 88 104 114
6 33 60 70 89 100 122
6 33 60 70 89 108 114
6 33 60 70 90 104 112
6 33 60 70 90 106 116
6 33 60 70 92 106 114
6 33 60 71 93 106 114
6 33 60 73 82 102 120
6 33 60 73 86 98 120
6 33 60 73 86 100 122
6 33 60 73 90 98 116
6 33 60 73 94 100 114
6 33 60 74 81 104 118
6 33 60 74 81 108 114
6 33 60 74 82 100 112
6 33 60 74 82 100 120
6 33 60 74 84 98 112
6 33 60 74 84 104 114
6 33 60 74 85 98 120
6 33 60 74 85 104 114
6 33 60 74 88 100 114
6 33 60 76 82 98 112
6 33 60 76 82 98 120
6 33 60 76 82 100 120
6 33 60 76 82 104 112
6 33 60 76 84 98 120
6 33 60 76 88 98 112
6 33 60 77 82 98 112
6 33 60 78 86 98 120
6 33 60 78 89 100 114
6 33 60 81 94 98 104
6 33 60 82 84 98 104
6 33 60 82 88 100 104
6 33 60 82 92 100 104
6 33 60 85 90 98 104
6 33 60 85 90 98 108
6 33 60 87 91 98 108
6 33 60 89 94 98 100
6 33 62 66 68 72 112
6 33 62 66 68 88 96
6 33 62 68 72 80 96
6 33 62 70 88 104 112
6 33 62 70 92 104 112
6 33 62 71 89 106 116
6 33 62 74 84 100 120
6 33 62 74 84 104 112
6 33 62 74 88 100 112
6 33 62 76 84 98 120
6 33 65 78 114 116 120
6 33 65 78 118 122 124
6 33 65 82 110 116 120
6 33 65 90 98 108 116
6 33 65 90 108 114 116
6 33 65 90 108 118 120
6 33 65 92 108 118 122
6 33 65 94 98 100 120
6 33 65 94 98 116 120
6 33 65 94 102 122 124
6 33 65 94 106 116 120
6 33 65 94 108 116 122
6 33 65 110 114 116 120
6 33 65 110 118 122 124
6 33 66 68 72 80 96
6 33 66 68 88 104 112
6 33 66 88 100 104 112
6 33 66 92 100 104 112
6 33 66 92 108 116 120
6 33 67 70 92 104 112
6 33 67 76 84 98 120
6 33 67 84 108 114 120
6 33 67 92 100 104 114
6 33 67 92 100 114 120
6 33 67 92 108 114 120
6 33 67 92 108 116 122
6 33 67 92 108 118 122
6 33 67 94 100 104 112
6 33 67 94 108 116 120
6 33 67 94 108 116 122
6 33 67 98 108 116 120
6 33 67 108 114 116 120
6 33 69 90 108 118 120
6 33 69 94 106 116 120
6 33 70 74 84 104 112
6 33 70 74 89 100 112
6 33 70 88 100 104 112
6 33 70 89 108 116 122
6 33 71 93 106 114 124
6 33 73 78 114 116 120
6 33 73 86 108 114 120
6 33 73 92 102 114 120
6 33 73 94 98 116 120
6 33 73 94 104 114 116
6 33 73 110 114 116 120
6 33 74 81 108 118 120
6 33 74 84 98 100 120
6 33 74 85 108 114 120
6 33 75 85 102 122 124
6 33 76 82 98 116 120
6 33 76 86 106 116 120
6 33 76 88 104 114 116
6 33 77 82 98 116 120
6 33 78 81 98 116 120
6 33 78 86 106 116 120
6 33 78 88 104 114 116
6 33 78 89 104 114 116
6 33 78 89 108 114 116
6 33 78 92 100 114 120
6 33 81 90 98 108 116
6 33 81 92 102 106 112
6 33 81 94 98 100 120
6 33 81 94 98 108 112
6 33 81 110 114 116 120
6 33 81 110 118 122 124
6 33 82 88 100 104 112
6 33 82 92 100 104 112
6 33 82 98 108 116 120
6 33 83 98 108 116 120
6 33 83 108 114 116 120
6 33 84 88 98 108 112
6 33 85 90 98 108 112
6 33 85 90 98 108 120
6 33 85 106 108 114 120
6 33 86 89 98 100 120
6 33 86 89 98 108 120
6 33 88 98 100 104 112
6 33 89 94 98 100 112
6 33 89 94 98 100 120
6 33 89 94 98 104 116
6 33 89 94 98 108 116
6 33 89 102 108 116 122
6 33 89 110 114 116 120
6 33 89 110 118 122 124
6 33 90 92 100 104 112
6 33 90 92 102 104 112
6 33 90 98 108 116 120
6 33 90 102 108 116 120
6 33 90 108 114 116 120
6 33 91 93 102 106 116
6 33 91 98 108 116 120
6 33 91 102 108 116 120
6 33 92 98 100 104 112
6 33 92 98 108 116 120
6 33 92 108 114 116 120
6 33 92 110 114 116 120
6 33 93 102 106 114 124
6 33 93 106 114 116 120
6 33 93 110 114 116 120
6 33 93 110 118 122 124
6 33 94 98 100 104 112
6 33 94 98 108 116 120
6 33 94 108 114 116 120
6 33 94 110 114 116 120
6 33 94 110 118 122 124
6 33 95 98 100 104 112
6 33 95 98 108 116 120
6 33 95 108 114 116 120
6 33 95 110 114 116 120
6 33 95 110 118 122 124
6 34 36 40 70 81 88
6 34 36 56 65 74 84
6 34 36 65 74 84 120
6 34 36 65 94 104 112
6 34 36 67 92 104 112
6 34 36 68 88 104 112
6 34 36 70 73 88 112
6 34 36 70 89 104 112
6 34 36 73 74 84 112
6 34 36 73 86 88 96
6 34 36 73 86 104 112
6 34 36 74 84 88 96
6 34 36 74 84 88 97
6 34 36 74 84 89 96
6 34 36 74 84 97 120
6 34 36 74 84 113 120
6 34 36 74 85 88 96
6 34 36 81 94 104 112
6 34 36 83 92 104 112
6 34 36 86 89 104 112
6 34 36 87 94 105 120
6 34 36 89 94 104 112
6 34 36 93 94 104 112
6 34 37 78 90 116 120
6 34 37 78 91 116 120
6 34 37 83 94 108 120
6 34 37 91 94 100 120
6 34 37 91 94 104 116
6 34 40 89 94 100 112
6 34 40 90 93 100 112
6 34 41 66 92 116 120
6 34 41 76 82 116 120
6 34 41 82 92 100 112
6 34 41 82 92 104 116
6 34 44 65 66 84 120
6 34 44 65 82 116 120
6 34 44 65 90 116 120
6 34 44 65 94 116 120
6 34 44 66 81 116 120
6 34 44 66 84 97 120
6 34 44 66 89 116 120
6 34 44 67 92 116 120
6 34 44 67 94 116 120
6 34 44 69 90 116 120
6 34 44 70 89 116 120
6 34 44 70 90 116 121
6 34 44 71 90 116 121
6 34 44 73 82 116 120
6 34 44 74 81 116 120
6 34 44 74 84 113 120
6 34 44 75 86 116 120
6 34 44 78 83 116 120
6 34 44 78 86 113 120
6 34 44 79 86 113 120
6 34 44 81 82 100 120
6 34 44 81 90 100 112
6 34 44 81 90 104 116
6 34 44 81 94 100 120
6 34 44 81 94 104 112
6 34 44 82 89 100 112
6 34 44 82 89 104 116
6 34 44 83 94 100 120
6 34 44 85 90 100 120
6 34 44 85 90 104 112
6 34 44 86 89 100 120
6 34 44 86 89 104 112
6 34 44 86 90 105 116
6 34 44 86 91 100 120
6 34 44 86 91 101 120
6 34 48 68 72 80 96
6 34 48 81 94 100 104
6 34 48 82 92 100 104
6 34 48 82 92 100 105
6 34 48 82 93 100 104
6 34 48 83 92 100 104
6 34 48 85 90 100 104
6 34 49 66 76 84 104
6 34 49 66 92 100 104
6 34 49 66 92 100 120
6 34 49 66 92 108 112
6 34 49 70 76 88 96
6 34 49 70 88 108 112
6 34 49 70 92 104 112
6 34 49 74 84 100 120
6 34 49 74 92 100 120
6 34 49 76 82 100 104
6 34 49 76 82 100 120
6 34 49 82 92 100 104
6 34 52 65 74 100 120
6 34 52 65 82 108 120
6 34 52 65 90 100 104
6 34 52 65 90 100 120
6 34 52 65 90 108 112
6 34 52 65 94 104 112
6 34 52 66 73 100 120
6 34 52 66 76 89 96
6 34 52 66 76 113 120
6 34 52 66 81 108 120
6 34 52 66 88 108 112
6 34 52 66 88 108 113
6 34 52 66 88 109 112
6 34 52 66 89 100 120
6 34 52 66 89 108 112
6 34 52 67 88 108 112
6 34 52 67 92 104 112
6 34 52 69 90 104 112
6 34 52 70 88 105 112
6 34 52 70 89 104 112
6 34 52 73 82 100 120
6 34 52 73 90 100 112
6 34 52 73 90 100 120
6 34 52 74 81 100 120
6 34 52 74 89 100 112
6 34 52 74 89 100 120
6 34 52 76 82 97 120
6 34 52 76 88 104 112
6 34 52 81 90 100 104
6 34 52 82 89 100 104
6 34 52 82 92 97 104
6 34 52 89 90 100 104
6 34 52 89 94 100 104
6 34 52 90 93 100 104
6 34 52 91 94 100 104
6 34 52 91 94 101 104
6 34 53 70 90 105 124
6 34 53 70 90 108 121
6 34 53 75 90 108 116
6 34 53 75 94 100 120
6 34 53 78 91 100 120
6 34 53 91 94 100 104
6 34 56 65 74 84 100
6 34 56 65 90 108 116
6 34 56 65 94 104 116
6 34 56 66 69 84 104
6 34 56 66 73 84 100
6 34 56 66 76 84 96
6 34 56 66 76 84 97
6 34 56 67 76 84 96
6 34 56 67 92 104 116
6 34 56 68 72 80 96
6 34 56 68 88 104 112
6 34 56 69 70 104 112
6 34 56 69 74 84 96
6 34 56 69 82 100 104
6 34 56 69 82 108 112
6 34 56 69 90 100 112
6 34 56 69 90 104 116
6 34 56 69 90 108 116
6 34 56 69 94 104 112
6 34 56 70 81 100 104
6 34 56 70 81 108 112
6 34 56 70 89 100 112
6 34 56 70 89 104 116
6 34 56 70 89 108 116
6 34 56 73 82 108 116
6 34 56 73 86 104 116
6 34 56 73 86 108 112
6 34 56 74 84 97 100
6 34 56 74 84 100 112
6 34 56 74 84 100 113
6 34 56 74 84 108 113
6 34 56 74 85 104 116
6 34 56 74 85 108 112
6 34 56 74 92 100 113
6 34 56 75 84 100 112
6 34 56 76 82 100 113
6 34 56 76 82 104 116
6 34 56 76 82 104 117
6 34 56 76 83 104 116
6 34 56 77 82 100 112
6 34 56 77 86 104 112
6 34 56 78 81 100 112
6 34 56 81 94 100 104
6 34 56 82 92 100 104
6 34 56 82 92 101 104
6 34 56 82 93 100 104
6 34 56 83 92 100 104
6 34 56 85 90 100 104
6 34 56 86 89 100 104
6 34 57 66 76 84 96
6 34 57 67 94 108 116
6 34 57 70 90 108 116
6 34 57 71 90 108 116
6 34 57 71 94 100 120
6 34 57 74 84 100 112
6 34 57 74 84 100 120
6 34 57 75 86 108 116
6 34 57 76 82 104 116
6 34 57 78 86 97 124
6 34 57 78 86 100 120
6 34 57 78 86 101 120
6 34 57 78 86 105 116
6 34 57 78 87 100 120
6 34 57 78 90 101 116
6 34 57 82 92 100 104
6 34 60 65 90 100 112
6 34 60 65 90 100 120
6 34 60 65 90 104 116
6 34 60 65 90 108 116
6 34 60 65 94 100 120
6 34 60 65 94 104 112
6 34 60 66 89 100 112
6 34 60 66 89 100 120
6 34 60 66 89 104 116
6 34 60 66 89 108 116
6 34 60 67 90 108 116
6 34 60 67 94 100 120
6 34 60 68 72 80 96
6 34 60 69 74 116 120
6 34 60 69 90 100 120
6 34 60 69 90 104 112
6 34 60 69 90 104 116
6 34 60 70 89 100 120
6 34 60 70 89 104 112
6 34 60 70 89 104 116
6 34 60 70 90 108 113
6 34 60 73 82 100 112
6 34 60 73 82 100 120
6 34 60 73 82 104 116
6 34 60 73 86 104 112
6 34 60 74 81 100 112
6 34 60 74 81 104 116
6 34 60 74 85 104 112
6 34 60 75 86 108 113
6 34 60 78 83 100 120
6 34 60 78 86 97 120
6 34 60 81 82 100 104
6 34 60 81 90 100 104
6 34 60 81 94 100 104
6 34 60 82 89 100 104
6 34 60 82 93 100 104
6 34 60 83 94 100 104
6 34 60 85 90 100 104
6 34 61 67 90 108 116
6 34 61 67 94 100 120
6 34 61 70 74 113 124
6 34 61 70 90 97 124
6 34 61 70 90 105 116
6 34 61 75 86 100 120
6 34 61 78 86 97 120
6 34 61 83 94 100 104
6 34 65 66 76 116 120
6 34 65 66 92 100 120
6 34 65 66 108 116 120
6 34 65 70 92 104 112
6 34 65 74 84 100 120
6 34 65 82 108 116 120
6 34 65 90 108 116 120
6 34 65 94 100 104 112
6 34 65 94 108 116 120
6 34 66 69 92 104 112
6 34 66 73 84 100 120
6 34 66 76 84 97 120
6 34 66 76 97 116 120
6 34 66 76 100 113 120
6 34 66 76 113 116 120
6 34 66 81 108 116 120
6 34 66 84 108 113 120
6 34 66 89 108 116 120
6 34 66 92 97 100 120
6 34 66 92 97 116 120
6 34 66 92 100 104 112
6 34 66 92 100 104 113
6 34 66 92 100 113 120
6 34 66 92 108 113 120
6 34 66 92 108 116 120
6 34 66 92 108 116 121
6 34 66 93 100 104 112
6 34 66 93 108 116 120
6 34 66 97 108 116 120
6 34 66 108 113 116 120
6 34 67 92 100 104 112
6 34 67 92 108 116 120
6 34 67 94 108 116 120
6 34 69 70 88 104 112
6 34 69 74 84 104 112
6 34 69 90 100 104 112
6 34 69 90 108 116 120
6 34 70 76 88 97 112
6 34 70 89 100 104 112
6 34 70 89 108 116 120
6 34 70 90 108 116 121
6 34 70 92 97 104 112
6 34 71 90 108 116 121
6 34 73 82 108 116 120
6 34 74 84 97 100 120
6 34 74 84 100 113 120
6 34 74 84 108 113 120
6 34 74 92 100 113 120
6 34 74 108 113 116 120
6 34 76 82 97 116 120
6 34 76 82 100 104 113
6 34 76 82 100 113 120
6 34 78 83 108 116 120
6 34 78 86 108 113 120
6 34 78 91 101 116 120
6 34 81 94 100 104 112
6 34 82 92 97 100 120
6 34 82 92 100 104 112
6 34 82 92 100 104 113
6 34 82 92 100 105 112
6 34 82 93 100 104 112
6 34 82 97 108 116 120
6 34 82 108 113 116 120
6 34 83 92 100 104 112
6 34 85 90 100 104 112
6 34 87 94 100 105 120
6 34 89 94 100 104 112
6 34 90 93 100 104 112
6 34 90 97 108 116 120
6 34 90 101 108 116 120
6 34 90 108 113 116 120
6 34 93 94 100 104 112
6 34 94 97 100 104 112
6 34 94 97 108 116 120
6 34 94 108 113 116 120
6 35 36 76 84 121 122
6 35 36 93 94 104 112
6 35 37 78 89 118 120
6 35 37 78 90 116 120
6 35 37 78 93 114 120
6 35 37 83 94 108 120
6 35 37 89 94 102 120
6 35 37 89 94 106 116
6 35 37 93 94 98 120
6 35 38 85 90 108 120
6 35 38 89 90 108 116
6 35 38 90 92 108 113
6 35 38 90 93 100 120
6 35 40 73 92 114 116
6 35 40 76 88 113 118
6 35 40 76 88 114 116
6 35 40 90 92 97 116
6 35 41 93 94 100 114
6 35 42 70 92 116 120
6 35 42 70 93 116 120
6 35 42 86 92 100 120
6 35 42 86 93 100 120
6 35 44 56 69 82 88
6 35 44 66 84 88 112
6 35 44 67 84 88 112
6 35 44 69 90 116 120
6 35 44 69 92 114 120
6 35 44 73 82 88 116
6 35 44 76 81 84 122
6 35 44 76 82 84 120
6 35 44 76 84 88 114
6 35 44 76 90 113 116
6 35 44 82 84 88 97
6 35 44 85 90 100 120
6 35 44 85 90 104 112
6 35 44 85 94 105 114
6 35 44 86 88 104 112
6 35 44 86 88 104 113
6 35 44 89 94 98 116
6 35 44 90 92 97 116
6 35 44 90 92 100 113
6 35 44 90 93 98 116
6 35 44 93 94 98 112
6 35 46 65 84 88 112
6 35 46 85 90 100 120
6 35 48 69 82 88 108
6 35 48 81 84 106 108
6 35 48 81 92 100 106
6 35 48 82 92 97 108
6 35 48 82 92 100 104
6 35 48 83 92 100 104
6 35 48 84 88 97 110
6 35 48 84 88 98 108
6 35 48 84 88 101 106
6 35 49 82 92 100 104
6 35 50 93 94 100 104
6 35 52 65 76 82 120
6 35 52 65 82 88 108
6 35 52 66 68 88 104
6 35 52 67 88 108 112
6 35 52 73 76 82 120
6 35 52 74 76 88 112
6 35 52 76 82 88 104
6 35 52 76 82 97 120
6 35 52 76 89 100 122
6 35 52 76 90 100 120
6 35 52 81 92 108 122
6 35 52 82 88 97 108
6 35 52 82 92 97 104
6 35 52 82 92 108 120
6 35 52 82 92 110 120
6 35 52 82 93 110 120
6 35 52 84 89 108 122
6 35 52 84 90 108 120
6 35 52 89 94 100 104
6 35 52 90 92 100 104
6 35 53 75 94 100 120
6 35 53 89 90 102 108
6 35 54 69 89 106 124
6 35 54 69 92 106 120
6 35 54 75 89 108 116
6 35 54 78 89 108 113
6 35 54 89 94 97 108
6 35 56 65 76 84 98
6 35 56 66 76 84 96
6 35 56 66 76 84 112
6 35 56 67 76 84 96
6 35 56 67 76 84 112
6 35 56 69 74 88 116
6 35 56 69 82 108 112
6 35 56 69 88 104 118
6 35 56 69 88 106 116
6 35 56 69 90 108 116
6 35 56 73 76 82 116
6 35 56 73 76 114 116
6 35 56 73 82 108 116
6 35 56 73 84 88 102
6 35 56 73 84 108 114
6 35 56 73 86 104 116
6 35 56 73 86 108 112
6 35 56 73 88 102 116
6 35 56 73 92 100 114
6 35 56 74 92 97 116
6 35 56 76 81 104 118
6 35 56 76 83 104 116
6 35 56 76 84 88 98
6 35 56 76 84 88 100
6 35 56 76 84 97 98
6 35 56 76 84 98 112
6 35 56 76 88 97 118
6 35 56 76 88 101 114
6 35 56 76 88 113 118
6 35 56 77 86 104 112
6 35 56 78 93 100 114
6 35 56 81 90 108 116
6 35 56 81 92 102 104
6 35 56 81 92 106 116
6 35 56 81 92 108 114
6 35 56 82 92 100 104
6 35 56 82 92 108 112
6 35 56 83 92 100 104
6 35 56 86 88 97 108
6 35 56 86 88 101 104
6 35 56 86 88 108 112
6 35 56 86 88 108 113
6 35 56 86 92 97 104
6 35 57 67 94 108 116
6 35 57 69 86 106 124
6 35 57 71 90 108 116
6 35 57 75 86 108 116
6 35 57 77 86 106 116
6 35 57 78 86 97 124
6 35 57 78 86 101 120
6 35 57 78 86 105 116
6 35 57 78 90 101 116
6 35 58 70 85 108 120
6 35 58 70 93 100 120
6 35 58 70 93 104 116
6 35 58 76 84 88 100
6 35 58 78 92 97 116
6 35 58 78 93 97 116
6 35 58 86 93 100 104
6 35 58 93 94 97 100
6 35 60 65 74 84 112
6 35 60 65 74 88 116
6 35 60 65 76 82 96
6 35 60 65 76 82 112
6 35 60 65 76 82 120
6 35 60 65 76 84 122
6 35 60 65 76 88 114
6 35 60 65 82 84 104
6 35 60 65 84 88 98
6 35 60 66 68 72 80
6 35 60 66 68 72 112
6 35 60 66 68 88 96
6 35 60 66 68 88 112
6 35 60 66 76 84 120
6 35 60 66 76 88 112
6 35 60 67 90 108 116
6 35 60 68 72 80 96
6 35 60 69 76 82 120
6 35 60 69 82 88 104
6 35 60 69 86 106 120
6 35 60 69 90 100 120
6 35 60 69 90 102 120
6 35 60 69 90 104 112
6 35 60 69 90 104 116
6 35 60 69 90 106 116
6 35 60 69 92 106 114
6 35 60 69 94 98 120
6 35 60 70 89 108 114
6 35 60 70 90 108 113
6 35 60 70 92 97 120
6 35 60 70 92 97 122
6 35 60 70 92 105 114
6 35 60 73 76 82 112
6 35 60 73 76 84 114
6 35 60 73 86 104 112
6 35 60 73 92 100 114
6 35 60 75 86 108 113
6 35 60 76 82 84 104
6 35 60 76 82 88 97
6 35 60 76 84 88 98
6 35 60 76 90 97 116
6 35 60 76 90 100 113
6 35 60 77 86 106 113
6 35 60 78 81 116 120
6 35 60 78 81 116 122
6 35 60 78 82 116 121
6 35 60 78 86 97 120
6 35 60 78 92 97 114
6 35 60 79 81 116 122
6 35 60 79 82 116 120
6 35 60 81 90 110 116
6 35 60 81 92 102 122
6 35 60 81 94 100 104
6 35 60 81 94 110 112
6 35 60 82 89 110 116
6 35 60 82 92 97 104
6 35 60 82 93 110 112
6 35 60 85 90 98 108
6 35 60 85 90 100 104
6 35 60 86 88 97 104
6 35 60 89 94 98 100
6 35 60 90 92 97 100
6 35 61 67 94 100 120
6 35 61 78 86 97 120
6 35 61 83 94 100 104
6 35 62 66 76 84 120
6 35 62 70 93 104 112
6 35 62 75 85 100 120
6 35 62 79 81 116 120
6 35 65 66 76 84 120
6 35 65 66 76 116 120
6 35 65 66 92 100 120
6 35 65 66 108 116 120
6 35 65 70 92 104 112
6 35 65 76 82 116 120
6 35 65 76 84 98 120
6 35 65 76 98 116 120
6 35 65 76 114 116 120
6 35 65 82 84 108 120
6 35 65 82 92 108 112
6 35 65 82 108 116 120
6 35 65 84 88 108 114
6 35 65 84 88 110 112
6 35 65 84 108 114 120
6 35 65 90 108 116 120
6 35 65 92 98 100 120
6 35 65 92 98 116 120
6 35 65 92 100 104 114
6 35 65 92 100 114 120
6 35 65 92 108 114 120
6 35 65 92 108 116 122
6 35 65 92 108 118 122
6 35 65 94 108 116 120
6 35 65 94 108 116 122
6 35 66 84 88 108 112
6 35 66 92 100 104 112
6 35 66 92 108 116 120
6 35 67 84 88 108 112
6 35 67 92 100 104 112
6 35 67 92 108 116 120
6 35 67 92 108 116 122
6 35 67 94 108 116 120
6 35 69 82 88 108 112
6 35 69 90 108 116 120
6 35 69 92 106 118 120
6 35 69 92 108 114 120
6 35 70 89 108 116 122
6 35 70 90 108 116 121
6 35 70 92 97 104 112
6 35 70 92 108 113 122
6 35 71 89 108 116 122
6 35 71 108 116 121 122
6 35 73 76 82 116 120
6 35 73 76 114 116 120
6 35 73 82 88 108 116
6 35 73 82 108 116 120
6 35 73 84 108 114 120
6 35 73 86 88 108 112
6 35 73 92 100 114 120
6 35 73 92 104 114 116
6 35 74 92 97 116 120
6 35 76 81 88 104 118
6 35 76 81 114 116 120
6 35 76 82 88 104 116
6 35 76 82 97 116 120
6 35 76 84 88 97 98
6 35 76 84 88 98 112
6 35 76 84 97 98 120
6 35 76 84 100 121 122
6 35 76 88 104 113 118
6 35 76 88 104 114 116
6 35 76 97 98 116 120
6 35 76 97 114 116 120
6 35 76 113 114 116 120
6 35 77 81 118 122 124
6 35 77 86 106 113 124
6 35 77 86 108 113 122
6 35 77 91 102 116 120
6 35 77 94 102 113 120
6 35 77 97 118 122 124
6 35 77 108 113 118 122
6 35 77 113 118 122 124
6 35 78 83 108 116 120
6 35 78 86 108 113 120
6 35 78 89 108 114 116
6 35 78 92 97 116 122
6 35 78 93 100 114 120
6 35 78 108 113 116 122
6 35 81 82 108 116 120
6 35 81 84 106 108 112
6 35 81 90 108 116 120
6 35 81 92 100 104 114
6 35 81 92 100 106 112
6 35 81 92 106 116 120
6 35 81 92 108 114 120
6 35 81 92 108 116 122
6 35 81 92 108 118 122
6 35 81 94 110 116 120
6 35 82 84 88 97 108
6 35 82 84 97 108 120
6 35 82 92 97 100 120
6 35 82 92 97 108 112
6 35 82 92 100 104 112
6 35 82 92 108 116 120
6 35 82 92 110 116 120
6 35 82 93 110 116 120
6 35 83 92 100 104 112
6 35 84 88 97 108 114
6 35 84 88 97 110 112
6 35 84 88 98 108 112
6 35 84 88 101 106 112
6 35 85 102 105 122 124
6 35 86 92 106 108 113
6 35 86 106 108 116 121
6 35 86 108 116 121 122
6 35 87 108 116 121 122
6 35 89 90 102 108 116
6 35 89 94 98 108 116
6 35 89 102 108 116 122
6 35 90 92 97 104 116
6 35 90 92 97 108 116
6 35 90 93 98 108 116
6 35 90 97 108 116 120
6 35 90 101 108 116 120
6 35 90 102 108 116 120
6 35 90 108 113 116 120
6 35 91 101 108 118 120
6 35 91 102 108 116 120
6 35 92 97 98 100 120
6 35 92 97 98 116 120
6 35 92 97 100 104 114
6 35 92 97 100 114 120
6 35 92 97 108 114 120
6 35 92 97 108 116 122
6 35 92 97 108 118 122
6 35 92 97 114 116 120
6 35 92 98 100 104 112
6 35 92 98 108 116 120
6 35 92 100 104 113 114
6 35 92 100 113 114 120
6 35 92 102 108 113 122
6 35 92 105 108 114 116
6 35 92 108 113 114 120
6 35 92 108 113 116 122
6 35 92 108 113 118 122
6 35 92 108 114 116 120
6 35 92 108 116 121 122
6 35 92 110 114 116 120
6 35 93 94 98 100 120
6 35 93 94 100 104 112
6 35 93 94 100 104 114
6 35 93 94 100 105 114
6 35 93 97 102 122 124
6 35 93 97 108 118 122
6 35 93 97 118 122 124
6 35 93 108 113 118 122
6 35 93 110 114 116 120
6 35 93 110 118 122 124
6 35 94 97 108 116 120
6 35 94 97 108 116 122
6 35 94 98 108 116 120
6 35 94 98 108 116 121
6 35 94 101 106 116 121
6 35 94 101 114 121 124
6 35 94 102 105 113 124
6 35 94 102 108 113 120
6 35 94 108 113 116 120
6 35 94 108 113 116 122
6 35 94 108 114 116 120
6 35 94 108 114 116 121
6 35 94 108 116 121 122
6 35 95 97 108 116 122
6 35 95 98 108 116 120
6 35 95 101 106 116 120
6 35 95 108 113 116 122
6 35 95 108 114 116 120
6 35 95 108 116 121 122
6 36 40 48 65 66 92
6 36 40 48 65 70 88
6 36 40 65 66 92 112
6 36 40 65 70 88 112
6 36 40 65 76 82 112
6 36 40 65 82 92 96
6 36 40 65 92 98 112
6 36 40 69 82 88 96
6 36 40 69 88 98 112
6 36 40 76 81 82 96
6 36 40 76 81 98 112
6 36 40 78 92 113 114
6 36 40 79 92 113 114
6 36 40 81 92 98 112
6 36 40 90 92 97 112
6 36 40 93 94 98 112
6 36 40 93 94 99 112
6 36 41 68 82 104 112
6 36 41 69 94 114 120
6 36 41 70 92 113 122
6 36 41 76 84 114 120
6 36 41 76 86 113 122
6 36 41 78 85 114 120
6 36 41 78 92 113 114
6 36 41 82 84 104 112
6 36 41 85 92 106 114
6 36 41 85 94 98 120
6 36 41 85 94 104 114
6 36 41 86 92 97 122
6 36 41 86 92 104 112
6 36 41 86 92 106 113
6 36 41 87 92 104 114
6 36 41 87 92 106 112
6 36 41 87 94 104 112
6 36 42 69 92 114 120
6 36 42 70 92 113 120
6 36 42 76 85 114 120
6 36 42 76 86 113 120
6 36 42 85 92 98 120
6 36 42 85 92 104 114
6 36 42 85 94 104 112
6 36 42 86 92 97 120
6 36 42 86 92 104 112
6 36 42 86 92 104 113
6 36 42 86 93 104 112
6 36 42 87 92 104 112
6 36 43 76 86 113 120
6 36 43 86 92 104 113
6 36 43 87 92 104 112
6 36 48 81 92 98 104
6 36 48 84 90 97 104
6 36 49 68 90 104 112
6 36 49 76 82 104 112
6 36 49 76 86 106 120
6 36 49 76 90 104 112
6 36 49 77 94 104 114
6 36 49 78 92 104 114
6 36 49 93 94 98 104
6 36 50 65 68 88 104
6 36 50 65 92 104 112
6 36 50 68 73 88 96
6 36 50 69 88 104 112
6 36 50 73 84 104 112
6 36 50 73 92 104 112
6 36 50 78 92 104 113
6 36 51 69 92 106 120
6 36 51 76 84 105 122
6 36 51 76 84 106 120
6 36 51 77 94 104 112
6 36 51 78 92 97 120
6 36 51 78 92 104 112
6 36 51 78 92 104 113
6 36 56 65 66 84 104
6 36 56 65 66 92 96
6 36 56 65 68 82 104
6 36 56 65 70 104 112
6 36 56 65 74 84 96
6 36 56 65 84 98 104
6 36 56 65 84 104 114
6 36 56 65 84 106 112
6 36 56 65 86 104 112
6 36 56 65 92 98 112
6 36 56 65 92 104 114
6 36 56 65 94 104 112
6 36 56 66 84 104 112
6 36 56 66 92 104 112
6 36 56 67 68 104 112
6 36 56 67 84 104 112
6 36 56 67 92 104 112
6 36 56 68 73 82 96
6 36 56 68 81 98 104
6 36 56 68 81 104 114
6 36 56 68 81 106 112
6 36 56 68 82 104 112
6 36 56 68 83 104 112
6 36 56 69 82 104 112
6 36 56 69 90 104 112
6 36 56 69 92 104 114
6 36 56 69 92 106 114
6 36 56 69 94 104 112
6 36 56 69 94 104 114
6 36 56 70 92 104 112
6 36 56 71 92 104 112
6 36 56 71 92 104 114
6 36 56 71 94 104 112
6 36 56 73 84 98 112
6 36 56 73 84 104 114
6 36 56 73 86 104 112
6 36 56 74 84 104 112
6 36 56 76 81 98 112
6 36 56 76 81 104 114
6 36 56 76 83 104 112
6 36 56 76 84 105 114
6 36 56 76 85 104 114
6 36 56 76 86 106 113
6 36 56 77 86 104 112
6 36 56 77 86 106 113
6 36 56 78 85 104 114
6 36 56 78 92 97 114
6 36 56 81 84 98 104
6 36 56 81 92 98 104
6 36 56 84 90 97 104
6 36 56 85 94 98 104
6 36 56 86 92 97 104
6 36 57 68 90 104 112
6 36 57 69 86 106 120
6 36 57 69 92 106 114
6 36 57 69 94 98 120
6 36 57 69 94 104 114
6 36 57 70 92 97 122
6 36 57 71 94 104 112
6 36 57 76 84 99 122
6 36 57 76 86 97 122
6 36 57 76 86 106 113
6 36 57 78 86 97 120
6 36 57 78 92 97 114
6 36 58 69 76 114 120
6 36 58 69 76 114 121
6 36 58 69 92 98 120
6 36 58 69 92 104 112
6 36 58 69 92 104 114
6 36 58 69 92 106 113
6 36 58 69 94 104 112
6 36 58 70 76 113 120
6 36 58 70 92 97 120
6 36 58 70 92 104 112
6 36 58 70 92 104 113
6 36 58 70 93 104 112
6 36 58 71 92 104 112
6 36 58 71 92 104 113
6 36 58 73 84 104 112
6 36 58 76 84 97 120
6 36 58 76 84 98 120
6 36 58 76 84 98 121
6 36 58 76 84 99 120
6 36 58 76 84 106 113
6 36 58 76 85 98 120
6 36 58 76 85 99 120
6 36 58 76 85 104 114
6 36 58 76 86 97 120
6 36 58 76 86 104 113
6 36 58 77 86 104 113
6 36 58 78 85 97 120
6 36 58 78 85 104 112
6 36 58 85 92 98 104
6 36 58 86 92 97 104
6 36 58 86 93 97 104
6 36 59 69 76 114 120
6 36 59 69 92 104 114
6 36 59 69 94 104 112
6 36 59 70 92 97 120
6 36 59 70 92 104 112
6 36 59 71 92 104 112
6 36 59 76 84 97 122
6 36 59 76 84 98 120
6 36 59 76 84 99 120
6 36 59 76 84 105 114
6 36 59 76 86 97 120
6 36 59 76 86 104 113
6 36 59 77 86 104 112
6 36 59 86 92 97 104
6 36 65 66 92 104 112
6 36 65 68 88 104 114
6 36 65 68 90 104 112
6 36 65 70 88 104 112
6 36 65 74 84 104 112
6 36 65 92 98 104 112
6 36 66 68 88 104 112
6 36 67 68 88 104 112
6 36 68 73 82 104 112
6 36 68 73 88 98 112
6 36 68 88 97 104 114
6 36 68 88 98 104 112
6 36 68 88 99 104 112
6 36 68 88 104 113 114
6 36 68 90 97 104 112
6 36 69 88 98 104 112
6 36 69 92 106 114 120
6 36 69 92 106 114 121
6 36 73 84 98 104 112
6 36 76 84 99 121 122
6 36 76 84 105 114 120
6 36 76 86 106 113 120
6 36 77 86 106 113 120
6 36 78 92 97 114 120
6 36 78 92 104 113 114
6 36 78 92 105 113 114
6 36 79 92 104 113 114
6 36 81 92 98 104 112
6 36 84 90 97 104 112
6 36 90 92 97 104 112
6 36 92 97 98 104 112
6 36 93 94 98 104 112
6 36 93 94 99 104 112
6 37 38 73 92 114 120
6 37 38 74 92 114 120
6 37 38 76 90 113 120
6 37 38 90 92 97 120
6 37 38 90 92 98 120
6 37 38 90 92 104 112
6 37 38 90 92 104 113
6 37 38 91 92 104 112
6 37 40 74 92 113 114
6 37 40 89 94 98 112
6 37 40 90 92 98 112
6 37 40 90 92 98 113
6 37 41 67 94 114 124
6 37 41 70 82 88 112
6 37 41 82 92 98 112
6 37 41 83 94 98 124
6 37 42 48 67 84 88
6 37 42 66 84 88 112
6 37 42 67 84 88 112
6 37 42 67 92 116 120
6 37 42 69 92 114 120
6 37 42 70 89 114 124
6 37 42 70 90 113 124
6 37 42 70 92 114 121
6 37 42 71 89 114 124
6 37 42 76 83 116 120
6 37 42 76 85 114 120
6 37 42 77 86 114 120
6 37 42 78 89 114 116
6 37 42 79 83 116 120
6 37 42 81 92 104 114
6 37 42 81 92 108 114
6 37 42 82 92 97 112
6 37 42 83 92 100 120
6 37 42 86 89 98 124
6 37 42 86 89 108 114
6 37 42 86 92 105 114
6 37 42 86 93 98 120
6 37 42 89 92 102 114
6 37 42 89 94 98 116
6 37 42 90 92 97 116
6 37 42 90 92 100 113
6 37 44 67 92 114 120
6 37 44 69 90 114 120
6 37 44 73 90 114 116
6 37 44 74 84 88 114
6 37 44 74 85 114 120
6 37 44 74 92 113 114
6 37 44 76 83 114 120
6 37 44 76 90 113 114
6 37 44 83 84 106 120
6 37 44 84 90 104 114
6 37 44 84 90 106 113
6 37 44 84 91 104 114
6 37 44 85 90 98 120
6 37 44 85 90 104 114
6 37 44 86 91 104 112
6 37 44 89 90 100 114
6 37 44 90 92 97 114
6 37 44 90 92 98 113
6 37 48 82 88 100 104
6 37 48 82 92 97 106
6 37 48 90 92 97 98
6 37 49 74 92 98 120
6 37 49 74 92 104 114
6 37 49 90 92 98 104
6 37 50 73 74 116 120
6 37 50 74 76 84 120
6 37 50 74 81 116 120
6 37 50 74 92 97 120
6 37 50 74 92 100 120
6 37 50 74 92 104 112
6 37 50 76 82 88 104
6 37 50 81 92 106 112
6 37 50 81 92 106 120
6 37 50 81 92 110 120
6 37 50 81 94 110 120
6 37 50 82 88 97 108
6 37 50 82 92 108 120
6 37 50 82 92 110 120
6 37 50 84 89 110 120
6 37 50 84 90 108 120
6 37 50 89 94 100 104
6 37 50 90 92 97 104
6 37 50 90 92 100 104
6 37 52 76 83 106 120
6 37 52 76 89 106 114
6 37 52 76 90 98 120
6 37 52 76 90 99 120
6 37 52 76 90 104 112
6 37 52 76 90 104 114
6 37 52 76 90 106 113
6 37 52 76 91 104 114
6 37 52 78 89 104 114
6 37 52 82 92 106 120
6 37 52 84 90 106 120
6 37 52 84 90 106 121
6 37 52 89 94 98 104
6 37 52 90 92 98 104
6 37 54 76 91 104 112
6 37 54 78 89 98 120
6 37 56 65 74 84 98
6 37 56 65 78 82 112
6 37 56 67 92 104 114
6 37 56 68 72 80 98
6 37 56 68 72 82 96
6 37 56 68 72 82 112
6 37 56 70 82 88 104
6 37 56 70 88 104 112
6 37 56 73 94 100 114
6 37 56 74 84 88 98
6 37 56 74 84 88 100
6 37 56 74 84 97 98
6 37 56 74 84 104 112
6 37 56 74 86 104 113
6 37 56 74 92 97 114
6 37 56 76 83 106 116
6 37 56 76 84 90 99
6 37 56 76 90 99 116
6 37 56 76 90 102 113
6 37 56 78 81 98 112
6 37 56 78 82 97 112
6 37 56 81 94 98 104
6 37 56 82 88 100 104
6 37 56 82 92 106 112
6 37 56 82 92 106 116
6 37 56 83 92 100 106
6 37 56 84 89 110 114
6 37 56 84 90 108 112
6 37 56 84 90 108 114
6 37 56 84 90 110 112
6 37 56 84 91 110 112
6 37 56 85 90 98 108
6 37 56 86 89 100 106
6 37 56 89 94 98 100
6 37 56 90 92 97 98
6 37 57 67 94 98 124
6 37 57 67 94 106 116
6 37 57 71 94 98 120
6 37 57 75 94 98 116
6 37 57 78 86 98 120
6 37 58 65 66 84 104
6 37 58 65 66 84 120
6 37 58 65 66 92 96
6 37 58 66 76 84 120
6 37 58 66 76 88 116
6 37 58 66 84 88 104
6 37 58 67 76 84 120
6 37 58 67 76 88 116
6 37 58 68 72 80 96
6 37 58 69 92 98 120
6 37 58 69 92 104 114
6 37 58 70 73 84 120
6 37 58 70 84 88 104
6 37 58 70 89 98 124
6 37 58 70 92 97 120
6 37 58 70 92 104 113
6 37 58 73 76 82 116
6 37 58 73 76 84 114
6 37 58 73 86 98 124
6 37 58 73 92 98 116
6 37 58 73 92 100 114
6 37 58 73 94 98 116
6 37 58 74 76 84 112
6 37 58 74 84 88 100
6 37 58 74 92 97 116
6 37 58 74 92 100 113
6 37 58 76 83 100 120
6 37 58 76 83 104 116
6 37 58 76 84 88 98
6 37 58 76 84 88 99
6 37 58 76 85 98 120
6 37 58 76 85 104 114
6 37 58 76 86 97 120
6 37 58 76 89 100 114
6 37 58 76 90 97 116
6 37 58 76 90 100 113
6 37 58 77 84 114 120
6 37 58 78 81 116 120
6 37 58 78 84 113 120
6 37 58 78 85 98 120
6 37 58 78 89 98 116
6 37 58 81 92 98 104
6 37 58 81 94 100 104
6 37 58 83 92 100 104
6 37 58 85 92 98 104
6 37 58 90 92 97 100
6 37 60 65 74 82 96
6 37 60 68 74 88 114
6 37 60 70 90 104 112
6 37 60 73 74 84 114
6 37 60 73 90 98 116
6 37 60 73 90 100 114
6 37 60 74 92 97 114
6 37 60 75 84 114 120
6 37 60 75 94 98 113
6 37 60 76 83 106 112
6 37 60 76 90 97 114
6 37 60 76 90 98 113
6 37 60 78 81 114 120
6 37 60 78 83 98 120
6 37 60 81 90 102 120
6 37 60 85 90 98 104
6 37 60 90 92 97 98
6 37 62 68 74 88 112
6 37 62 86 89 98 104
6 37 65 74 82 116 120
6 37 65 74 84 98 120
6 37 65 74 98 116 120
6 37 65 82 92 106 112
6 37 65 90 108 118 120
6 37 65 92 106 118 120
6 37 65 94 106 116 120
6 37 67 90 108 116 120
6 37 67 92 106 118 120
6 37 67 92 108 114 120
6 37 67 94 106 116 120
6 37 68 82 88 104 112
6 37 68 88 98 104 112
6 37 69 90 106 116 120
6 37 69 92 106 114 120
6 37 73 84 90 102 120
6 37 73 90 102 116 120
6 37 73 90 108 114 116
6 37 73 92 106 114 116
6 37 73 94 100 114 120
6 37 73 110 114 116 120
6 37 74 82 84 97 120
6 37 74 82 97 116 120
6 37 74 84 88 104 112
6 37 74 84 97 98 120
6 37 74 92 97 114 120
6 37 74 92 104 113 114
6 37 74 97 98 116 120
6 37 75 94 98 113 124
6 37 76 81 86 106 120
6 37 76 81 90 106 116
6 37 76 81 106 118 120
6 37 76 83 84 106 120
6 37 76 83 106 116 120
6 37 76 84 90 99 120
6 37 76 84 90 106 113
6 37 76 86 106 113 120
6 37 76 90 97 118 120
6 37 76 90 99 116 120
6 37 76 90 102 113 120
6 37 76 90 106 113 116
6 37 78 90 97 116 120
6 37 78 90 98 116 120
6 37 78 92 97 114 120
6 37 81 90 108 118 120
6 37 81 92 106 118 120
6 37 81 92 110 114 120
6 37 82 88 100 104 112
6 37 82 92 97 98 120
6 37 82 92 97 106 112
6 37 82 92 106 116 120
6 37 83 92 100 106 120
6 37 83 94 98 108 120
6 37 83 106 108 116 120
6 37 84 89 110 114 120
6 37 84 90 108 114 120
6 37 84 90 108 114 121
6 37 85 90 98 108 120
6 37 85 106 108 114 120
6 37 86 89 100 106 120
6 37 86 105 108 114 120
6 37 87 94 98 105 120
6 37 89 92 100 106 114
6 37 89 94 98 100 120
6 37 89 94 98 104 112
6 37 89 94 100 104 114
6 37 89 110 114 116 120
6 37 89 110 118 122 124
6 37 90 92 97 98 112
6 37 90 92 97 98 120
6 37 90 92 97 102 120
6 37 90 92 97 106 116
6 37 90 92 98 104 112
6 37 90 92 98 104 113
6 37 90 92 100 104 112
6 37 90 97 108 118 120
6 37 90 98 108 116 120
6 37 90 99 108 116 120
6 37 90 106 108 113 116
6 37 90 108 114 116 120
6 37 90 108 114 116 121
6 37 91 92 100 104 114
6 37 91 92 102 104 112
6 37 91 94 100 104 112
6 37 91 108 114 116 120
6 37 91 110 118 121 124
6 37 92 97 106 118 120
6 37 92 99 108 114 120
6 37 92 100 106 114 120
6 37 92 100 106 114 121
6 37 92 100 106 115 120
6 37 92 102 105 114 120
6 37 92 106 108 113 114
6 37 92 106 113 118 120
6 37 92 106 114 116 120
6 37 92 106 114 116 121
6 37 92 106 115 116 120
6 37 93 100 106 114 120
6 37 93 106 114 116 120
6 37 94 97 106 116 120
6 37 94 100 106 113 120
6 37 94 106 113 116 120
6 37 94 108 116 121 122
6 37 94 110 115 121 124
6 38 40 73 88 114 116
6 38 40 89 92 98 112
6 38 40 90 92 97 112
6 38 41 65 82 84 120
6 38 41 67 92 116 122
6 38 41 67 94 116 120
6 38 41 69 92 114 120
6 38 41 70 81 122 124
6 38 41 70 90 113 124
6 38 41 73 82 84 120
6 38 41 73 82 88 116
6 38 41 76 90 113 116
6 38 41 78 89 114 116
6 38 41 78 90 113 116
6 38 41 86 90 97 124
6 38 41 86 90 108 113
6 38 41 90 92 97 116
6 38 41 90 92 100 113
6 38 42 69 90 113 124
6 38 42 69 92 114 120
6 38 42 70 89 113 124
6 38 42 70 92 113 120
6 38 42 70 93 113 120
6 38 42 76 86 113 120
6 38 42 76 89 114 116
6 38 42 77 86 113 120
6 38 42 77 92 113 114
6 38 42 81 90 108 116
6 38 42 81 92 108 114
6 38 42 82 92 108 113
6 38 42 83 92 105 116
6 38 42 83 92 108 112
6 38 42 83 92 108 113
6 38 42 85 92 105 114
6 38 42 86 89 97 124
6 38 42 86 89 108 113
6 38 42 86 92 97 120
6 38 42 86 92 105 113
6 38 42 86 93 97 120
6 38 42 89 92 98 116
6 38 42 89 92 100 114
6 38 42 90 92 100 113
6 38 42 90 93 100 113
6 38 43 85 92 104 114
6 38 44 69 90 113 120
6 38 44 73 90 113 116
6 38 44 74 81 116 120
6 38 44 74 84 88 113
6 38 44 81 90 104 116
6 38 44 81 94 104 112
6 38 44 83 92 97 120
6 38 44 84 90 104 113
6 38 44 85 90 97 120
6 38 44 86 89 104 112
6 38 44 89 90 97 116
6 38 44 90 93 98 113
6 38 45 74 83 116 120
6 38 45 83 92 98 120
6 38 45 86 90 104 113
6 38 48 81 88 98 108
6 38 48 81 92 97 106
6 38 48 84 88 98 105
6 38 48 84 89 98 104
6 38 49 65 74 84 120
6 38 49 66 68 88 104
6 38 49 73 86 106 124
6 38 49 73 90 108 116
6 38 49 73 92 100 122
6 38 49 73 92 104 114
6 38 49 74 76 84 120
6 38 49 74 76 88 112
6 38 49 74 81 108 112
6 38 49 74 84 88 104
6 38 49 74 84 97 120
6 38 49 74 92 97 120
6 38 49 74 92 100 120
6 38 49 74 92 104 112
6 38 49 76 90 100 120
6 38 49 81 92 108 122
6 38 49 82 92 108 120
6 38 49 84 89 108 122
6 38 49 84 90 108 120
6 38 49 90 92 97 104
6 38 49 90 92 100 104
6 38 49 91 92 100 104
6 38 50 73 92 104 112
6 38 50 74 89 101 124
6 38 50 74 89 108 116
6 38 50 78 89 104 116
6 38 50 89 92 100 104
6 38 50 89 94 100 104
6 38 50 90 92 100 104
6 38 50 90 93 100 104
6 38 50 91 92 101 104
6 38 50 91 93 100 104
6 38 51 74 93 100 120
6 38 51 77 92 98 120
6 38 52 73 76 114 120
6 38 52 73 90 100 120
6 38 52 76 89 97 122
6 38 52 76 89 104 114
6 38 52 76 90 97 120
6 38 52 76 90 104 112
6 38 52 76 90 104 113
6 38 52 76 91 97 120
6 38 52 76 91 104 112
6 38 52 81 92 105 122
6 38 52 82 92 105 120
6 38 52 84 90 105 120
6 38 52 89 90 100 104
6 38 52 89 92 98 104
6 38 52 90 92 97 104
6 38 52 90 93 98 104
6 38 52 91 92 97 104
6 38 53 75 94 97 120
6 38 53 77 90 98 120
6 38 53 78 90 97 120
6 38 53 90 92 98 105
6 38 53 91 92 98 104
6 38 56 65 68 72 80
6 38 56 65 68 72 112
6 38 56 65 72 80 96
6 38 56 65 74 84 96
6 38 56 65 74 84 112
6 38 56 65 84 88 104
6 38 56 66 76 81 112
6 38 56 67 73 88 116
6 38 56 67 76 81 112
6 38 56 67 81 108 112
6 38 56 67 84 88 104
6 38 56 67 88 104 116
6 38 56 67 90 108 116
6 38 56 67 92 104 112
6 38 56 68 72 80 96
6 38 56 70 81 104 112
6 38 56 73 74 81 116
6 38 56 73 82 104 116
6 38 56 73 84 88 98
6 38 56 73 86 104 112
6 38 56 73 88 98 116
6 38 56 73 88 114 116
6 38 56 73 92 97 114
6 38 56 74 76 84 113
6 38 56 74 81 84 97
6 38 56 74 81 84 104
6 38 56 74 81 104 116
6 38 56 74 84 97 112
6 38 56 74 84 104 112
6 38 56 74 84 104 113
6 38 56 74 84 108 113
6 38 56 74 85 104 112
6 38 56 74 92 100 113
6 38 56 76 81 98 112
6 38 56 76 84 105 114
6 38 56 76 88 98 113
6 38 56 76 89 98 116
6 38 56 76 89 100 114
6 38 56 76 90 97 116
6 38 56 76 90 100 113
6 38 56 77 86 106 113
6 38 56 78 81 97 112
6 38 56 81 82 108 112
6 38 56 81 88 98 100
6 38 56 81 92 98 104
6 38 56 81 92 106 112
6 38 56 81 94 100 104
6 38 56 82 88 101 104
6 38 56 82 89 108 112
6 38 56 82 92 97 104
6 38 56 82 92 105 112
6 38 56 82 92 105 116
6 38 56 83 92 97 104
6 38 56 84 88 98 104
6 38 56 84 89 98 104
6 38 56 84 90 108 112
6 38 56 84 90 108 113
6 38 56 84 90 109 112
6 38 56 85 88 98 104
6 38 56 86 89 98 108
6 38 56 86 89 100 104
6 38 56 89 92 98 100
6 38 56 89 94 98 100
6 38 56 90 92 97 100
6 38 57 65 74 84 96
6 38 57 65 74 84 112
6 38 57 65 74 84 120
6 38 57 66 68 72 112
6 38 57 66 68 88 96
6 38 57 66 68 88 112
6 38 57 66 76 84 120
6 38 57 66 76 88 116
6 38 57 66 84 88 104
6 38 57 67 86 108 120
6 38 57 67 90 108 116
6 38 57 67 94 104 116
6 38 57 69 94 98 120
6 38 57 69 94 104 112
6 38 57 70 90 97 124
6 38 57 70 92 105 114
6 38 57 71 94 104 112
6 38 57 74 85 98 124
6 38 57 74 85 108 114
6 38 57 74 86 97 124
6 38 57 74 86 108 113
6 38 57 76 84 88 98
6 38 57 76 90 97 116
6 38 57 77 86 98 120
6 38 57 77 90 98 116
6 38 57 78 82 113 124
6 38 57 78 82 117 120
6 38 57 78 85 104 114
6 38 57 78 86 97 120
6 38 57 78 90 97 116
6 38 57 79 82 116 120
6 38 57 85 94 98 104
6 38 57 90 92 97 100
6 38 58 67 89 108 116
6 38 58 69 92 98 120
6 38 58 70 92 97 120
6 38 58 70 92 104 112
6 38 58 70 92 104 113
6 38 58 70 92 105 113
6 38 58 70 93 97 120
6 38 58 70 93 104 112
6 38 58 70 93 104 113
6 38 58 71 93 104 112
6 38 58 73 92 98 116
6 38 58 74 77 113 116
6 38 58 74 92 100 113
6 38 58 74 93 97 116
6 38 58 74 93 100 113
6 38 58 75 85 97 124
6 38 58 76 85 98 120
6 38 58 76 85 98 121
6 38 58 76 89 98 116
6 38 58 77 82 113 124
6 38 58 77 82 116 121
6 38 58 77 85 98 120
6 38 58 77 86 104 113
6 38 58 77 92 98 113
6 38 58 78 85 97 120
6 38 58 78 89 97 116
6 38 58 85 90 97 108
6 38 58 86 92 97 104
6 38 58 86 93 97 104
6 38 58 89 92 98 100
6 38 59 70 93 104 112
6 38 59 85 92 98 104
6 38 60 67 90 104 116
6 38 60 67 90 108 113
6 38 60 67 94 104 112
6 38 60 69 90 104 112
6 38 60 69 91 104 112
6 38 60 70 83 105 120
6 38 60 70 89 104 112
6 38 60 73 90 97 116
6 38 60 73 90 98 116
6 38 60 73 90 100 113
6 38 60 74 83 105 116
6 38 60 74 89 98 116
6 38 60 74 89 101 114
6 38 60 74 92 97 114
6 38 60 74 92 98 113
6 38 60 75 87 97 120
6 38 60 76 83 97 120
6 38 60 76 90 97 112
6 38 60 76 91 97 112
6 38 60 77 90 98 113
6 38 60 78 82 113 120
6 38 60 79 82 113 120
6 38 60 81 90 100 104
6 38 60 82 89 100 104
6 38 60 83 92 98 105
6 38 60 89 90 97 100
6 38 60 90 92 97 98
6 38 60 91 92 97 98
6 38 61 71 90 104 112
6 38 61 75 86 104 112
6 38 61 86 90 97 104
6 38 65 68 88 104 112
6 38 65 70 88 104 112
6 38 65 88 100 104 112
6 38 65 90 108 116 120
6 38 66 68 73 88 112
6 38 66 68 88 104 112
6 38 66 68 88 104 113
6 38 66 68 89 104 112
6 38 66 81 88 108 112
6 38 66 84 88 105 112
6 38 66 88 100 104 112
6 38 66 88 100 104 113
6 38 66 89 100 104 112
6 38 66 89 108 116 120
6 38 66 92 108 113 120
6 38 67 81 88 108 112
6 38 67 89 108 116 122
6 38 67 90 108 116 120
6 38 67 90 108 116 121
6 38 67 92 108 113 122
6 38 67 92 108 114 121
6 38 67 108 116 121 122
6 38 69 74 82 121 124
6 38 69 74 114 121 124
6 38 69 90 98 121 124
6 38 70 73 113 122 124
6 38 70 81 88 104 112
6 38 70 88 97 104 112
6 38 70 89 97 122 124
6 38 70 89 105 114 124
6 38 70 90 105 113 124
6 38 70 105 113 122 124
6 38 73 74 81 116 120
6 38 73 76 84 114 120
6 38 73 78 114 116 120
6 38 73 82 84 97 120
6 38 73 82 88 104 116
6 38 73 86 97 122 124
6 38 73 86 106 113 124
6 38 73 88 104 114 116
6 38 73 92 97 114 120
6 38 73 92 100 114 120
6 38 73 92 106 114 116
6 38 73 94 98 116 120
6 38 74 76 84 113 120
6 38 74 77 82 116 121
6 38 74 81 84 97 120
6 38 74 81 97 116 120
6 38 74 82 92 101 121
6 38 74 82 101 121 124
6 38 74 82 117 121 124
6 38 74 84 88 104 112
6 38 74 84 88 104 113
6 38 74 84 108 113 120
6 38 74 85 98 121 124
6 38 74 85 108 114 121
6 38 74 89 101 114 124
6 38 74 92 100 113 120
6 38 74 92 101 114 121
6 38 74 98 117 121 124
6 38 74 101 114 121 124
6 38 74 108 113 116 120
6 38 74 108 114 117 121
6 38 74 114 117 121 124
6 38 75 85 97 122 124
6 38 76 84 105 114 120
6 38 76 89 98 116 120
6 38 76 89 100 114 120
6 38 76 90 97 116 120
6 38 76 90 100 113 120
6 38 77 86 106 113 120
6 38 77 90 98 113 124
6 38 77 90 98 116 121
6 38 77 90 106 113 116
6 38 77 92 106 113 114
6 38 78 89 97 114 124
6 38 78 89 104 114 116
6 38 78 89 105 114 116
6 38 78 90 97 116 120
6 38 78 90 105 113 116
6 38 78 105 114 117 120
6 38 81 82 97 108 120
6 38 81 88 98 108 112
6 38 81 92 97 106 112
6 38 81 92 105 116 122
6 38 82 85 106 121 124
6 38 82 92 105 116 120
6 38 82 92 106 116 121
6 38 82 92 108 113 120
6 38 83 92 101 106 120
6 38 84 88 98 105 112
6 38 84 89 98 104 112
6 38 84 90 108 113 120
6 38 85 90 97 108 120
6 38 85 90 98 108 120
6 38 85 90 106 108 113
6 38 85 105 106 114 124
6 38 85 106 108 114 121
6 38 85 106 114 121 124
6 38 86 89 98 108 120
6 38 86 105 106 113 124
6 38 86 105 113 122 124
6 38 86 106 108 113 120
6 38 87 106 108 113 120
6 38 88 98 100 104 112
6 38 88 98 100 104 113
6 38 89 90 97 108 116
6 38 89 90 98 108 116
6 38 89 92 98 100 120
6 38 89 92 98 104 112
6 38 89 92 100 104 114
6 38 89 92 101 106 114
6 38 89 94 98 100 120
6 38 89 94 98 104 116
6 38 89 94 100 104 112
6 38 89 97 108 116 122
6 38 89 98 100 104 112
6 38 89 98 108 116 120
6 38 89 101 106 114 124
6 38 90 92 97 100 120
6 38 90 92 97 104 112
6 38 90 92 97 106 116
6 38 90 92 100 104 112
6 38 90 92 100 104 113
6 38 90 92 101 106 113
6 38 90 93 98 105 116
6 38 90 93 100 104 112
6 38 90 97 108 116 120
6 38 90 98 101 121 124
6 38 90 98 105 117 124
6 38 90 98 108 116 120
6 38 90 98 108 116 121
6 38 90 98 108 117 120
6 38 90 98 108 117 121
6 38 90 98 109 117 120
6 38 90 98 117 121 124
6 38 90 99 108 117 120
6 38 90 101 106 113 124
6 38 90 101 114 121 124
6 38 90 105 108 114 117
6 38 90 105 114 117 124
6 38 90 108 113 116 120
6 38 90 108 114 117 121
6 38 91 92 100 104 112
6 38 91 97 108 116 120
6 38 91 98 108 116 120
6 38 91 98 108 116 121
6 38 91 98 108 117 120
6 38 92 98 108 113 120
6 38 92 99 108 114 121
6 38 92 100 105 114 120
6 38 92 101 106 114 120
6 38 92 101 106 114 121
6 38 92 105 114 116 120
6 38 92 106 108 113 114
6 38 92 106 114 116 121
6 38 92 108 116 121 122
6 38 93 97 106 114 124
6 38 93 101 106 114 120
6 38 93 105 106 114 116
6 38 93 106 113 114 124
6 38 93 106 114 116 121
6 38 93 106 114 121 124
6 38 94 98 105 113 124
6 38 94 98 105 117 120
6 38 94 98 108 113 120
6 38 94 101 106 113 120
6 38 94 105 106 113 116
6 38 94 105 113 114 124
6 38 94 105 113 122 124
6 38 94 105 114 116 120
6 38 94 105 114 117 120
6 38 94 107 117 122 124
6 38 94 108 116 121 122
6 38 95 98 105 116 120
6 38 95 105 114 116 120
6 38 95 107 117 122 124
6 38 95 108 116 121 122
6 39 40 73 88 114 116
6 39 40 90 92 97 112
6 39 52 76 91 104 112
6 39 52 89 90 100 104
6 39 52 90 92 105 112
6 39 56 73 82 84 104
6 39 56 84 91 108 112
6 39 56 86 88 97 104
6 39 56 89 90 108 116
6 39 56 89 92 106 118
6 39 56 90 92 106 116
6 39 56 90 92 108 113
6 39 57 78 86 97 120
6 39 58 66 76 84 120
6 39 58 66 76 84 121
6 39 58 77 89 118 120
6 39 58 85 89 110 112
6 39 58 89 92 98 100
6 39 59 66 76 84 120
6 39 60 68 81 90 104
6 39 60 68 82 88 104
6 39 60 75 85 114 120
6 39 60 75 92 113 114
6 39 60 75 92 117 122
6 39 60 77 86 121 122
6 39 60 77 92 115 122
6 39 60 91 92 97 98
6 39 61 65 70 90 120
6 39 62 66 68 89 120
6 39 62 70 73 81 120
6 39 66 68 88 104 112
6 39 67 89 108 116 122
6 39 67 92 108 113 122
6 39 67 92 116 121 122
6 39 70 73 81 122 124
6 39 70 73 113 122 124
6 39 70 89 97 122 124
6 39 73 82 88 104 116
6 39 73 82 92 104 112
6 39 73 84 90 100 120
6 39 73 86 88 104 112
6 39 73 88 104 114 116
6 39 74 82 92 100 121
6 39 74 84 88 104 112
6 39 76 84 90 97 120
6 39 76 84 105 114 120
6 39 76 90 100 113 120
6 39 77 86 121 122 124
6 39 78 86 121 122 124
6 39 81 86 105 122 124
6 39 81 90 109 114 124
6 39 82 89 110 116 120
6 39 82 92 106 116 121
6 39 84 90 108 113 120
6 39 86 89 105 122 124
6 39 86 92 108 121 122
6 39 87 110 121 122 124
6 39 89 90 98 108 116
6 39 89 90 105 118 124
6 39 89 90 108 116 120
6 39 89 92 106 118 120
6 39 89 92 108 116 122
6 39 89 94 98 100 120
6 39 89 97 102 122 124
6 39 89 110 118 122 124
6 39 90 92 97 100 120
6 39 90 92 97 104 112
6 39 90 92 106 116 120
6 39 90 92 106 116 121
6 39 90 92 108 113 120
6 39 90 102 105 113 124
6 39 91 92 100 104 112
6 39 91 98 108 116 120
6 39 93 110 118 121 122
6 39 94 101 121 122 124
6 39 94 102 105 113 120
6 39 94 102 121 122 124
6 39 94 105 113 122 124
6 39 94 107 117 122 124
6 39 94 108 116 121 122
6 39 94 108 117 121 122
6 39 94 110 117 121 122
6 39 95 102 121 122 124
6 39 95 107 117 122 124
6 39 95 108 116 121 122
6 40 48 65 66 88 100
6 40 48 65 66 92 96
6 40 48 65 70 88 96
6 40 48 65 74 84 96
6 40 48 65 88 98 100
6 40 48 66 68 88 96
6 40 48 81 88 98 100
6 40 48 89 94 98 100
6 40 48 90 92 97 100
6 40 48 90 92 97 102
6 40 49 72 82 100 112
6 40 49 73 78 114 116
6 40 49 73 92 102 114
6 40 49 73 94 98 116
6 40 49 73 94 102 112
6 40 49 74 88 101 118
6 40 49 74 92 97 118
6 40 49 75 92 102 112
6 40 49 76 88 98 116
6 40 49 77 94 98 112
6 40 49 78 88 97 118
6 40 49 78 88 99 116
6 40 49 78 89 98 116
6 40 49 78 90 97 116
6 40 49 89 94 98 100
6 40 49 90 92 97 102
6 40 50 65 72 84 96
6 40 50 73 88 100 112
6 40 50 73 88 102 116
6 40 50 73 92 98 116
6 40 50 73 92 100 112
6 40 50 73 92 102 112
6 40 50 73 92 102 113
6 40 50 73 94 100 112
6 40 50 74 88 101 116
6 40 50 74 92 97 116
6 40 50 74 92 100 112
6 40 50 74 92 100 113
6 40 50 74 92 101 112
6 40 50 74 93 100 112
6 40 50 76 88 98 116
6 40 50 76 88 98 117
6 40 50 76 89 98 116
6 40 50 77 88 98 116
6 40 50 77 88 102 112
6 40 50 77 90 100 112
6 40 50 77 92 98 112
6 40 50 78 88 97 116
6 40 50 78 88 101 112
6 40 50 78 89 97 116
6 40 50 78 92 97 112
6 40 50 89 92 98 100
6 40 50 90 92 97 100
6 40 51 73 92 102 112
6 40 51 74 92 97 116
6 40 52 65 66 72 112
6 40 52 65 66 88 96
6 40 52 73 88 100 114
6 40 52 73 88 102 112
6 40 52 73 90 100 112
6 40 52 73 92 98 112
6 40 52 74 88 100 112
6 40 52 74 88 101 114
6 40 52 75 88 100 112
6 40 52 76 88 97 114
6 40 52 76 88 98 112
6 40 52 76 88 99 112
6 40 52 76 90 97 112
6 40 52 77 90 98 112
6 40 52 78 88 97 112
6 40 52 78 89 98 112
6 40 53 73 88 102 114
6 40 53 73 94 98 112
6 40 53 74 88 97 118
6 40 53 74 88 100 114
6 40 53 76 90 98 112
6 40 53 78 88 97 114
6 40 53 78 90 97 112
6 40 53 90 92 97 98
6 40 54 73 74 113 116
6 40 54 73 88 98 116
6 40 54 73 88 100 112
6 40 54 73 88 101 114
6 40 54 73 88 102 112
6 40 54 73 88 102 113
6 40 54 73 92 97 114
6 40 54 73 92 98 112
6 40 54 73 92 98 113
6 40 54 74 88 97 116
6 40 54 74 88 101 112
6 40 54 74 89 97 116
6 40 54 74 92 97 112
6 40 54 76 88 97 112
6 40 54 76 88 98 112
6 40 54 76 88 98 113
6 40 54 76 89 98 112
6 40 54 77 88 98 112
6 40 54 77 88 99 112
6 40 54 77 90 97 112
6 40 54 78 88 97 112
6 40 54 78 89 97 112
6 40 55 73 88 102 112
6 40 55 74 88 97 116
6 40 55 74 92 97 112
6 40 55 76 88 98 112
6 40 55 78 88 97 112
6 40 65 66 88 100 112
6 40 65 72 82 100 112
6 40 65 88 98 100 112
6 40 72 81 98 100 112
6 40 73 88 102 114 116
6 40 73 88 102 114 117
6 40 73 92 102 113 114
6 40 74 88 101 114 116
6 40 76 88 97 114 116
6 40 78 88 97 114 116
6 40 78 89 97 114 116
6 40 81 88 98 100 112
6 40 88 97 98 100 112
6 40 89 94 98 100 112
6 40 90 92 97 100 112
6 40 90 92 97 102 112
6 41 42 69 82 88 116
6 41 42 82 92 97 116
6 41 42 86 88 97 116
6 41 42 86 88 101 112
6 41 42 86 92 97 112
6 41 44 69 90 114 116
6 41 44 72 82 84 112
6 41 44 82 84 100 120
6 41 44 82 84 104 112
6 41 44 83 92 100 114
6 41 44 84 90 100 114
6 41 44 85 90 100 114
6 41 44 86 88 98 112
6 41 44 86 88 98 113
6 41 44 86 89 98 112
6 41 44 86 90 100 112
6 41 46 72 82 84 112
6 41 48 78 81 82 100
6 41 48 81 94 98 100
6 41 48 84 88 98 100
6 41 49 70 92 100 122
6 41 49 70 92 108 114
6 41 49 78 88 114 116
6 41 49 78 92 100 114
6 41 49 82 92 102 120
6 41 49 86 88 108 114
6 41 50 65 66 92 100
6 41 50 65 70 92 96
6 41 50 66 76 84 96
6 41 50 66 76 84 112
6 41 50 66 76 88 116
6 41 50 66 84 88 100
6 41 50 67 76 88 116
6 41 50 67 76 116 120
6 41 50 67 92 100 112
6 41 50 67 92 100 120
6 41 50 67 92 104 116
6 41 50 69 74 88 116
6 41 50 69 74 116 120
6 41 50 70 73 88 116
6 41 50 70 73 116 120
6 41 50 70 92 97 120
6 41 50 70 92 100 120
6 41 50 70 92 104 112
6 41 50 71 88 104 116
6 41 50 71 92 104 112
6 41 50 73 84 88 102
6 41 50 73 84 102 120
6 41 50 73 88 102 116
6 41 50 73 92 98 116
6 41 50 73 92 102 112
6 41 50 74 92 97 116
6 41 50 76 82 84 104
6 41 50 76 84 88 100
6 41 50 78 81 116 120
6 41 50 78 85 100 120
6 41 50 78 88 113 116
6 41 50 78 92 100 113
6 41 50 81 92 102 104
6 41 50 81 92 102 120
6 41 50 81 92 106 116
6 41 50 81 92 110 112
6 41 50 81 94 100 104
6 41 50 82 92 100 104
6 41 50 82 92 108 112
6 41 50 84 90 108 112
6 41 50 85 88 110 112
6 41 50 85 94 100 106
6 41 50 86 88 97 108
6 41 50 86 88 101 104
6 41 50 86 88 108 112
6 41 50 86 88 108 113
6 41 50 86 89 100 104
6 41 50 86 92 97 104
6 41 50 93 94 98 100
6 41 50 93 94 99 100
6 41 51 78 92 100 112
6 41 51 93 94 98 100
6 41 52 67 92 108 114
6 41 52 69 86 106 120
6 41 52 69 90 102 120
6 41 52 70 76 113 122
6 41 52 70 89 100 122
6 41 52 74 82 84 97
6 41 52 74 82 100 112
6 41 52 74 82 100 120
6 41 52 74 88 101 114
6 41 52 76 81 102 122
6 41 52 76 82 88 98
6 41 52 76 82 100 120
6 41 52 76 82 104 112
6 41 52 76 83 100 122
6 41 52 76 86 97 122
6 41 52 76 90 102 113
6 41 52 78 83 100 120
6 41 52 78 84 114 120
6 41 52 78 89 100 114
6 41 52 81 92 102 122
6 41 52 81 92 110 114
6 41 52 81 94 110 112
6 41 52 82 84 108 120
6 41 52 82 88 100 104
6 41 52 82 92 97 98
6 41 52 82 92 100 104
6 41 52 82 92 108 112
6 41 52 82 92 110 112
6 41 52 83 92 100 106
6 41 52 83 94 100 104
6 41 52 84 90 102 120
6 41 52 84 90 108 112
6 41 52 84 90 108 114
6 41 52 84 90 110 112
6 41 52 86 89 100 106
6 41 52 89 94 98 100
6 41 54 65 74 88 116
6 41 54 65 76 82 120
6 41 54 65 76 84 122
6 41 54 65 82 88 108
6 41 54 66 68 88 96
6 41 54 66 68 88 112
6 41 54 66 76 88 112
6 41 54 66 84 88 104
6 41 54 67 76 88 112
6 41 54 69 82 88 104
6 41 54 70 90 97 124
6 41 54 70 90 108 113
6 41 54 71 88 104 112
6 41 54 73 92 98 112
6 41 54 74 76 81 112
6 41 54 74 92 97 112
6 41 54 76 81 82 104
6 41 54 76 82 88 97
6 41 54 76 89 98 112
6 41 54 76 90 100 113
6 41 54 77 88 98 112
6 41 54 78 81 100 120
6 41 54 78 89 100 112
6 41 54 81 92 98 104
6 41 54 82 92 97 104
6 41 54 86 88 97 104
6 41 54 89 94 98 100
6 41 54 90 92 97 100
6 41 56 67 84 88 102
6 41 56 70 73 114 116
6 41 56 70 82 88 100
6 41 56 70 82 104 116
6 41 56 71 88 114 116
6 41 56 72 82 84 102
6 41 56 73 82 84 102
6 41 56 73 86 98 116
6 41 56 73 86 102 112
6 41 56 74 81 84 102
6 41 56 74 81 102 116
6 41 56 74 86 100 112
6 41 56 74 86 100 113
6 41 56 77 86 98 112
6 41 56 78 81 114 116
6 41 56 78 88 114 116
6 41 56 81 86 98 108
6 41 56 81 86 102 104
6 41 56 81 94 98 100
6 41 56 82 84 100 104
6 41 56 82 84 108 112
6 41 56 82 88 101 102
6 41 56 82 88 108 116
6 41 56 82 92 97 102
6 41 56 82 92 102 112
6 41 56 82 92 102 113
6 41 56 85 88 102 114
6 41 56 86 88 97 102
6 41 56 86 88 98 100
6 41 56 86 88 98 101
6 41 56 86 88 101 114
6 41 56 86 88 102 112
6 41 56 86 88 102 113
6 41 56 86 88 108 114
6 41 56 86 88 110 116
6 41 56 86 89 98 100
6 41 56 86 92 97 98
6 41 58 66 84 88 100
6 41 58 70 84 88 100
6 41 58 76 81 84 102
6 41 58 78 85 100 112
6 41 58 81 92 98 100
6 41 58 81 92 102 120
6 41 58 81 92 110 118
6 41 58 81 94 103 124
6 41 58 85 94 98 100
6 41 58 86 92 97 100
6 41 60 65 70 88 114
6 41 60 65 82 88 102
6 41 60 70 74 84 114
6 41 60 72 81 82 102
6 41 60 72 82 84 98
6 41 60 76 82 84 98
6 41 60 76 83 100 114
6 41 60 78 83 100 112
6 41 60 81 86 98 104
6 41 60 81 86 100 106
6 41 60 81 92 102 122
6 41 60 81 94 98 100
6 41 60 82 92 97 98
6 41 60 86 88 97 98
6 41 60 86 90 98 100
6 41 62 66 72 84 112
6 41 62 81 94 98 100
6 41 62 81 94 103 120
6 41 65 78 88 114 116
6 41 65 78 114 116 120
6 41 65 86 88 108 114
6 41 65 86 108 114 120
6 41 65 88 110 114 116
6 41 65 90 108 114 116
6 41 65 92 102 114 120
6 41 65 94 98 116 120
6 41 65 94 104 114 116
6 41 67 76 88 114 116
6 41 67 76 114 116 120
6 41 67 84 108 114 120
6 41 67 88 108 114 116
6 41 67 92 100 114 120
6 41 67 92 104 114 116
6 41 67 108 114 116 120
6 41 69 78 114 116 120
6 41 69 90 102 116 120
6 41 69 90 108 114 116
6 41 69 92 106 114 116
6 41 69 94 98 116 120
6 41 69 94 100 114 120
6 41 70 73 88 114 116
6 41 70 73 114 116 120
6 41 70 76 81 116 122
6 41 70 76 113 116 122
6 41 70 81 92 108 114
6 41 70 81 108 116 122
6 41 70 82 88 104 116
6 41 70 88 104 114 116
6 41 70 90 108 114 116
6 41 70 92 97 116 122
6 41 70 92 100 113 122
6 41 71 88 104 114 116
6 41 73 82 84 102 120
6 41 73 82 88 102 116
6 41 73 82 102 116 120
6 41 73 86 88 102 112
6 41 73 86 98 116 120
6 41 73 86 104 114 116
6 41 73 88 102 114 116
6 41 73 102 114 116 120
6 41 74 82 84 100 112
6 41 74 86 88 101 112
6 41 74 88 101 114 116
6 41 76 82 88 98 116
6 41 76 82 98 116 120
6 41 76 83 84 102 120
6 41 76 84 100 114 120
6 41 76 86 100 113 122
6 41 78 81 104 114 116
6 41 78 81 114 116 120
6 41 78 81 118 122 124
6 41 78 82 84 97 112
6 41 78 85 100 114 120
6 41 78 88 97 114 116
6 41 78 88 113 114 116
6 41 78 92 100 113 114
6 41 78 97 114 116 120
6 41 78 98 113 116 120
6 41 78 104 113 114 116
6 41 78 113 114 116 120
6 41 78 113 118 122 124
6 41 79 113 118 122 124
6 41 81 86 98 108 120
6 41 81 86 108 114 120
6 41 81 88 110 114 116
6 41 81 90 108 114 116
6 41 81 90 108 118 120
6 41 81 92 102 104 114
6 41 81 92 102 114 120
6 41 81 92 108 118 122
6 41 81 94 98 100 112
6 41 81 94 98 104 116
6 41 81 110 118 122 124
6 41 82 92 102 113 120
6 41 83 88 108 114 116
6 41 83 92 102 104 112
6 41 83 108 114 116 120
6 41 84 88 98 100 112
6 41 85 88 102 104 114
6 41 85 92 100 106 114
6 41 85 94 98 100 120
6 41 85 94 98 104 112
6 41 86 88 97 108 114
6 41 86 88 101 104 114
6 41 86 88 108 113 114
6 41 86 89 98 100 120
6 41 86 89 98 104 116
6 41 86 89 98 108 112
6 41 86 92 97 100 122
6 41 86 92 100 106 113
6 41 86 97 108 114 120
6 41 86 98 108 113 120
6 41 86 108 113 114 120
6 41 87 110 113 122 124
6 41 89 102 104 114 116
6 41 89 102 114 116 120
6 41 89 110 114 116 120
6 41 90 97 108 114 116
6 41 90 108 113 118 120
6 41 90 108 114 116 120
6 41 90 108 114 117 120
6 41 90 108 117 118 120
6 41 92 97 102 114 120
6 41 92 99 104 114 116
6 41 92 102 104 113 114
6 41 92 102 113 114 120
6 41 92 108 113 118 122
6 41 92 108 114 116 120
6 41 92 110 114 116 120
6 41 93 106 114 116 120
6 41 93 110 114 116 120
6 41 94 97 98 116 120
6 41 94 97 104 114 116
6 41 94 97 114 116 120
6 41 94 97 118 122 124
6 41 94 98 100 113 120
6 41 94 98 104 113 116
6 41 94 98 113 116 120
6 41 94 102 113 122 124
6 41 94 103 113 122 124
6 41 94 104 113 114 116
6 41 94 106 113 116 120
6 41 94 106 113 118 124
6 41 94 108 113 118 120
6 41 94 108 114 116 120
6 41 94 108 114 117 120
6 41 94 110 114 116 120
6 41 94 110 115 117 120
6 41 95 97 118 122 124
6 41 95 102 113 122 124
6 41 95 106 113 118 124
6 41 95 108 114 116 120
6 41 95 110 114 116 120
6 42 44 67 81 88 116
6 42 44 81 86 97 120
6 42 44 81 86 104 112
6 42 44 83 92 100 112
6 42 44 85 88 98 112
6 42 44 86 88 97 112
6 42 44 86 89 97 112
6 42 44 86 89 100 112
6 42 44 87 88 97 112
6 42 48 65 84 88 100
6 42 48 81 92 98 100
6 42 48 82 92 97 100
6 42 48 84 88 98 100
6 42 48 84 89 98 100
6 42 49 66 76 84 112
6 42 49 66 76 88 116
6 42 49 66 84 88 100
6 42 49 69 90 108 116
6 42 49 69 92 108 114
6 42 49 70 90 108 116
6 42 49 70 92 97 112
6 42 49 70 92 108 114
6 42 49 73 92 100 114
6 42 49 74 84 88 100
6 42 49 76 81 104 118
6 42 49 76 81 118 120
6 42 49 76 86 100 120
6 42 49 76 88 97 118
6 42 49 76 90 97 116
6 42 49 81 86 108 120
6 42 49 81 92 102 120
6 42 49 81 92 108 114
6 42 49 82 92 97 100
6 42 49 82 92 100 104
6 42 49 82 92 108 112
6 42 49 83 88 108 116
6 42 49 86 88 97 108
6 42 49 86 88 101 104
6 42 49 86 88 105 116
6 42 49 86 88 108 112
6 42 49 86 92 97 104
6 42 49 90 92 97 100
6 42 50 69 92 100 120
6 42 50 69 94 100 120
6 42 50 70 89 101 124
6 42 50 70 92 100 120
6 42 50 70 92 100 121
6 42 50 70 92 101 121
6 42 50 70 92 108 113
6 42 50 70 93 97 124
6 42 50 70 93 100 120
6 42 50 70 93 100 121
6 42 50 70 93 101 120
6 42 50 70 93 105 116
6 42 50 71 92 100 121
6 42 50 71 93 100 120
6 42 50 78 92 100 113
6 42 50 81 92 100 104
6 42 50 86 93 100 105
6 42 50 93 94 97 100
6 42 51 70 93 100 120
6 42 51 77 92 100 114
6 42 51 78 93 100 112
6 42 52 65 66 68 120
6 42 52 65 66 88 100
6 42 52 65 68 88 96
6 42 52 65 68 88 112
6 42 52 65 72 80 96
6 42 52 65 84 88 98
6 42 52 65 84 88 104
6 42 52 66 68 81 104
6 42 52 66 68 81 120
6 42 52 66 68 88 96
6 42 52 66 68 88 97
6 42 52 66 68 88 112
6 42 52 66 68 88 113
6 42 52 66 68 89 96
6 42 52 66 69 88 96
6 42 52 66 69 88 112
6 42 52 66 76 88 113
6 42 52 66 81 88 100
6 42 52 67 69 88 96
6 42 52 67 69 88 112
6 42 52 67 92 97 112
6 42 52 69 74 88 112
6 42 52 69 76 114 120
6 42 52 69 81 98 120
6 42 52 69 88 98 112
6 42 52 69 90 100 120
6 42 52 69 90 108 113
6 42 52 69 92 104 114
6 42 52 69 94 98 120
6 42 52 70 73 81 120
6 42 52 70 76 113 120
6 42 52 70 81 88 104
6 42 52 70 89 100 120
6 42 52 70 89 104 112
6 42 52 70 90 108 113
6 42 52 71 81 88 104
6 42 52 71 88 104 112
6 42 52 73 81 88 102
6 42 52 73 84 98 112
6 42 52 73 86 100 120
6 42 52 73 92 100 114
6 42 52 74 81 88 100
6 42 52 74 81 100 120
6 42 52 74 88 100 112
6 42 52 74 88 100 113
6 42 52 74 88 101 112
6 42 52 74 89 100 112
6 42 52 76 81 82 104
6 42 52 76 82 88 97
6 42 52 76 82 97 120
6 42 52 76 82 100 120
6 42 52 76 82 100 121
6 42 52 76 82 113 120
6 42 52 76 83 100 120
6 42 52 76 88 98 113
6 42 52 76 89 100 114
6 42 52 76 90 100 113
6 42 52 78 86 97 120
6 42 52 81 82 108 120
6 42 52 81 84 98 120
6 42 52 81 88 98 100
6 42 52 81 88 102 104
6 42 52 82 88 101 104
6 42 52 82 92 97 104
6 42 52 82 92 100 104
6 42 52 82 92 105 112
6 42 52 82 92 108 112
6 42 52 82 92 108 113
6 42 52 82 92 109 112
6 42 52 82 93 100 104
6 42 52 83 92 100 104
6 42 52 84 88 97 98
6 42 52 85 88 98 104
6 42 52 86 89 97 108
6 42 52 86 89 98 108
6 42 52 86 89 100 104
6 42 52 89 94 98 100
6 42 52 90 92 97 100
6 42 53 65 82 88 108
6 42 53 66 68 88 96
6 42 53 66 68 88 112
6 42 53 66 76 88 112
6 42 53 66 84 88 104
6 42 53 70 90 105 116
6 42 53 70 92 105 114
6 42 53 75 92 100 114
6 42 53 86 88 97 104
6 42 54 70 92 97 120
6 42 54 78 89 100 112
6 42 54 89 92 98 100
6 42 56 65 84 88 100
6 42 56 67 69 88 116
6 42 56 67 92 97 116
6 42 56 69 82 104 116
6 42 56 69 84 88 100
6 42 56 69 84 104 112
6 42 56 69 92 100 114
6 42 56 71 88 97 116
6 42 56 72 81 86 101
6 42 56 72 82 84 101
6 42 56 73 86 97 116
6 42 56 73 86 101 112
6 42 56 74 81 84 100
6 42 56 74 85 100 112
6 42 56 76 82 97 116
6 42 56 76 82 113 116
6 42 56 76 88 113 118
6 42 56 81 82 108 116
6 42 56 81 86 97 108
6 42 56 81 86 101 104
6 42 56 81 88 108 118
6 42 56 82 84 101 104
6 42 56 82 85 100 104
6 42 56 82 92 97 100
6 42 56 82 92 101 112
6 42 56 84 88 98 100
6 42 56 84 88 98 101
6 42 56 84 89 98 100
6 42 56 85 86 97 104
6 42 56 85 88 98 100
6 42 56 86 88 101 112
6 42 57 66 84 88 100
6 42 57 77 86 100 114
6 42 57 86 92 97 100
6 42 57 86 92 98 100
6 42 57 86 93 98 100
6 42 60 65 72 84 112
6 42 60 69 82 88 97
6 42 60 69 90 100 112
6 42 60 70 72 81 112
6 42 60 70 83 105 116
6 42 60 76 83 100 112
6 42 60 81 86 97 104
6 42 60 82 92 97 100
6 42 60 82 92 101 120
6 42 60 82 92 102 120
6 42 60 82 92 102 121
6 42 60 82 92 103 120
6 42 60 82 92 103 121
6 42 60 82 93 103 120
6 42 60 83 88 109 118
6 42 60 83 92 97 100
6 42 60 86 88 109 114
6 42 60 86 88 109 115
6 42 60 86 89 97 100
6 42 65 66 84 100 120
6 42 65 76 82 116 120
6 42 65 76 88 114 116
6 42 65 76 114 116 120
6 42 65 82 108 116 120
6 42 65 84 88 100 112
6 42 65 84 98 100 120
6 42 65 92 98 116 120
6 42 65 92 100 114 120
6 42 65 92 104 114 116
6 42 66 69 84 104 112
6 42 66 76 81 116 120
6 42 66 76 84 113 120
6 42 66 76 88 113 116
6 42 66 76 113 116 120
6 42 66 81 84 100 120
6 42 66 84 88 100 112
6 42 66 84 88 100 113
6 42 66 84 97 100 120
6 42 66 84 100 113 120
6 42 66 84 108 113 120
6 42 66 88 108 113 116
6 42 66 92 97 116 120
6 42 66 92 100 113 120
6 42 66 92 104 113 116
6 42 67 92 97 116 120
6 42 69 74 81 116 120
6 42 69 76 82 116 120
6 42 69 76 114 116 120
6 42 69 82 88 104 116
6 42 69 82 97 116 120
6 42 69 82 108 116 120
6 42 69 90 108 113 116
6 42 69 92 98 116 120
6 42 69 92 100 114 120
6 42 69 92 105 114 116
6 42 69 92 108 113 114
6 42 70 73 81 116 120
6 42 70 76 81 116 120
6 42 70 76 113 116 120
6 42 70 81 88 104 116
6 42 70 82 92 108 113
6 42 70 88 104 113 116
6 42 70 89 101 114 124
6 42 70 90 108 113 116
6 42 70 92 97 116 120
6 42 70 92 100 113 120
6 42 70 92 101 114 121
6 42 70 92 105 114 116
6 42 70 92 108 113 114
6 42 71 81 88 104 116
6 42 73 81 88 102 116
6 42 73 86 97 116 120
6 42 73 86 104 113 116
6 42 74 81 84 100 120
6 42 74 84 88 100 113
6 42 74 84 100 113 120
6 42 76 81 82 104 116
6 42 76 81 84 98 112
6 42 76 81 88 97 118
6 42 76 81 88 98 116
6 42 76 81 97 118 120
6 42 76 81 98 116 120
6 42 76 81 104 114 116
6 42 76 82 88 97 116
6 42 76 82 97 116 120
6 42 76 82 104 113 116
6 42 76 82 113 116 120
6 42 76 84 88 98 113
6 42 76 84 98 113 120
6 42 76 85 100 114 120
6 42 76 86 100 113 120
6 42 76 88 97 114 116
6 42 76 88 98 113 116
6 42 76 88 113 114 116
6 42 76 97 114 116 120
6 42 76 98 113 116 120
6 42 76 104 113 114 116
6 42 76 113 114 116 120
6 42 77 86 100 114 120
6 42 78 82 117 121 124
6 42 78 114 117 121 124
6 42 81 82 108 116 120
6 42 81 84 88 98 100
6 42 81 84 98 100 120
6 42 81 86 97 108 120
6 42 81 88 102 104 116
6 42 81 92 98 100 112
6 42 81 92 98 104 116
6 42 81 92 100 104 114
6 42 81 94 100 104 112
6 42 82 88 101 104 116
6 42 82 88 108 113 116
6 42 82 92 97 100 112
6 42 82 92 97 104 116
6 42 82 92 100 104 113
6 42 82 92 108 113 120
6 42 82 92 108 117 120
6 42 82 97 108 116 120
6 42 83 92 97 104 116
6 42 83 97 108 116 120
6 42 84 88 98 100 112
6 42 84 88 98 100 113
6 42 84 89 98 100 112
6 42 84 97 98 100 120
6 42 84 98 108 113 120
6 42 85 88 98 104 116
6 42 85 88 102 104 112
6 42 85 90 100 104 112
6 42 85 92 98 100 120
6 42 85 92 98 104 112
6 42 86 88 97 104 116
6 42 86 88 101 104 112
6 42 86 89 97 104 116
6 42 86 92 97 100 120
6 42 86 92 97 104 112
6 42 86 93 98 100 120
6 42 86 93 99 100 120
6 42 86 109 114 121 124
6 42 90 108 113 116 120
6 42 90 108 117 118 120
6 42 91 108 117 118 120
6 42 92 97 98 116 120
6 42 92 97 100 114 120
6 42 92 97 104 114 116
6 42 92 97 114 116 120
6 42 92 98 100 113 120
6 42 92 98 104 113 116
6 42 92 98 113 116 120
6 42 92 100 104 113 114
6 42 92 100 113 114 120
6 42 92 104 113 114 116
6 42 92 105 114 116 120
6 42 92 108 113 114 120
6 42 92 108 113 118 120
6 42 92 108 114 117 120
6 42 92 108 115 118 120
6 42 92 109 115 118 120
6 42 93 102 114 121 124
6 42 93 108 115 118 120
6 42 94 98 117 121 124
6 42 94 101 114 121 124
6 42 94 105 114 117 124
6 42 94 108 113 116 120
6 42 94 108 113 118 120
6 42 94 108 114 117 120
6 42 94 108 114 117 121
6 42 95 108 113 118 120
6 42 95 108 114 117 120
6 43 49 77 86 114 124
6 43 49 85 92 110 114
6 43 49 86 90 109 116
6 43 49 86 92 108 112
6 43 49 86 92 109 114
6 43 50 71 92 116 120
6 43 50 78 85 116 120
6 43 50 78 92 113 116
6 43 50 85 92 106 116
6 43 50 85 92 110 112
6 43 50 86 92 108 112
6 43 50 86 92 108 113
6 43 52 76 83 100 120
6 43 52 76 89 100 114
6 43 52 81 94 108 112
6 43 52 82 85 110 120
6 43 52 82 93 102 120
6 43 52 82 93 110 112
6 43 52 83 92 108 112
6 43 52 86 89 100 104
6 43 52 86 89 108 112
6 43 52 86 92 105 112
6 43 52 90 92 101 112
6 43 53 78 86 97 120
6 43 54 78 85 97 120
6 43 54 85 92 106 112
6 43 56 77 90 117 118
6 43 56 83 92 109 118
6 43 56 85 88 110 118
6 43 56 85 90 109 118
6 43 56 86 92 106 117
6 43 56 86 93 98 100
6 43 56 87 88 109 118
6 43 58 85 92 97 102
6 43 58 85 92 98 100
6 43 60 74 82 85 100
6 43 60 77 86 117 122
6 43 60 77 90 113 118
6 43 60 83 92 103 120
6 43 60 85 90 98 100
6 43 60 85 90 102 120
6 43 60 85 90 103 120
6 43 60 85 90 106 116
6 43 60 85 92 110 115
6 43 65 76 86 116 120
6 43 66 84 88 100 112
6 43 69 74 86 113 124
6 43 69 76 88 114 116
6 43 69 76 114 116 120
6 43 69 92 104 114 116
6 43 69 92 114 116 120
6 43 70 74 92 113 116
6 43 74 92 117 118 120
6 43 75 92 117 118 120
6 43 76 86 97 116 120
6 43 76 86 100 113 120
6 43 76 86 113 116 120
6 43 77 85 118 122 124
6 43 77 86 113 114 124
6 43 77 86 117 122 124
6 43 77 90 113 118 124
6 43 77 90 117 118 120
6 43 77 113 118 122 124
6 43 78 92 114 117 120
6 43 81 82 108 116 120
6 43 81 86 108 116 120
6 43 81 92 102 116 120
6 43 81 92 108 114 116
6 43 81 94 101 114 124
6 43 82 92 97 116 120
6 43 82 92 102 116 120
6 43 82 93 102 116 120
6 43 85 86 105 114 124
6 43 85 89 110 114 116
6 43 85 90 102 113 124
6 43 85 90 105 118 124
6 43 85 92 102 114 120
6 43 85 92 108 118 122
6 43 85 92 110 113 114
6 43 85 97 102 122 124
6 43 86 89 102 113 124
6 43 86 90 101 113 124
6 43 86 92 100 104 113
6 43 86 92 106 117 120
6 43 86 92 108 117 122
6 43 86 102 105 113 124
6 43 89 92 103 118 120
6 43 90 92 102 117 120
6 43 90 92 105 117 118
6 43 93 97 118 122 124
6 43 93 101 118 122 124
6 43 93 102 114 116 120
6 43 93 108 113 118 122
6 43 94 101 113 114 124
6 43 94 101 118 121 124
6 43 94 102 117 122 124
6 43 94 105 113 118 124
6 43 94 105 114 117 124
6 43 94 105 117 118 120
6 43 94 108 114 117 120
6 43 95 102 117 122 124
6 44 48 65 66 80 96
6 44 48 65 82 88 100
6 44 48 65 84 88 98
6 44 48 67 84 88 98
6 44 48 69 82 88 98
6 44 48 70 81 88 98
6 44 48 81 82 100 104
6 44 48 81 88 98 100
6 44 48 82 84 98 105
6 44 48 84 88 97 98
6 44 48 85 90 97 98
6 44 49 67 76 116 122
6 44 49 67 90 104 116
6 44 49 67 92 100 122
6 44 49 67 92 104 114
6 44 49 68 72 82 96
6 44 49 68 72 82 112
6 44 49 68 82 88 104
6 44 49 69 86 106 120
6 44 49 69 90 106 116
6 44 49 69 92 106 114
6 44 49 69 94 98 120
6 44 49 70 73 116 122
6 44 49 70 82 88 104
6 44 49 70 92 97 122
6 44 49 73 86 98 120
6 44 49 73 86 100 122
6 44 49 73 94 100 114
6 44 49 74 82 84 104
6 44 49 74 82 100 112
6 44 49 74 86 97 120
6 44 49 76 82 88 100
6 44 49 76 82 100 120
6 44 49 76 82 104 112
6 44 49 76 84 88 98
6 44 49 76 84 99 122
6 44 49 76 86 97 122
6 44 49 76 90 99 116
6 44 49 78 84 114 120
6 44 49 78 86 97 120
6 44 49 78 86 98 120
6 44 49 78 92 97 114
6 44 49 79 84 114 120
6 44 49 82 88 100 104
6 44 49 82 92 100 104
6 44 49 83 92 100 106
6 44 49 84 89 102 122
6 44 49 84 90 102 120
6 44 49 85 90 98 104
6 44 49 86 89 98 104
6 44 49 86 92 97 106
6 44 50 65 68 72 112
6 44 50 65 68 88 112
6 44 50 66 69 88 112
6 44 50 66 81 88 100
6 44 50 66 84 88 97
6 44 50 67 76 116 120
6 44 50 67 84 88 97
6 44 50 67 88 104 116
6 44 50 67 92 97 120
6 44 50 67 92 100 120
6 44 50 67 92 104 112
6 44 50 69 73 82 112
6 44 50 69 74 116 120
6 44 50 69 82 88 97
6 44 50 69 88 98 112
6 44 50 69 90 104 116
6 44 50 69 92 98 120
6 44 50 69 92 106 113
6 44 50 70 89 104 116
6 44 50 70 92 97 120
6 44 50 73 82 84 104
6 44 50 73 82 104 116
6 44 50 73 82 116 120
6 44 50 73 84 98 120
6 44 50 73 86 97 120
6 44 50 73 86 104 112
6 44 50 73 86 104 113
6 44 50 73 88 98 116
6 44 50 73 92 98 112
6 44 50 74 81 104 116
6 44 50 74 92 100 113
6 44 50 76 84 88 99
6 44 50 76 84 98 120
6 44 50 76 84 98 121
6 44 50 76 84 99 120
6 44 50 76 89 98 116
6 44 50 78 84 113 120
6 44 50 81 92 98 104
6 44 50 81 94 100 104
6 44 50 82 84 105 120
6 44 50 83 92 100 104
6 44 50 84 88 97 98
6 44 50 84 88 98 104
6 44 50 84 89 98 104
6 44 50 84 90 101 120
6 44 50 85 88 98 104
6 44 50 85 90 100 104
6 44 50 86 88 97 104
6 44 50 86 88 105 112
6 44 50 89 92 98 100
6 44 51 68 72 80 96
6 44 51 69 84 88 106
6 44 51 73 94 100 112
6 44 51 75 92 100 112
6 44 51 76 84 88 99
6 44 51 76 90 97 116
6 44 51 76 90 100 113
6 44 51 78 84 97 120
6 44 51 78 84 113 120
6 44 51 78 92 97 112
6 44 51 85 90 100 104
6 44 51 90 92 97 100
6 44 52 65 66 88 96
6 44 52 67 73 82 96
6 44 52 67 76 113 122
6 44 52 67 76 114 120
6 44 52 67 89 100 122
6 44 52 67 90 100 120
6 44 52 67 92 97 122
6 44 52 67 92 98 120
6 44 52 67 92 105 114
6 44 52 69 83 106 120
6 44 52 69 90 98 120
6 44 52 69 90 99 120
6 44 52 69 90 106 113
6 44 52 69 91 98 120
6 44 52 70 73 114 120
6 44 52 70 89 97 122
6 44 52 70 89 98 120
6 44 52 70 90 97 120
6 44 52 73 82 100 120
6 44 52 73 84 114 120
6 44 52 73 86 97 122
6 44 52 73 88 100 114
6 44 52 73 90 100 114
6 44 52 75 76 113 114
6 44 52 75 84 113 122
6 44 52 75 84 114 120
6 44 52 75 89 100 114
6 44 52 76 81 90 99
6 44 52 76 81 98 120
6 44 52 76 82 88 99
6 44 52 76 83 97 122
6 44 52 76 83 98 120
6 44 52 76 83 99 120
6 44 52 76 83 106 113
6 44 52 76 88 97 114
6 44 52 76 88 98 112
6 44 52 76 88 99 112
6 44 52 76 88 99 114
6 44 52 76 88 113 114
6 44 52 76 90 97 112
6 44 52 76 90 97 114
6 44 52 76 90 98 112
6 44 52 76 90 98 113
6 44 52 76 90 99 112
6 44 52 76 90 99 113
6 44 52 76 91 97 114
6 44 52 76 91 98 112
6 44 52 76 91 99 112
6 44 52 78 83 97 120
6 44 52 78 88 97 114
6 44 52 78 88 113 114
6 44 52 78 89 97 114
6 44 52 79 88 113 114
6 44 52 81 84 106 120
6 44 52 81 90 100 104
6 44 52 81 90 102 104
6 44 52 81 92 98 104
6 44 52 81 94 98 104
6 44 52 82 88 100 104
6 44 52 83 88 100 104
6 44 52 83 88 100 106
6 44 52 83 88 101 106
6 44 52 83 90 100 104
6 44 52 83 92 97 106
6 44 52 83 92 98 104
6 44 52 84 89 99 122
6 44 52 84 90 99 120
6 44 52 84 90 105 114
6 44 52 84 90 106 113
6 44 52 85 90 98 104
6 44 52 85 90 99 104
6 44 52 86 88 105 114
6 44 52 86 88 106 113
6 44 52 86 89 98 104
6 44 52 86 90 97 104
6 44 52 86 91 97 104
6 44 52 89 90 98 100
6 44 52 89 90 99 100
6 44 52 90 92 97 98
6 44 52 91 92 97 98
6 44 53 73 90 100 114
6 44 53 76 90 97 114
6 44 53 76 90 99 112
6 44 53 84 90 99 104
6 44 53 86 90 98 105
6 44 53 90 92 97 98
6 44 54 65 84 88 106
6 44 54 68 81 88 106
6 44 54 73 90 100 112
6 44 54 73 90 100 113
6 44 54 74 89 100 112
6 44 54 75 84 104 113
6 44 54 75 84 113 120
6 44 54 75 88 100 113
6 44 54 75 89 100 112
6 44 54 76 90 97 112
6 44 54 76 91 97 112
6 44 54 77 90 98 113
6 44 54 78 89 97 112
6 44 54 81 90 100 104
6 44 54 84 90 97 104
6 44 54 84 91 97 104
6 44 54 89 90 97 100
6 44 56 65 84 88 98
6 44 56 67 81 104 118
6 44 56 67 82 104 116
6 44 56 67 84 88 98
6 44 56 67 84 104 112
6 44 56 67 85 104 114
6 44 56 67 86 104 112
6 44 56 67 88 98 116
6 44 56 67 88 114 116
6 44 56 67 92 97 114
6 44 56 67 92 98 112
6 44 56 69 72 82 112
6 44 56 69 82 104 112
6 44 56 69 84 90 99
6 44 56 69 84 106 114
6 44 56 69 90 98 116
6 44 56 69 90 99 116
6 44 56 70 89 98 116
6 44 56 73 82 98 116
6 44 56 73 86 98 112
6 44 56 73 86 98 113
6 44 56 73 87 98 112
6 44 56 73 88 114 116
6 44 56 74 81 98 116
6 44 56 74 85 98 112
6 44 56 74 86 97 112
6 44 56 81 82 100 104
6 44 56 81 84 98 104
6 44 56 81 84 106 112
6 44 56 81 86 98 104
6 44 56 81 88 98 116
6 44 56 82 84 98 104
6 44 56 82 85 98 104
6 44 56 83 84 100 106
6 44 56 84 88 97 98
6 44 56 84 88 105 114
6 44 56 84 90 97 100
6 44 56 84 90 99 100
6 44 56 85 88 107 118
6 44 56 85 90 97 98
6 44 56 86 88 97 98
6 44 56 86 88 107 116
6 44 56 87 88 97 98
6 44 57 69 86 106 112
6 44 57 69 94 98 112
6 44 57 70 84 88 98
6 44 57 71 90 98 116
6 44 57 71 94 98 112
6 44 57 78 84 97 114
6 44 57 78 84 113 114
6 44 57 78 86 97 112
6 44 57 78 86 98 112
6 44 57 78 86 98 113
6 44 57 83 84 100 106
6 44 57 84 89 102 122
6 44 57 84 90 99 100
6 44 57 84 90 103 120
6 44 57 86 88 107 116
6 44 58 68 72 81 112
6 44 58 69 70 88 113
6 44 58 69 84 88 99
6 44 58 69 86 97 120
6 44 58 69 92 98 112
6 44 58 70 84 88 97
6 44 58 70 85 97 120
6 44 58 70 85 98 120
6 44 58 73 81 84 102
6 44 58 73 85 98 112
6 44 58 76 81 84 99
6 44 58 76 85 98 112
6 44 58 83 84 100 104
6 44 58 83 92 97 100
6 44 58 84 90 97 100
6 44 58 84 90 101 120
6 44 58 85 88 97 98
6 44 58 85 90 97 100
6 44 58 86 88 105 116
6 44 58 86 89 97 100
6 44 65 68 72 82 112
6 44 65 76 84 114 120
6 44 65 76 114 116 120
6 44 65 78 114 116 120
6 44 65 82 84 98 120
6 44 65 82 88 100 112
6 44 65 82 98 116 120
6 44 65 84 88 98 112
6 44 65 84 88 104 114
6 44 65 88 104 114 116
6 44 65 90 102 116 120
6 44 65 92 98 116 120
6 44 65 92 100 114 120
6 44 65 94 98 116 120
6 44 65 94 100 114 120
6 44 67 76 84 113 122
6 44 67 76 84 114 120
6 44 67 76 113 116 122
6 44 67 76 114 116 120
6 44 67 82 88 100 112
6 44 67 82 100 104 112
6 44 67 84 88 98 112
6 44 67 84 97 98 120
6 44 67 84 100 121 122
6 44 67 88 104 113 118
6 44 67 88 104 114 116
6 44 67 92 97 114 120
6 44 67 92 97 116 122
6 44 67 92 98 116 120
6 44 67 92 100 113 122
6 44 67 92 100 114 120
6 44 67 92 104 113 114
6 44 67 92 105 114 116
6 44 67 94 98 116 120
6 44 68 72 81 98 112
6 44 68 81 82 104 112
6 44 68 81 88 98 112
6 44 68 81 88 104 114
6 44 68 88 104 113 114
6 44 69 74 84 114 120
6 44 69 74 84 115 120
6 44 69 74 114 116 120
6 44 69 74 115 116 120
6 44 69 82 88 98 112
6 44 69 83 106 116 120
6 44 69 84 88 106 115
6 44 69 84 90 106 113
6 44 69 84 106 114 120
6 44 69 84 106 114 121
6 44 69 84 106 115 120
6 44 69 86 106 113 120
6 44 69 88 106 115 116
6 44 69 90 97 118 120
6 44 69 90 98 116 120
6 44 69 90 99 116 120
6 44 69 90 100 114 120
6 44 69 90 100 114 121
6 44 69 90 100 115 120
6 44 69 90 102 113 120
6 44 69 90 104 114 116
6 44 69 90 104 115 116
6 44 69 90 105 114 116
6 44 69 90 106 113 116
6 44 69 92 106 113 114
6 44 69 106 113 118 120
6 44 69 106 115 116 120
6 44 70 73 84 113 122
6 44 70 73 84 114 120
6 44 70 73 113 116 122
6 44 70 81 88 98 112
6 44 70 82 88 97 112
6 44 70 82 88 104 113
6 44 70 84 105 114 120
6 44 70 88 105 114 116
6 44 70 89 97 116 122
6 44 70 89 98 116 120
6 44 70 89 100 114 120
6 44 70 89 104 114 116
6 44 70 90 98 116 121
6 44 70 105 114 116 120
6 44 71 90 98 116 121
6 44 73 82 88 98 116
6 44 73 82 98 116 120
6 44 73 84 88 100 114
6 44 73 84 90 102 113
6 44 73 84 100 114 120
6 44 73 84 100 115 122
6 44 73 84 102 113 122
6 44 73 86 98 113 120
6 44 73 86 100 113 122
6 44 74 81 98 116 120
6 44 74 84 88 100 114
6 44 74 84 88 100 115
6 44 74 84 98 113 120
6 44 74 84 100 114 120
6 44 74 84 100 114 121
6 44 74 84 100 115 120
6 44 75 76 84 113 114
6 44 75 84 88 100 115
6 44 75 84 100 115 120
6 44 75 85 100 114 120
6 44 75 92 100 113 114
6 44 75 101 114 116 120
6 44 76 81 82 104 112
6 44 76 81 84 98 120
6 44 76 81 84 99 122
6 44 76 81 90 99 116
6 44 76 81 97 118 122
6 44 76 81 98 116 120
6 44 76 81 99 116 122
6 44 76 81 100 114 120
6 44 76 82 84 98 120
6 44 76 82 84 98 121
6 44 76 82 84 99 120
6 44 76 82 98 116 120
6 44 76 82 98 116 121
6 44 76 82 99 116 120
6 44 76 83 84 99 120
6 44 76 83 84 106 113
6 44 76 83 97 116 122
6 44 76 83 98 116 120
6 44 76 83 99 116 120
6 44 76 83 100 113 122
6 44 76 83 100 114 120
6 44 76 83 102 113 120
6 44 76 84 88 97 114
6 44 76 84 88 99 114
6 44 76 84 90 99 113
6 44 76 84 97 114 120
6 44 76 84 99 113 122
6 44 76 84 99 114 120
6 44 76 84 113 114 120
6 44 76 84 115 121 122
6 44 76 90 99 113 116
6 44 76 97 114 116 120
6 44 76 99 113 116 122
6 44 76 99 114 116 120
6 44 76 100 113 114 120
6 44 76 113 114 116 120
6 44 76 115 116 121 122
6 44 78 81 97 116 122
6 44 78 83 97 116 120
6 44 78 84 113 114 120
6 44 78 86 98 113 120
6 44 78 89 97 114 116
6 44 78 97 114 116 120
6 44 78 98 113 116 120
6 44 78 99 113 116 120
6 44 78 100 113 114 120
6 44 78 113 114 116 120
6 44 79 84 113 114 120
6 44 79 86 98 113 120
6 44 79 97 114 116 120
6 44 79 100 113 114 120
6 44 79 113 114 116 120
6 44 81 82 100 104 112
6 44 81 86 100 106 120
6 44 81 88 98 100 112
6 44 81 88 98 104 116
6 44 81 88 100 104 114
6 44 81 92 98 100 120
6 44 81 92 98 104 112
6 44 81 92 100 104 114
6 44 81 92 100 106 114
6 44 81 94 98 100 120
6 44 81 94 100 104 112
6 44 81 94 100 104 114
6 44 82 84 88 97 98
6 44 82 84 97 98 120
6 44 82 84 98 105 112
6 44 82 84 98 113 120
6 44 82 92 100 104 112
6 44 83 84 100 105 122
6 44 83 84 100 106 120
6 44 83 84 101 106 120
6 44 83 88 100 104 112
6 44 83 92 97 100 122
6 44 83 92 97 106 116
6 44 83 92 98 100 120
6 44 83 92 100 104 112
6 44 83 92 100 104 114
6 44 83 92 100 106 112
6 44 83 92 100 106 113
6 44 83 94 100 104 112
6 44 83 101 106 116 120
6 44 84 88 97 98 112
6 44 84 88 97 104 114
6 44 84 88 101 106 115
6 44 84 88 104 113 114
6 44 84 89 100 106 115
6 44 84 89 102 113 122
6 44 84 90 101 114 120
6 44 84 90 101 115 120
6 44 84 90 102 113 120
6 44 84 99 100 121 122
6 44 84 100 105 114 120
6 44 84 100 105 115 122
6 44 84 100 106 114 120
6 44 84 100 106 114 121
6 44 84 100 106 115 120
6 44 84 100 107 115 120
6 44 84 101 106 114 120
6 44 84 101 106 115 120
6 44 84 102 105 113 122
6 44 85 90 97 98 112
6 44 85 90 97 98 120
6 44 85 90 98 100 120
6 44 85 90 98 104 112
6 44 85 90 99 100 120
6 44 85 90 100 104 112
6 44 85 90 100 104 114
6 44 85 90 100 104 115
6 44 85 100 106 114 120
6 44 85 100 106 115 120
6 44 86 88 97 104 112
6 44 86 89 97 100 122
6 44 86 89 97 106 116
6 44 86 89 98 100 120
6 44 86 89 98 104 112
6 44 86 89 100 106 113
6 44 86 90 98 105 116
6 44 86 100 105 113 122
6 44 86 100 105 114 120
6 44 86 100 106 113 120
6 44 86 100 107 113 120
6 44 87 100 106 113 120
6 44 89 97 102 116 122
6 44 89 102 113 116 122
6 44 89 106 117 118 120
6 44 90 97 102 116 120
6 44 90 98 101 116 120
6 44 90 99 101 116 120
6 44 90 101 105 114 116
6 44 90 101 106 113 116
6 44 90 101 114 116 120
6 44 90 101 115 116 120
6 44 90 102 113 116 120
6 44 91 97 102 116 120
6 44 91 102 113 116 120
6 44 92 97 98 116 120
6 44 92 97 100 114 120
6 44 92 97 114 116 120
6 44 92 99 100 113 122
6 44 92 99 100 114 120
6 44 92 99 105 114 116
6 44 92 99 113 116 122
6 44 92 99 114 116 120
6 44 92 99 116 121 122
6 44 92 100 104 113 114
6 44 92 100 106 113 114
6 44 92 100 107 113 114
6 44 92 100 113 114 120
6 44 92 100 115 121 122
6 44 92 101 106 113 114
6 44 92 102 116 121 122
6 44 92 103 116 121 122
6 44 92 105 114 116 120
6 44 92 105 115 116 122
6 44 92 106 113 118 120
6 44 92 106 115 116 120
6 44 92 107 117 118 122
6 44 94 97 98 116 120
6 44 94 97 100 114 120
6 44 94 97 114 116 120
6 44 94 98 100 113 120
6 44 94 98 113 116 120
6 44 94 99 100 113 120
6 44 94 99 113 116 120
6 44 94 100 104 113 114
6 44 94 100 105 113 114
6 44 94 100 113 114 120
6 44 94 101 116 121 122
6 44 94 102 116 121 122
6 44 94 103 116 121 122
6 44 94 105 114 116 120
6 44 94 105 114 117 120
6 44 94 105 115 116 120
6 44 94 106 113 116 120
6 44 94 107 117 118 121
6 44 95 97 98 116 120
6 44 95 97 100 114 120
6 44 95 97 114 116 120
6 44 95 100 104 113 114
6 44 95 100 113 114 120
6 44 95 102 116 121 122
6 44 95 103 116 121 122
6 44 95 105 114 116 120
6 45 48 82 88 98 100
6 45 48 84 90 97 98
6 45 49 71 90 114 124
6 45 49 79 86 114 120
6 45 49 86 90 102 120
6 45 49 86 92 106 112
6 45 50 65 70 88 112
6 45 50 65 84 88 98
6 45 50 66 68 88 112
6 45 50 71 90 116 120
6 45 50 78 81 116 120
6 45 50 78 83 116 120
6 45 50 78 86 113 120
6 45 50 81 94 102 120
6 45 50 81 94 110 112
6 45 50 83 90 108 116
6 45 50 83 92 106 116
6 45 50 83 92 110 112
6 45 50 85 90 102 120
6 45 50 85 90 106 116
6 45 50 85 90 110 112
6 45 50 86 90 101 120
6 45 50 86 90 108 112
6 45 50 86 90 108 113
6 45 50 86 92 106 112
6 45 50 86 92 106 113
6 45 50 86 92 107 112
6 45 51 86 90 101 120
6 45 51 86 90 108 113
6 45 52 78 88 113 114
6 45 52 83 88 110 112
6 45 52 86 89 106 112
6 45 52 90 92 99 112
6 45 53 78 90 97 114
6 45 54 68 74 81 120
6 45 54 77 92 115 122
6 45 54 78 89 113 114
6 45 54 86 90 105 113
6 45 54 89 90 98 100
6 45 54 91 92 97 98
6 45 56 72 82 84 98
6 45 56 78 88 115 116
6 45 56 83 92 106 118
6 45 56 84 91 102 112
6 45 56 86 88 97 98
6 45 56 86 88 106 113
6 45 56 87 88 106 116
6 45 56 87 88 106 118
6 45 57 86 90 103 120
6 45 58 65 66 84 112
6 45 58 66 72 84 112
6 45 58 67 72 84 112
6 45 58 70 74 84 113
6 45 58 77 83 118 120
6 45 58 85 90 97 102
6 45 58 85 90 98 100
6 45 58 85 90 102 120
6 45 58 85 90 105 118
6 45 58 86 89 98 100
6 45 58 86 89 99 124
6 45 58 86 89 102 120
6 45 60 70 74 82 113
6 45 60 77 83 118 122
6 45 60 83 94 97 98
6 45 60 85 90 110 115
6 45 60 86 92 106 113
6 45 60 86 92 107 115
6 45 62 68 72 81 114
6 45 62 68 72 82 112
6 45 62 68 72 83 112
6 45 65 74 88 114 116
6 45 65 74 114 116 120
6 45 65 82 84 98 120
6 45 65 82 84 106 112
6 45 65 82 92 98 112
6 45 65 82 98 116 120
6 45 65 84 90 98 112
6 45 65 86 88 104 114
6 45 65 90 104 114 116
6 45 65 90 114 116 120
6 45 67 69 90 118 120
6 45 67 81 118 122 124
6 45 67 86 108 113 122
6 45 67 86 113 122 124
6 45 67 92 97 118 122
6 45 67 92 113 118 122
6 45 69 74 86 114 120
6 45 69 74 114 116 120
6 45 69 90 104 114 116
6 45 69 90 114 116 120
6 45 70 74 85 114 120
6 45 70 74 92 113 114
6 45 70 74 113 114 124
6 45 70 90 113 114 124
6 45 70 90 114 116 121
6 45 71 90 114 116 120
6 45 71 92 118 121 122
6 45 71 118 121 122 124
6 45 73 90 114 116 120
6 45 74 86 114 121 124
6 45 74 92 115 118 120
6 45 75 85 118 122 124
6 45 76 86 116 121 122
6 45 76 90 113 118 120
6 45 77 83 118 122 124
6 45 77 86 115 122 124
6 45 77 92 115 118 122
6 45 77 115 118 122 124
6 45 78 81 114 116 120
6 45 78 83 114 116 120
6 45 78 83 118 122 124
6 45 78 84 113 114 120
6 45 78 86 113 114 120
6 45 78 90 113 118 120
6 45 78 90 114 117 120
6 45 78 92 113 118 122
6 45 78 92 115 116 120
6 45 78 92 115 116 122
6 45 78 113 114 116 120
6 45 81 84 110 114 120
6 45 81 86 99 122 124
6 45 81 88 106 114 116
6 45 81 90 102 114 124
6 45 81 90 102 116 120
6 45 81 90 104 114 116
6 45 81 90 108 114 116
6 45 81 90 110 114 116
6 45 81 92 106 114 116
6 45 81 94 102 114 120
6 45 82 88 98 100 112
6 45 82 92 98 116 120
6 45 83 90 105 118 124
6 45 83 90 108 114 116
6 45 83 90 108 118 120
6 45 83 92 106 114 116
6 45 83 92 106 118 120
6 45 83 92 108 118 122
6 45 84 90 97 98 112
6 45 84 90 100 114 120
6 45 84 90 101 114 120
6 45 84 90 102 113 120
6 45 85 90 102 114 120
6 45 85 90 106 114 116
6 45 85 90 106 118 120
6 45 86 88 97 104 114
6 45 86 90 99 113 124
6 45 86 90 101 114 120
6 45 86 90 102 113 120
6 45 86 90 108 113 114
6 45 86 92 106 113 114
6 45 86 92 108 113 122
6 45 86 92 108 115 122
6 45 86 99 121 122 124
6 45 86 100 105 114 120
6 45 86 100 106 113 120
6 45 86 108 116 121 122
6 45 89 90 99 118 124
6 45 89 90 102 114 116
6 45 90 92 99 118 120
6 45 90 92 106 113 118
6 45 91 101 118 122 124
6 45 91 108 117 118 122
6 45 93 99 118 122 124
6 45 93 108 115 118 122
6 45 94 97 114 116 120
6 45 94 97 118 122 124
6 45 94 99 114 116 120
6 45 94 99 114 116 121
6 45 94 99 118 122 124
6 45 94 100 104 113 114
6 45 94 100 113 114 120
6 45 94 102 113 114 120
6 45 94 106 113 118 120
6 45 94 106 115 117 120
6 45 94 108 113 118 122
6 45 94 108 115 116 120
6 45 94 108 115 116 122
6 45 95 97 118 122 124
6 45 95 99 118 122 124
6 45 95 106 113 118 120
6 45 95 108 113 118 122
6 45 95 108 115 116 122
6 46 48 65 84 88 98
6 46 48 67 84 88 97
6 46 48 81 82 97 108
6 46 48 81 84 98 105
6 46 48 81 88 98 100
6 46 48 81 92 97 98
6 46 48 84 88 97 98
6 46 49 65 66 84 120
6 46 49 65 66 92 112
6 46 49 65 70 88 112
6 46 49 65 84 88 98
6 46 49 66 68 72 112
6 46 49 66 68 88 112
6 46 49 71 89 114 124
6 46 49 73 92 100 114
6 46 49 76 86 97 120
6 46 49 77 84 114 120
6 46 49 77 86 114 120
6 46 49 79 82 116 120
6 46 49 79 83 116 120
6 46 49 81 90 102 124
6 46 49 81 90 108 116
6 46 49 82 89 102 124
6 46 49 82 93 102 120
6 46 49 83 84 108 120
6 46 49 83 90 109 116
6 46 49 83 92 100 104
6 46 49 83 92 108 112
6 46 49 83 94 109 112
6 46 49 84 91 108 112
6 46 49 86 88 97 104
6 46 49 86 89 102 120
6 46 49 86 89 106 116
6 46 49 86 89 108 112
6 46 49 86 90 105 116
6 46 49 86 90 108 112
6 46 49 86 90 109 112
6 46 49 86 91 109 112
6 46 49 86 92 105 112
6 46 49 89 92 102 112
6 46 49 89 92 102 114
6 46 50 67 92 116 120
6 46 50 69 90 116 120
6 46 50 75 92 113 116
6 46 50 77 82 116 120
6 46 50 78 81 116 120
6 46 50 78 84 113 120
6 46 50 78 89 113 116
6 46 50 79 84 113 120
6 46 50 81 92 102 120
6 46 50 82 93 101 120
6 46 50 83 84 109 120
6 46 50 83 92 105 116
6 46 50 84 89 102 120
6 46 50 84 89 103 120
6 46 50 85 90 105 116
6 46 50 85 92 107 112
6 46 50 86 89 105 116
6 46 50 86 92 105 112
6 46 50 89 92 102 113
6 46 51 66 76 84 120
6 46 51 69 73 82 124
6 46 51 73 84 88 100
6 46 51 76 84 88 97
6 46 51 77 89 118 120
6 46 52 81 90 108 112
6 46 52 82 89 108 112
6 46 52 82 93 99 120
6 46 52 83 88 100 104
6 46 52 83 88 108 112
6 46 52 83 88 108 113
6 46 52 83 92 97 104
6 46 52 83 92 105 112
6 46 52 84 91 105 112
6 46 52 86 89 105 112
6 46 53 65 82 88 104
6 46 53 68 73 88 114
6 46 53 68 74 88 112
6 46 53 68 82 88 104
6 46 53 68 83 88 104
6 46 53 75 85 122 124
6 46 53 78 89 113 114
6 46 53 78 89 115 124
6 46 53 89 90 102 112
6 46 53 89 90 102 113
6 46 54 65 74 84 120
6 46 54 66 76 81 120
6 46 54 66 76 89 113
6 46 54 68 81 88 104
6 46 54 69 74 89 113
6 46 54 89 92 97 98
6 46 54 90 92 103 121
6 46 55 66 68 89 120
6 46 55 68 73 88 112
6 46 56 65 72 82 116
6 46 56 65 72 84 112
6 46 56 67 72 84 112
6 46 56 72 81 82 101
6 46 56 72 81 84 98
6 46 56 72 82 84 97
6 46 56 73 92 114 116
6 46 56 75 88 117 118
6 46 56 75 92 114 117
6 46 56 77 90 113 118
6 46 56 81 86 97 104
6 46 56 82 85 97 104
6 46 56 83 88 108 116
6 46 56 83 92 106 117
6 46 56 85 88 106 118
6 46 56 85 88 108 114
6 46 56 85 90 105 118
6 46 56 85 90 108 113
6 46 56 86 88 106 116
6 46 56 86 88 106 117
6 46 56 86 88 107 117
6 46 56 86 88 108 113
6 46 56 86 89 97 100
6 46 56 86 89 98 100
6 46 56 86 89 106 117
6 46 56 87 88 105 118
6 46 56 87 88 106 116
6 46 56 87 88 106 117
6 46 56 87 88 109 114
6 46 57 65 72 82 116
6 46 57 65 76 84 114
6 46 57 66 72 84 112
6 46 57 69 74 82 116
6 46 57 70 73 82 116
6 46 57 72 81 84 98
6 46 57 72 82 84 97
6 46 57 75 85 118 120
6 46 57 86 89 98 100
6 46 57 86 89 99 124
6 46 57 86 89 102 120
6 46 57 86 89 102 124
6 46 57 86 89 106 116
6 46 57 86 90 101 120
6 46 57 86 92 97 98
6 46 58 66 76 84 113
6 46 58 70 73 81 116
6 46 58 71 92 113 120
6 46 58 78 85 113 120
6 46 59 66 69 88 116
6 46 59 66 76 85 112
6 46 60 65 68 88 114
6 46 60 65 72 82 112
6 46 60 68 72 81 112
6 46 60 68 72 81 114
6 46 60 68 72 82 112
6 46 60 68 72 82 113
6 46 60 68 72 83 113
6 46 60 68 73 81 114
6 46 60 68 73 82 113
6 46 60 70 73 82 113
6 46 60 71 92 114 121
6 46 60 72 81 82 97
6 46 60 83 92 101 122
6 46 60 83 92 102 121
6 46 60 86 92 106 113
6 46 61 67 69 88 114
6 46 61 68 72 82 112
6 46 65 76 114 116 120
6 46 65 84 88 98 112
6 46 65 88 104 114 116
6 46 65 92 114 116 120
6 46 66 68 72 81 112
6 46 66 76 113 116 120
6 46 66 81 88 100 112
6 46 66 84 88 97 112
6 46 66 88 104 113 116
6 46 66 92 113 116 120
6 46 67 76 113 116 120
6 46 67 84 88 97 112
6 46 67 88 104 113 116
6 46 67 90 108 113 116
6 46 67 92 108 113 114
6 46 67 92 113 116 120
6 46 67 92 113 116 122
6 46 67 92 114 116 120
6 46 67 92 114 116 121
6 46 69 74 114 116 121
6 46 69 81 88 98 112
6 46 69 84 90 104 113
6 46 69 90 98 113 124
6 46 69 90 113 116 120
6 46 70 73 90 113 116
6 46 70 73 113 114 124
6 46 70 73 114 116 120
6 46 70 74 89 113 116
6 46 70 81 88 97 112
6 46 70 82 92 104 113
6 46 70 89 98 117 120
6 46 70 89 104 114 116
6 46 70 89 113 114 124
6 46 70 89 114 117 120
6 46 71 89 113 114 124
6 46 71 90 118 121 124
6 46 71 118 121 122 124
6 46 73 81 114 116 120
6 46 73 82 104 113 116
6 46 73 82 113 116 120
6 46 73 84 88 100 115
6 46 73 84 100 115 120
6 46 73 86 100 113 120
6 46 73 86 113 122 124
6 46 73 88 98 113 116
6 46 73 88 113 114 116
6 46 73 90 113 116 120
6 46 73 90 113 118 124
6 46 73 92 113 118 120
6 46 73 92 114 116 120
6 46 73 92 114 117 120
6 46 74 82 117 121 124
6 46 74 85 100 114 121
6 46 74 85 114 121 124
6 46 74 89 114 117 124
6 46 74 92 113 116 120
6 46 74 92 113 118 120
6 46 74 92 114 117 120
6 46 74 92 114 117 121
6 46 75 85 118 121 124
6 46 75 89 117 118 120
6 46 75 92 114 117 120
6 46 76 81 86 97 120
6 46 76 81 97 116 122
6 46 76 81 114 116 120
6 46 76 82 98 117 121
6 46 76 82 113 116 120
6 46 76 83 84 97 120
6 46 76 83 97 116 120
6 46 76 83 100 113 120
6 46 76 83 113 116 120
6 46 76 84 113 114 120
6 46 76 86 116 121 122
6 46 76 89 115 116 120
6 46 76 90 113 116 120
6 46 77 86 113 114 120
6 46 77 90 113 118 120
6 46 77 92 115 116 122
6 46 77 113 118 122 124
6 46 78 81 114 116 120
6 46 78 82 113 116 120
6 46 78 86 113 122 124
6 46 78 89 113 114 116
6 46 78 89 114 117 120
6 46 78 90 113 116 120
6 46 78 92 113 116 122
6 46 78 92 114 117 121
6 46 78 92 115 116 120
6 46 78 92 115 116 121
6 46 78 113 114 116 120
6 46 78 113 118 122 124
6 46 78 114 117 121 124
6 46 79 82 113 116 120
6 46 79 83 113 116 120
6 46 79 113 114 116 120
6 46 81 82 97 108 112
6 46 81 82 97 116 120
6 46 81 82 105 116 120
6 46 81 82 108 116 120
6 46 81 84 88 97 98
6 46 81 84 97 98 120
6 46 81 84 98 105 112
6 46 81 84 108 114 120
6 46 81 86 97 122 124
6 46 81 88 98 100 112
6 46 81 88 104 114 116
6 46 81 88 105 114 116
6 46 81 90 97 116 120
6 46 81 92 97 98 112
6 46 81 92 97 116 122
6 46 81 92 98 116 120
6 46 81 92 100 104 114
6 46 81 92 102 114 120
6 46 81 92 105 114 116
6 46 82 84 108 113 120
6 46 82 85 98 121 124
6 46 82 85 106 116 121
6 46 82 85 107 116 120
6 46 82 88 104 113 116
6 46 82 89 97 116 120
6 46 82 89 102 113 124
6 46 82 89 102 116 120
6 46 82 92 97 116 120
6 46 82 92 98 116 120
6 46 82 92 98 116 121
6 46 82 92 98 117 121
6 46 82 92 99 116 120
6 46 82 92 99 116 121
6 46 82 92 100 104 113
6 46 82 92 100 113 120
6 46 82 92 102 113 120
6 46 82 93 99 116 120
6 46 82 93 102 113 120
6 46 83 84 108 113 120
6 46 83 92 97 100 120
6 46 83 92 100 104 112
6 46 83 92 100 104 113
6 46 83 92 106 117 120
6 46 83 92 108 113 120
6 46 83 97 108 116 120
6 46 83 98 108 116 120
6 46 83 108 113 116 120
6 46 83 109 114 116 120
6 46 84 88 97 98 112
6 46 84 88 108 113 114
6 46 84 89 100 113 122
6 46 84 89 100 115 120
6 46 84 89 108 113 114
6 46 84 90 100 113 120
6 46 84 90 101 113 120
6 46 85 88 104 113 114
6 46 85 90 97 100 120
6 46 85 90 97 104 112
6 46 85 90 98 100 120
6 46 85 90 105 114 116
6 46 85 90 105 118 120
6 46 85 90 106 113 124
6 46 85 90 106 116 121
6 46 85 90 108 113 120
6 46 85 92 105 118 122
6 46 85 106 114 116 121
6 46 86 89 100 104 113
6 46 86 89 102 113 120
6 46 86 89 105 114 116
6 46 86 89 106 113 116
6 46 86 89 106 117 120
6 46 86 90 105 113 116
6 46 86 90 108 113 120
6 46 86 92 106 117 121
6 46 86 92 108 113 122
6 46 86 98 105 113 124
6 46 86 100 105 113 120
6 46 86 101 121 122 124
6 46 86 102 105 113 120
6 46 86 102 121 122 124
6 46 86 105 113 122 124
6 46 86 107 117 122 124
6 46 86 108 116 121 122
6 46 87 101 121 122 124
6 46 87 102 121 122 124
6 46 87 105 113 122 124
6 46 87 108 116 121 122
6 46 89 90 101 114 116
6 46 89 92 102 113 114
6 46 89 92 106 114 117
6 46 89 97 118 122 124
6 46 89 101 118 122 124
6 46 89 102 113 114 124
6 46 89 102 114 116 120
6 46 89 106 113 118 124
6 46 89 106 114 117 124
6 46 89 106 117 118 120
6 46 90 92 101 113 120
6 46 90 92 102 113 120
6 46 90 92 106 113 116
6 46 90 92 108 113 116
6 46 90 98 108 113 116
6 46 90 102 117 121 124
6 46 91 101 118 121 124
6 46 93 97 114 116 120
6 46 93 97 118 122 124
6 46 93 99 114 116 120
6 46 93 99 118 122 124
6 46 93 102 113 114 120
6 46 93 102 115 122 124
6 46 93 103 118 121 122
6 46 93 106 113 118 120
6 46 93 106 114 117 120
6 46 93 106 115 116 120
6 46 93 108 113 118 122
6 46 93 108 115 116 122
6 46 93 109 115 118 122
6 46 94 97 114 116 120
6 46 94 97 118 122 124
6 46 94 98 100 113 120
6 46 94 98 113 116 120
6 46 94 98 117 121 124
6 46 94 101 115 121 124
6 46 94 102 113 122 124
6 46 94 105 113 114 116
6 46 94 105 114 117 120
6 46 94 105 115 117 120
6 46 94 106 113 116 120
6 46 94 107 117 118 121
6 46 94 108 113 116 120
6 46 94 108 113 116 122
6 46 94 108 114 117 121
6 46 94 108 115 116 120
6 46 94 108 115 116 121
6 46 95 97 114 116 120
6 46 95 97 118 122 124
6 46 95 98 113 116 120
6 46 95 99 113 116 120
6 46 95 102 113 122 124
6 46 95 108 113 116 122
6 46 95 108 115 116 120
6 47 48 84 88 97 98
6 47 49 71 90 116 120
6 47 49 79 82 116 120
6 47 49 86 90 109 112
6 47 49 86 92 99 120
6 47 50 85 92 106 112
6 47 56 72 82 84 97
6 47 56 87 88 105 118
6 47 56 87 88 106 116
6 47 60 68 72 81 114
6 47 60 68 72 82 112
6 47 60 68 72 83 112
6 47 62 68 72 81 112
6 47 65 76 114 116 120
6 47 65 84 88 98 112
6 47 65 88 104 114 116
6 47 65 92 114 116 120
6 47 65 94 114 116 120
6 47 67 76 114 116 120
6 47 67 92 113 116 122
6 47 67 92 114 116 120
6 47 69 74 83 116 120
6 47 69 74 113 114 124
6 47 70 89 104 114 116
6 47 70 89 114 116 120
6 47 71 89 114 116 120
6 47 73 86 113 122 124
6 47 73 90 113 118 124
6 47 73 92 114 116 120
6 47 73 94 114 116 120
6 47 74 92 113 118 120
6 47 74 92 114 117 120
6 47 76 81 114 116 120
6 47 76 84 113 114 120
6 47 76 86 116 121 122
6 47 76 87 116 121 122
6 47 76 89 114 116 120
6 47 78 81 114 116 120
6 47 78 82 113 116 120
6 47 79 81 114 116 120
6 47 79 113 114 116 120
6 47 81 82 108 116 120
6 47 81 82 110 116 120
6 47 81 84 108 114 120
6 47 81 86 97 122 124
6 47 81 88 104 114 116
6 47 81 90 101 114 124
6 47 81 90 109 114 116
6 47 81 92 100 114 120
6 47 81 92 102 114 120
6 47 81 94 97 114 124
6 47 81 94 98 116 120
6 47 81 94 99 116 120
6 47 82 84 110 113 120
6 47 82 89 102 116 120
6 47 82 92 97 116 120
6 47 82 92 98 116 120
6 47 82 92 98 116 121
6 47 82 92 99 116 120
6 47 82 92 102 113 120
6 47 82 93 98 116 120
6 47 83 92 99 116 120
6 47 84 88 97 98 112
6 47 84 88 108 113 114
6 47 84 89 100 114 120
6 47 85 90 99 116 120
6 47 86 92 99 113 120
6 47 87 102 121 122 124
6 47 87 108 116 121 122
6 47 95 97 114 116 120
6 48 65 66 68 80 104
6 48 65 66 76 80 96
6 48 65 66 80 100 104
6 48 65 80 98 100 104
6 48 65 82 88 100 104
6 48 65 84 88 98 108
6 48 66 68 72 80 96
6 48 67 84 88 97 110
6 48 67 84 88 98 108
6 48 67 84 88 101 106
6 48 69 82 88 100 104
6 48 70 81 88 98 108
6 48 76 81 82 100 104
6 48 77 81 82 100 106
6 48 77 82 84 98 104
6 48 78 81 82 100 104
6 48 79 81 82 100 104
6 48 80 97 98 100 104
6 48 81 82 101 106 108
6 48 81 88 98 100 104
6 48 81 92 97 102 106
6 48 81 92 98 100 104
6 48 81 94 98 100 104
6 48 83 92 98 100 104
6 48 84 88 97 98 108
6 48 85 90 97 98 108
6 49 50 66 76 84 104
6 49 50 67 84 108 120
6 49 50 67 92 100 104
6 49 50 67 92 108 112
6 49 50 67 92 108 120
6 49 50 69 74 80 108
6 49 50 69 74 108 112
6 49 50 70 88 97 108
6 49 50 70 92 108 120
6 49 50 71 89 110 124
6 49 50 73 86 108 120
6 49 50 73 92 102 104
6 49 50 74 92 100 104
6 49 50 74 92 108 112
6 49 50 75 88 108 116
6 49 50 75 92 108 112
6 49 50 75 92 108 116
6 49 50 75 92 110 116
6 49 50 78 84 108 120
6 49 50 78 86 108 120
6 49 50 78 88 104 116
6 49 50 78 88 105 116
6 49 50 78 88 108 112
6 49 50 78 89 108 116
6 49 50 78 92 108 112
6 49 50 79 84 108 120
6 49 50 79 85 110 120
6 49 50 79 86 108 120
6 49 50 79 88 104 116
6 49 50 79 88 108 112
6 49 50 79 92 107 116
6 49 50 79 92 108 112
6 49 50 79 92 110 112
6 49 50 84 88 99 108
6 49 50 85 88 106 108
6 49 50 85 92 106 108
6 49 50 85 92 107 110
6 49 50 86 92 106 108
6 49 50 86 92 107 108
6 49 50 87 92 107 108
6 49 52 67 92 108 122
6 49 52 69 90 110 120
6 49 52 70 74 88 104
6 49 52 70 89 108 122
6 49 52 74 76 82 104
6 49 52 75 84 108 122
6 49 52 75 92 108 114
6 49 52 76 86 106 120
6 49 52 76 90 100 104
6 49 52 77 82 110 120
6 49 52 77 86 106 120
6 49 52 77 90 108 114
6 49 52 77 90 110 112
6 49 52 78 81 108 122
6 49 52 78 84 105 122
6 49 52 78 88 104 112
6 49 52 78 89 108 114
6 49 52 79 82 110 120
6 49 52 79 92 106 112
6 49 52 82 88 109 110
6 49 52 83 92 106 108
6 49 52 85 90 106 108
6 49 52 86 89 106 108
6 49 52 86 92 105 106
6 49 54 65 74 76 120
6 49 54 65 74 88 108
6 49 54 66 68 88 104
6 49 54 66 76 88 104
6 49 54 67 76 88 104
6 49 54 74 76 81 104
6 49 54 75 84 108 120
6 49 54 75 92 100 104
6 49 54 75 92 108 112
6 49 54 77 88 104 114
6 49 54 77 88 106 112
6 49 54 79 88 104 112
6 49 56 67 76 104 118
6 49 56 67 88 108 118
6 49 56 67 92 102 104
6 49 56 67 92 108 114
6 49 56 70 74 80 100
6 49 56 70 74 100 112
6 49 56 70 82 100 104
6 49 56 71 88 102 104
6 49 56 71 88 104 118
6 49 56 71 88 106 116
6 49 56 73 74 102 116
6 49 56 73 78 114 116
6 49 56 73 82 110 116
6 49 56 73 86 98 108
6 49 56 73 86 102 104
6 49 56 73 86 108 114
6 49 56 73 86 110 112
6 49 56 74 76 97 118
6 49 56 74 81 108 118
6 49 56 74 88 101 118
6 49 56 74 92 108 114
6 49 56 74 92 108 118
6 49 56 75 92 102 112
6 49 56 76 82 100 112
6 49 56 76 84 98 104
6 49 56 76 86 100 106
6 49 56 77 82 110 112
6 49 56 77 84 110 114
6 49 56 78 81 98 100
6 49 56 78 81 104 118
6 49 56 78 81 106 116
6 49 56 78 82 97 100
6 49 56 78 82 105 116
6 49 56 78 84 108 112
6 49 56 78 84 108 114
6 49 56 78 88 99 116
6 49 56 78 88 104 118
6 49 56 79 84 108 114
6 49 56 79 84 110 112
6 49 56 81 86 106 108
6 49 56 82 84 105 110
6 49 56 82 88 100 104
6 49 56 82 92 102 105
6 49 56 84 90 102 108
6 49 56 84 90 102 109
6 49 56 84 91 102 108
6 49 56 86 88 99 108
6 49 58 66 76 80 100
6 49 58 67 92 108 112
6 49 58 70 89 108 116
6 49 58 71 84 108 120
6 49 58 71 90 109 116
6 49 58 71 92 109 114
6 49 58 73 86 108 112
6 49 58 74 76 84 100
6 49 58 75 85 102 124
6 49 58 77 82 102 124
6 49 58 77 82 110 116
6 49 58 77 83 102 124
6 49 58 77 84 102 120
6 49 58 77 84 108 114
6 49 58 77 84 110 112
6 49 58 77 86 102 120
6 49 58 77 86 106 116
6 49 58 77 86 108 112
6 49 58 77 86 108 114
6 49 58 77 86 110 112
6 49 58 78 81 104 116
6 49 58 79 84 100 120
6 49 58 79 84 108 112
6 49 58 81 92 102 104
6 49 60 65 70 74 112
6 49 60 65 70 80 106
6 49 60 65 74 84 98
6 49 60 67 90 100 104
6 49 60 67 92 106 116
6 49 60 67 92 108 114
6 49 60 68 72 80 98
6 49 60 69 78 114 120
6 49 60 69 90 102 120
6 49 60 69 90 106 116
6 49 60 69 90 108 114
6 49 60 69 90 110 112
6 49 60 70 74 76 114
6 49 60 70 74 80 96
6 49 60 71 88 104 114
6 49 60 71 88 106 112
6 49 60 71 89 110 114
6 49 60 71 90 109 114
6 49 60 75 82 110 116
6 49 60 75 84 100 122
6 49 60 75 84 102 120
6 49 60 75 84 108 114
6 49 60 75 84 110 112
6 49 60 75 92 102 112
6 49 60 77 82 110 112
6 49 60 77 86 106 112
6 49 60 78 81 100 122
6 49 60 78 81 102 120
6 49 60 78 81 108 114
6 49 60 78 82 105 116
6 49 60 78 84 105 114
6 49 60 79 82 102 120
6 49 60 79 82 110 112
6 49 60 79 83 102 120
6 49 60 79 86 106 112
6 49 60 81 90 102 108
6 49 60 82 92 101 106
6 49 60 82 92 103 107
6 49 60 82 93 102 106
6 49 60 84 90 102 105
6 49 60 86 89 102 106
6 49 60 86 90 99 109
6 49 62 66 68 72 96
6 49 62 66 68 72 112
6 49 62 66 68 80 104
6 49 62 66 68 88 104
6 49 62 66 76 80 96
6 49 62 66 76 84 104
6 49 62 68 72 80 96
6 49 62 70 74 76 112
6 49 62 70 74 84 104
6 49 62 71 89 106 116
6 49 62 77 86 106 112
6 49 65 70 74 84 104
6 49 65 74 76 118 120
6 49 65 74 88 108 118
6 49 65 74 92 102 120
6 49 65 74 92 108 114
6 49 65 74 108 118 120
6 49 65 78 88 104 118
6 49 65 78 98 116 120
6 49 65 78 114 116 120
6 49 65 78 118 122 124
6 49 65 82 110 116 120
6 49 65 86 110 122 124
6 49 65 90 98 108 116
6 49 65 90 108 114 116
6 49 65 90 108 118 120
6 49 65 90 110 116 120
6 49 65 92 102 106 112
6 49 65 92 108 118 122
6 49 65 92 110 116 122
6 49 65 94 98 100 104
6 49 65 94 98 100 120
6 49 65 94 98 108 112
6 49 65 94 110 114 124
6 49 65 94 110 116 120
6 49 67 76 88 104 118
6 49 67 76 88 106 116
6 49 67 78 88 104 116
6 49 67 84 106 108 112
6 49 67 84 108 114 120
6 49 67 92 100 104 114
6 49 67 92 100 106 112
6 49 67 92 106 116 120
6 49 67 92 108 114 120
6 49 67 92 108 116 122
6 49 67 92 108 118 122
6 49 67 92 110 116 120
6 49 67 92 110 116 122
6 49 67 94 100 104 112
6 49 67 94 110 116 120
6 49 67 108 114 116 120
6 49 69 74 92 108 114
6 49 69 76 90 106 116
6 49 69 90 108 118 120
6 49 69 90 110 116 120
6 49 69 92 110 114 120
6 49 70 74 84 104 112
6 49 70 74 92 108 114
6 49 70 81 106 108 112
6 49 70 82 88 100 104
6 49 70 88 98 100 104
6 49 70 88 98 108 112
6 49 70 89 108 116 122
6 49 71 89 110 114 124
6 49 71 90 109 114 124
6 49 73 76 84 102 122
6 49 73 78 104 114 116
6 49 73 78 114 116 120
6 49 73 82 110 116 120
6 49 73 86 98 108 120
6 49 73 86 108 114 120
6 49 73 88 110 114 116
6 49 73 90 98 108 116
6 49 73 90 108 114 116
6 49 73 90 110 118 124
6 49 73 92 102 104 114
6 49 73 92 108 118 122
6 49 73 92 110 118 120
6 49 73 94 98 100 120
6 49 73 94 98 104 116
6 49 73 94 102 104 112
6 49 73 94 103 122 124
6 49 73 94 110 118 120
6 49 73 110 114 116 120
6 49 74 76 81 104 118
6 49 74 76 82 100 120
6 49 74 76 97 118 120
6 49 74 81 92 102 104
6 49 74 81 108 118 120
6 49 74 84 98 100 120
6 49 74 86 97 108 120
6 49 74 88 97 108 118
6 49 74 88 101 104 118
6 49 74 92 97 102 120
6 49 74 92 97 104 118
6 49 74 92 97 108 114
6 49 74 92 108 114 120
6 49 74 92 108 118 120
6 49 74 97 108 118 120
6 49 75 85 102 122 124
6 49 75 92 108 114 116
6 49 76 82 88 100 104
6 49 76 82 98 116 120
6 49 76 82 100 104 112
6 49 76 86 100 106 120
6 49 76 86 106 116 120
6 49 76 88 98 104 116
6 49 76 88 104 114 116
6 49 77 82 110 116 120
6 49 77 84 110 114 120
6 49 77 86 106 116 120
6 49 77 86 110 114 120
6 49 77 88 106 114 116
6 49 77 90 108 114 116
6 49 77 94 100 104 114
6 49 77 99 118 122 124
6 49 77 106 114 116 120
6 49 77 110 114 116 120
6 49 78 81 82 100 104
6 49 78 81 98 100 120
6 49 78 81 98 108 112
6 49 78 81 98 116 120
6 49 78 81 102 122 124
6 49 78 81 106 116 120
6 49 78 81 108 116 122
6 49 78 82 105 116 120
6 49 78 84 108 114 120
6 49 78 86 106 116 120
6 49 78 88 97 104 118
6 49 78 88 99 104 116
6 49 78 88 104 114 116
6 49 78 88 105 114 116
6 49 78 89 98 100 112
6 49 78 89 108 114 116
6 49 78 90 97 104 116
6 49 78 92 100 104 114
6 49 78 97 98 116 120
6 49 78 97 114 116 120
6 49 78 97 118 122 124
6 49 78 105 114 116 120
6 49 78 108 114 116 120
6 49 79 82 110 116 120
6 49 79 83 110 116 120
6 49 79 84 108 114 120
6 49 79 86 106 116 120
6 49 79 86 109 114 120
6 49 79 88 104 114 116
6 49 79 97 118 122 124
6 49 79 108 114 116 120
6 49 79 110 114 116 120
6 49 81 86 106 108 120
6 49 81 88 106 108 118
6 49 81 90 98 108 116
6 49 81 90 106 108 116
6 49 81 92 102 106 112
6 49 81 92 102 106 120
6 49 81 92 102 108 122
6 49 81 94 98 100 104
6 49 81 94 102 106 124
6 49 81 94 102 108 120
6 49 81 94 106 108 112
6 49 81 102 106 108 112
6 49 81 106 108 118 120
6 49 81 110 114 116 120
6 49 81 110 118 122 124
6 49 81 111 118 122 124
6 49 82 84 97 110 120
6 49 82 84 102 105 120
6 49 82 84 105 110 112
6 49 82 84 105 110 120
6 49 82 84 109 110 120
6 49 82 88 100 104 112
6 49 82 88 105 110 116
6 49 82 88 109 110 112
6 49 82 92 97 110 112
6 49 82 92 97 110 120
6 49 82 92 101 106 112
6 49 82 92 101 106 120
6 49 82 92 102 105 120
6 49 82 92 105 106 116
6 49 82 92 105 110 112
6 49 82 92 105 110 116
6 49 82 92 109 110 112
6 49 82 93 102 106 124
6 49 82 97 110 116 120
6 49 82 101 106 108 112
6 49 82 101 106 116 120
6 49 82 105 110 116 120
6 49 82 109 110 116 120
6 49 83 90 109 110 116
6 49 83 92 98 100 104
6 49 83 92 106 108 116
6 49 83 94 102 109 120
6 49 83 94 109 110 112
6 49 83 98 108 116 120
6 49 83 108 114 116 120
6 49 83 109 118 122 124
6 49 84 88 98 108 112
6 49 84 88 106 108 112
6 49 84 89 102 108 122
6 49 84 90 101 110 120
6 49 84 90 102 108 120
6 49 84 90 102 109 120
6 49 84 90 109 110 112
6 49 84 91 102 108 120
6 49 85 88 106 108 114
6 49 85 90 106 108 112
6 49 85 90 106 108 116
6 49 85 92 106 108 114
6 49 85 94 105 110 114
6 49 85 106 108 114 120
6 49 86 88 105 108 114
6 49 86 88 105 110 112
6 49 86 88 106 108 112
6 49 86 88 106 109 112
6 49 86 89 102 106 124
6 49 86 89 106 108 112
6 49 86 89 106 108 116
6 49 86 90 99 109 124
6 49 86 90 102 108 120
6 49 86 90 102 109 120
6 49 86 90 105 110 116
6 49 86 90 107 109 116
6 49 86 90 109 110 112
6 49 86 91 102 109 120
6 49 86 91 109 110 112
6 49 86 92 105 106 116
6 49 86 92 105 110 112
6 49 86 92 106 108 112
6 49 86 92 106 109 112
6 49 86 92 107 108 112
6 49 86 97 110 122 124
6 49 86 98 100 105 120
6 49 86 98 105 116 120
6 49 86 102 105 122 124
6 49 86 105 108 114 120
6 49 86 105 110 114 124
6 49 86 105 110 116 120
6 49 87 88 106 108 112
6 49 89 92 102 106 112
6 49 89 94 98 100 104
6 49 89 102 108 116 122
6 49 89 110 114 116 120
6 49 89 110 118 122 124
6 49 89 111 118 122 124
6 49 90 92 97 102 104
6 49 90 97 98 108 116
6 49 90 97 108 114 116
6 49 90 97 108 118 120
6 49 90 97 110 116 120
6 49 90 98 101 108 112
6 49 90 98 108 116 120
6 49 90 102 108 116 120
6 49 90 102 109 116 120
6 49 90 108 114 116 120
6 49 90 109 114 116 120
6 49 91 98 108 116 120
6 49 91 102 108 116 120
6 49 91 109 118 122 124
6 49 92 97 102 106 112
6 49 92 97 108 118 122
6 49 92 97 110 116 122
6 49 92 98 100 104 112
6 49 92 98 108 116 120
6 49 92 99 108 114 120
6 49 92 99 108 116 122
6 49 92 99 110 116 120
6 49 92 101 106 114 120
6 49 92 102 105 114 120
6 49 92 102 105 116 122
6 49 92 105 110 114 116
6 49 92 108 114 116 120
6 49 92 110 114 116 120
6 49 92 111 114 116 120
6 49 93 94 98 100 104
6 49 93 97 110 118 122
6 49 93 99 108 118 122
6 49 93 99 110 116 122
6 49 93 102 106 114 124
6 49 93 110 114 116 120
6 49 93 111 118 122 124
6 49 94 97 98 100 104
6 49 94 97 98 100 120
6 49 94 97 98 108 112
6 49 94 97 98 116 120
6 49 94 97 102 122 124
6 49 94 97 106 116 120
6 49 94 97 108 116 122
6 49 94 97 110 114 124
6 49 94 97 110 116 120
6 49 94 98 100 104 112
6 49 94 98 100 105 112
6 49 94 98 105 116 120
6 49 94 98 108 116 120
6 49 94 98 109 116 120
6 49 94 99 108 116 120
6 49 94 102 105 114 124
6 49 94 102 105 116 120
6 49 94 105 110 114 116
6 49 94 109 118 122 124
6 49 94 110 114 116 120
6 49 94 110 118 122 124
6 49 94 111 114 116 120
6 49 94 111 118 122 124
6 49 95 97 102 122 124
6 49 95 97 110 114 124
6 49 95 98 100 104 112
6 49 95 98 108 116 120
6 49 95 99 110 116 120
6 49 95 101 106 114 124
6 49 95 111 114 116 120
6 49 95 111 118 122 124
6 50 52 65 68 88 104
6 50 52 65 76 88 104
6 50 52 67 76 88 104
6 50 52 67 88 108 112
6 50 52 67 92 108 120
6 50 52 67 92 110 120
6 50 52 68 73 80 104
6 50 52 68 73 88 104
6 50 52 69 90 108 120
6 50 52 70 73 88 104
6 50 52 70 73 97 120
6 50 52 70 88 105 112
6 50 52 70 90 108 121
6 50 52 70 92 105 120
6 50 52 71 73 88 104
6 50 52 71 90 108 120
6 50 52 71 90 108 121
6 50 52 73 76 82 104
6 50 52 73 76 98 120
6 50 52 73 82 100 120
6 50 52 73 82 108 120
6 50 52 73 84 110 120
6 50 52 73 86 110 120
6 50 52 73 88 102 104
6 50 52 73 88 110 112
6 50 52 73 90 108 112
6 50 52 73 92 98 104
6 50 52 73 92 100 104
6 50 52 73 92 108 112
6 50 52 73 92 110 112
6 50 52 73 94 110 112
6 50 52 75 84 108 120
6 50 52 75 92 108 112
6 50 52 76 82 97 120
6 50 52 76 89 98 104
6 50 52 77 82 108 120
6 50 52 77 82 110 120
6 50 52 77 84 106 120
6 50 52 77 86 106 120
6 50 52 77 88 106 112
6 50 52 77 90 108 112
6 50 52 77 90 110 112
6 50 52 78 81 97 120
6 50 52 78 81 105 112
6 50 52 78 81 105 120
6 50 52 78 81 108 120
6 50 52 78 82 109 120
6 50 52 78 83 109 120
6 50 52 78 84 105 120
6 50 52 78 86 105 120
6 50 52 78 88 104 112
6 50 52 78 88 104 113
6 50 52 78 88 105 112
6 50 52 78 89 103 120
6 50 52 78 90 101 120
6 50 52 78 90 108 113
6 50 52 78 92 105 112
6 50 52 79 88 104 112
6 50 52 79 90 108 112
6 50 52 79 90 108 113
6 50 52 81 92 105 110
6 50 52 82 88 97 108
6 50 52 82 88 109 110
6 50 52 83 88 109 110
6 50 52 85 90 105 110
6 50 52 86 88 105 110
6 50 52 86 90 105 108
6 50 52 89 92 103 106
6 50 53 66 76 88 104
6 50 53 75 92 106 116
6 50 56 65 72 80 100
6 50 56 65 76 80 100
6 50 56 67 69 80 108
6 50 56 67 69 108 112
6 50 56 67 76 104 116
6 50 56 67 88 108 116
6 50 56 67 92 100 104
6 50 56 67 92 108 112
6 50 56 69 74 104 116
6 50 56 69 76 80 96
6 50 56 69 82 108 112
6 50 56 69 88 100 112
6 50 56 69 88 104 116
6 50 56 69 88 108 112
6 50 56 69 90 108 116
6 50 56 70 73 104 116
6 50 56 70 88 104 116
6 50 56 70 88 104 117
6 50 56 70 88 105 116
6 50 56 71 88 104 116
6 50 56 71 88 108 112
6 50 56 71 92 97 104
6 50 56 73 76 98 116
6 50 56 73 82 108 116
6 50 56 73 84 98 100
6 50 56 73 84 100 112
6 50 56 73 84 108 112
6 50 56 73 84 110 112
6 50 56 73 86 97 108
6 50 56 73 86 100 104
6 50 56 73 86 101 104
6 50 56 73 86 108 112
6 50 56 73 86 108 113
6 50 56 73 88 100 112
6 50 56 73 88 102 116
6 50 56 73 92 97 102
6 50 56 73 92 98 100
6 50 56 74 81 108 116
6 50 56 74 84 108 112
6 50 56 74 84 108 113
6 50 56 74 84 109 112
6 50 56 74 85 100 104
6 50 56 74 88 101 116
6 50 56 74 92 101 112
6 50 56 74 92 108 113
6 50 56 74 92 108 117
6 50 56 76 82 104 116
6 50 56 76 82 104 117
6 50 56 76 82 105 116
6 50 56 77 82 104 116
6 50 56 77 82 108 112
6 50 56 77 84 106 112
6 50 56 77 84 110 112
6 50 56 77 88 102 112
6 50 56 78 81 105 116
6 50 56 78 81 108 112
6 50 56 78 84 108 112
6 50 56 78 84 108 113
6 50 56 78 84 109 112
6 50 56 78 85 97 104
6 50 56 78 88 97 116
6 50 56 78 88 101 112
6 50 56 79 84 108 112
6 50 56 81 84 106 108
6 50 56 82 84 105 108
6 50 56 84 88 97 110
6 50 56 84 88 99 108
6 50 56 84 88 102 105
6 50 56 84 90 97 108
6 50 56 84 90 101 108
6 50 57 66 76 80 100
6 50 57 71 78 116 120
6 50 57 71 90 108 116
6 50 57 71 92 110 112
6 50 57 75 86 108 116
6 50 57 78 82 101 124
6 50 57 78 82 109 116
6 50 57 78 83 108 116
6 50 57 78 85 102 120
6 50 57 78 85 106 116
6 50 57 78 86 108 113
6 50 57 78 89 102 116
6 50 57 79 86 108 112
6 50 57 86 90 101 108
6 50 60 65 66 84 104
6 50 60 65 68 72 96
6 50 60 65 68 72 112
6 50 60 65 68 80 104
6 50 60 65 68 88 104
6 50 60 65 70 88 104
6 50 60 65 72 80 96
6 50 60 65 74 80 100
6 50 60 65 76 80 96
6 50 60 65 76 84 104
6 50 60 65 78 80 96
6 50 60 66 69 88 104
6 50 60 66 73 80 100
6 50 60 66 73 84 104
6 50 60 67 78 116 120
6 50 60 67 92 100 104
6 50 60 67 92 106 116
6 50 60 67 92 108 112
6 50 60 67 92 110 112
6 50 60 68 72 80 96
6 50 60 68 73 80 96
6 50 60 69 73 80 98
6 50 60 69 74 80 96
6 50 60 69 74 80 97
6 50 60 69 90 102 120
6 50 60 69 90 105 116
6 50 60 69 90 106 116
6 50 60 69 90 108 112
6 50 60 69 90 108 113
6 50 60 69 90 110 112
6 50 60 70 73 88 97
6 50 60 70 89 100 104
6 50 60 70 90 105 116
6 50 60 70 90 108 113
6 50 60 70 92 105 112
6 50 60 71 88 97 104
6 50 60 71 88 104 112
6 50 60 71 90 105 116
6 50 60 73 92 102 120
6 50 60 75 84 100 120
6 50 60 75 84 108 112
6 50 60 75 86 108 112
6 50 60 75 86 108 113
6 50 60 77 82 100 120
6 50 60 77 82 104 112
6 50 60 77 82 106 116
6 50 60 77 82 108 112
6 50 60 77 82 110 112
6 50 60 77 84 106 112
6 50 60 77 86 106 112
6 50 60 78 81 97 112
6 50 60 78 81 97 120
6 50 60 78 81 102 120
6 50 60 78 81 105 112
6 50 60 78 81 105 116
6 50 60 78 81 108 112
6 50 60 78 82 105 116
6 50 60 78 83 105 116
6 50 60 78 84 97 120
6 50 60 78 84 105 112
6 50 60 78 88 97 112
6 50 60 79 81 107 116
6 50 60 81 92 102 106
6 50 60 85 90 102 105
6 50 61 71 90 108 112
6 50 65 66 76 84 104
6 50 65 66 76 116 120
6 50 65 66 84 108 120
6 50 65 66 92 100 104
6 50 65 66 92 108 112
6 50 65 66 108 116 120
6 50 65 70 88 108 112
6 50 65 74 88 108 116
6 50 65 76 88 104 116
6 50 65 76 98 116 120
6 50 65 78 88 104 116
6 50 65 82 108 116 120
6 50 65 84 88 98 108
6 50 65 84 98 108 120
6 50 65 84 106 108 112
6 50 65 88 100 104 112
6 50 65 90 108 116 120
6 50 65 92 98 100 104
6 50 65 92 98 100 120
6 50 65 92 98 108 112
6 50 65 92 100 104 112
6 50 65 92 100 106 112
6 50 65 92 108 116 120
6 50 65 92 110 116 120
6 50 65 94 100 104 112
6 50 65 94 110 116 120
6 50 66 69 88 100 104
6 50 66 69 88 108 112
6 50 66 73 76 116 120
6 50 66 73 84 100 120
6 50 66 73 88 108 116
6 50 66 73 108 116 120
6 50 66 76 81 100 104
6 50 66 76 81 100 120
6 50 66 76 84 97 104
6 50 66 76 88 104 116
6 50 66 76 88 104 117
6 50 66 76 88 105 116
6 50 66 76 97 116 120
6 50 66 76 100 104 113
6 50 66 76 100 113 120
6 50 66 76 113 116 120
6 50 66 77 88 104 116
6 50 66 81 108 116 120
6 50 66 84 88 97 108
6 50 66 84 97 108 120
6 50 66 84 100 105 120
6 50 66 84 105 108 112
6 50 66 84 108 113 120
6 50 66 92 97 100 104
6 50 66 92 97 100 120
6 50 66 92 97 108 112
6 50 66 92 100 104 112
6 50 66 92 100 104 113
6 50 66 92 100 105 112
6 50 66 92 105 116 120
6 50 66 92 108 113 120
6 50 66 92 108 116 120
6 50 66 92 108 116 121
6 50 66 92 109 116 120
6 50 66 93 100 104 112
6 50 67 69 88 108 112
6 50 67 73 88 108 116
6 50 67 76 88 104 116
6 50 67 84 88 97 108
6 50 67 84 97 108 120
6 50 67 92 97 100 104
6 50 67 92 97 100 120
6 50 67 92 97 108 112
6 50 67 92 100 104 112
6 50 67 92 108 116 120
6 50 67 92 110 116 120
6 50 67 97 108 116 120
6 50 69 73 82 108 112
6 50 69 74 88 104 116
6 50 69 74 97 116 120
6 50 69 76 88 104 112
6 50 69 82 88 97 108
6 50 69 82 97 108 120
6 50 69 88 98 108 112
6 50 69 88 100 104 112
6 50 69 90 108 116 120
6 50 69 90 110 116 120
6 50 69 92 98 104 112
6 50 70 73 88 104 116
6 50 70 74 85 105 124
6 50 70 74 92 108 113
6 50 70 76 88 105 116
6 50 70 81 97 108 120
6 50 70 88 97 108 112
6 50 70 90 108 116 121
6 50 70 92 97 104 112
6 50 70 92 105 116 120
6 50 70 92 108 113 120
6 50 71 73 88 104 116
6 50 71 90 108 116 121
6 50 73 76 82 104 116
6 50 73 76 84 100 120
6 50 73 76 98 116 120
6 50 73 82 108 116 120
6 50 73 84 98 100 120
6 50 73 86 88 97 108
6 50 73 86 88 101 104
6 50 73 86 97 108 120
6 50 73 86 108 113 120
6 50 73 88 98 108 116
6 50 73 88 100 104 112
6 50 73 88 102 104 116
6 50 73 88 102 108 113
6 50 73 92 97 102 120
6 50 73 92 98 100 120
6 50 73 92 98 104 116
6 50 73 92 100 104 112
6 50 73 92 102 104 112
6 50 73 92 102 104 113
6 50 73 92 108 116 120
6 50 73 98 108 116 120
6 50 74 76 84 100 120
6 50 74 76 84 100 121
6 50 74 81 108 116 120
6 50 74 84 108 113 120
6 50 74 88 97 108 116
6 50 74 88 101 104 116
6 50 74 88 108 113 116
6 50 74 92 97 100 120
6 50 74 92 97 104 116
6 50 74 92 100 104 112
6 50 74 92 100 104 113
6 50 74 92 101 104 112
6 50 74 92 108 113 120
6 50 74 92 108 116 120
6 50 74 92 108 116 121
6 50 74 92 108 117 120
6 50 74 93 100 104 112
6 50 74 108 113 116 120
6 50 75 86 108 116 120
6 50 76 82 88 101 104
6 50 76 82 97 116 120
6 50 76 82 105 116 120
6 50 76 88 98 104 116
6 50 76 88 98 104 117
6 50 76 88 98 105 116
6 50 76 89 98 104 116
6 50 76 97 98 116 120
6 50 76 98 113 116 120
6 50 77 82 100 104 112
6 50 77 82 108 116 120
6 50 77 82 110 116 120
6 50 77 86 106 116 120
6 50 77 88 98 104 116
6 50 78 81 97 108 112
6 50 78 81 97 116 120
6 50 78 81 105 116 120
6 50 78 81 108 116 120
6 50 78 82 109 116 120
6 50 78 83 109 116 120
6 50 78 84 108 113 120
6 50 78 85 107 116 120
6 50 78 86 105 116 120
6 50 78 86 108 113 120
6 50 78 88 97 104 116
6 50 78 88 104 113 116
6 50 78 89 97 104 116
6 50 78 92 99 116 120
6 50 78 92 100 104 113
6 50 78 98 117 121 124
6 50 78 108 113 116 120
6 50 79 86 108 113 120
6 50 79 110 113 116 120
6 50 81 84 98 108 120
6 50 81 84 106 108 112
6 50 81 84 106 108 120
6 50 81 88 105 110 116
6 50 81 92 98 100 104
6 50 81 92 105 110 112
6 50 81 92 105 110 116
6 50 81 92 106 108 112
6 50 81 98 108 116 120
6 50 82 84 97 108 120
6 50 82 84 100 105 120
6 50 82 84 105 108 112
6 50 82 84 105 108 120
6 50 82 84 109 110 120
6 50 82 88 105 108 116
6 50 82 92 97 100 104
6 50 82 92 97 108 112
6 50 82 92 97 108 120
6 50 82 92 100 105 112
6 50 82 92 100 105 120
6 50 82 92 105 108 112
6 50 82 92 105 108 116
6 50 82 92 105 110 116
6 50 82 92 106 109 116
6 50 82 92 109 110 112
6 50 82 97 108 116 120
6 50 82 105 108 116 120
6 50 82 108 113 116 120
6 50 82 109 110 116 120
6 50 82 110 117 121 124
6 50 83 84 109 110 120
6 50 83 92 105 110 116
6 50 83 92 106 109 116
6 50 83 92 109 110 112
6 50 83 109 110 116 120
6 50 84 88 97 98 108
6 50 84 88 97 110 112
6 50 84 88 98 108 112
6 50 84 88 98 108 113
6 50 84 88 98 109 112
6 50 84 88 99 108 112
6 50 84 88 101 106 112
6 50 84 88 105 110 112
6 50 84 88 106 108 112
6 50 84 88 106 108 113
6 50 84 88 106 109 112
6 50 84 88 109 110 112
6 50 84 89 103 110 120
6 50 84 89 106 108 112
6 50 84 90 97 108 112
6 50 84 90 97 108 120
6 50 84 90 101 108 120
6 50 84 90 101 110 120
6 50 84 90 102 109 120
6 50 84 90 105 108 112
6 50 84 90 109 110 112
6 50 84 97 98 108 120
6 50 84 97 106 108 112
6 50 84 98 100 105 120
6 50 84 98 105 108 112
6 50 84 98 108 113 120
6 50 84 106 108 113 120
6 50 85 86 107 108 120
6 50 85 88 106 108 112
6 50 85 90 102 105 124
6 50 85 90 102 109 120
6 50 85 90 105 110 116
6 50 85 90 109 110 112
6 50 85 92 102 107 120
6 50 85 92 107 110 112
6 50 85 94 105 110 112
6 50 85 94 107 108 112
6 50 85 107 110 116 120
6 50 86 88 105 108 112
6 50 86 90 105 108 116
6 50 86 92 105 106 116
6 50 86 92 105 110 112
6 50 86 92 106 108 112
6 50 86 92 106 108 113
6 50 86 92 106 109 112
6 50 86 92 106 109 113
6 50 86 92 107 108 112
6 50 86 92 107 108 113
6 50 86 92 107 109 112
6 50 86 93 106 109 112
6 50 86 93 107 108 112
6 50 86 98 109 121 124
6 50 86 101 106 121 124
6 50 86 105 110 116 120
6 50 86 106 109 116 121
6 50 86 106 117 121 124
6 50 87 92 107 108 112
6 50 89 92 98 100 104
6 50 89 97 110 116 120
6 50 89 98 108 116 120
6 50 90 92 97 100 104
6 50 90 92 101 108 112
6 50 90 97 108 116 120
6 50 90 101 108 116 120
6 50 90 102 109 113 124
6 50 90 102 109 116 120
6 50 90 108 113 116 120
6 50 90 110 117 121 124
6 50 91 101 110 116 120
6 50 91 102 109 116 120
6 50 92 97 98 100 104
6 50 92 97 98 100 120
6 50 92 97 98 108 112
6 50 92 97 98 116 120
6 50 92 97 100 106 112
6 50 92 97 106 116 120
6 50 92 97 110 116 120
6 50 92 98 100 104 112
6 50 92 98 100 104 113
6 50 92 98 100 105 112
6 50 92 98 100 113 120
6 50 92 98 105 116 120
6 50 92 98 108 113 120
6 50 92 98 108 116 120
6 50 92 98 108 116 121
6 50 92 98 109 116 120
6 50 92 99 100 104 112
6 50 92 99 108 116 120
6 50 92 99 110 116 120
6 50 92 100 106 113 120
6 50 92 101 106 116 120
6 50 92 110 113 116 120
6 50 93 94 98 100 104
6 50 93 94 99 100 104
6 50 93 98 100 104 112
6 50 93 98 108 116 120
6 50 93 99 110 116 120
6 50 93 102 106 113 124
6 50 94 97 100 104 112
6 50 94 97 108 116 120
6 50 94 97 110 116 120
6 50 94 98 101 121 124
6 50 94 98 108 116 120
6 50 94 98 108 116 121
6 50 94 98 108 117 121
6 50 94 98 109 113 124
6 50 94 98 109 116 120
6 50 94 98 109 116 121
6 50 94 99 108 116 120
6 50 94 99 108 116 121
6 50 94 99 109 116 120
6 50 94 101 106 116 121
6 50 94 102 105 113 124
6 50 94 102 105 116 120
6 50 94 102 109 113 120
6 50 94 110 113 116 120
6 50 94 110 117 121 124
6 50 94 111 113 116 120
6 50 95 97 110 116 120
6 50 95 98 108 116 120
6 50 95 98 108 116 121
6 50 95 98 109 116 120
6 50 95 99 108 116 120
6 50 95 101 106 116 120
6 51 52 69 76 88 106
6 51 52 78 84 105 120
6 51 52 78 89 100 104
6 51 52 78 89 108 112
6 51 56 71 88 104 116
6 51 56 73 78 84 100
6 51 56 73 86 108 112
6 51 56 73 94 110 117
6 51 56 74 76 84 100
6 51 56 78 92 97 100
6 51 56 79 84 108 112
6 51 56 85 88 102 104
6 51 57 85 92 102 106
6 51 58 73 76 84 100
6 51 58 77 89 108 118
6 51 60 65 70 88 104
6 51 60 66 68 72 96
6 51 60 66 68 72 112
6 51 60 66 68 80 104
6 51 60 66 68 88 104
6 51 60 68 72 80 96
6 51 60 69 74 80 96
6 51 60 69 74 84 104
6 51 60 70 74 81 108
6 51 60 71 89 106 116
6 51 60 71 90 108 120
6 51 60 73 74 84 100
6 51 60 74 76 81 100
6 51 60 75 77 118 120
6 51 60 77 86 108 122
6 51 60 77 90 105 118
6 51 60 78 90 101 120
6 51 60 78 92 97 98
6 51 60 85 90 102 105
6 51 60 90 92 103 105
6 51 61 65 70 74 124
6 51 61 70 74 84 104
6 51 62 66 73 84 108
6 51 62 66 76 84 104
6 51 65 66 76 84 104
6 51 65 66 76 100 120
6 51 65 66 76 116 120
6 51 65 66 84 108 120
6 51 65 66 92 100 104
6 51 65 66 92 108 112
6 51 65 66 92 108 120
6 51 65 66 108 116 120
6 51 65 70 92 108 120
6 51 65 74 88 108 116
6 51 65 74 92 108 112
6 51 65 74 108 116 120
6 51 65 78 108 116 120
6 51 65 82 108 116 120
6 51 65 92 98 100 104
6 51 65 92 98 100 120
6 51 65 92 98 108 112
6 51 65 92 98 108 120
6 51 65 92 106 108 116
6 51 65 92 108 114 120
6 51 65 92 108 116 122
6 51 65 92 110 116 120
6 51 66 76 88 104 116
6 51 66 76 100 104 112
6 51 66 92 100 104 112
6 51 66 92 108 116 120
6 51 67 70 92 108 120
6 51 67 76 88 104 116
6 51 67 78 89 108 116
6 51 67 78 108 116 120
6 51 67 92 100 104 112
6 51 67 92 106 108 116
6 51 67 92 108 116 120
6 51 67 92 108 116 122
6 51 67 92 110 116 120
6 51 69 74 76 116 120
6 51 69 74 84 108 120
6 51 69 74 92 108 112
6 51 69 74 108 116 120
6 51 69 76 84 106 120
6 51 69 76 88 106 116
6 51 69 76 106 116 120
6 51 69 88 106 108 116
6 51 69 90 108 116 120
6 51 69 92 100 106 120
6 51 69 92 108 114 120
6 51 70 74 89 108 116
6 51 70 74 92 108 112
6 51 70 74 92 108 113
6 51 70 92 97 108 120
6 51 73 76 84 100 122
6 51 73 78 84 100 120
6 51 73 85 110 122 124
6 51 73 88 108 114 116
6 51 73 90 110 117 124
6 51 73 92 102 104 112
6 51 73 92 108 114 120
6 51 73 92 108 116 122
6 51 73 92 108 118 120
6 51 73 92 110 116 120
6 51 73 94 110 113 124
6 51 73 94 110 117 120
6 51 74 76 84 100 120
6 51 74 81 108 116 120
6 51 74 88 97 108 116
6 51 74 92 97 104 116
6 51 74 92 97 108 112
6 51 74 92 108 116 120
6 51 74 92 108 118 120
6 51 74 92 109 118 120
6 51 75 76 84 100 120
6 51 75 92 108 116 120
6 51 75 92 109 118 120
6 51 76 84 88 101 106
6 51 76 84 89 100 106
6 51 76 84 100 105 122
6 51 76 84 100 106 120
6 51 76 84 100 121 122
6 51 76 84 101 106 120
6 51 77 82 110 116 120
6 51 77 86 97 106 124
6 51 77 86 106 113 124
6 51 77 90 98 108 116
6 51 77 90 105 118 124
6 51 77 90 110 117 120
6 51 77 94 100 104 112
6 51 77 97 118 122 124
6 51 77 105 118 122 124
6 51 77 113 118 122 124
6 51 78 81 108 116 120
6 51 78 82 109 116 120
6 51 78 84 108 113 120
6 51 78 89 98 108 116
6 51 78 89 105 118 124
6 51 78 89 108 116 120
6 51 78 92 97 100 120
6 51 78 92 100 104 112
6 51 78 92 100 104 113
6 51 78 92 108 113 120
6 51 78 92 108 116 120
6 51 78 92 108 116 122
6 51 78 93 98 100 120
6 51 78 93 109 118 122
6 51 81 92 98 100 104
6 51 81 92 98 108 112
6 51 81 92 98 108 120
6 51 81 92 106 108 116
6 51 82 84 109 110 120
6 51 82 92 105 110 116
6 51 82 92 106 109 116
6 51 82 92 109 110 112
6 51 83 92 109 110 112
6 51 83 109 110 116 120
6 51 84 88 109 110 112
6 51 84 90 101 108 120
6 51 85 88 106 108 112
6 51 85 90 102 105 124
6 51 85 90 109 110 112
6 51 85 92 105 110 114
6 51 85 92 106 108 112
6 51 85 97 110 122 124
6 51 85 102 105 122 124
6 51 85 102 121 122 124
6 51 85 105 118 122 124
6 51 85 110 113 122 124
6 51 85 110 114 121 124
6 51 85 110 121 122 124
6 51 86 92 106 109 112
6 51 89 92 106 108 116
6 51 89 101 110 114 124
6 51 90 92 101 108 114
6 51 90 92 101 108 120
6 51 90 101 102 105 124
6 51 90 109 110 113 116
6 51 92 97 98 100 104
6 51 92 97 98 100 120
6 51 92 97 98 108 112
6 51 92 97 98 116 120
6 51 92 109 113 118 122
6 51 93 94 98 100 104
6 51 93 97 102 106 124
6 51 93 97 102 108 122
6 51 93 97 102 122 124
6 51 93 97 108 118 122
6 51 93 97 110 114 124
6 51 93 97 110 116 122
6 51 93 105 110 118 120
6 51 93 106 108 118 120
6 51 93 110 113 114 124
6 51 93 110 113 116 122
6 51 93 110 113 122 124
6 51 93 110 116 121 122
6 51 93 111 118 122 124
6 51 94 97 108 116 120
6 51 94 98 105 108 116
6 51 94 98 108 116 120
6 51 94 98 108 116 121
6 51 94 98 109 116 120
6 51 94 99 109 116 120
6 51 94 101 105 114 124
6 51 94 101 105 122 124
6 51 94 101 106 121 124
6 51 94 101 108 114 121
6 51 94 102 105 113 124
6 51 94 102 109 113 120
6 51 94 105 106 117 124
6 51 94 105 108 116 120
6 51 94 105 110 117 120
6 51 94 109 114 116 120
6 51 94 109 118 122 124
6 51 94 110 117 121 124
6 51 95 98 108 116 120
6 51 95 99 108 116 120
6 52 56 65 66 72 96
6 52 56 65 66 72 112
6 52 56 65 66 76 112
6 52 56 65 66 80 96
6 52 56 65 66 80 104
6 52 56 65 66 80 108
6 52 56 65 66 84 104
6 52 56 65 66 88 104
6 52 56 65 70 88 104
6 52 56 65 74 80 96
6 52 56 65 74 80 100
6 52 56 65 74 84 98
6 52 56 65 74 84 104
6 52 56 65 76 80 98
6 52 56 65 76 82 98
6 52 56 65 78 80 96
6 52 56 65 78 80 98
6 52 56 66 72 80 96
6 52 56 66 76 80 96
6 52 56 67 69 74 112
6 52 56 67 70 88 104
6 52 56 67 72 80 96
6 52 56 67 73 84 98
6 52 56 67 73 88 102
6 52 56 67 74 80 100
6 52 56 67 74 100 112
6 52 56 67 76 80 96
6 52 56 67 76 80 98
6 52 56 67 76 81 98
6 52 56 67 76 98 112
6 52 56 67 78 80 96
6 52 56 67 78 80 97
6 52 56 67 78 97 112
6 52 56 67 81 98 108
6 52 56 67 82 108 112
6 52 56 67 84 98 104
6 52 56 67 84 104 112
6 52 56 67 88 104 112
6 52 56 67 88 108 112
6 52 56 67 88 108 114
6 52 56 67 88 110 112
6 52 56 67 92 97 98
6 52 56 67 92 106 112
6 52 56 67 92 108 112
6 52 56 67 92 108 114
6 52 56 67 92 110 112
6 52 56 69 74 80 96
6 52 56 69 74 80 98
6 52 56 69 74 81 98
6 52 56 69 74 84 104
6 52 56 69 74 88 98
6 52 56 69 74 98 112
6 52 56 69 88 98 104
6 52 56 69 88 104 114
6 52 56 69 88 106 112
6 52 56 69 90 108 114
6 52 56 69 90 110 112
6 52 56 69 92 106 112
6 52 56 70 73 88 98
6 52 56 70 88 104 112
6 52 56 70 89 98 104
6 52 56 71 88 98 104
6 52 56 71 88 104 112
6 52 56 73 76 82 98
6 52 56 73 76 100 114
6 52 56 73 82 108 112
6 52 56 73 84 98 104
6 52 56 73 84 98 112
6 52 56 73 84 104 114
6 52 56 73 84 106 112
6 52 56 73 84 108 114
6 52 56 73 84 110 112
6 52 56 73 84 110 114
6 52 56 73 88 98 100
6 52 56 73 88 102 112
6 52 56 73 88 108 114
6 52 56 73 92 108 114
6 52 56 74 76 98 113
6 52 56 74 81 98 100
6 52 56 74 82 97 100
6 52 56 74 84 104 112
6 52 56 74 84 108 112
6 52 56 74 85 98 104
6 52 56 74 88 101 114
6 52 56 75 84 104 112
6 52 56 75 84 108 112
6 52 56 75 84 108 114
6 52 56 75 84 110 112
6 52 56 75 92 102 112
6 52 56 76 81 98 104
6 52 56 76 81 98 112
6 52 56 76 81 106 112
6 52 56 76 82 98 112
6 52 56 76 82 98 113
6 52 56 76 83 101 106
6 52 56 76 84 105 114
6 52 56 76 86 106 113
6 52 56 76 88 97 114
6 52 56 76 88 98 112
6 52 56 76 88 99 112
6 52 56 77 82 98 112
6 52 56 77 82 106 112
6 52 56 77 82 110 112
6 52 56 77 84 106 112
6 52 56 77 86 106 112
6 52 56 77 86 106 113
6 52 56 78 81 97 98
6 52 56 78 81 98 112
6 52 56 78 81 108 112
6 52 56 78 81 108 114
6 52 56 78 82 105 112
6 52 56 78 84 105 114
6 52 56 78 88 97 112
6 52 56 79 82 110 112
6 52 56 79 82 110 113
6 52 56 81 82 98 108
6 52 56 81 84 98 104
6 52 56 81 84 106 108
6 52 56 81 88 98 108
6 52 56 81 90 102 108
6 52 56 81 92 98 108
6 52 56 82 84 105 110
6 52 56 82 92 97 110
6 52 56 82 92 98 105
6 52 56 82 92 101 106
6 52 56 82 93 99 110
6 52 56 83 92 101 106
6 52 57 69 78 114 120
6 52 57 69 90 102 120
6 52 57 69 90 108 114
6 52 57 69 90 110 112
6 52 57 71 82 110 120
6 52 57 71 88 110 112
6 52 57 75 84 100 122
6 52 57 75 84 108 114
6 52 57 76 86 106 113
6 52 57 77 86 106 112
6 52 57 78 81 100 122
6 52 57 78 81 102 120
6 52 57 78 81 108 114
6 52 57 78 84 105 114
6 52 57 79 82 102 120
6 52 57 79 82 110 112
6 52 57 81 90 102 108
6 52 57 84 90 99 108
6 52 58 65 68 80 104
6 52 58 65 68 88 104
6 52 58 65 76 80 96
6 52 58 67 92 108 112
6 52 58 67 92 108 113
6 52 58 68 73 80 96
6 52 58 69 70 88 104
6 52 58 69 90 108 112
6 52 58 69 90 108 113
6 52 58 69 92 105 114
6 52 58 70 73 84 104
6 52 58 70 92 105 112
6 52 58 71 92 105 112
6 52 58 73 86 108 112
6 52 58 75 84 100 120
6 52 58 75 84 108 112
6 52 58 76 83 101 120
6 52 58 76 85 98 104
6 52 58 77 81 102 120
6 52 58 77 82 100 120
6 52 58 77 82 102 120
6 52 58 77 82 108 112
6 52 58 77 82 110 112
6 52 58 77 84 99 120
6 52 58 77 84 106 112
6 52 58 77 88 102 112
6 52 58 77 88 102 113
6 52 58 78 81 101 120
6 52 58 78 81 108 112
6 52 58 78 81 109 112
6 52 58 78 82 101 120
6 52 58 78 84 97 120
6 52 58 78 84 105 112
6 52 59 69 70 88 104
6 52 65 66 68 88 104
6 52 65 66 88 100 104
6 52 65 66 88 104 112
6 52 65 66 88 108 112
6 52 65 68 74 104 112
6 52 65 68 88 98 104
6 52 65 68 88 104 114
6 52 65 68 88 106 112
6 52 65 74 84 98 120
6 52 65 74 88 104 112
6 52 65 76 82 98 120
6 52 65 76 86 106 120
6 52 65 76 88 104 114
6 52 65 82 98 108 120
6 52 65 84 88 98 104
6 52 65 88 98 100 104
6 52 65 88 98 108 112
6 52 65 88 100 104 114
6 52 65 88 100 106 112
6 52 65 90 100 104 112
6 52 65 92 98 104 112
6 52 65 92 108 114 120
6 52 65 92 110 114 120
6 52 66 68 88 104 112
6 52 66 76 88 104 112
6 52 66 88 100 104 112
6 52 67 68 88 104 112
6 52 67 73 92 108 114
6 52 67 76 88 104 112
6 52 67 81 88 98 108
6 52 67 84 88 98 104
6 52 67 84 108 121 122
6 52 67 88 97 108 114
6 52 67 88 97 110 112
6 52 67 88 98 100 104
6 52 67 88 98 108 112
6 52 67 88 100 104 112
6 52 67 88 101 106 112
6 52 67 92 97 98 120
6 52 67 92 97 106 112
6 52 67 92 98 104 112
6 52 67 92 108 113 122
6 52 67 92 108 114 120
6 52 67 97 108 114 120
6 52 68 73 82 104 112
6 52 68 73 88 104 114
6 52 68 73 98 104 112
6 52 68 74 88 104 112
6 52 68 81 88 98 104
6 52 68 88 97 98 104
6 52 68 88 97 104 114
6 52 68 88 97 106 112
6 52 68 88 98 104 112
6 52 68 88 99 104 112
6 52 68 88 104 113 114
6 52 68 90 97 104 112
6 52 69 74 81 98 120
6 52 69 74 88 104 112
6 52 69 76 88 106 114
6 52 69 76 90 99 120
6 52 69 76 90 106 113
6 52 69 90 108 114 120
6 52 69 90 108 114 121
6 52 70 74 88 104 112
6 52 70 74 88 104 113
6 52 70 76 88 106 113
6 52 70 88 98 105 112
6 52 70 89 98 104 112
6 52 71 74 88 104 112
6 52 73 76 81 102 122
6 52 73 76 82 98 120
6 52 73 76 82 104 112
6 52 73 76 100 114 120
6 52 73 84 88 98 104
6 52 73 84 108 114 120
6 52 73 84 110 114 120
6 52 73 86 100 106 120
6 52 73 88 100 104 114
6 52 73 88 102 104 112
6 52 73 90 100 104 112
6 52 73 92 100 104 114
6 52 73 92 108 114 120
6 52 73 94 100 104 114
6 52 74 76 81 98 120
6 52 74 76 98 113 120
6 52 74 81 98 100 120
6 52 74 82 88 101 104
6 52 74 82 97 100 120
6 52 74 84 88 98 104
6 52 74 84 97 98 120
6 52 74 84 98 105 112
6 52 74 84 98 113 120
6 52 74 88 100 104 112
6 52 74 88 101 104 114
6 52 74 89 98 100 120
6 52 74 98 100 113 120
6 52 75 84 100 121 122
6 52 75 84 108 113 122
6 52 75 84 108 114 120
6 52 75 92 108 113 114
6 52 76 81 88 98 104
6 52 76 82 97 98 120
6 52 76 82 98 105 112
6 52 76 82 98 113 120
6 52 76 83 100 105 122
6 52 76 83 100 106 120
6 52 76 83 101 106 120
6 52 76 84 90 99 104
6 52 76 84 99 121 122
6 52 76 84 105 114 120
6 52 76 86 97 106 120
6 52 76 86 106 113 120
6 52 76 88 97 104 114
6 52 76 88 98 104 112
6 52 76 88 99 104 112
6 52 76 88 104 113 114
6 52 76 89 99 100 122
6 52 76 89 100 104 114
6 52 76 89 100 106 114
6 52 76 90 97 100 120
6 52 76 90 97 102 120
6 52 76 90 97 104 112
6 52 76 90 99 100 120
6 52 76 90 100 106 113
6 52 76 90 102 105 113
6 52 76 100 115 121 122
6 52 77 86 106 113 120
6 52 77 90 97 98 112
6 52 78 81 97 98 120
6 52 78 81 98 105 112
6 52 78 81 108 114 120
6 52 78 84 105 114 120
6 52 78 89 100 104 114
6 52 78 89 108 113 114
6 52 78 108 113 114 120
6 52 79 82 110 113 120
6 52 79 108 113 114 120
6 52 81 82 98 108 120
6 52 81 84 106 108 120
6 52 81 86 106 108 120
6 52 81 88 98 100 104
6 52 81 88 98 108 112
6 52 81 88 100 106 112
6 52 81 88 106 108 112
6 52 81 90 102 108 120
6 52 81 92 98 108 120
6 52 81 92 100 106 120
6 52 81 92 102 105 122
6 52 81 92 105 110 114
6 52 81 92 106 108 112
6 52 81 94 106 108 112
6 52 82 84 105 110 120
6 52 82 88 106 109 112
6 52 82 88 109 110 112
6 52 82 92 97 110 120
6 52 82 92 98 105 112
6 52 82 92 98 105 120
6 52 82 92 101 106 120
6 52 82 92 102 105 120
6 52 82 92 105 110 112
6 52 82 92 106 109 112
6 52 82 93 99 110 120
6 52 82 93 102 107 120
6 52 82 93 107 110 112
6 52 83 88 109 110 112
6 52 83 92 101 106 120
6 52 83 92 105 110 112
6 52 83 92 106 108 113
6 52 84 88 97 98 104
6 52 84 88 97 104 114
6 52 84 88 97 106 112
6 52 84 88 98 104 112
6 52 84 88 99 104 112
6 52 84 88 105 106 112
6 52 84 88 105 108 114
6 52 84 88 105 110 112
6 52 84 88 105 110 114
6 52 84 88 106 108 112
6 52 84 88 107 108 112
6 52 84 88 107 108 114
6 52 84 88 107 110 112
6 52 84 89 99 108 122
6 52 84 89 100 106 120
6 52 84 89 106 108 112
6 52 84 89 107 108 114
6 52 84 90 97 110 120
6 52 84 90 99 108 120
6 52 84 90 102 105 120
6 52 84 90 105 108 114
6 52 84 90 105 110 112
6 52 84 90 107 108 112
6 52 84 99 108 121 122
6 52 84 100 107 121 122
6 52 84 105 108 114 120
6 52 84 105 110 114 120
6 52 84 107 108 113 122
6 52 84 107 108 114 120
6 52 84 108 115 121 122
6 52 85 88 107 110 112
6 52 85 90 105 110 112
6 52 85 90 106 108 113
6 52 85 105 110 114 120
6 52 86 88 105 110 112
6 52 86 88 107 108 112
6 52 86 88 107 108 113
6 52 86 89 106 108 113
6 52 86 89 107 108 112
6 52 86 92 105 106 112
6 52 86 92 105 106 113
6 52 86 105 108 114 120
6 52 86 106 108 113 120
6 52 86 107 108 113 120
6 52 87 106 108 113 120
6 52 88 97 98 100 104
6 52 88 97 98 108 112
6 52 88 97 100 104 114
6 52 88 97 100 106 112
6 52 88 98 100 104 112
6 52 88 99 100 104 112
6 52 88 100 104 113 114
6 52 89 90 103 108 112
6 52 89 92 102 106 112
6 52 89 94 98 100 104
6 52 89 101 110 114 120
6 52 89 102 108 113 122
6 52 90 92 97 100 104
6 52 90 92 99 108 112
6 52 90 92 101 106 112
6 52 90 92 102 105 112
6 52 90 92 103 105 112
6 52 90 97 100 104 112
6 52 90 101 108 114 120
6 52 90 102 108 113 120
6 52 91 102 108 113 120
6 52 92 97 98 104 112
6 52 92 97 108 114 120
6 52 92 97 110 114 120
6 52 92 99 100 121 122
6 52 92 99 108 113 122
6 52 92 99 108 114 120
6 52 92 100 105 114 120
6 52 92 100 105 115 122
6 52 92 100 106 114 120
6 52 92 100 106 114 121
6 52 92 100 106 115 120
6 52 92 100 107 113 122
6 52 92 100 107 114 120
6 52 92 100 107 115 120
6 52 92 101 106 114 120
6 52 92 101 106 115 120
6 52 92 101 107 114 120
6 52 92 102 105 113 122
6 52 92 102 105 114 120
6 52 92 107 108 113 114
6 52 92 108 113 114 120
6 52 92 108 115 121 122
6 52 92 110 113 114 120
6 52 92 111 113 114 120
6 52 93 97 110 114 120
6 52 93 100 106 114 120
6 52 93 110 113 114 120
6 52 94 97 108 114 120
6 52 94 98 108 113 120
6 52 94 99 108 113 120
6 52 94 100 105 113 122
6 52 94 100 105 114 120
6 52 94 100 105 115 120
6 52 94 100 106 113 120
6 52 94 100 107 113 120
6 52 94 101 106 113 120
6 52 94 102 105 113 120
6 52 95 97 108 114 120
6 52 95 100 105 114 120
6 53 54 68 74 88 104
6 53 54 68 75 88 104
6 53 56 75 88 108 118
6 53 56 75 92 106 118
6 53 56 77 90 106 118
6 53 56 78 81 104 114
6 53 56 78 81 106 112
6 53 56 78 88 105 118
6 53 56 78 88 108 115
6 53 56 78 89 106 118
6 53 56 78 90 106 116
6 53 56 90 92 102 105
6 53 57 78 86 106 113
6 53 58 65 66 76 96
6 53 58 65 66 76 112
6 53 58 65 66 76 120
6 53 58 65 66 80 108
6 53 58 65 66 84 104
6 53 58 65 66 88 108
6 53 58 65 66 92 108
6 53 58 65 70 76 120
6 53 58 65 76 80 98
6 53 58 65 76 82 104
6 53 58 66 76 80 96
6 53 58 66 76 84 104
6 53 58 67 70 76 120
6 53 58 67 76 84 104
6 53 58 68 72 80 96
6 53 58 69 76 82 104
6 53 58 70 73 76 112
6 53 58 70 73 84 104
6 53 58 71 89 106 124
6 53 58 77 86 106 112
6 53 58 77 86 106 113
6 53 58 78 89 105 118
6 53 58 78 89 106 116
6 53 58 78 90 101 120
6 53 58 78 90 108 113
6 53 58 79 92 108 115
6 53 58 87 92 107 108
6 53 58 89 90 102 108
6 53 58 89 92 102 106
6 53 60 68 74 88 98
6 53 62 66 68 88 104
6 53 62 67 68 88 104
6 53 62 68 73 82 104
6 53 62 69 73 82 106
6 53 65 70 90 106 124
6 53 65 74 76 114 120
6 53 65 74 82 108 120
6 53 65 74 88 104 118
6 53 65 74 88 108 114
6 53 65 74 108 114 120
6 53 65 76 82 106 120
6 53 65 78 88 104 114
6 53 65 82 100 106 120
6 53 65 82 106 116 120
6 53 65 88 106 108 114
6 53 65 90 98 108 112
6 53 65 90 98 108 120
6 53 65 90 106 108 116
6 53 65 90 108 114 120
6 53 65 94 100 106 120
6 53 67 90 106 108 116
6 53 67 92 102 105 122
6 53 67 94 100 106 120
6 53 69 76 82 106 120
6 53 69 76 90 106 112
6 53 69 76 106 114 120
6 53 69 90 98 108 120
6 53 69 90 100 106 120
6 53 69 90 106 116 120
6 53 69 90 108 114 120
6 53 70 74 88 104 112
6 53 70 82 106 121 124
6 53 70 89 106 108 114
6 53 70 89 106 114 124
6 53 70 90 97 106 124
6 53 70 90 98 105 124
6 53 70 90 98 108 121
6 53 70 90 105 106 116
6 53 70 90 105 108 114
6 53 70 90 106 108 113
6 53 70 90 106 113 124
6 53 70 90 106 116 121
6 53 70 90 106 121 124
6 53 70 90 108 114 121
6 53 70 92 105 106 114
6 53 73 88 102 104 114
6 53 73 88 102 106 112
6 53 73 90 106 118 124
6 53 73 90 108 114 120
6 53 73 90 110 114 124
6 53 73 90 110 116 120
6 53 73 90 110 118 120
6 53 73 92 100 106 114
6 53 73 92 106 118 120
6 53 73 92 110 114 120
6 53 73 94 98 104 112
6 53 73 94 110 114 120
6 53 74 84 88 98 104
6 53 74 88 97 104 118
6 53 74 88 100 104 114
6 53 74 88 104 114 116
6 53 74 92 108 114 120
6 53 75 90 98 108 116
6 53 75 92 106 114 116
6 53 75 92 106 118 120
6 53 75 92 108 118 122
6 53 75 94 98 100 120
6 53 75 94 110 118 121
6 53 75 102 113 122 124
6 53 76 81 90 100 106
6 53 76 82 100 106 120
6 53 76 83 100 106 120
6 53 76 89 106 118 120
6 53 76 90 97 98 120
6 53 76 90 98 104 112
6 53 76 90 99 100 120
6 53 76 90 100 106 113
6 53 76 90 106 116 120
6 53 77 90 106 114 116
6 53 77 90 106 114 124
6 53 77 90 106 118 120
6 53 77 92 110 115 122
6 53 78 81 88 98 104
6 53 78 82 98 121 124
6 53 78 82 106 116 121
6 53 78 82 107 116 120
6 53 78 86 106 121 124
6 53 78 88 97 104 114
6 53 78 88 104 113 114
6 53 78 89 99 122 124
6 53 78 89 102 122 124
6 53 78 89 106 114 124
6 53 78 89 106 118 120
6 53 78 90 97 104 112
6 53 78 90 106 113 124
6 53 78 90 106 116 120
6 53 78 90 106 116 121
6 53 78 92 102 121 122
6 53 78 92 108 113 122
6 53 78 92 108 115 122
6 53 79 92 108 115 122
6 53 81 82 100 106 120
6 53 81 82 106 108 120
6 53 81 88 106 108 114
6 53 81 90 98 108 112
6 53 81 90 98 108 120
6 53 81 90 106 108 112
6 53 81 90 106 108 116
6 53 82 88 106 108 112
6 53 82 89 102 106 124
6 53 82 92 102 107 120
6 53 82 92 107 110 112
6 53 84 88 107 110 112
6 53 84 90 97 110 120
6 53 84 90 99 108 120
6 53 84 90 102 105 120
6 53 84 90 105 110 112
6 53 86 92 105 106 112
6 53 86 92 105 106 114
6 53 86 92 105 106 120
6 53 86 100 105 106 120
6 53 86 111 121 122 124
6 53 87 92 107 108 122
6 53 89 90 102 106 124
6 53 89 92 102 108 122
6 53 89 99 110 114 124
6 53 89 102 106 108 114
6 53 89 102 106 114 124
6 53 89 110 114 116 120
6 53 89 110 118 122 124
6 53 89 111 118 122 124
6 53 90 92 97 98 104
6 53 90 92 99 108 120
6 53 90 92 101 106 120
6 53 90 92 102 105 120
6 53 90 92 102 106 120
6 53 90 97 98 108 112
6 53 90 97 98 116 120
6 53 90 97 106 108 116
6 53 90 99 108 116 120
6 53 90 101 106 116 120
6 53 90 101 108 114 120
6 53 90 102 105 116 120
6 53 90 111 113 114 124
6 53 91 105 110 118 124
6 53 93 107 108 118 122
6 53 93 107 118 122 124
6 53 94 97 100 106 120
6 53 94 99 108 114 121
6 53 94 100 105 114 120
6 53 94 100 106 113 120
6 53 94 101 106 114 121
6 53 94 102 105 122 124
6 53 94 102 108 121 122
6 53 94 103 108 121 122
6 53 94 103 121 122 124
6 53 94 105 106 114 116
6 53 94 105 106 114 124
6 53 94 105 106 116 120
6 53 94 105 108 114 120
6 53 94 105 108 116 122
6 53 94 106 108 113 120
6 53 94 106 108 114 120
6 53 94 106 108 114 121
6 53 94 106 108 116 121
6 53 94 107 108 118 121
6 53 94 107 118 121 124
6 53 94 110 113 122 124
6 53 94 110 114 121 124
6 53 94 110 115 121 124
6 53 94 110 116 121 122
6 53 94 111 113 122 124
6 53 94 111 114 121 124
6 53 94 111 116 121 122
6 53 95 97 106 114 124
6 53 95 102 105 122 124
6 53 95 102 108 121 122
6 53 95 106 108 114 120
6 54 56 65 72 80 96
6 54 56 65 74 76 112
6 54 56 65 76 82 104
6 54 56 67 69 88 104
6 54 56 67 76 88 97
6 54 56 71 88 104 112
6 54 56 73 76 82 97
6 54 56 73 92 106 116
6 54 56 73 92 108 114
6 54 56 73 92 110 114
6 54 56 74 76 81 97
6 54 56 74 93 109 114
6 54 56 75 76 100 113
6 54 56 75 84 108 112
6 54 56 75 84 108 113
6 54 56 75 88 110 117
6 54 56 75 92 106 117
6 54 56 75 92 108 113
6 54 56 77 81 106 112
6 54 56 77 82 104 112
6 54 56 77 88 99 112
6 54 56 77 88 108 114
6 54 56 77 90 106 117
6 54 56 78 81 105 112
6 54 56 78 84 105 112
6 54 56 78 88 97 112
6 54 56 78 89 105 116
6 54 56 78 89 106 117
6 54 56 85 88 106 108
6 54 56 89 92 103 106
6 54 56 90 92 101 106
6 54 57 65 74 76 112
6 54 57 65 74 84 108
6 54 57 65 76 82 104
6 54 57 66 68 80 104
6 54 57 66 68 88 104
6 54 57 67 74 84 108
6 54 57 70 74 76 112
6 54 57 70 74 76 113
6 54 57 70 76 82 104
6 54 57 71 90 108 112
6 54 57 71 90 108 120
6 54 57 73 74 84 100
6 54 57 74 76 81 100
6 54 57 74 76 82 100
6 54 57 89 92 102 106
6 54 58 65 76 84 104
6 54 58 66 69 76 120
6 54 58 66 76 84 104
6 54 58 66 76 85 105
6 54 58 67 76 85 105
6 54 58 71 92 105 112
6 54 58 73 76 84 97
6 54 58 77 89 98 100
6 54 58 78 85 105 112
6 54 59 66 69 76 120
6 54 59 66 76 84 104
6 54 59 66 76 84 105
6 54 60 65 68 74 120
6 54 60 65 68 88 104
6 54 60 65 70 74 120
6 54 60 67 68 88 104
6 54 60 68 73 74 112
6 54 60 68 73 74 113
6 54 60 68 73 82 104
6 54 60 68 74 88 97
6 54 60 71 75 113 120
6 54 60 75 92 108 113
6 54 60 75 92 108 115
6 54 60 77 86 106 121
6 54 60 77 90 108 115
6 54 60 77 91 97 98
6 54 60 90 92 99 108
6 54 61 66 68 88 104
6 54 65 66 68 88 104
6 54 65 68 88 104 112
6 54 65 74 88 104 116
6 54 65 74 88 108 112
6 54 65 76 84 106 120
6 54 65 76 88 104 112
6 54 65 78 88 104 112
6 54 65 92 100 106 120
6 54 65 92 106 116 120
6 54 66 68 73 104 112
6 54 66 68 88 97 104
6 54 66 68 88 104 112
6 54 66 68 88 104 113
6 54 66 68 88 105 112
6 54 66 73 88 104 116
6 54 66 73 88 108 112
6 54 66 76 84 105 120
6 54 66 76 88 104 112
6 54 66 76 88 104 113
6 54 66 76 88 105 112
6 54 66 77 88 104 112
6 54 66 92 100 105 120
6 54 67 69 90 108 120
6 54 67 69 90 108 121
6 54 67 70 92 105 120
6 54 67 73 88 104 116
6 54 67 73 88 108 112
6 54 67 74 84 108 121
6 54 67 76 84 105 120
6 54 67 76 88 104 112
6 54 67 76 88 104 113
6 54 67 76 88 105 112
6 54 67 77 88 104 112
6 54 67 78 89 105 116
6 54 67 89 106 108 116
6 54 67 92 97 108 122
6 54 67 92 98 108 121
6 54 67 92 100 105 120
6 54 67 92 105 116 122
6 54 67 92 106 116 120
6 54 67 92 106 116 121
6 54 67 92 108 113 122
6 54 67 92 108 114 121
6 54 67 92 108 121 122
6 54 68 73 88 104 112
6 54 68 88 97 104 112
6 54 69 74 82 108 121
6 54 69 74 98 121 124
6 54 69 74 108 114 121
6 54 69 74 114 121 124
6 54 69 76 82 105 120
6 54 69 76 105 114 120
6 54 69 82 106 121 124
6 54 69 90 97 108 120
6 54 69 90 98 108 120
6 54 69 90 98 108 121
6 54 69 90 100 105 120
6 54 69 92 108 121 122
6 54 70 73 81 106 124
6 54 70 73 88 104 112
6 54 70 73 90 108 113
6 54 70 73 97 122 124
6 54 70 73 106 113 124
6 54 70 73 113 122 124
6 54 70 74 81 105 124
6 54 70 74 89 105 116
6 54 70 74 89 108 113
6 54 70 74 105 113 124
6 54 70 77 106 113 120
6 54 70 81 105 122 124
6 54 70 89 97 106 124
6 54 70 89 98 105 124
6 54 70 89 98 108 120
6 54 70 89 99 108 120
6 54 70 89 105 108 114
6 54 70 89 105 114 124
6 54 70 89 105 122 124
6 54 70 89 106 108 113
6 54 70 89 106 113 124
6 54 70 90 105 108 113
6 54 70 92 108 121 122
6 54 71 73 88 104 112
6 54 71 81 105 122 124
6 54 71 89 105 122 124
6 54 71 92 108 121 122
6 54 71 105 113 122 124
6 54 73 74 84 100 120
6 54 73 74 97 116 120
6 54 73 74 104 113 116
6 54 73 74 113 116 120
6 54 73 76 82 97 120
6 54 73 76 82 104 112
6 54 73 76 82 104 113
6 54 73 76 84 97 122
6 54 73 76 98 113 120
6 54 73 81 88 98 108
6 54 73 81 88 102 104
6 54 73 81 98 108 120
6 54 73 81 108 114 120
6 54 73 82 88 97 108
6 54 73 82 88 100 104
6 54 73 82 88 101 104
6 54 73 82 97 108 120
6 54 73 82 108 113 120
6 54 73 84 100 106 120
6 54 73 88 98 104 116
6 54 73 88 98 108 112
6 54 73 88 98 108 113
6 54 73 88 100 104 112
6 54 73 88 101 104 114
6 54 73 88 102 104 112
6 54 73 88 102 104 113
6 54 73 88 104 114 116
6 54 73 88 104 114 117
6 54 73 88 108 113 114
6 54 73 92 97 98 120
6 54 73 92 97 104 114
6 54 73 92 98 104 112
6 54 73 92 98 104 113
6 54 73 92 106 116 120
6 54 73 92 108 113 122
6 54 73 92 108 114 120
6 54 73 92 110 114 120
6 54 73 94 98 100 120
6 54 74 76 81 97 120
6 54 74 76 81 104 112
6 54 74 76 81 105 112
6 54 74 76 82 100 121
6 54 74 77 82 100 121
6 54 74 77 114 121 124
6 54 74 81 97 108 120
6 54 74 81 105 116 120
6 54 74 84 98 108 121
6 54 74 84 100 105 120
6 54 74 88 97 104 116
6 54 74 88 97 108 112
6 54 74 88 101 104 112
6 54 74 88 104 113 116
6 54 74 89 97 104 116
6 54 74 89 97 108 112
6 54 74 89 109 114 124
6 54 74 92 97 104 112
6 54 74 92 105 116 120
6 54 74 92 108 113 120
6 54 74 92 108 114 120
6 54 74 92 108 114 121
6 54 74 92 108 115 120
6 54 74 92 108 115 121
6 54 74 92 109 114 120
6 54 74 92 109 114 121
6 54 74 92 109 115 120
6 54 74 93 109 114 120
6 54 75 76 100 113 120
6 54 75 84 108 113 120
6 54 75 92 98 108 113
6 54 75 92 100 104 113
6 54 75 92 106 117 120
6 54 75 92 108 113 120
6 54 75 92 108 117 122
6 54 75 94 110 117 121
6 54 75 98 108 116 121
6 54 75 108 113 116 120
6 54 76 81 88 98 105
6 54 76 81 90 100 105
6 54 76 81 98 105 120
6 54 76 81 100 105 122
6 54 76 81 100 106 120
6 54 76 82 88 97 104
6 54 76 82 100 105 120
6 54 76 82 101 106 121
6 54 76 84 97 106 120
6 54 76 84 98 105 120
6 54 76 84 99 105 120
6 54 76 84 105 114 120
6 54 76 84 106 113 120
6 54 76 88 97 104 112
6 54 76 88 98 104 112
6 54 76 88 98 104 113
6 54 76 88 98 105 112
6 54 76 89 98 100 120
6 54 76 89 98 104 112
6 54 76 89 105 116 122
6 54 76 89 107 116 120
6 54 76 90 97 100 120
6 54 76 90 100 105 113
6 54 76 90 105 116 120
6 54 77 81 99 122 124
6 54 77 82 98 121 124
6 54 77 82 106 116 121
6 54 77 83 105 122 124
6 54 77 84 106 113 120
6 54 77 86 106 121 124
6 54 77 86 108 121 122
6 54 77 88 98 104 112
6 54 77 88 99 104 112
6 54 77 90 98 100 121
6 54 77 90 106 113 124
6 54 77 90 106 116 121
6 54 77 90 106 117 120
6 54 77 90 108 113 120
6 54 77 92 108 113 122
6 54 77 92 108 115 122
6 54 77 92 110 115 121
6 54 77 99 113 122 124
6 54 77 102 121 122 124
6 54 77 106 114 116 121
6 54 77 106 114 121 124
6 54 78 81 97 122 124
6 54 78 81 105 114 124
6 54 78 81 105 116 120
6 54 78 82 105 116 120
6 54 78 85 105 122 124
6 54 78 86 106 121 124
6 54 78 88 97 104 112
6 54 78 89 97 98 124
6 54 78 89 97 100 120
6 54 78 89 97 104 112
6 54 78 89 97 106 116
6 54 78 89 98 100 120
6 54 78 89 98 105 116
6 54 78 89 100 104 112
6 54 78 89 105 114 116
6 54 78 89 105 114 124
6 54 78 89 105 116 120
6 54 78 89 106 113 116
6 54 78 89 106 113 124
6 54 78 89 106 117 120
6 54 78 89 108 113 120
6 54 78 91 109 117 122
6 54 78 92 101 121 122
6 54 78 92 108 113 122
6 54 78 92 108 114 121
6 54 78 92 108 115 121
6 54 78 93 109 115 122
6 54 78 105 113 114 124
6 54 78 105 113 116 120
6 54 78 105 114 116 120
6 54 79 81 97 122 124
6 54 81 84 106 108 120
6 54 81 84 106 109 120
6 54 81 86 107 109 120
6 54 81 88 105 108 114
6 54 81 88 105 110 112
6 54 81 88 106 108 112
6 54 81 88 106 109 112
6 54 81 90 97 108 112
6 54 81 90 97 108 120
6 54 81 90 99 109 124
6 54 81 90 102 105 124
6 54 81 90 105 108 112
6 54 81 92 105 106 116
6 54 81 92 105 110 112
6 54 81 92 105 110 114
6 54 81 92 107 109 114
6 54 81 94 107 109 112
6 54 82 84 105 108 120
6 54 82 84 105 110 120
6 54 82 88 105 108 112
6 54 82 92 100 105 120
6 54 82 92 101 106 121
6 54 82 92 105 106 116
6 54 82 92 105 110 112
6 54 84 88 105 110 112
6 54 84 88 107 108 112
6 54 84 88 107 108 113
6 54 84 89 106 108 112
6 54 84 89 106 108 113
6 54 84 89 107 108 112
6 54 84 90 97 108 120
6 54 84 90 100 105 120
6 54 84 90 105 108 112
6 54 85 90 105 106 124
6 54 85 106 108 114 121
6 54 85 110 121 122 124
6 54 86 89 97 106 108
6 54 86 89 105 106 124
6 54 86 89 106 108 113
6 54 86 90 105 108 112
6 54 86 90 105 108 113
6 54 86 92 106 108 121
6 54 86 105 106 113 124
6 54 86 105 113 122 124
6 54 86 109 121 122 124
6 54 86 110 121 122 124
6 54 86 111 121 122 124
6 54 87 111 121 122 124
6 54 89 90 101 108 114
6 54 89 92 103 106 120
6 54 89 92 105 106 116
6 54 89 92 106 108 113
6 54 89 94 98 100 104
6 54 89 97 102 106 124
6 54 89 97 102 122 124
6 54 89 97 110 114 124
6 54 89 102 105 122 124
6 54 89 102 106 108 113
6 54 89 102 106 113 124
6 54 89 105 110 114 116
6 54 89 106 108 116 120
6 54 89 110 113 114 124
6 54 89 110 113 122 124
6 54 89 110 114 116 120
6 54 90 92 101 106 120
6 54 90 92 101 106 121
6 54 90 92 102 105 112
6 54 90 97 108 116 120
6 54 90 98 101 108 121
6 54 90 98 101 121 124
6 54 90 98 108 116 120
6 54 90 98 108 116 121
6 54 90 98 108 117 121
6 54 90 98 109 113 124
6 54 90 98 109 116 120
6 54 90 98 109 116 121
6 54 90 99 109 116 120
6 54 90 101 105 114 124
6 54 90 101 108 114 121
6 54 90 101 114 121 124
6 54 90 102 105 113 124
6 54 90 102 109 113 120
6 54 90 105 108 114 116
6 54 90 108 114 116 120
6 54 90 108 114 116 121
6 54 90 108 114 117 121
6 54 90 109 113 114 124
6 54 90 109 114 116 120
6 54 90 109 114 116 121
6 54 90 109 115 116 120
6 54 90 110 117 121 124
6 54 91 97 108 116 120
6 54 91 98 101 108 120
6 54 91 98 105 108 116
6 54 91 98 108 116 120
6 54 91 98 108 116 121
6 54 91 98 108 117 120
6 54 91 98 109 116 120
6 54 91 105 108 116 120
6 54 91 109 114 116 120
6 54 92 99 108 114 121
6 54 92 101 106 114 121
6 54 92 102 105 106 113
6 54 93 97 100 106 120
6 54 93 97 106 114 124
6 54 93 97 106 116 120
6 54 93 99 106 116 120
6 54 93 102 105 122 124
6 54 93 102 106 121 124
6 54 93 102 108 121 122
6 54 93 105 106 114 124
6 54 93 106 108 114 120
6 54 93 106 108 114 121
6 54 93 106 108 115 120
6 54 93 111 115 122 124
6 54 94 98 105 108 113
6 54 94 98 105 113 124
6 54 94 98 105 116 120
6 54 94 100 105 113 120
6 54 94 101 106 121 124
6 54 94 101 108 121 122
6 54 94 102 105 113 120
6 54 94 102 106 121 124
6 54 94 103 121 122 124
6 54 94 105 106 113 124
6 54 94 105 108 113 114
6 54 94 105 108 113 120
6 54 94 106 108 113 120
6 54 94 106 108 116 121
6 54 94 109 113 122 124
6 54 94 109 114 121 124
6 54 94 109 115 122 124
6 54 94 109 116 121 122
6 54 94 110 113 122 124
6 54 94 110 114 121 124
6 54 94 111 113 122 124
6 54 94 111 114 121 124
6 54 95 98 100 105 120
6 54 95 102 106 121 124
6 54 95 105 106 113 124
6 54 95 105 108 114 120
6 54 95 106 108 113 120
6 54 95 106 108 116 121
6 54 95 111 113 122 124
6 54 95 111 114 121 124
6 55 56 75 92 108 114
6 55 56 75 92 110 113
6 55 56 77 90 105 118
6 55 56 78 89 105 118
6 55 56 78 89 106 116
6 55 58 66 76 84 105
6 55 59 65 66 92 108
6 55 59 66 76 84 104
6 55 60 68 73 74 112
6 55 60 68 74 81 104
6 55 62 66 68 73 120
6 55 62 66 68 88 104
6 55 62 66 68 88 105
6 55 65 66 68 88 104
6 55 65 74 88 104 116
6 55 65 74 88 108 112
6 55 65 76 84 106 120
6 55 65 78 88 104 112
6 55 65 92 100 106 120
6 55 66 68 88 104 112
6 55 66 76 88 104 112
6 55 67 69 90 108 120
6 55 67 76 88 104 112
6 55 67 92 100 106 120
6 55 67 92 108 121 122
6 55 69 90 98 105 124
6 55 70 81 105 122 124
6 55 70 89 98 108 120
6 55 70 91 109 122 124
6 55 70 92 108 121 122
6 55 71 78 121 122 124
6 55 71 91 109 122 124
6 55 71 92 108 121 122
6 55 73 78 113 122 124
6 55 73 81 110 122 124
6 55 73 84 100 106 120
6 55 73 88 102 104 112
6 55 73 88 104 114 116
6 55 73 90 106 117 124
6 55 73 90 108 118 120
6 55 73 90 110 113 124
6 55 73 90 110 117 120
6 55 73 92 106 116 120
6 55 73 92 108 114 120
6 55 73 92 110 114 120
6 55 73 94 110 113 120
6 55 74 76 81 104 112
6 55 74 88 97 104 116
6 55 74 88 97 108 112
6 55 74 92 97 104 112
6 55 74 92 105 118 120
6 55 74 92 108 114 120
6 55 74 92 108 114 121
6 55 74 92 108 115 120
6 55 74 92 109 114 120
6 55 75 92 98 100 120
6 55 75 92 108 114 120
6 55 75 92 108 116 122
6 55 75 92 110 113 120
6 55 76 81 88 98 104
6 55 76 81 100 106 120
6 55 76 84 97 106 120
6 55 76 84 106 113 120
6 55 76 88 98 104 112
6 55 76 89 106 116 120
6 55 76 90 97 100 120
6 55 77 90 105 118 120
6 55 77 90 106 113 124
6 55 77 90 108 114 120
6 55 78 85 108 121 122
6 55 78 88 97 104 112
6 55 78 89 98 100 120
6 55 78 89 105 118 120
6 55 78 89 106 113 124
6 55 78 89 106 116 120
6 55 81 84 106 108 120
6 55 81 88 106 108 112
6 55 81 92 100 106 120
6 55 82 84 105 110 120
6 55 83 92 105 110 120
6 55 84 89 100 106 120
6 55 84 89 106 108 112
6 55 85 90 105 106 124
6 55 85 92 107 108 122
6 55 89 90 105 108 118
6 55 89 92 102 106 120
6 55 90 92 99 108 120
6 55 90 92 102 105 120
6 55 90 92 103 105 120
6 55 90 92 105 108 114
6 55 90 92 105 110 113
6 55 91 98 108 116 120
6 55 91 109 118 122 124
6 55 93 102 107 122 124
6 55 95 106 108 113 120
6 56 65 66 68 72 112
6 56 65 66 68 80 96
6 56 65 66 68 104 112
6 56 65 66 72 80 100
6 56 65 66 72 100 112
6 56 65 66 88 100 112
6 56 65 66 88 104 116
6 56 65 66 88 108 116
6 56 65 66 100 104 112
6 56 65 70 72 80 96
6 56 65 70 82 100 104
6 56 65 70 88 100 112
6 56 65 70 88 104 112
6 56 65 70 88 104 116
6 56 65 70 100 104 112
6 56 65 72 80 98 100
6 56 65 72 82 100 112
6 56 65 72 98 100 112
6 56 65 74 84 98 100
6 56 65 74 84 100 112
6 56 65 76 82 100 112
6 56 65 76 88 98 116
6 56 65 76 104 114 116
6 56 65 78 104 114 116
6 56 65 82 88 100 104
6 56 65 82 100 104 112
6 56 65 84 100 106 112
6 56 65 88 98 100 112
6 56 65 88 98 104 116
6 56 65 88 98 108 116
6 56 65 88 102 104 112
6 56 65 88 102 104 116
6 56 65 88 104 114 116
6 56 65 88 108 114 116
6 56 65 88 110 114 116
6 56 65 90 98 108 116
6 56 65 90 108 114 116
6 56 65 92 98 104 112
6 56 65 92 98 104 116
6 56 65 92 100 104 114
6 56 65 92 102 104 112
6 56 65 92 102 104 114
6 56 65 94 98 104 116
6 56 65 94 100 104 112
6 56 65 94 102 104 112
6 56 66 68 72 80 96
6 56 66 68 88 104 112
6 56 66 88 100 104 112
6 56 66 92 100 104 112
6 56 67 69 82 100 104
6 56 67 69 82 108 112
6 56 67 69 88 104 118
6 56 67 69 88 106 116
6 56 67 70 88 100 112
6 56 67 70 88 104 116
6 56 67 73 82 108 116
6 56 67 73 84 98 100
6 56 67 73 88 102 116
6 56 67 74 84 100 112
6 56 67 76 82 100 112
6 56 67 76 84 97 98
6 56 67 76 88 97 118
6 56 67 76 88 98 116
6 56 67 76 88 101 114
6 56 67 76 104 113 118
6 56 67 76 104 114 116
6 56 67 78 81 100 112
6 56 67 81 92 102 104
6 56 67 85 88 102 104
6 56 67 88 97 108 118
6 56 67 88 98 108 116
6 56 67 88 100 104 112
6 56 67 88 101 104 118
6 56 67 88 101 106 116
6 56 67 88 102 104 116
6 56 67 88 104 117 118
6 56 67 88 108 113 118
6 56 67 88 108 114 116
6 56 67 92 97 104 118
6 56 67 92 97 108 114
6 56 67 92 98 104 116
6 56 67 92 100 104 112
6 56 67 92 100 104 114
6 56 67 92 101 104 114
6 56 67 92 102 104 112
6 56 67 92 108 113 114
6 56 67 94 100 104 112
6 56 69 70 88 104 112
6 56 69 76 90 99 116
6 56 69 82 88 100 104
6 56 69 82 98 108 112
6 56 69 82 100 104 112
6 56 69 84 98 104 112
6 56 69 88 98 100 112
6 56 69 88 98 104 116
6 56 69 88 100 104 114
6 56 69 88 102 104 112
6 56 69 88 104 114 116
6 56 69 90 98 108 116
6 56 69 90 99 108 116
6 56 69 90 100 104 112
6 56 69 90 108 114 116
6 56 69 92 98 104 112
6 56 69 92 100 106 114
6 56 69 98 100 104 112
6 56 70 73 88 98 116
6 56 70 73 104 114 116
6 56 70 74 81 100 112
6 56 70 74 84 108 113
6 56 70 74 88 100 113
6 56 70 81 88 98 100
6 56 70 81 98 100 104
6 56 70 81 98 108 112
6 56 70 82 88 97 100
6 56 70 82 88 100 104
6 56 70 82 88 101 104
6 56 70 82 97 100 104
6 56 70 88 98 100 112
6 56 70 88 98 100 113
6 56 70 88 98 104 116
6 56 70 88 98 104 117
6 56 70 88 98 105 116
6 56 70 88 99 104 116
6 56 70 88 100 104 112
6 56 70 88 104 114 116
6 56 70 88 104 114 117
6 56 70 88 105 114 116
6 56 70 89 98 100 112
6 56 70 89 98 104 116
6 56 70 89 98 108 116
6 56 71 73 88 98 116
6 56 71 73 104 114 116
6 56 71 76 84 105 114
6 56 71 81 88 102 104
6 56 71 82 88 100 104
6 56 71 88 97 104 118
6 56 71 88 97 106 116
6 56 71 88 98 104 116
6 56 71 88 99 104 116
6 56 71 88 100 104 112
6 56 71 88 102 104 112
6 56 71 88 104 113 118
6 56 71 88 104 114 116
6 56 71 88 105 114 116
6 56 71 90 97 104 116
6 56 71 92 98 104 112
6 56 72 80 97 98 100
6 56 72 81 98 100 112
6 56 73 74 81 102 116
6 56 73 74 84 101 114
6 56 73 74 85 102 112
6 56 73 74 101 114 116
6 56 73 76 82 98 116
6 56 73 76 84 100 114
6 56 73 78 97 114 116
6 56 73 82 84 102 104
6 56 73 82 84 103 104
6 56 73 82 88 101 102
6 56 73 82 92 97 102
6 56 73 82 98 108 116
6 56 73 82 99 108 116
6 56 73 82 100 104 112
6 56 73 82 101 106 116
6 56 73 82 102 104 116
6 56 73 82 103 104 116
6 56 73 84 88 98 100
6 56 73 84 98 100 112
6 56 73 84 100 104 114
6 56 73 84 102 104 112
6 56 73 85 102 104 114
6 56 73 86 88 97 102
6 56 73 86 88 98 101
6 56 73 86 97 108 114
6 56 73 86 98 104 116
6 56 73 86 98 108 112
6 56 73 86 98 108 113
6 56 73 86 99 108 112
6 56 73 86 100 104 112
6 56 73 86 101 104 114
6 56 73 86 102 104 112
6 56 73 86 102 104 113
6 56 73 86 103 104 112
6 56 73 86 108 113 114
6 56 73 88 99 102 116
6 56 73 88 102 114 116
6 56 73 88 102 114 117
6 56 73 88 104 114 116
6 56 73 88 108 114 116
6 56 73 88 110 114 116
6 56 73 90 108 114 116
6 56 73 92 97 102 114
6 56 73 92 108 114 116
6 56 73 92 110 114 116
6 56 73 94 110 114 116
6 56 73 94 110 115 117
6 56 73 97 110 114 116
6 56 73 99 108 114 116
6 56 73 102 104 114 116
6 56 73 102 104 114 117
6 56 73 103 104 114 116
6 56 74 76 81 97 118
6 56 74 76 82 100 113
6 56 74 81 84 98 100
6 56 74 81 84 102 104
6 56 74 81 97 108 118
6 56 74 81 101 104 118
6 56 74 81 102 104 116
6 56 74 82 84 101 104
6 56 74 84 88 98 100
6 56 74 84 88 98 101
6 56 74 84 97 98 100
6 56 74 84 98 100 112
6 56 74 84 98 100 113
6 56 74 84 98 108 113
6 56 74 84 100 104 112
6 56 74 84 101 104 114
6 56 74 84 102 104 112
6 56 74 84 102 104 113
6 56 74 84 103 104 112
6 56 74 85 97 104 118
6 56 74 85 98 104 116
6 56 74 85 98 108 112
6 56 74 85 100 104 114
6 56 74 85 102 104 112
6 56 74 88 101 114 116
6 56 74 88 104 117 118
6 56 74 88 108 113 118
6 56 74 88 108 114 117
6 56 74 88 108 117 118
6 56 74 92 108 113 114
6 56 74 92 108 113 118
6 56 74 92 108 114 117
6 56 74 92 108 115 118
6 56 74 92 109 115 118
6 56 74 98 108 113 116
6 56 74 101 104 114 116
6 56 74 102 104 113 116
6 56 75 85 102 104 112
6 56 75 88 104 117 118
6 56 75 88 108 117 118
6 56 75 88 110 117 118
6 56 75 92 106 117 118
6 56 75 92 108 113 118
6 56 75 92 109 115 118
6 56 76 81 98 100 112
6 56 76 81 98 104 116
6 56 76 81 100 104 114
6 56 76 82 98 104 116
6 56 76 82 98 104 117
6 56 76 83 84 101 106
6 56 76 83 100 104 112
6 56 76 84 88 97 98
6 56 76 84 88 98 100
6 56 76 84 88 99 100
6 56 76 84 90 97 102
6 56 76 84 90 99 100
6 56 76 84 97 98 112
6 56 76 84 100 105 114
6 56 76 84 102 105 114
6 56 76 86 100 106 113
6 56 76 88 97 98 116
6 56 76 88 97 114 116
6 56 76 88 104 113 118
6 56 76 88 104 114 116
6 56 76 88 104 115 116
6 56 76 88 104 117 118
6 56 76 88 105 114 116
6 56 76 88 106 117 118
6 56 76 88 107 117 118
6 56 76 89 106 117 118
6 56 76 97 104 114 116
6 56 76 100 104 113 114
6 56 76 104 113 114 116
6 56 77 82 98 100 112
6 56 77 86 98 104 112
6 56 77 86 100 106 113
6 56 77 88 104 114 116
6 56 77 88 106 113 118
6 56 77 88 106 117 118
6 56 77 88 108 115 118
6 56 77 90 106 117 118
6 56 77 90 108 113 118
6 56 78 81 82 97 100
6 56 78 81 97 104 118
6 56 78 81 98 100 112
6 56 78 81 105 114 116
6 56 78 83 97 104 116
6 56 78 84 108 113 114
6 56 78 88 97 114 116
6 56 78 88 104 113 118
6 56 78 88 104 114 116
6 56 78 88 104 114 117
6 56 78 88 104 117 118
6 56 78 88 106 117 118
6 56 78 88 107 117 118
6 56 78 88 108 113 118
6 56 78 88 108 114 117
6 56 78 88 108 115 116
6 56 78 89 106 117 118
6 56 78 89 108 115 116
6 56 78 92 97 100 114
6 56 78 92 108 113 114
6 56 78 97 104 114 116
6 56 78 98 104 113 116
6 56 78 99 104 113 116
6 56 78 104 113 114 116
6 56 78 105 113 114 116
6 56 79 84 108 113 114
6 56 79 88 104 113 118
6 56 79 88 104 114 116
6 56 79 88 104 117 118
6 56 79 88 106 117 118
6 56 79 89 106 117 118
6 56 79 97 104 114 116
6 56 79 104 113 114 116
6 56 81 84 100 106 112
6 56 81 84 106 108 112
6 56 81 86 106 108 112
6 56 81 88 98 100 104
6 56 81 88 98 100 112
6 56 81 88 98 104 116
6 56 81 88 98 108 112
6 56 81 88 98 108 116
6 56 81 88 99 108 118
6 56 81 88 102 104 112
6 56 81 88 102 104 116
6 56 81 88 102 108 112
6 56 81 90 97 108 118
6 56 81 92 98 100 104
6 56 81 92 98 108 112
6 56 81 92 100 106 112
6 56 81 92 101 106 114
6 56 81 92 102 104 112
6 56 81 92 102 106 112
6 56 81 94 98 100 104
6 56 81 98 100 104 112
6 56 81 105 110 114 116
6 56 82 84 105 110 112
6 56 82 88 97 110 116
6 56 82 88 99 108 116
6 56 82 88 100 104 112
6 56 82 88 101 106 116
6 56 82 88 101 110 112
6 56 82 88 102 105 116
6 56 82 92 97 106 116
6 56 82 92 97 110 112
6 56 82 92 98 105 116
6 56 82 92 101 106 112
6 56 82 92 102 105 112
6 56 83 88 101 104 118
6 56 83 92 97 102 104
6 56 83 92 98 100 104
6 56 83 92 101 106 112
6 56 83 92 106 109 118
6 56 84 88 97 108 114
6 56 84 88 97 110 112
6 56 84 88 98 108 112
6 56 84 88 99 108 112
6 56 84 88 101 106 112
6 56 84 89 100 106 112
6 56 84 89 101 110 114
6 56 84 90 101 108 112
6 56 84 90 101 108 114
6 56 84 90 102 108 112
6 56 84 90 102 108 113
6 56 84 90 102 109 112
6 56 84 91 101 110 112
6 56 84 91 102 108 112
6 56 84 91 102 108 113
6 56 84 91 103 108 112
6 56 85 88 102 104 112
6 56 85 88 105 110 118
6 56 85 88 106 108 114
6 56 85 88 106 108 116
6 56 85 88 106 108 118
6 56 85 88 107 108 118
6 56 85 90 97 98 108
6 56 85 90 105 110 118
6 56 85 97 106 108 114
6 56 85 106 108 113 114
6 56 86 88 97 108 114
6 56 86 88 97 110 112
6 56 86 88 99 101 104
6 56 86 88 99 108 112
6 56 86 88 99 108 113
6 56 86 88 101 104 114
6 56 86 88 105 108 114
6 56 86 88 106 108 113
6 56 86 88 106 108 116
6 56 86 88 106 108 117
6 56 86 89 98 100 104
6 56 87 88 105 108 118
6 56 87 88 105 110 116
6 56 87 88 105 110 118
6 56 87 88 106 108 113
6 56 87 88 106 108 116
6 56 87 88 106 108 118
6 56 87 88 106 109 118
6 56 87 88 107 108 116
6 56 87 88 107 109 118
6 56 88 97 98 100 112
6 56 88 97 98 104 116
6 56 88 97 98 108 116
6 56 88 97 102 104 112
6 56 88 97 102 104 116
6 56 88 97 104 114 116
6 56 88 97 108 114 116
6 56 88 97 110 114 116
6 56 88 98 100 104 112
6 56 88 99 101 104 118
6 56 88 99 101 106 116
6 56 88 99 102 104 116
6 56 88 99 104 117 118
6 56 88 99 108 113 118
6 56 88 99 108 114 116
6 56 88 101 102 104 112
6 56 88 101 104 114 116
6 56 88 102 104 114 116
6 56 88 102 104 114 117
6 56 88 102 105 114 116
6 56 88 103 104 113 118
6 56 88 103 104 114 116
6 56 88 103 105 114 116
6 56 88 104 113 114 116
6 56 88 104 115 117 118
6 56 88 105 108 114 116
6 56 88 106 108 113 118
6 56 88 106 108 117 118
6 56 88 107 108 117 118
6 56 88 107 110 117 118
6 56 88 108 113 114 116
6 56 88 110 113 114 116
6 56 88 111 113 114 116
6 56 89 90 103 108 116
6 56 89 92 101 106 118
6 56 89 92 103 106 118
6 56 89 94 103 106 116
6 56 89 97 110 114 116
6 56 89 102 104 114 116
6 56 89 106 108 113 118
6 56 89 106 108 117 118
6 56 89 107 110 117 118
6 56 89 110 113 114 116
6 56 90 92 99 108 116
6 56 90 92 101 106 116
6 56 90 92 101 106 118
6 56 90 92 102 105 113
6 56 90 92 102 108 113
6 56 90 92 103 106 116
6 56 90 92 103 108 113
6 56 90 93 103 106 116
6 56 90 97 98 108 116
6 56 90 97 108 114 116
6 56 90 98 101 104 116
6 56 90 98 108 113 116
6 56 90 106 108 113 116
6 56 90 106 108 117 118
6 56 90 108 113 114 116
6 56 91 97 98 108 116
6 56 92 97 98 104 112
6 56 92 97 98 104 116
6 56 92 97 100 104 114
6 56 92 97 102 104 112
6 56 92 97 102 104 114
6 56 92 97 104 114 116
6 56 92 98 100 104 112
6 56 92 99 100 104 112
6 56 92 99 101 104 114
6 56 92 99 102 104 112
6 56 92 99 104 113 118
6 56 92 99 104 114 116
6 56 92 99 108 113 114
6 56 92 100 104 113 114
6 56 92 101 106 113 114
6 56 92 102 104 113 114
6 56 92 103 104 113 114
6 56 92 105 108 114 116
6 56 92 106 108 113 118
6 56 92 106 109 115 118
6 56 93 97 102 104 114
6 56 93 97 106 114 116
6 56 93 106 108 115 118
6 56 94 97 98 104 116
6 56 94 97 100 104 112
6 56 94 97 102 104 112
6 56 94 97 104 114 116
6 56 94 98 100 104 112
6 56 94 98 100 104 113
6 56 94 98 101 104 112
6 56 94 98 104 113 116
6 56 94 99 101 104 112
6 56 94 101 104 113 114
6 56 94 105 106 113 116
6 56 94 105 108 114 117
6 56 94 105 110 115 117
6 56 94 106 108 113 116
6 56 94 106 108 113 118
6 56 95 97 98 104 116
6 56 95 97 102 104 112
6 56 95 97 104 114 116
6 56 95 98 100 104 112
6 56 95 105 108 114 116
6 56 95 106 108 113 118
6 57 58 66 72 84 100
6 57 58 66 76 84 100
6 57 58 67 76 84 100
6 57 58 70 73 84 100
6 57 58 75 85 102 124
6 57 58 77 86 102 120
6 57 58 78 90 101 116
6 57 60 69 70 74 114
6 57 60 69 74 82 102
6 57 60 70 72 80 98
6 57 60 70 76 82 98
6 57 60 71 89 106 118
6 57 60 71 90 102 120
6 57 60 71 90 106 116
6 57 62 65 72 82 100
6 57 62 65 74 84 100
6 57 62 66 68 72 112
6 57 62 66 68 80 96
6 57 62 66 72 80 100
6 57 62 67 69 74 116
6 57 62 68 72 80 96
6 57 62 69 72 80 98
6 57 62 69 74 82 100
6 57 62 70 72 80 96
6 57 62 71 72 80 96
6 57 65 70 76 116 122
6 57 65 70 82 100 104
6 57 65 70 88 98 100
6 57 65 70 88 98 116
6 57 65 70 92 108 114
6 57 65 70 98 100 120
6 57 65 70 98 104 116
6 57 65 70 98 116 120
6 57 65 70 104 114 116
6 57 65 70 108 116 122
6 57 65 70 114 116 120
6 57 65 74 84 98 100
6 57 65 74 84 102 112
6 57 65 76 82 98 116
6 57 65 76 84 102 122
6 57 65 76 86 102 120
6 57 65 76 86 106 116
6 57 65 76 102 116 122
6 57 65 78 86 102 120
6 57 65 78 86 106 116
6 57 65 78 104 114 116
6 57 65 78 114 116 120
6 57 65 78 118 122 124
6 57 65 82 84 102 104
6 57 65 82 98 108 116
6 57 65 82 102 108 112
6 57 65 82 110 116 120
6 57 65 86 98 100 120
6 57 65 86 98 108 120
6 57 65 86 102 106 124
6 57 65 86 102 122 124
6 57 65 86 106 108 116
6 57 65 86 110 114 124
6 57 65 86 110 116 120
6 57 65 88 110 114 116
6 57 65 90 98 108 116
6 57 65 90 102 108 116
6 57 65 90 108 114 116
6 57 65 90 108 118 120
6 57 65 90 110 118 124
6 57 65 92 102 104 114
6 57 65 92 102 108 114
6 57 65 92 102 114 120
6 57 65 92 102 116 122
6 57 65 92 108 118 122
6 57 65 92 110 114 116
6 57 65 92 110 118 120
6 57 65 94 98 100 112
6 57 65 94 98 100 120
6 57 65 94 98 104 116
6 57 65 94 98 108 116
6 57 65 94 102 104 112
6 57 65 94 102 106 116
6 57 65 94 110 114 116
6 57 65 94 110 118 120
6 57 67 69 78 118 120
6 57 67 69 90 108 118
6 57 67 69 110 118 120
6 57 67 70 92 108 114
6 57 67 70 108 116 122
6 57 67 76 84 100 122
6 57 67 76 86 102 120
6 57 67 86 106 108 116
6 57 67 86 110 116 120
6 57 67 90 102 108 116
6 57 67 92 102 108 114
6 57 67 92 102 116 122
6 57 67 92 108 116 122
6 57 67 92 108 118 120
6 57 67 92 108 118 122
6 57 67 92 110 114 116
6 57 67 92 110 118 120
6 57 67 94 98 108 116
6 57 67 94 100 104 112
6 57 69 70 74 114 124
6 57 69 74 82 102 124
6 57 69 74 86 108 114
6 57 69 74 102 114 124
6 57 69 78 104 114 116
6 57 69 78 114 116 120
6 57 69 78 118 122 124
6 57 69 82 110 116 120
6 57 69 84 110 114 120
6 57 69 86 100 106 120
6 57 69 88 110 114 116
6 57 69 90 102 104 116
6 57 69 90 102 116 120
6 57 69 90 108 114 116
6 57 69 90 108 118 120
6 57 69 90 110 118 124
6 57 69 92 100 106 114
6 57 69 92 102 114 120
6 57 69 92 108 118 122
6 57 69 92 110 118 120
6 57 69 92 110 118 122
6 57 69 94 98 100 120
6 57 69 94 98 104 116
6 57 69 94 100 104 114
6 57 69 94 102 104 112
6 57 69 94 110 115 124
6 57 69 94 110 118 120
6 57 70 73 84 100 122
6 57 70 74 82 101 124
6 57 70 74 85 108 114
6 57 70 74 101 114 124
6 57 70 76 88 98 116
6 57 70 76 97 116 122
6 57 70 81 108 116 122
6 57 70 82 88 100 104
6 57 70 88 98 100 112
6 57 70 88 98 104 116
6 57 70 88 98 108 116
6 57 70 88 104 114 116
6 57 70 90 98 108 116
6 57 70 90 108 114 116
6 57 70 92 97 100 122
6 57 70 92 101 106 114
6 57 70 92 108 116 122
6 57 71 78 114 116 120
6 57 71 82 110 116 120
6 57 71 89 106 118 124
6 57 71 89 110 114 116
6 57 71 90 98 108 116
6 57 71 90 108 114 116
6 57 71 90 108 118 120
6 57 71 90 110 113 116
6 57 71 92 108 116 122
6 57 71 94 97 106 116
6 57 71 94 98 100 120
6 57 71 94 100 104 112
6 57 71 102 113 122 124
6 57 71 105 118 122 124
6 57 71 110 113 114 124
6 57 71 110 114 116 120
6 57 73 76 84 102 114
6 57 73 78 84 100 114
6 57 73 78 114 116 120
6 57 73 82 84 102 104
6 57 73 82 102 104 116
6 57 73 82 102 116 120
6 57 73 84 102 108 114
6 57 73 86 98 100 120
6 57 73 86 98 104 116
6 57 73 86 98 108 112
6 57 73 86 102 104 112
6 57 73 86 102 122 124
6 57 73 86 110 114 124
6 57 73 86 110 116 120
6 57 73 88 102 114 116
6 57 73 88 110 114 116
6 57 73 90 108 114 116
6 57 73 92 102 114 120
6 57 73 92 102 116 122
6 57 73 92 110 114 116
6 57 73 94 98 100 112
6 57 73 94 110 114 116
6 57 74 81 108 118 120
6 57 74 84 88 98 100
6 57 74 84 98 100 112
6 57 74 84 98 100 120
6 57 74 84 102 104 112
6 57 74 86 109 114 124
6 57 74 92 103 118 120
6 57 74 92 108 115 118
6 57 75 76 84 100 114
6 57 75 85 102 122 124
6 57 75 85 110 118 120
6 57 75 86 98 108 116
6 57 75 86 102 113 124
6 57 75 88 110 117 118
6 57 75 92 103 118 120
6 57 75 110 117 118 120
6 57 76 81 102 116 122
6 57 76 82 84 102 104
6 57 76 82 98 104 116
6 57 76 82 98 116 120
6 57 76 84 97 102 122
6 57 76 84 99 100 122
6 57 76 84 100 114 120
6 57 76 84 100 115 122
6 57 76 84 102 113 122
6 57 76 86 97 100 122
6 57 76 86 97 102 120
6 57 76 86 97 106 116
6 57 76 86 100 106 113
6 57 76 86 106 113 116
6 57 76 86 107 116 120
6 57 76 88 104 114 116
6 57 76 88 106 117 118
6 57 76 89 102 116 122
6 57 76 90 97 102 116
6 57 76 90 101 118 120
6 57 76 90 102 116 120
6 57 76 90 103 116 120
6 57 77 86 102 122 124
6 57 77 86 106 114 116
6 57 77 90 99 118 124
6 57 77 94 110 115 116
6 57 77 99 118 122 124
6 57 78 81 98 100 112
6 57 78 81 98 116 120
6 57 78 81 102 114 124
6 57 78 81 102 116 120
6 57 78 81 104 114 116
6 57 78 81 108 114 116
6 57 78 82 102 113 124
6 57 78 82 102 116 120
6 57 78 84 100 113 122
6 57 78 84 100 114 120
6 57 78 84 100 115 120
6 57 78 84 108 113 114
6 57 78 85 102 114 120
6 57 78 85 106 114 116
6 57 78 86 97 98 124
6 57 78 86 97 100 120
6 57 78 86 97 102 120
6 57 78 86 97 106 116
6 57 78 86 98 100 120
6 57 78 86 98 101 120
6 57 78 86 98 105 116
6 57 78 86 102 113 120
6 57 78 86 102 122 124
6 57 78 86 106 113 116
6 57 78 87 98 100 120
6 57 78 88 104 113 118
6 57 78 88 104 114 116
6 57 78 88 106 117 118
6 57 78 88 108 113 118
6 57 78 88 108 115 116
6 57 78 89 99 118 124
6 57 78 89 102 114 116
6 57 78 89 103 118 120
6 57 78 90 97 102 116
6 57 78 90 98 101 116
6 57 78 90 101 118 120
6 57 78 90 102 117 120
6 57 78 90 108 113 118
6 57 78 90 108 114 117
6 57 78 92 97 100 114
6 57 78 92 101 118 122
6 57 78 92 108 114 116
6 57 78 97 104 114 116
6 57 78 97 114 116 120
6 57 78 104 113 114 116
6 57 78 108 113 114 116
6 57 78 108 113 118 120
6 57 78 108 115 116 120
6 57 78 113 114 116 120
6 57 79 82 102 116 120
6 57 79 84 100 114 120
6 57 79 88 104 114 116
6 57 79 102 114 116 120
6 57 79 110 113 114 116
6 57 79 113 118 122 124
6 57 81 84 102 108 122
6 57 81 86 102 106 124
6 57 81 86 106 108 112
6 57 81 86 106 108 116
6 57 81 90 98 108 116
6 57 81 90 102 108 116
6 57 81 92 102 104 114
6 57 81 92 102 106 112
6 57 81 92 102 106 116
6 57 81 92 102 108 114
6 57 81 94 102 106 116
6 57 81 94 102 108 112
6 57 82 84 97 110 112
6 57 82 84 97 110 120
6 57 82 84 102 104 112
6 57 82 84 103 110 120
6 57 82 88 97 110 116
6 57 82 92 97 110 112
6 57 82 92 97 110 116
6 57 82 92 99 110 116
6 57 82 92 102 106 116
6 57 82 93 102 106 116
6 57 83 92 101 110 114
6 57 83 92 102 108 114
6 57 83 94 101 110 112
6 57 83 105 110 118 124
6 57 83 109 118 122 124
6 57 84 88 101 110 114
6 57 84 90 101 102 120
6 57 84 90 101 110 112
6 57 84 90 102 108 112
6 57 84 90 102 108 113
6 57 84 90 103 108 112
6 57 84 91 102 108 112
6 57 85 88 106 108 118
6 57 85 90 102 106 124
6 57 85 90 102 108 112
6 57 85 90 102 108 114
6 57 85 90 102 108 120
6 57 85 90 105 110 118
6 57 85 106 108 118 120
6 57 86 88 97 110 112
6 57 86 88 106 108 113
6 57 86 88 106 108 116
6 57 86 89 101 110 114
6 57 86 89 102 106 124
6 57 86 89 102 108 114
6 57 86 90 101 108 114
6 57 86 90 101 110 112
6 57 86 90 102 108 112
6 57 86 90 102 108 113
6 57 86 90 102 108 120
6 57 86 90 102 109 112
6 57 86 90 103 108 120
6 57 86 97 106 108 116
6 57 86 97 108 114 120
6 57 86 97 108 116 122
6 57 86 97 110 116 120
6 57 86 105 108 116 122
6 57 86 106 108 113 116
6 57 86 106 108 113 120
6 57 86 110 113 116 120
6 57 86 111 113 122 124
6 57 87 88 105 110 118
6 57 87 88 106 108 116
6 57 87 88 106 108 118
6 57 87 97 110 122 124
6 57 87 102 105 122 124
6 57 87 105 106 118 124
6 57 87 105 110 114 124
6 57 87 105 110 118 120
6 57 87 106 108 116 120
6 57 87 106 108 118 120
6 57 89 90 102 108 116
6 57 89 92 103 106 118
6 57 89 94 103 106 116
6 57 89 99 110 118 124
6 57 89 102 108 116 122
6 57 89 103 106 118 124
6 57 89 103 110 118 120
6 57 89 103 118 122 124
6 57 89 110 114 116 120
6 57 89 110 118 122 124
6 57 89 110 119 122 124
6 57 90 92 99 108 116
6 57 90 92 101 102 120
6 57 90 92 101 106 118
6 57 90 92 102 105 116
6 57 90 92 102 106 116
6 57 90 92 103 105 118
6 57 90 92 103 106 116
6 57 90 97 98 108 116
6 57 90 97 102 108 116
6 57 90 97 108 114 116
6 57 90 97 108 118 120
6 57 90 101 102 116 120
6 57 90 101 108 118 120
6 57 90 102 108 113 116
6 57 90 103 108 116 120
6 57 90 105 108 114 116
6 57 90 107 117 118 124
6 57 90 108 113 114 116
6 57 90 108 113 118 120
6 57 90 110 113 116 120
6 57 90 111 113 118 124
6 57 90 111 117 118 120
6 57 91 101 110 118 124
6 57 91 102 108 116 120
6 57 91 109 118 122 124
6 57 91 110 114 117 124
6 57 92 97 102 104 114
6 57 92 97 102 114 120
6 57 93 97 110 118 122
6 57 93 99 108 118 122
6 57 93 99 110 118 120
6 57 93 101 110 118 122
6 57 93 102 106 114 116
6 57 93 102 106 114 124
6 57 93 110 113 118 122
6 57 93 110 114 116 120
6 57 93 110 115 118 120
6 57 93 110 119 122 124
6 57 94 97 98 100 112
6 57 94 97 98 100 120
6 57 94 97 98 104 116
6 57 94 97 98 108 116
6 57 94 97 98 116 120
6 57 94 97 102 104 112
6 57 94 97 102 106 116
6 57 94 97 102 114 124
6 57 94 97 102 116 120
6 57 94 97 102 122 124
6 57 94 97 104 114 116
6 57 94 97 106 116 120
6 57 94 97 106 118 124
6 57 94 97 108 114 116
6 57 94 97 108 116 122
6 57 94 97 108 118 120
6 57 94 97 110 114 116
6 57 94 97 110 118 120
6 57 94 98 100 104 112
6 57 94 98 108 116 120
6 57 94 99 101 106 116
6 57 94 99 108 116 120
6 57 94 101 102 105 114
6 57 94 101 106 114 116
6 57 94 101 106 114 124
6 57 94 101 106 116 120
6 57 94 101 106 118 120
6 57 94 101 108 116 122
6 57 94 101 108 118 122
6 57 94 101 110 115 124
6 57 94 102 105 114 116
6 57 94 102 105 114 124
6 57 94 102 105 116 120
6 57 94 102 106 113 116
6 57 94 102 108 116 120
6 57 94 102 108 116 122
6 57 94 103 108 116 122
6 57 94 103 113 122 124
6 57 94 105 108 114 116
6 57 94 106 108 113 118
6 57 94 110 113 114 116
6 57 94 110 113 114 124
6 57 94 110 113 116 120
6 57 94 110 113 118 120
6 57 94 110 114 116 120
6 57 94 110 114 117 120
6 57 94 110 115 117 120
6 57 94 110 117 122 124
6 57 94 110 118 122 124
6 57 94 110 119 122 124
6 57 94 111 113 114 116
6 57 94 111 113 114 124
6 57 94 111 113 118 120
6 57 94 111 114 116 120
6 57 94 111 114 117 120
6 57 94 111 119 122 124
6 57 95 97 102 106 116
6 57 95 97 102 122 124
6 57 95 97 106 118 124
6 57 95 97 110 114 116
6 57 95 97 110 118 120
6 57 95 99 108 118 120
6 57 95 101 108 118 122
6 57 95 102 108 116 122
6 57 95 103 108 116 122
6 57 95 106 108 113 118
6 57 95 111 114 116 120
6 57 95 111 119 122 124
6 58 60 65 68 72 112
6 58 60 65 68 80 96
6 58 60 65 70 72 112
6 58 60 65 70 80 96
6 58 60 65 70 88 100
6 58 60 65 72 80 96
6 58 60 65 72 80 100
6 58 60 65 72 80 102
6 58 60 65 72 82 100
6 58 60 65 74 84 100
6 58 60 67 70 73 116
6 58 60 67 76 84 97
6 58 60 68 72 80 96
6 58 60 68 72 80 97
6 58 60 69 70 74 113
6 58 60 69 70 88 97
6 58 60 69 70 88 98
6 58 60 69 72 80 96
6 58 60 69 72 80 98
6 58 60 69 72 82 97
6 58 60 69 74 82 100
6 58 60 69 74 84 97
6 58 60 70 72 80 96
6 58 60 70 72 80 97
6 58 60 70 72 81 97
6 58 60 70 74 84 97
6 58 60 70 76 81 97
6 58 60 71 72 80 96
6 58 60 71 72 80 97
6 58 60 71 89 105 118
6 58 60 71 90 108 113
6 58 60 71 92 102 121
6 58 60 75 85 103 120
6 58 60 77 83 105 118
6 58 60 77 86 102 121
6 58 60 78 83 101 120
6 58 60 79 83 101 112
6 58 60 85 90 102 105
6 58 61 66 72 80 100
6 58 61 67 70 88 100
6 58 61 67 74 84 100
6 58 61 70 72 80 96
6 58 61 70 73 82 100
6 58 65 66 76 116 120
6 58 65 66 84 100 104
6 58 65 66 84 100 120
6 58 65 66 84 108 112
6 58 65 66 88 108 116
6 58 65 66 92 108 116
6 58 65 66 108 116 120
6 58 65 70 76 116 120
6 58 65 70 88 108 116
6 58 65 70 108 116 120
6 58 65 76 84 100 120
6 58 65 76 84 102 120
6 58 65 76 102 116 120
6 58 65 82 108 116 120
6 58 65 84 100 104 112
6 58 65 88 98 108 116
6 58 65 88 108 114 116
6 58 65 90 108 116 120
6 58 65 92 98 100 112
6 58 65 92 98 100 120
6 58 65 92 98 104 116
6 58 65 92 98 108 116
6 58 65 92 100 104 112
6 58 65 92 102 104 112
6 58 65 92 102 106 116
6 58 65 92 108 114 116
6 58 65 92 108 116 120
6 58 65 92 108 118 120
6 58 65 92 110 114 116
6 58 65 92 110 118 120
6 58 65 94 98 108 116
6 58 66 69 76 116 120
6 58 66 69 88 100 112
6 58 66 69 88 104 116
6 58 66 69 88 108 116
6 58 66 69 100 104 112
6 58 66 69 108 116 120
6 58 66 73 84 100 112
6 58 66 73 84 100 120
6 58 66 76 81 100 112
6 58 66 76 84 100 120
6 58 66 76 84 100 121
6 58 66 76 84 101 120
6 58 66 76 88 97 116
6 58 66 76 97 116 120
6 58 66 76 100 113 120
6 58 66 76 101 116 120
6 58 66 76 104 113 116
6 58 66 76 113 116 120
6 58 66 81 108 116 120
6 58 66 84 88 97 100
6 58 66 84 97 100 104
6 58 66 84 97 100 120
6 58 66 84 97 108 112
6 58 66 84 100 104 112
6 58 66 84 100 104 113
6 58 66 84 100 105 112
6 58 66 84 100 113 120
6 58 66 84 101 104 112
6 58 66 84 108 113 120
6 58 66 85 100 104 112
6 58 66 88 97 108 116
6 58 66 88 101 104 116
6 58 66 88 108 113 116
6 58 66 92 97 100 112
6 58 66 92 97 100 120
6 58 66 92 97 104 116
6 58 66 92 97 108 116
6 58 66 92 100 104 112
6 58 66 92 100 104 113
6 58 66 92 101 104 112
6 58 66 92 101 116 120
6 58 66 92 108 113 116
6 58 66 92 108 113 120
6 58 66 92 108 116 120
6 58 66 92 108 116 121
6 58 66 92 108 117 120
6 58 66 93 100 104 112
6 58 67 69 76 116 120
6 58 67 69 88 108 116
6 58 67 69 108 116 120
6 58 67 70 76 117 120
6 58 67 70 88 108 116
6 58 67 70 92 101 120
6 58 67 70 92 108 113
6 58 67 70 108 116 120
6 58 67 70 108 117 120
6 58 67 76 84 100 120
6 58 67 76 84 101 120
6 58 67 76 101 116 120
6 58 67 77 86 108 113
6 58 67 81 108 116 120
6 58 67 85 102 105 124
6 58 67 88 97 108 116
6 58 67 88 101 104 116
6 58 67 88 108 113 116
6 58 67 92 97 104 116
6 58 67 92 97 108 116
6 58 67 92 98 108 116
6 58 67 92 101 104 112
6 58 67 92 101 106 116
6 58 67 92 101 116 120
6 58 67 92 102 108 113
6 58 67 92 108 113 116
6 58 67 92 108 113 120
6 58 67 92 108 114 116
6 58 67 92 108 116 120
6 58 67 92 108 118 120
6 58 69 70 74 113 124
6 58 69 73 76 114 116
6 58 69 73 108 114 116
6 58 69 74 76 113 116
6 58 69 74 81 108 116
6 58 69 74 84 100 120
6 58 69 74 84 108 113
6 58 69 74 108 113 116
6 58 69 76 81 106 116
6 58 69 76 82 104 116
6 58 69 76 84 99 120
6 58 69 76 84 106 113
6 58 69 76 88 99 116
6 58 69 76 98 116 120
6 58 69 76 99 116 120
6 58 69 76 100 114 120
6 58 69 76 100 114 121
6 58 69 76 104 114 116
6 58 69 76 105 114 116
6 58 69 76 106 113 116
6 58 69 76 114 116 120
6 58 69 76 114 116 121
6 58 69 82 108 116 120
6 58 69 82 110 116 120
6 58 69 84 108 114 120
6 58 69 84 108 114 121
6 58 69 86 97 108 120
6 58 69 86 98 108 120
6 58 69 88 98 108 116
6 58 69 88 99 108 116
6 58 69 88 100 104 112
6 58 69 88 108 114 116
6 58 69 89 98 108 116
6 58 69 90 97 108 116
6 58 69 90 98 108 116
6 58 69 90 108 113 116
6 58 69 90 108 116 120
6 58 69 90 108 116 121
6 58 69 92 97 106 116
6 58 69 92 98 100 120
6 58 69 92 98 104 116
6 58 69 92 98 108 113
6 58 69 92 100 104 112
6 58 69 92 100 104 114
6 58 69 92 100 106 113
6 58 69 92 105 114 116
6 58 69 92 108 113 114
6 58 69 92 108 116 120
6 58 69 92 108 118 120
6 58 69 92 110 118 120
6 58 69 94 100 104 112
6 58 70 73 84 100 120
6 58 70 73 92 101 114
6 58 70 73 101 114 124
6 58 70 74 77 113 116
6 58 70 74 81 108 116
6 58 70 74 85 105 116
6 58 70 74 108 113 116
6 58 70 74 109 113 116
6 58 70 76 82 105 117
6 58 70 76 88 97 116
6 58 70 76 97 116 120
6 58 70 76 100 113 120
6 58 70 76 104 113 116
6 58 70 76 113 116 120
6 58 70 77 98 117 120
6 58 70 81 108 116 120
6 58 70 82 105 117 124
6 58 70 84 108 113 120
6 58 70 85 97 108 120
6 58 70 85 98 105 124
6 58 70 85 98 108 120
6 58 70 85 105 108 114
6 58 70 88 97 108 116
6 58 70 88 98 108 116
6 58 70 88 108 113 116
6 58 70 89 97 108 116
6 58 70 89 98 101 124
6 58 70 89 98 108 116
6 58 70 89 98 108 117
6 58 70 89 101 114 124
6 58 70 89 108 114 117
6 58 70 90 109 117 124
6 58 70 92 97 100 120
6 58 70 92 97 104 116
6 58 70 92 98 105 117
6 58 70 92 98 108 113
6 58 70 92 100 104 112
6 58 70 92 100 104 113
6 58 70 92 101 106 113
6 58 70 92 101 114 121
6 58 70 92 108 113 120
6 58 70 92 108 116 120
6 58 70 92 108 116 121
6 58 70 92 108 117 120
6 58 70 93 100 104 112
6 58 71 81 109 114 124
6 58 71 84 108 113 120
6 58 71 89 98 108 116
6 58 71 89 101 114 124
6 58 71 89 105 118 124
6 58 71 92 108 113 120
6 58 71 93 97 106 116
6 58 71 98 108 116 121
6 58 73 76 84 100 114
6 58 73 76 84 101 114
6 58 73 76 117 118 120
6 58 73 82 101 104 116
6 58 73 83 110 117 124
6 58 73 84 100 104 112
6 58 73 88 104 117 118
6 58 73 88 108 113 118
6 58 73 88 108 114 116
6 58 73 88 108 114 117
6 58 73 88 108 117 118
6 58 73 90 103 117 124
6 58 73 92 101 114 120
6 58 73 92 101 118 120
6 58 73 92 102 113 120
6 58 73 92 102 116 120
6 58 73 92 102 117 120
6 58 73 92 108 113 114
6 58 73 92 108 113 118
6 58 73 92 108 114 116
6 58 73 92 108 114 117
6 58 73 92 110 114 116
6 58 73 92 110 115 117
6 58 73 94 103 113 124
6 58 73 94 103 117 120
6 58 74 76 81 97 116
6 58 74 76 84 100 112
6 58 74 76 84 100 113
6 58 74 76 84 101 112
6 58 74 76 113 116 120
6 58 74 76 117 118 120
6 58 74 77 84 102 113
6 58 74 81 97 108 116
6 58 74 81 108 116 120
6 58 74 84 101 104 112
6 58 74 84 108 113 120
6 58 74 85 100 104 112
6 58 74 88 108 113 116
6 58 74 88 108 117 118
6 58 74 92 97 100 112
6 58 74 92 101 116 120
6 58 74 92 101 118 120
6 58 74 92 102 117 120
6 58 74 92 108 113 116
6 58 74 92 108 113 118
6 58 74 92 108 114 117
6 58 75 77 117 118 120
6 58 75 85 97 102 124
6 58 75 85 102 113 124
6 58 75 85 105 118 124
6 58 75 85 109 118 120
6 58 75 88 108 117 118
6 58 75 92 102 117 120
6 58 75 92 105 117 118
6 58 75 92 108 114 117
6 58 75 105 117 118 124
6 58 75 108 117 118 120
6 58 76 81 84 102 104
6 58 76 81 101 106 116
6 58 76 81 102 116 120
6 58 76 82 101 116 120
6 58 76 83 84 101 104
6 58 76 83 101 116 120
6 58 76 84 88 97 100
6 58 76 84 88 97 102
6 58 76 84 88 98 101
6 58 76 84 88 99 100
6 58 76 84 88 99 101
6 58 76 84 97 100 120
6 58 76 84 97 102 120
6 58 76 84 98 100 120
6 58 76 84 98 100 121
6 58 76 84 98 101 120
6 58 76 84 99 100 120
6 58 76 84 99 101 120
6 58 76 84 100 106 113
6 58 76 84 100 114 120
6 58 76 84 100 114 121
6 58 76 84 100 115 120
6 58 76 84 101 106 113
6 58 76 84 101 114 120
6 58 76 84 101 115 120
6 58 76 84 102 113 120
6 58 76 85 98 100 120
6 58 76 85 99 100 120
6 58 76 85 100 104 114
6 58 76 85 101 114 120
6 58 76 86 97 100 120
6 58 76 86 100 104 113
6 58 76 86 105 116 120
6 58 76 88 104 117 118
6 58 76 89 101 118 120
6 58 76 90 101 116 120
6 58 77 81 102 116 120
6 58 77 82 102 113 124
6 58 77 82 102 116 120
6 58 77 83 102 113 124
6 58 77 83 105 118 124
6 58 77 84 100 114 120
6 58 77 84 101 114 120
6 58 77 84 102 113 120
6 58 77 85 102 105 114
6 58 77 86 98 108 113
6 58 77 86 100 104 113
6 58 77 86 101 106 113
6 58 77 86 101 114 120
6 58 77 86 102 105 113
6 58 77 86 102 113 120
6 58 77 86 102 121 124
6 58 77 86 106 113 116
6 58 77 86 108 113 114
6 58 77 88 104 113 118
6 58 77 88 104 114 116
6 58 77 88 104 117 118
6 58 77 88 106 117 118
6 58 77 88 108 113 118
6 58 77 90 102 117 120
6 58 77 90 105 117 118
6 58 77 90 108 113 118
6 58 77 97 104 114 116
6 58 77 97 114 116 120
6 58 77 101 114 116 120
6 58 77 102 113 114 124
6 58 77 102 113 116 120
6 58 77 102 114 116 120
6 58 77 106 113 118 124
6 58 77 106 117 118 120
6 58 77 108 113 118 120
6 58 78 81 97 104 116
6 58 78 81 97 116 120
6 58 78 84 100 113 120
6 58 78 84 101 113 120
6 58 78 85 97 100 120
6 58 78 85 98 100 120
6 58 78 85 105 114 116
6 58 78 86 102 121 124
6 58 78 86 103 121 124
6 58 78 88 104 113 116
6 58 78 88 104 117 118
6 58 78 88 105 117 118
6 58 78 88 108 113 116
6 58 78 88 108 114 117
6 58 78 89 98 101 116
6 58 78 89 101 118 120
6 58 78 89 105 117 118
6 58 78 89 108 114 117
6 58 78 90 101 116 120
6 58 78 90 108 113 116
6 58 78 92 101 113 120
6 58 78 92 108 113 116
6 58 78 92 108 114 116
6 58 78 92 108 115 116
6 58 78 92 109 115 116
6 58 78 98 117 121 124
6 58 78 101 114 116 121
6 58 78 105 114 117 124
6 58 78 105 117 118 120
6 58 78 108 113 116 120
6 58 78 108 114 117 120
6 58 78 108 114 117 121
6 58 78 114 117 121 124
6 58 79 81 101 114 124
6 58 79 81 109 114 116
6 58 79 88 104 117 118
6 58 79 88 105 117 118
6 58 79 92 108 115 116
6 58 79 101 113 114 124
6 58 79 105 117 118 120
6 58 81 82 97 108 116
6 58 81 82 101 108 112
6 58 81 84 101 110 120
6 58 81 84 102 108 120
6 58 81 84 102 109 120
6 58 81 84 109 110 112
6 58 81 88 98 108 116
6 58 81 88 102 109 112
6 58 81 90 97 108 116
6 58 81 92 97 102 120
6 58 81 92 98 100 104
6 58 81 92 98 101 120
6 58 81 92 101 106 112
6 58 81 92 101 106 116
6 58 81 92 102 105 112
6 58 81 92 102 105 116
6 58 81 92 102 106 116
6 58 81 92 102 108 112
6 58 81 92 102 108 114
6 58 81 92 102 109 112
6 58 81 94 99 109 116
6 58 82 84 97 108 112
6 58 82 84 97 108 120
6 58 82 84 101 108 120
6 58 82 84 101 110 120
6 58 82 84 102 109 120
6 58 82 84 105 108 112
6 58 82 84 109 110 112
6 58 82 85 102 105 124
6 58 82 85 102 109 120
6 58 82 88 97 108 116
6 58 82 88 101 104 116
6 58 82 88 101 108 112
6 58 82 92 97 108 112
6 58 82 92 97 108 116
6 58 82 92 97 110 116
6 58 82 92 100 105 112
6 58 82 92 101 104 112
6 58 82 92 101 106 116
6 58 82 92 101 108 112
6 58 82 92 102 105 116
6 58 82 92 102 109 112
6 58 82 92 102 109 113
6 58 83 84 101 108 120
6 58 83 85 109 110 112
6 58 83 92 101 108 112
6 58 83 92 101 108 114
6 58 83 92 101 108 120
6 58 83 92 102 109 112
6 58 83 92 105 110 117
6 58 83 93 101 110 112
6 58 83 101 108 116 120
6 58 83 102 109 116 120
6 58 83 105 110 117 124
6 58 84 88 97 100 112
6 58 84 88 97 108 112
6 58 84 88 98 109 112
6 58 84 88 101 108 112
6 58 84 88 101 108 114
6 58 84 88 102 108 112
6 58 84 88 102 108 113
6 58 84 88 102 109 112
6 58 84 89 101 110 112
6 58 84 89 102 108 112
6 58 84 89 102 108 113
6 58 84 90 101 108 112
6 58 84 90 101 108 113
6 58 85 88 105 108 118
6 58 85 88 105 110 118
6 58 85 88 106 108 113
6 58 85 88 106 108 116
6 58 85 88 106 108 118
6 58 85 89 101 110 114
6 58 85 90 101 108 112
6 58 85 90 101 108 114
6 58 85 90 101 108 120
6 58 85 90 102 105 124
6 58 85 90 102 108 121
6 58 85 90 102 109 112
6 58 85 90 103 105 124
6 58 85 90 105 108 118
6 58 85 92 98 100 104
6 58 85 97 98 108 120
6 58 85 97 108 114 120
6 58 85 98 108 116 120
6 58 85 101 106 108 114
6 58 85 101 106 114 124
6 58 85 102 105 108 114
6 58 85 102 105 114 124
6 58 85 105 108 118 120
6 58 85 105 110 114 116
6 58 85 105 110 118 120
6 58 85 106 108 113 120
6 58 85 106 108 116 120
6 58 85 106 108 118 120
6 58 85 110 114 116 121
6 58 85 110 114 121 124
6 58 86 88 97 108 112
6 58 86 88 105 108 113
6 58 86 88 106 108 117
6 58 86 88 106 109 117
6 58 86 89 101 108 114
6 58 86 89 101 110 112
6 58 86 92 97 100 104
6 58 86 92 101 105 112
6 58 86 92 101 105 114
6 58 86 92 101 106 120
6 58 86 93 97 100 104
6 58 86 101 106 121 124
6 58 86 105 108 113 120
6 58 86 106 108 117 120
6 58 86 106 108 117 121
6 58 86 106 109 117 120
6 58 86 109 114 121 124
6 58 87 88 105 108 118
6 58 87 88 105 110 117
6 58 87 88 106 108 117
6 58 87 88 106 109 116
6 58 87 105 108 118 120
6 58 87 105 110 113 124
6 58 87 105 110 117 120
6 58 87 106 108 117 120
6 58 87 106 109 116 120
6 58 89 92 102 105 116
6 58 89 92 103 105 118
6 58 89 92 103 106 116
6 58 89 97 110 118 124
6 58 89 98 108 116 120
6 58 89 101 102 114 124
6 58 89 101 106 118 124
6 58 89 101 110 114 116
6 58 89 101 110 118 120
6 58 89 102 108 116 120
6 58 89 106 108 117 118
6 58 89 110 113 118 124
6 58 89 110 114 117 124
6 58 89 110 117 118 120
6 58 90 92 101 102 120
6 58 90 92 101 106 116
6 58 90 92 101 108 113
6 58 90 92 101 108 116
6 58 90 92 102 105 117
6 58 90 97 108 116 120
6 58 90 98 101 108 116
6 58 90 98 109 117 124
6 58 90 101 108 113 116
6 58 90 101 108 114 116
6 58 90 101 108 116 120
6 58 90 101 108 118 120
6 58 90 102 105 117 124
6 58 90 102 108 117 120
6 58 90 102 108 117 121
6 58 90 102 109 113 116
6 58 90 102 109 117 120
6 58 90 102 117 121 124
6 58 90 103 108 117 120
6 58 90 105 108 117 118
6 58 90 105 117 118 124
6 58 90 108 113 116 120
6 58 90 108 117 118 120
6 58 90 109 113 118 124
6 58 90 109 114 117 124
6 58 90 109 117 118 120
6 58 90 110 117 121 124
6 58 91 98 101 108 116
6 58 92 97 98 100 112
6 58 92 97 98 100 120
6 58 92 97 98 104 116
6 58 92 97 98 116 120
6 58 92 97 102 104 112
6 58 92 97 102 106 116
6 58 92 97 104 114 116
6 58 92 97 106 116 120
6 58 92 97 110 114 116
6 58 92 97 110 118 120
6 58 92 98 100 104 112
6 58 92 98 100 104 113
6 58 92 98 100 113 120
6 58 92 98 101 104 112
6 58 92 98 104 113 116
6 58 92 98 108 113 120
6 58 92 99 101 104 112
6 58 92 99 101 106 116
6 58 92 101 104 113 114
6 58 92 101 106 113 120
6 58 92 101 106 114 116
6 58 92 101 106 118 120
6 58 92 101 113 114 120
6 58 92 102 105 113 120
6 58 92 102 105 114 116
6 58 92 102 106 113 116
6 58 92 105 110 115 117
6 58 92 105 114 116 120
6 58 92 106 108 113 118
6 58 92 109 115 118 120
6 58 92 110 113 114 116
6 58 92 110 113 118 120
6 58 92 110 114 116 120
6 58 92 110 114 116 121
6 58 92 110 114 117 120
6 58 92 110 114 117 121
6 58 92 110 115 117 120
6 58 92 111 113 114 116
6 58 92 111 113 118 120
6 58 92 111 114 116 120
6 58 92 111 114 116 121
6 58 92 111 114 117 120
6 58 93 97 102 104 112
6 58 93 97 102 106 116
6 58 93 97 104 114 116
6 58 93 97 106 116 120
6 58 93 97 106 118 124
6 58 93 97 108 114 116
6 58 93 97 108 118 120
6 58 93 97 110 114 116
6 58 93 97 110 118 120
6 58 93 98 100 104 112
6 58 93 98 108 116 120
6 58 93 99 108 114 116
6 58 93 99 108 118 120
6 58 93 101 102 114 120
6 58 93 101 106 114 116
6 58 93 101 106 114 124
6 58 93 101 106 118 120
6 58 93 102 105 114 116
6 58 93 102 105 114 124
6 58 93 102 106 113 116
6 58 93 102 108 113 114
6 58 93 102 108 116 120
6 58 93 106 108 113 118
6 58 93 111 114 116 120
6 58 94 97 98 108 116
6 58 94 97 108 114 116
6 58 94 97 108 116 120
6 58 94 97 108 118 120
6 58 94 98 101 116 121
6 58 94 98 101 121 124
6 58 94 98 105 117 124
6 58 94 98 108 113 116
6 58 94 98 108 116 120
6 58 94 98 108 116 121
6 58 94 98 108 117 120
6 58 94 98 108 117 121
6 58 94 98 109 113 116
6 58 94 98 109 117 120
6 58 94 99 105 117 124
6 58 94 99 108 117 120
6 58 94 99 109 113 116
6 58 94 101 102 105 113
6 58 94 101 105 114 116
6 58 94 101 106 113 124
6 58 94 101 106 116 120
6 58 94 101 106 116 121
6 58 94 101 108 116 121
6 58 94 102 105 113 124
6 58 94 102 105 117 120
6 58 94 102 107 117 124
6 58 94 102 108 116 120
6 58 94 102 108 116 121
6 58 94 102 108 117 121
6 58 94 103 105 113 124
6 58 94 103 105 117 120
6 58 94 103 108 116 121
6 58 94 105 108 114 117
6 58 94 105 108 115 117
6 58 94 106 108 113 116
6 58 94 109 113 114 116
6 58 94 109 113 114 124
6 58 94 109 113 118 120
6 58 94 109 114 116 120
6 58 94 109 114 116 121
6 58 94 109 114 117 120
6 58 94 109 115 116 120
6 58 94 110 113 116 120
6 58 94 110 117 121 124
6 58 94 110 118 121 124
6 58 94 110 119 121 124
6 58 94 111 113 116 120
6 58 94 111 119 121 124
6 58 95 97 98 108 116
6 58 95 97 108 114 116
6 58 95 97 108 116 120
6 58 95 97 108 118 120
6 58 95 98 101 116 120
6 58 95 98 108 113 116
6 58 95 98 108 116 120
6 58 95 98 108 116 121
6 58 95 98 108 117 120
6 58 95 101 106 113 124
6 58 95 101 108 116 120
6 58 95 102 105 113 124
6 58 95 102 107 117 124
6 58 95 102 108 116 120
6 58 95 102 108 116 121
6 58 95 106 108 113 116
6 59 60 68 72 80 96
6 59 61 65 70 74 116
6 59 61 65 74 84 102
6 59 62 66 69 88 100
6 59 62 66 73 84 100
6 59 65 66 76 116 120
6 59 65 66 84 100 104
6 59 65 66 84 100 120
6 59 65 66 84 108 112
6 59 65 66 88 108 116
6 59 65 66 92 108 116
6 59 65 66 108 116 120
6 59 65 70 76 116 120
6 59 65 70 88 108 116
6 59 65 70 108 116 120
6 59 65 76 84 100 122
6 59 65 76 84 102 120
6 59 65 76 102 116 120
6 59 65 82 108 116 120
6 59 65 88 98 108 116
6 59 65 92 98 104 116
6 59 65 92 98 108 116
6 59 65 92 102 116 120
6 59 65 92 108 114 116
6 59 65 92 108 116 122
6 59 65 92 108 118 120
6 59 65 94 98 108 116
6 59 66 76 84 100 120
6 59 66 84 100 104 112
6 59 66 92 100 104 112
6 59 66 92 108 116 120
6 59 67 70 88 108 116
6 59 67 70 108 116 120
6 59 67 76 84 100 120
6 59 67 85 102 108 120
6 59 67 92 97 108 118
6 59 67 92 98 108 116
6 59 67 92 101 102 120
6 59 67 92 101 118 120
6 59 67 92 102 105 116
6 59 67 92 102 116 120
6 59 67 92 108 113 118
6 59 67 92 108 114 116
6 59 67 92 108 116 120
6 59 67 92 108 116 122
6 59 67 92 108 118 120
6 59 69 70 88 104 116
6 59 69 76 100 114 120
6 59 69 76 104 114 116
6 59 69 76 114 116 120
6 59 69 78 118 121 124
6 59 69 84 108 114 120
6 59 69 88 108 114 116
6 59 69 89 110 118 124
6 59 69 90 108 116 120
6 59 69 92 100 104 114
6 59 69 92 102 104 112
6 59 69 92 108 116 122
6 59 69 92 108 118 120
6 59 69 92 108 118 122
6 59 69 92 110 118 120
6 59 69 92 110 118 121
6 59 69 94 100 104 112
6 59 70 73 82 108 116
6 59 70 73 84 100 120
6 59 70 74 85 108 112
6 59 70 74 108 113 116
6 59 70 76 81 104 116
6 59 70 76 97 116 120
6 59 70 81 108 116 120
6 59 70 85 98 108 120
6 59 70 88 97 108 116
6 59 70 88 98 108 116
6 59 70 88 98 108 117
6 59 70 89 98 108 116
6 59 70 92 97 100 120
6 59 70 92 97 104 116
6 59 70 92 98 105 116
6 59 70 92 100 104 112
6 59 70 92 108 116 120
6 59 70 92 108 116 122
6 59 70 92 108 117 122
6 59 71 92 100 104 112
6 59 71 92 108 116 120
6 59 71 92 108 116 122
6 59 71 92 108 117 122
6 59 73 76 84 100 114
6 59 73 76 84 102 112
6 59 73 82 108 116 120
6 59 73 92 102 116 120
6 59 73 92 108 114 116
6 59 74 76 84 100 112
6 59 74 88 108 117 118
6 59 74 92 101 118 120
6 59 74 92 102 117 120
6 59 74 92 108 113 118
6 59 74 92 108 114 117
6 59 75 86 110 117 124
6 59 76 81 102 116 120
6 59 76 84 88 97 102
6 59 76 84 88 99 100
6 59 76 84 97 100 122
6 59 76 84 97 102 120
6 59 76 84 98 100 120
6 59 76 84 99 100 120
6 59 76 84 100 105 114
6 59 76 84 100 113 122
6 59 76 84 100 114 120
6 59 76 84 100 115 120
6 59 76 84 100 121 122
6 59 76 84 102 113 120
6 59 76 86 97 100 120
6 59 76 86 100 104 113
6 59 76 88 104 117 118
6 59 76 89 102 116 120
6 59 77 82 102 116 120
6 59 77 86 97 98 124
6 59 77 86 100 104 112
6 59 77 92 108 115 118
6 59 77 92 110 113 118
6 59 77 92 110 115 116
6 59 78 82 101 116 120
6 59 78 84 100 113 120
6 59 78 85 101 122 124
6 59 78 85 105 118 124
6 59 78 85 108 118 121
6 59 78 86 106 117 124
6 59 78 87 109 114 124
6 59 78 92 101 116 122
6 59 78 92 101 118 120
6 59 78 92 108 113 118
6 59 78 92 108 114 116
6 59 78 92 108 114 117
6 59 78 92 108 115 116
6 59 79 92 108 115 116
6 59 81 84 102 108 120
6 59 81 88 98 108 116
6 59 81 92 98 108 112
6 59 81 92 98 108 116
6 59 81 92 102 108 112
6 59 82 92 97 110 116
6 59 82 92 101 102 120
6 59 82 92 101 106 116
6 59 82 92 101 110 112
6 59 82 92 102 105 116
6 59 82 92 102 109 112
6 59 84 88 101 110 112
6 59 84 88 102 108 112
6 59 84 88 102 108 113
6 59 84 88 103 108 112
6 59 84 89 102 108 112
6 59 85 92 102 108 120
6 59 86 88 105 108 116
6 59 86 92 97 100 104
6 59 86 92 106 108 117
6 59 89 92 101 110 118
6 59 89 92 102 108 116
6 59 89 94 103 108 116
6 59 90 92 101 108 118
6 59 90 92 103 108 116
6 59 93 97 102 106 116
6 59 93 97 102 114 124
6 59 93 97 102 122 124
6 59 93 97 106 118 124
6 59 93 97 110 114 116
6 59 93 97 110 118 120
6 59 93 99 110 118 124
6 59 93 110 113 114 116
6 59 93 110 113 114 124
6 59 93 110 113 118 120
6 59 95 97 98 108 116
6 59 95 98 108 116 120
6 59 95 101 108 116 122
6 59 95 101 108 118 120
6 59 95 102 106 117 124
6 59 95 102 108 116 120
6 59 95 103 108 116 120
6 60 65 66 68 72 112
6 60 65 66 68 104 112
6 60 65 66 72 80 96
6 60 65 66 76 116 120
6 60 65 66 84 104 112
6 60 65 66 88 104 112
6 60 65 66 88 104 116
6 60 65 66 100 104 112
6 60 65 66 108 116 120
6 60 65 68 72 80 98
6 60 65 68 72 98 112
6 60 65 68 88 98 112
6 60 65 68 88 104 114
6 60 65 68 98 104 112
6 60 65 70 88 104 112
6 60 65 70 88 104 114
6 60 65 70 90 106 116
6 60 65 74 84 98 112
6 60 65 74 84 104 114
6 60 65 74 98 116 120
6 60 65 74 100 114 120
6 60 65 74 104 114 116
6 60 65 74 114 116 120
6 60 65 76 82 98 112
6 60 65 76 82 98 120
6 60 65 76 84 98 120
6 60 65 76 88 98 112
6 60 65 76 98 116 120
6 60 65 76 100 114 120
6 60 65 76 114 116 120
6 60 65 78 114 116 120
6 60 65 82 84 98 104
6 60 65 82 98 100 104
6 60 65 82 98 100 120
6 60 65 82 98 108 112
6 60 65 82 98 116 120
6 60 65 82 100 104 112
6 60 65 82 100 106 112
6 60 65 82 106 116 120
6 60 65 82 108 116 120
6 60 65 82 110 116 120
6 60 65 84 98 104 112
6 60 65 84 108 114 120
6 60 65 84 110 114 120
6 60 65 86 100 106 120
6 60 65 86 106 116 120
6 60 65 88 98 104 112
6 60 65 88 98 104 116
6 60 65 88 100 104 114
6 60 65 88 102 104 112
6 60 65 88 102 104 114
6 60 65 88 104 114 116
6 60 65 90 98 104 116
6 60 65 90 98 108 116
6 60 65 90 100 104 112
6 60 65 92 98 100 120
6 60 65 92 98 104 112
6 60 65 92 100 104 114
6 60 65 92 100 106 114
6 60 65 92 102 106 114
6 60 65 92 106 114 116
6 60 65 92 106 118 120
6 60 65 92 108 114 120
6 60 65 92 108 116 122
6 60 65 92 108 118 122
6 60 65 92 110 118 122
6 60 65 94 98 100 120
6 60 65 94 98 104 112
6 60 65 94 100 104 112
6 60 65 94 100 104 114
6 60 66 68 72 80 96
6 60 66 68 88 104 112
6 60 66 88 100 104 112
6 60 66 92 100 104 112
6 60 66 92 108 116 120
6 60 67 68 72 80 96
6 60 67 68 88 104 112
6 60 67 69 74 116 120
6 60 67 69 76 114 120
6 60 67 69 88 104 114
6 60 67 69 90 102 120
6 60 67 69 90 106 116
6 60 67 69 106 118 120
6 60 67 69 108 114 120
6 60 67 70 73 116 122
6 60 67 70 88 104 112
6 60 67 70 92 105 114
6 60 67 70 108 113 122
6 60 67 73 84 98 112
6 60 67 73 84 108 114
6 60 67 73 88 98 116
6 60 67 76 84 97 122
6 60 67 76 84 98 120
6 60 67 76 84 105 114
6 60 67 76 88 97 114
6 60 67 76 88 98 112
6 60 67 76 97 98 112
6 60 67 76 97 114 120
6 60 67 76 97 116 122
6 60 67 76 98 116 120
6 60 67 76 100 113 122
6 60 67 76 100 114 120
6 60 67 76 104 113 114
6 60 67 76 105 114 116
6 60 67 76 113 114 120
6 60 67 76 113 116 122
6 60 67 76 114 116 120
6 60 67 76 116 121 122
6 60 67 78 114 116 120
6 60 67 81 84 98 104
6 60 67 81 88 102 104
6 60 67 81 98 100 104
6 60 67 81 100 104 114
6 60 67 81 108 114 120
6 60 67 81 108 116 122
6 60 67 81 108 118 122
6 60 67 82 100 104 112
6 60 67 82 108 116 120
6 60 67 82 110 116 120
6 60 67 84 88 97 98
6 60 67 84 97 98 120
6 60 67 84 97 104 114
6 60 67 84 97 106 112
6 60 67 84 97 114 120
6 60 67 84 98 104 112
6 60 67 84 100 121 122
6 60 67 84 104 113 114
6 60 67 84 108 113 122
6 60 67 84 108 114 120
6 60 67 86 97 108 122
6 60 67 86 106 116 120
6 60 67 88 97 104 118
6 60 67 88 97 108 114
6 60 67 88 98 104 116
6 60 67 88 100 104 112
6 60 67 88 100 104 114
6 60 67 88 101 104 114
6 60 67 88 102 104 112
6 60 67 88 104 113 118
6 60 67 88 104 114 116
6 60 67 88 108 113 114
6 60 67 90 97 108 116
6 60 67 90 98 108 116
6 60 67 90 100 104 112
6 60 67 90 102 108 113
6 60 67 92 97 98 112
6 60 67 92 97 98 120
6 60 67 92 97 100 122
6 60 67 92 97 102 122
6 60 67 92 97 104 114
6 60 67 92 97 108 114
6 60 67 92 98 100 120
6 60 67 92 98 104 112
6 60 67 92 100 104 112
6 60 67 92 100 104 114
6 60 67 92 100 105 114
6 60 67 92 101 106 114
6 60 67 92 102 113 122
6 60 67 92 105 114 116
6 60 67 92 106 114 116
6 60 67 92 106 118 120
6 60 67 92 108 113 114
6 60 67 92 108 113 122
6 60 67 92 108 114 120
6 60 67 92 108 116 120
6 60 67 92 108 116 122
6 60 67 92 108 118 122
6 60 67 92 110 118 122
6 60 67 94 98 100 120
6 60 67 94 100 104 112
6 60 68 72 80 97 98
6 60 68 72 81 98 112
6 60 68 72 97 98 112
6 60 68 81 88 98 104
6 60 68 81 98 104 112
6 60 68 88 97 98 112
6 60 68 88 97 104 114
6 60 68 88 98 104 112
6 60 68 88 99 104 112
6 60 68 88 104 113 114
6 60 68 90 97 104 112
6 60 69 70 73 114 120
6 60 69 70 74 114 120
6 60 69 70 88 105 114
6 60 69 70 105 114 120
6 60 69 73 82 98 112
6 60 69 73 82 98 120
6 60 69 73 106 114 116
6 60 69 74 76 113 114
6 60 69 74 81 98 112
6 60 69 74 81 108 114
6 60 69 74 84 104 114
6 60 69 74 84 104 115
6 60 69 74 88 97 114
6 60 69 74 97 114 120
6 60 69 74 98 116 120
6 60 69 74 99 116 120
6 60 69 74 100 114 120
6 60 69 74 100 115 120
6 60 69 74 104 113 114
6 60 69 74 105 114 116
6 60 69 74 108 113 114
6 60 69 74 113 114 120
6 60 69 74 114 116 120
6 60 69 74 115 116 120
6 60 69 76 81 106 114
6 60 69 76 82 98 120
6 60 69 76 82 99 120
6 60 69 76 82 106 113
6 60 69 76 90 99 112
6 60 69 76 99 114 120
6 60 69 76 106 113 114
6 60 69 81 106 118 120
6 60 69 82 97 98 120
6 60 69 82 97 106 112
6 60 69 82 106 113 120
6 60 69 82 106 116 120
6 60 69 83 100 106 120
6 60 69 84 106 114 120
6 60 69 84 106 114 121
6 60 69 84 106 115 120
6 60 69 86 97 106 120
6 60 69 88 98 104 112
6 60 69 88 100 106 114
6 60 69 88 100 106 115
6 60 69 88 106 114 116
6 60 69 88 106 115 116
6 60 69 89 100 106 114
6 60 69 90 97 98 112
6 60 69 90 97 98 120
6 60 69 90 97 102 120
6 60 69 90 97 106 116
6 60 69 90 98 100 120
6 60 69 90 98 104 112
6 60 69 90 98 104 113
6 60 69 90 98 104 116
6 60 69 90 98 108 113
6 60 69 90 99 100 120
6 60 69 90 99 104 116
6 60 69 90 99 116 120
6 60 69 90 100 104 112
6 60 69 90 100 104 114
6 60 69 90 100 104 115
6 60 69 90 100 106 113
6 60 69 90 102 113 120
6 60 69 90 105 114 116
6 60 69 90 106 113 116
6 60 69 90 106 116 120
6 60 69 90 106 116 121
6 60 69 90 108 113 114
6 60 69 90 110 118 120
6 60 69 92 97 106 114
6 60 69 92 106 118 120
6 60 69 92 108 114 120
6 60 69 94 110 115 121
6 60 70 73 97 114 120
6 60 70 73 97 116 122
6 60 70 73 100 113 122
6 60 70 73 100 114 120
6 60 70 73 106 114 116
6 60 70 73 113 116 122
6 60 70 74 76 113 114
6 60 70 74 81 108 114
6 60 70 74 82 108 113
6 60 70 74 84 104 113
6 60 70 74 84 104 114
6 60 70 74 85 105 114
6 60 70 74 89 99 116
6 60 70 74 105 114 116
6 60 70 74 105 115 116
6 60 70 74 108 113 114
6 60 70 76 81 97 122
6 60 70 76 82 106 113
6 60 70 76 116 121 122
6 60 70 81 88 98 104
6 60 70 81 97 106 112
6 60 70 81 97 114 120
6 60 70 81 105 116 122
6 60 70 82 105 116 120
6 60 70 82 106 116 121
6 60 70 83 101 106 120
6 60 70 84 105 114 120
6 60 70 88 97 104 114
6 60 70 88 98 104 112
6 60 70 88 98 104 113
6 60 70 88 99 104 112
6 60 70 88 100 105 114
6 60 70 88 104 113 114
6 60 70 88 105 114 116
6 60 70 89 97 100 122
6 60 70 89 98 100 120
6 60 70 89 98 104 112
6 60 70 89 98 104 116
6 60 70 89 99 108 114
6 60 70 89 100 104 114
6 60 70 89 101 106 114
6 60 70 90 97 104 112
6 60 70 90 97 106 116
6 60 70 90 98 108 113
6 60 70 90 105 114 116
6 60 70 90 106 113 116
6 60 70 90 106 116 121
6 60 70 90 108 113 114
6 60 70 92 97 106 114
6 60 70 92 108 113 122
6 60 70 92 108 114 121
6 60 70 92 108 115 122
6 60 70 92 109 115 122
6 60 71 76 116 121 122
6 60 71 76 118 121 122
6 60 71 81 88 98 104
6 60 71 82 106 116 121
6 60 71 88 97 104 114
6 60 71 88 98 104 112
6 60 71 88 99 104 112
6 60 71 88 104 113 114
6 60 71 89 101 106 114
6 60 71 89 110 113 114
6 60 71 90 97 104 112
6 60 71 90 105 114 116
6 60 71 90 106 116 120
6 60 71 90 106 116 121
6 60 71 92 102 121 122
6 60 71 92 108 113 122
6 60 71 92 108 115 122
6 60 71 92 109 115 122
6 60 71 93 97 106 114
6 60 71 100 105 114 120
6 60 71 106 114 116 121
6 60 71 108 116 121 122
6 60 71 108 118 121 122
6 60 73 74 81 98 116
6 60 73 74 84 100 114
6 60 73 74 84 100 115
6 60 73 74 114 116 120
6 60 73 74 115 116 120
6 60 73 76 82 98 112
6 60 73 76 82 99 112
6 60 73 76 84 99 114
6 60 73 76 114 116 120
6 60 73 78 114 116 120
6 60 73 81 82 102 104
6 60 73 81 102 114 120
6 60 73 82 84 97 98
6 60 73 82 84 98 104
6 60 73 82 88 97 102
6 60 73 82 97 98 100
6 60 73 82 97 102 120
6 60 73 82 98 100 112
6 60 73 82 98 100 120
6 60 73 82 98 104 116
6 60 73 82 98 116 120
6 60 73 82 99 100 112
6 60 73 82 99 104 116
6 60 73 82 100 104 112
6 60 73 82 102 104 112
6 60 73 82 102 104 113
6 60 73 82 102 113 120
6 60 73 82 103 104 112
6 60 73 82 108 116 120
6 60 73 83 98 100 112
6 60 73 84 99 108 114
6 60 73 84 100 104 114
6 60 73 84 100 106 115
6 60 73 84 100 114 120
6 60 73 84 100 115 122
6 60 73 84 102 113 122
6 60 73 84 108 114 120
6 60 73 86 97 98 120
6 60 73 86 97 100 122
6 60 73 86 97 104 114
6 60 73 86 98 104 112
6 60 73 86 98 104 113
6 60 73 86 99 104 112
6 60 73 86 100 106 113
6 60 73 86 106 116 120
6 60 73 86 110 114 120
6 60 73 88 102 113 114
6 60 73 88 104 114 116
6 60 73 88 108 114 116
6 60 73 88 110 114 116
6 60 73 92 102 113 122
6 60 73 92 102 114 120
6 60 73 92 106 113 118
6 60 73 92 106 114 116
6 60 74 76 84 98 113
6 60 74 76 113 118 120
6 60 74 77 115 118 120
6 60 74 81 97 100 114
6 60 74 81 97 104 118
6 60 74 81 97 108 114
6 60 74 81 97 118 120
6 60 74 81 98 100 112
6 60 74 81 98 104 116
6 60 74 81 98 116 120
6 60 74 81 100 104 114
6 60 74 81 108 114 120
6 60 74 81 108 118 120
6 60 74 82 97 100 112
6 60 74 82 97 100 120
6 60 74 82 108 113 120
6 60 74 83 109 118 120
6 60 74 84 97 98 112
6 60 74 84 97 104 114
6 60 74 84 97 114 120
6 60 74 84 98 104 113
6 60 74 84 98 108 113
6 60 74 84 98 113 120
6 60 74 84 100 104 114
6 60 74 84 100 104 115
6 60 74 84 100 114 120
6 60 74 84 100 114 121
6 60 74 84 100 115 120
6 60 74 84 104 113 114
6 60 74 85 98 104 112
6 60 74 86 109 114 120
6 60 74 86 109 114 121
6 60 74 86 109 115 120
6 60 74 88 97 100 114
6 60 74 88 97 114 116
6 60 74 88 104 113 118
6 60 74 88 104 114 116
6 60 74 88 104 114 117
6 60 74 88 104 115 116
6 60 74 88 104 117 118
6 60 74 88 105 114 116
6 60 74 88 108 113 114
6 60 74 88 108 113 118
6 60 74 88 108 114 117
6 60 74 88 108 115 118
6 60 74 88 109 115 118
6 60 74 89 103 118 120
6 60 74 92 99 118 120
6 60 74 92 101 114 120
6 60 74 92 102 113 120
6 60 74 92 102 114 120
6 60 74 92 102 114 121
6 60 74 92 102 115 120
6 60 74 92 102 115 121
6 60 74 92 103 114 120
6 60 74 92 103 114 121
6 60 74 92 103 115 120
6 60 74 92 105 115 118
6 60 74 92 108 113 114
6 60 74 93 103 114 120
6 60 75 76 100 113 114
6 60 75 78 114 117 120
6 60 75 82 102 116 120
6 60 75 83 101 102 120
6 60 75 83 109 118 120
6 60 75 84 100 104 115
6 60 75 84 100 113 122
6 60 75 84 100 114 120
6 60 75 84 100 115 120
6 60 75 84 101 114 120
6 60 75 84 108 113 114
6 60 75 85 100 104 114
6 60 75 86 98 108 113
6 60 75 86 106 117 120
6 60 75 88 104 117 118
6 60 75 88 106 117 118
6 60 75 88 108 113 118
6 60 75 88 109 115 118
6 60 75 89 101 102 114
6 60 75 89 103 118 120
6 60 75 89 106 117 118
6 60 75 92 101 118 122
6 60 75 92 102 117 122
6 60 75 92 106 114 117
6 60 75 92 108 113 114
6 60 75 101 114 116 120
6 60 75 106 117 118 120
6 60 75 108 113 114 116
6 60 75 108 113 118 120
6 60 75 109 115 118 120
6 60 76 81 84 98 104
6 60 76 81 86 97 106
6 60 76 81 90 99 100
6 60 76 81 97 102 122
6 60 76 81 97 118 122
6 60 76 81 98 100 120
6 60 76 81 98 104 112
6 60 76 81 98 116 120
6 60 76 81 99 100 122
6 60 76 81 99 116 122
6 60 76 81 100 104 114
6 60 76 81 100 106 114
6 60 76 81 101 106 114
6 60 76 81 106 118 120
6 60 76 82 84 98 104
6 60 76 82 84 99 104
6 60 76 82 88 97 98
6 60 76 82 97 98 112
6 60 76 82 97 98 120
6 60 76 82 98 100 120
6 60 76 82 98 100 121
6 60 76 82 98 104 112
6 60 76 82 98 104 113
6 60 76 82 98 113 120
6 60 76 82 98 116 120
6 60 76 82 98 116 121
6 60 76 82 99 100 120
6 60 76 82 99 116 120
6 60 76 82 100 104 112
6 60 76 82 100 106 113
6 60 76 82 102 106 113
6 60 76 83 84 99 104
6 60 76 83 97 100 122
6 60 76 83 97 106 116
6 60 76 83 98 100 120
6 60 76 83 99 100 120
6 60 76 83 99 116 120
6 60 76 83 100 104 112
6 60 76 83 100 104 114
6 60 76 83 100 106 112
6 60 76 83 100 106 113
6 60 76 83 101 106 112
6 60 76 83 106 113 116
6 60 76 84 88 97 98
6 60 76 84 97 98 120
6 60 76 84 97 114 120
6 60 76 84 99 105 114
6 60 76 84 99 113 122
6 60 76 84 99 114 120
6 60 76 84 99 121 122
6 60 76 84 100 121 122
6 60 76 84 102 121 122
6 60 76 84 103 121 122
6 60 76 84 105 114 120
6 60 76 85 102 121 122
6 60 76 85 105 118 122
6 60 76 85 106 116 120
6 60 76 85 107 116 122
6 60 76 85 107 118 120
6 60 76 85 107 118 122
6 60 76 86 102 121 122
6 60 76 86 103 121 122
6 60 76 86 105 116 122
6 60 76 86 106 116 120
6 60 76 86 106 116 121
6 60 76 86 107 116 120
6 60 76 86 107 116 122
6 60 76 86 107 117 122
6 60 76 87 107 116 120
6 60 76 87 107 116 122
6 60 76 87 107 117 122
6 60 76 88 97 98 112
6 60 76 88 104 113 114
6 60 76 88 104 113 118
6 60 76 88 104 114 116
6 60 76 88 104 115 116
6 60 76 88 104 115 118
6 60 76 88 105 114 116
6 60 76 88 106 113 118
6 60 76 88 106 115 116
6 60 76 89 99 116 122
6 60 76 89 106 115 116
6 60 76 90 99 100 113
6 60 76 90 99 116 120
6 60 76 90 102 113 120
6 60 76 90 106 113 116
6 60 76 91 107 117 118
6 60 77 78 115 116 120
6 60 77 78 115 116 122
6 60 77 82 98 116 120
6 60 77 85 110 115 122
6 60 77 86 99 106 113
6 60 77 86 102 121 122
6 60 77 86 103 121 122
6 60 77 86 108 115 122
6 60 77 86 110 115 121
6 60 77 88 104 114 116
6 60 77 88 104 115 118
6 60 77 88 106 113 118
6 60 77 90 99 118 120
6 60 77 90 106 113 118
6 60 77 90 110 115 116
6 60 77 92 102 113 122
6 60 77 92 107 115 118
6 60 77 106 113 118 120
6 60 77 107 117 118 122
6 60 77 108 113 118 122
6 60 77 108 115 116 122
6 60 77 108 115 118 122
6 60 78 81 97 98 112
6 60 78 81 97 116 122
6 60 78 81 98 116 120
6 60 78 81 99 116 120
6 60 78 81 100 104 114
6 60 78 81 102 114 120
6 60 78 81 105 114 116
6 60 78 82 98 116 120
6 60 78 82 98 116 121
6 60 78 82 98 117 121
6 60 78 82 99 116 120
6 60 78 82 99 116 121
6 60 78 82 102 113 120
6 60 78 83 97 100 120
6 60 78 83 97 104 112
6 60 78 83 100 104 112
6 60 78 84 97 114 120
6 60 78 85 105 118 122
6 60 78 86 97 98 120
6 60 78 86 106 117 121
6 60 78 88 104 113 118
6 60 78 88 104 114 116
6 60 78 88 104 114 117
6 60 78 88 104 115 116
6 60 78 88 105 115 116
6 60 78 88 106 113 118
6 60 78 88 106 114 117
6 60 78 88 106 115 117
6 60 78 88 108 113 114
6 60 78 89 97 100 114
6 60 78 89 106 114 117
6 60 78 90 99 117 120
6 60 78 90 102 113 120
6 60 78 90 106 113 116
6 60 78 90 109 115 116
6 60 78 92 101 115 122
6 60 78 92 102 113 122
6 60 78 92 102 114 121
6 60 78 92 102 115 121
6 60 78 92 105 115 116
6 60 78 92 106 115 116
6 60 78 92 108 113 114
6 60 78 97 114 116 120
6 60 78 98 113 116 120
6 60 78 99 113 116 120
6 60 78 100 104 113 114
6 60 78 100 113 114 120
6 60 78 102 113 114 120
6 60 78 105 113 114 116
6 60 78 105 115 116 120
6 60 78 106 113 118 120
6 60 78 106 114 117 120
6 60 78 106 114 117 121
6 60 78 106 115 117 120
6 60 78 108 113 114 120
6 60 78 108 113 116 122
6 60 78 108 113 118 122
6 60 78 108 115 116 120
6 60 78 108 115 116 122
6 60 78 113 114 116 120
6 60 79 82 98 116 120
6 60 79 82 98 116 121
6 60 79 82 99 116 120
6 60 79 82 102 113 120
6 60 79 83 99 116 120
6 60 79 83 101 114 120
6 60 79 88 104 113 118
6 60 79 88 104 114 116
6 60 79 88 104 115 116
6 60 79 92 101 115 122
6 60 79 97 114 116 120
6 60 79 99 114 116 120
6 60 79 100 104 113 114
6 60 79 100 113 114 120
6 60 79 102 113 114 120
6 60 79 113 114 116 120
6 60 81 82 98 100 104
6 60 81 82 98 108 112
6 60 81 82 98 108 120
6 60 81 82 99 100 104
6 60 81 82 99 100 120
6 60 81 82 99 108 112
6 60 81 82 99 108 120
6 60 81 82 100 106 112
6 60 81 82 100 106 120
6 60 81 82 101 106 112
6 60 81 82 101 106 120
6 60 81 82 106 108 112
6 60 81 82 107 108 112
6 60 81 84 98 104 112
6 60 81 84 98 108 120
6 60 81 84 99 108 122
6 60 81 84 100 106 120
6 60 81 84 102 105 122
6 60 81 84 106 108 112
6 60 81 86 107 109 114
6 60 81 88 98 100 104
6 60 81 88 98 104 112
6 60 81 88 98 104 116
6 60 81 88 98 108 112
6 60 81 88 99 108 114
6 60 81 88 100 106 112
6 60 81 88 101 106 114
6 60 81 88 102 104 112
6 60 81 88 102 104 114
6 60 81 88 102 105 114
6 60 81 88 102 106 112
6 60 81 90 99 108 116
6 60 81 90 102 105 116
6 60 81 90 102 108 112
6 60 81 92 97 102 122
6 60 81 92 98 100 104
6 60 81 92 98 108 112
6 60 81 92 100 106 112
6 60 81 92 101 106 114
6 60 81 92 102 106 112
6 60 81 92 102 106 114
6 60 81 94 98 100 104
6 60 81 94 102 106 112
6 60 82 84 97 98 104
6 60 82 84 97 98 120
6 60 82 84 97 110 120
6 60 82 84 98 104 112
6 60 82 84 98 104 113
6 60 82 84 98 105 112
6 60 82 84 98 105 120
6 60 82 84 99 104 112
6 60 82 84 99 108 120
6 60 82 84 101 106 120
6 60 82 84 102 105 120
6 60 82 84 105 110 112
6 60 82 85 102 107 120
6 60 82 85 107 110 112
6 60 82 88 97 106 116
6 60 82 88 97 110 112
6 60 82 88 99 108 112
6 60 82 88 100 106 112
6 60 82 88 100 106 113
6 60 82 88 101 106 112
6 60 82 88 102 105 112
6 60 82 89 99 110 116
6 60 82 89 102 106 116
6 60 82 92 97 106 112
6 60 82 92 97 106 116
6 60 82 92 97 110 112
6 60 82 92 98 105 112
6 60 82 92 98 105 116
6 60 82 92 99 106 116
6 60 82 92 99 110 112
6 60 82 92 101 106 112
6 60 82 92 102 106 112
6 60 82 92 102 106 113
6 60 82 92 102 107 112
6 60 82 92 102 107 113
6 60 82 92 103 107 112
6 60 82 93 99 106 116
6 60 82 93 99 110 112
6 60 82 93 102 106 112
6 60 82 93 102 106 113
6 60 82 93 102 107 112
6 60 83 84 101 106 120
6 60 83 88 101 106 112
6 60 83 88 102 104 113
6 60 83 88 106 108 116
6 60 83 88 106 109 118
6 60 83 89 101 110 114
6 60 83 90 102 109 112
6 60 83 92 97 98 104
6 60 83 92 97 100 106
6 60 83 92 98 100 104
6 60 83 92 101 106 112
6 60 83 92 101 106 114
6 60 83 92 101 106 120
6 60 83 92 103 106 120
6 60 83 93 99 110 112
6 60 83 94 103 105 120
6 60 83 97 98 108 120
6 60 83 97 106 108 116
6 60 83 97 108 114 120
6 60 83 97 108 116 122
6 60 83 97 110 116 120
6 60 83 98 100 104 112
6 60 83 98 108 116 120
6 60 83 99 108 116 120
6 60 83 101 106 108 114
6 60 83 101 106 116 120
6 60 83 105 108 116 122
6 60 83 106 108 113 116
6 60 83 106 108 116 120
6 60 83 106 109 118 120
6 60 83 110 113 116 120
6 60 83 111 114 116 120
6 60 84 88 97 98 112
6 60 84 88 97 104 114
6 60 84 88 97 106 112
6 60 84 88 97 108 114
6 60 84 88 97 110 112
6 60 84 88 97 110 114
6 60 84 88 98 104 112
6 60 84 88 98 108 112
6 60 84 88 99 104 112
6 60 84 88 99 108 112
6 60 84 88 99 108 114
6 60 84 88 99 110 112
6 60 84 88 101 106 112
6 60 84 88 101 106 114
6 60 84 88 101 106 115
6 60 84 89 99 100 122
6 60 84 89 100 106 112
6 60 84 89 100 106 115
6 60 84 90 97 102 120
6 60 84 90 97 108 114
6 60 84 90 97 110 112
6 60 84 90 99 100 120
6 60 84 90 99 108 112
6 60 84 90 99 108 113
6 60 84 90 100 105 114
6 60 84 90 102 105 112
6 60 84 90 102 105 113
6 60 85 88 106 108 114
6 60 85 89 99 110 114
6 60 85 90 97 98 104
6 60 85 90 97 98 108
6 60 85 90 98 100 104
6 60 85 90 99 100 104
6 60 85 90 102 105 112
6 60 85 90 102 105 114
6 60 85 90 102 105 120
6 60 85 94 105 110 115
6 60 85 94 107 108 115
6 60 85 97 106 114 120
6 60 85 100 106 114 120
6 60 85 100 106 115 120
6 60 85 102 108 121 122
6 60 85 106 108 114 120
6 60 85 106 115 116 120
6 60 85 107 108 118 122
6 60 85 110 116 121 122
6 60 86 88 99 104 112
6 60 86 88 105 108 114
6 60 86 88 106 108 113
6 60 86 88 106 108 114
6 60 86 88 106 109 115
6 60 86 89 102 106 113
6 60 86 89 103 106 120
6 60 86 89 105 106 116
6 60 86 90 99 109 112
6 60 86 90 101 106 120
6 60 86 90 102 105 112
6 60 86 92 99 108 122
6 60 86 92 106 108 113
6 60 86 92 106 108 114
6 60 86 92 106 108 115
6 60 86 92 106 109 115
6 60 86 92 107 108 115
6 60 86 97 100 106 120
6 60 86 97 106 116 120
6 60 86 98 100 105 120
6 60 86 99 100 105 120
6 60 86 100 105 106 113
6 60 86 100 105 113 122
6 60 86 100 105 114 120
6 60 86 100 106 113 120
6 60 86 100 107 113 120
6 60 86 102 108 121 122
6 60 86 103 108 121 122
6 60 86 105 106 113 116
6 60 86 105 108 113 122
6 60 86 105 108 114 120
6 60 86 106 108 113 120
6 60 86 106 108 114 120
6 60 86 106 108 114 121
6 60 86 106 108 116 121
6 60 86 106 109 115 120
6 60 86 106 113 116 120
6 60 86 107 108 117 122
6 60 86 107 113 116 120
6 60 86 110 116 121 122
6 60 86 111 116 121 122
6 60 87 88 105 106 116
6 60 87 88 105 110 114
6 60 87 88 106 108 113
6 60 87 88 106 108 114
6 60 87 88 106 109 114
6 60 87 89 103 106 120
6 60 87 91 97 98 108
6 60 87 92 107 108 114
6 60 87 92 107 108 115
6 60 87 97 100 106 120
6 60 87 100 106 113 120
6 60 87 102 108 121 122
6 60 87 105 106 116 120
6 60 87 105 110 114 120
6 60 87 106 108 113 120
6 60 87 106 108 114 120
6 60 87 106 108 114 121
6 60 87 106 109 114 120
6 60 87 107 108 116 122
6 60 87 111 116 121 122
6 60 89 92 103 106 114
6 60 89 94 103 105 114
6 60 89 97 102 108 114
6 60 89 97 102 116 122
6 60 89 97 108 118 122
6 60 89 97 110 114 116
6 60 89 97 110 118 120
6 60 89 99 102 108 114
6 60 89 99 108 116 122
6 60 89 99 108 118 120
6 60 89 101 102 106 114
6 60 89 101 106 118 120
6 60 89 101 108 118 122
6 60 89 101 110 118 122
6 60 89 102 105 116 122
6 60 89 102 106 114 116
6 60 89 102 108 116 122
6 60 89 102 113 116 122
6 60 89 103 106 118 120
6 60 89 103 108 116 122
6 60 89 106 108 113 118
6 60 89 106 117 118 120
6 60 89 110 113 114 116
6 60 89 110 113 116 122
6 60 89 110 113 118 120
6 60 89 110 114 116 120
6 60 89 110 114 117 120
6 60 89 110 115 116 120
6 60 89 111 114 116 120
6 60 90 92 99 108 113
6 60 90 92 99 108 116
6 60 90 92 101 106 113
6 60 90 92 101 106 114
6 60 90 92 101 108 114
6 60 90 92 102 105 113
6 60 90 92 102 106 113
6 60 90 92 103 106 113
6 60 90 97 98 108 116
6 60 90 97 100 104 112
6 60 90 97 108 114 116
6 60 90 97 108 116 120
6 60 90 97 108 118 120
6 60 90 98 101 116 120
6 60 90 98 108 113 116
6 60 90 98 108 116 120
6 60 90 98 108 116 121
6 60 90 98 108 117 120
6 60 90 99 101 116 120
6 60 90 99 108 113 116
6 60 90 99 108 116 120
6 60 90 101 105 114 116
6 60 90 101 106 113 116
6 60 90 101 106 116 120
6 60 90 101 108 113 114
6 60 90 101 108 116 120
6 60 90 101 114 116 120
6 60 90 102 105 113 116
6 60 90 102 108 113 120
6 60 90 102 108 116 120
6 60 90 102 108 116 121
6 60 90 106 108 113 116
6 60 90 109 114 116 120
6 60 90 110 113 116 120
6 60 91 97 98 104 116
6 60 91 97 98 108 116
6 60 91 97 98 116 120
6 60 91 97 102 116 120
6 60 91 97 108 114 116
6 60 91 97 108 116 122
6 60 91 97 108 118 120
6 60 91 98 108 116 120
6 60 91 99 108 116 120
6 60 91 101 108 116 122
6 60 91 101 108 118 120
6 60 91 101 108 118 122
6 60 91 101 110 118 120
6 60 91 101 110 118 121
6 60 91 102 105 116 120
6 60 91 102 108 116 120
6 60 91 102 108 116 122
6 60 91 102 108 117 122
6 60 91 103 108 116 120
6 60 91 103 108 116 122
6 60 91 103 108 117 122
6 60 91 105 108 114 116
6 60 91 107 108 117 118
6 60 92 97 98 100 120
6 60 92 97 98 104 112
6 60 92 97 98 116 120
6 60 92 97 100 104 114
6 60 92 97 100 106 114
6 60 92 97 100 114 120
6 60 92 97 102 106 114
6 60 92 97 106 114 116
6 60 92 97 106 118 120
6 60 92 97 108 114 120
6 60 92 97 108 116 122
6 60 92 97 108 118 122
6 60 92 97 110 118 122
6 60 92 98 100 104 112
6 60 92 98 108 116 120
6 60 92 99 100 104 112
6 60 92 99 100 104 114
6 60 92 99 100 105 114
6 60 92 99 100 113 122
6 60 92 99 100 114 120
6 60 92 99 100 121 122
6 60 92 99 101 106 114
6 60 92 99 104 113 114
6 60 92 99 105 114 116
6 60 92 99 108 113 114
6 60 92 99 108 113 122
6 60 92 99 108 114 120
6 60 92 99 108 116 120
6 60 92 99 108 116 122
6 60 92 99 108 118 122
6 60 92 99 113 114 120
6 60 92 99 113 116 122
6 60 92 99 114 116 120
6 60 92 99 116 121 122
6 60 92 100 104 113 114
6 60 92 100 105 114 120
6 60 92 100 105 115 122
6 60 92 100 106 113 114
6 60 92 100 106 114 120
6 60 92 100 106 114 121
6 60 92 100 106 115 120
6 60 92 100 107 113 114
6 60 92 100 107 115 120
6 60 92 101 106 113 114
6 60 92 101 106 114 120
6 60 92 101 106 115 120
6 60 92 102 105 113 122
6 60 92 102 105 114 120
6 60 92 102 106 113 114
6 60 92 102 106 114 120
6 60 92 102 106 114 121
6 60 92 102 108 113 122
6 60 92 102 108 115 122
6 60 92 102 109 115 122
6 60 92 102 116 121 122
6 60 92 103 106 114 120
6 60 92 103 106 114 121
6 60 92 103 116 121 122
6 60 92 105 106 115 116
6 60 92 105 108 114 116
6 60 92 105 113 118 122
6 60 92 105 114 116 120
6 60 92 105 115 116 122
6 60 92 105 115 118 120
6 60 92 106 108 113 114
6 60 92 106 113 114 116
6 60 92 106 113 118 120
6 60 92 106 114 116 120
6 60 92 106 114 116 121
6 60 92 106 114 117 120
6 60 92 106 115 116 120
6 60 92 107 109 115 118
6 60 92 107 113 114 116
6 60 92 107 113 116 122
6 60 92 107 113 118 120
6 60 92 107 114 116 120
6 60 92 107 115 116 120
6 60 92 107 117 118 122
6 60 92 108 113 114 120
6 60 92 108 113 116 122
6 60 92 108 113 118 122
6 60 92 108 114 116 120
6 60 92 108 115 116 120
6 60 92 108 115 116 122
6 60 92 108 115 118 122
6 60 92 108 115 121 122
6 60 92 108 116 121 122
6 60 92 108 118 121 122
6 60 92 108 119 121 122
6 60 92 109 113 118 122
6 60 92 109 115 118 122
6 60 92 109 118 121 122
6 60 92 110 113 114 120
6 60 92 110 113 116 120
6 60 92 110 113 116 122
6 60 92 110 113 118 122
6 60 92 110 114 116 120
6 60 92 110 114 116 121
6 60 92 110 115 116 120
6 60 92 110 115 116 121
6 60 92 110 115 116 122
6 60 92 110 118 121 122
6 60 92 110 119 121 122
6 60 92 111 113 114 120
6 60 92 111 113 116 122
6 60 92 111 113 118 122
6 60 92 111 114 116 120
6 60 92 111 115 116 120
6 60 92 111 115 116 122
6 60 92 111 119 121 122
6 60 93 97 100 106 114
6 60 93 97 102 106 114
6 60 93 97 106 114 116
6 60 93 97 106 114 120
6 60 93 97 106 118 120
6 60 93 97 108 118 122
6 60 93 97 110 118 122
6 60 93 99 106 114 116
6 60 93 99 106 118 120
6 60 93 99 108 118 122
6 60 93 99 110 118 122
6 60 93 100 106 114 120
6 60 93 102 106 113 114
6 60 93 102 106 114 120
6 60 93 102 106 114 121
6 60 93 102 106 115 120
6 60 93 102 108 115 122
6 60 93 103 106 114 120
6 60 93 110 113 114 120
6 60 93 110 113 116 122
6 60 93 110 115 116 120
6 60 93 110 119 121 122
6 60 93 111 113 118 122
6 60 94 97 98 100 120
6 60 94 97 98 104 112
6 60 94 97 98 116 120
6 60 94 97 100 104 112
6 60 94 97 100 104 114
6 60 94 97 100 114 120
6 60 94 97 108 114 120
6 60 94 97 108 116 120
6 60 94 97 108 116 122
6 60 94 97 108 118 122
6 60 94 98 100 104 112
6 60 94 98 100 104 113
6 60 94 98 100 113 120
6 60 94 98 108 113 120
6 60 94 98 108 116 120
6 60 94 98 108 116 121
6 60 94 99 100 104 112
6 60 94 99 100 104 113
6 60 94 99 100 113 120
6 60 94 99 101 114 121
6 60 94 99 108 113 120
6 60 94 99 108 116 120
6 60 94 99 108 116 121
6 60 94 99 108 116 122
6 60 94 100 104 113 114
6 60 94 100 105 113 114
6 60 94 100 105 113 122
6 60 94 100 105 115 120
6 60 94 100 106 113 120
6 60 94 101 106 113 120
6 60 94 101 106 114 120
6 60 94 101 106 114 121
6 60 94 101 108 114 121
6 60 94 101 110 115 121
6 60 94 102 105 113 114
6 60 94 102 105 113 120
6 60 94 102 106 113 120
6 60 94 102 108 113 122
6 60 94 103 116 121 122
6 60 94 105 108 113 114
6 60 94 106 108 113 116
6 60 94 107 113 116 120
6 60 94 107 117 118 121
6 60 94 109 113 118 122
6 60 94 109 114 116 120
6 60 94 109 115 116 122
6 60 94 110 113 116 120
6 60 94 110 113 116 122
6 60 94 110 114 116 120
6 60 94 110 114 116 121
6 60 94 110 114 117 121
6 60 94 110 115 116 120
6 60 94 110 115 116 121
6 60 94 110 115 117 121
6 60 94 110 117 121 122
6 60 94 111 113 116 120
6 60 94 111 113 116 122
6 60 94 111 114 116 120
6 60 94 111 114 116 121
6 60 94 111 115 116 120
6 60 94 111 115 116 121
6 60 95 97 98 100 120
6 60 95 97 98 104 112
6 60 95 97 98 116 120
6 60 95 97 100 104 114
6 60 95 97 100 114 120
6 60 95 97 108 114 120
6 60 95 97 108 116 122
6 60 95 97 108 118 122
6 60 95 98 100 104 112
6 60 95 98 108 116 120
6 60 95 99 100 104 112
6 60 95 99 105 114 116
6 60 95 99 108 114 120
6 60 95 99 108 116 120
6 60 95 99 108 116 122
6 60 95 100 104 113 114
6 60 95 100 105 114 120
6 60 95 101 106 113 114
6 60 95 101 106 114 120
6 60 95 102 105 114 120
6 60 95 102 108 113 122
6 60 95 105 108 114 116
6 60 95 111 113 116 122
6 60 95 111 114 116 120
6 60 95 111 115 116 120
6 61 62 66 68 72 112
6 61 62 66 72 80 96
6 61 62 67 68 72 112
6 61 62 67 72 80 96
6 61 62 67 76 81 98
6 61 62 68 72 80 96
6 61 62 68 72 80 98
6 61 62 68 72 80 99
6 61 62 68 72 81 98
6 61 62 69 73 82 98
6 61 65 70 74 114 124
6 61 65 70 88 104 114
6 61 65 70 90 106 116
6 61 65 70 106 114 124
6 61 65 74 84 98 112
6 61 65 74 84 104 114
6 61 65 74 98 116 120
6 61 65 74 100 114 120
6 61 65 74 104 114 116
6 61 65 74 114 116 120
6 61 65 76 82 98 112
6 61 65 76 82 98 120
6 61 65 78 114 116 120
6 61 65 78 118 122 124
6 61 65 82 84 98 104
6 61 65 82 98 100 104
6 61 65 82 98 100 120
6 61 65 82 98 108 112
6 61 65 82 98 116 120
6 61 65 82 100 106 112
6 61 65 82 106 116 120
6 61 65 82 110 116 120
6 61 65 84 110 114 120
6 61 65 86 100 106 120
6 61 65 86 106 114 124
6 61 65 86 106 116 120
6 61 65 88 102 104 114
6 61 65 88 106 114 116
6 61 65 90 98 100 112
6 61 65 90 98 100 120
6 61 65 90 98 104 116
6 61 65 90 98 108 116
6 61 65 90 102 104 112
6 61 65 90 102 106 116
6 61 65 90 106 116 120
6 61 65 90 106 118 124
6 61 65 90 110 114 116
6 61 65 90 110 118 120
6 61 65 92 100 106 114
6 61 65 92 102 106 114
6 61 65 92 106 114 116
6 61 65 92 106 118 120
6 61 65 92 108 118 122
6 61 65 92 110 118 122
6 61 65 94 98 100 120
6 61 65 94 98 104 112
6 61 65 94 100 104 114
6 61 65 94 110 118 122
6 61 67 69 90 102 120
6 61 67 69 90 106 116
6 61 67 69 106 118 120
6 61 67 73 84 102 122
6 61 67 76 97 118 122
6 61 67 76 113 118 122
6 61 67 78 114 116 120
6 61 67 78 118 122 124
6 61 67 81 108 118 122
6 61 67 82 110 116 120
6 61 67 84 110 114 120
6 61 67 86 97 108 122
6 61 67 86 100 106 120
6 61 67 86 106 116 120
6 61 67 90 98 108 116
6 61 67 92 97 102 122
6 61 67 92 100 106 114
6 61 67 92 106 114 116
6 61 67 92 106 118 120
6 61 67 92 108 118 122
6 61 67 92 110 118 122
6 61 67 94 98 100 120
6 61 67 94 100 104 114
6 61 67 94 110 118 121
6 61 69 70 74 114 120
6 61 69 74 82 98 124
6 61 69 74 82 102 120
6 61 69 74 102 114 120
6 61 69 84 106 114 120
6 61 69 88 100 106 114
6 61 69 88 106 114 116
6 61 69 90 100 104 114
6 61 69 90 102 104 112
6 61 69 90 106 116 120
6 61 69 90 106 118 124
6 61 69 90 110 118 120
6 61 69 92 106 118 120
6 61 69 94 98 104 112
6 61 70 74 76 113 114
6 61 70 74 82 101 120
6 61 70 74 84 104 114
6 61 70 74 84 104 115
6 61 70 74 84 105 114
6 61 70 74 97 114 124
6 61 70 74 98 113 124
6 61 70 74 101 114 120
6 61 70 74 108 113 114
6 61 70 74 113 114 124
6 61 70 74 114 121 124
6 61 70 81 106 114 124
6 61 70 82 98 121 124
6 61 70 82 106 113 124
6 61 70 82 106 116 121
6 61 70 88 98 104 112
6 61 70 88 101 106 114
6 61 70 89 106 114 116
6 61 70 89 106 114 124
6 61 70 90 97 98 124
6 61 70 90 97 106 116
6 61 70 90 98 105 116
6 61 70 90 106 113 116
6 61 70 90 106 116 121
6 61 70 90 106 117 124
6 61 70 90 108 113 114
6 61 70 92 97 106 114
6 61 70 92 108 115 122
6 61 71 78 118 121 122
6 61 71 89 110 118 122
6 61 71 90 97 106 116
6 61 71 90 106 116 120
6 61 71 90 110 118 121
6 61 71 92 97 106 114
6 61 73 78 114 116 120
6 61 73 84 100 106 114
6 61 73 86 106 114 124
6 61 73 86 106 116 120
6 61 73 86 110 114 120
6 61 73 88 106 114 116
6 61 73 88 110 114 116
6 61 73 90 110 114 116
6 61 73 92 102 114 120
6 61 73 92 106 114 116
6 61 74 76 115 118 120
6 61 74 82 102 121 124
6 61 74 84 100 104 114
6 61 74 84 100 114 120
6 61 74 86 109 114 120
6 61 74 88 104 114 116
6 61 74 88 108 115 118
6 61 74 89 102 114 124
6 61 74 92 99 118 120
6 61 74 92 102 114 120
6 61 74 92 102 114 121
6 61 74 92 102 115 120
6 61 74 92 103 114 120
6 61 75 82 102 116 120
6 61 75 86 98 100 120
6 61 75 92 101 118 122
6 61 76 81 106 118 120
6 61 76 82 84 98 104
6 61 76 82 98 100 120
6 61 76 82 98 104 112
6 61 76 82 98 116 120
6 61 76 85 107 118 122
6 61 76 86 102 121 122
6 61 76 86 106 116 120
6 61 76 86 107 116 122
6 61 77 86 106 114 124
6 61 78 81 97 118 122
6 61 78 81 99 116 122
6 61 78 81 100 114 120
6 61 78 81 102 114 120
6 61 78 82 98 113 124
6 61 78 82 98 116 120
6 61 78 82 98 116 121
6 61 78 82 99 116 120
6 61 78 82 102 113 120
6 61 78 85 105 118 122
6 61 78 86 97 98 120
6 61 78 86 99 122 124
6 61 78 86 102 121 122
6 61 78 86 103 121 122
6 61 78 86 107 117 122
6 61 78 88 104 114 116
6 61 78 88 104 115 118
6 61 78 88 106 113 118
6 61 78 88 106 114 117
6 61 78 88 106 115 116
6 61 78 92 99 114 120
6 61 78 92 99 118 122
6 61 78 92 102 114 121
6 61 78 92 106 115 116
6 61 79 82 98 116 120
6 61 79 113 118 122 124
6 61 79 115 118 122 124
6 61 81 82 102 106 124
6 61 81 86 99 108 122
6 61 81 88 102 104 114
6 61 81 88 102 106 112
6 61 81 90 99 110 116
6 61 81 90 102 104 112
6 61 81 90 102 106 116
6 61 81 90 102 108 112
6 61 81 90 102 108 114
6 61 81 92 100 106 114
6 61 81 92 102 106 112
6 61 81 92 102 106 114
6 61 81 94 102 106 112
6 61 82 84 98 104 112
6 61 82 84 99 110 120
6 61 82 84 102 107 120
6 61 82 84 107 110 112
6 61 82 88 100 106 112
6 61 82 89 102 106 116
6 61 82 92 99 106 116
6 61 82 92 99 110 112
6 61 82 92 102 106 112
6 61 82 92 102 106 113
6 61 82 92 102 107 112
6 61 82 93 102 106 112
6 61 83 88 105 110 118
6 61 83 88 106 108 118
6 61 83 92 102 106 112
6 61 83 92 102 106 120
6 61 83 94 98 100 104
6 61 84 88 97 110 114
6 61 84 90 97 102 120
6 61 84 90 97 110 112
6 61 85 90 102 106 112
6 61 85 90 102 106 120
6 61 86 88 106 108 114
6 61 86 88 106 108 115
6 61 86 89 102 106 120
6 61 86 92 99 106 112
6 61 86 92 99 108 122
6 61 86 92 102 105 122
6 61 86 92 106 108 114
6 61 86 92 106 108 115
6 61 87 88 106 108 114
6 61 87 106 108 114 120
6 61 89 90 102 106 116
6 61 89 92 102 106 114
6 61 90 92 99 102 120
6 61 90 92 99 108 114
6 61 90 92 101 106 114
6 61 90 92 102 105 114
6 61 91 97 110 118 124
6 61 91 101 108 118 122
6 61 91 101 110 118 120
6 61 91 102 108 116 122
6 61 93 97 102 106 114
6 61 93 97 110 118 122
6 61 93 99 110 118 122
6 61 93 102 106 114 120
6 61 93 102 106 114 124
6 61 93 110 113 118 122
6 61 93 110 118 121 122
6 61 93 110 118 123 124
6 61 94 97 98 100 120
6 61 94 97 98 104 112
6 61 94 97 98 116 120
6 61 94 97 100 104 114
6 61 94 97 100 114 120
6 61 94 97 108 114 120
6 61 94 97 108 116 122
6 61 94 99 100 104 112
6 61 94 99 105 114 116
6 61 94 99 108 113 114
6 61 94 99 108 113 122
6 61 94 99 108 116 120
6 61 94 100 104 113 114
6 61 94 100 105 114 120
6 61 94 101 106 113 114
6 61 94 101 106 115 120
6 61 94 102 105 113 122
6 61 94 103 107 115 124
6 61 94 103 107 117 122
6 61 94 103 116 121 122
6 61 94 103 121 122 124
6 61 94 105 106 115 116
6 61 94 105 108 114 116
6 61 94 107 113 118 124
6 61 94 110 113 116 120
6 61 94 110 115 116 121
6 61 94 110 115 121 124
6 61 94 111 113 114 120
6 61 94 111 113 114 124
6 61 94 111 113 116 122
6 61 94 111 115 116 120
6 61 94 111 115 117 122
6 61 94 111 119 121 122
6 61 94 111 119 123 124
6 61 95 97 102 122 124
6 61 95 97 106 114 116
6 61 95 97 106 114 124
6 61 95 97 106 118 120
6 61 95 97 108 118 122
6 61 95 97 110 118 122
6 61 95 99 102 122 124
6 61 95 99 108 118 122
6 61 95 102 106 114 124
6 61 95 102 106 115 124
6 61 95 111 113 118 122
6 62 65 66 68 72 112
6 62 65 66 68 104 112
6 62 65 66 76 116 120
6 62 65 66 84 104 112
6 62 65 66 88 104 116
6 62 65 66 100 104 112
6 62 65 66 108 116 120
6 62 65 68 72 80 96
6 62 65 68 88 104 112
6 62 65 70 88 104 112
6 62 65 74 84 100 120
6 62 65 74 84 104 112
6 62 65 76 98 116 120
6 62 65 76 100 114 120
6 62 65 76 114 116 120
6 62 65 78 114 116 120
6 62 65 78 118 122 124
6 62 65 82 100 104 112
6 62 65 82 108 116 120
6 62 65 82 110 116 120
6 62 65 84 108 114 120
6 62 65 88 98 104 116
6 62 65 88 100 104 112
6 62 65 88 102 104 112
6 62 65 88 104 114 116
6 62 65 90 98 108 116
6 62 65 90 108 114 116
6 62 65 90 108 118 120
6 62 65 92 98 100 120
6 62 65 92 98 104 112
6 62 65 92 100 104 112
6 62 65 92 100 104 114
6 62 65 92 108 114 120
6 62 65 92 108 116 120
6 62 65 92 108 116 122
6 62 65 92 108 118 122
6 62 65 94 98 100 120
6 62 65 94 100 104 112
6 62 66 68 72 80 96
6 62 66 68 72 80 97
6 62 66 68 72 97 112
6 62 66 68 88 97 112
6 62 66 68 88 104 112
6 62 66 68 88 104 113
6 62 66 68 97 104 112
6 62 66 69 88 104 112
6 62 66 76 84 97 120
6 62 66 76 88 97 112
6 62 66 76 97 116 120
6 62 66 76 100 113 120
6 62 66 76 113 116 120
6 62 66 81 100 104 112
6 62 66 81 108 116 120
6 62 66 84 97 104 112
6 62 66 84 108 113 120
6 62 66 88 97 104 116
6 62 66 88 100 104 112
6 62 66 88 100 104 113
6 62 66 88 101 104 112
6 62 66 88 104 113 116
6 62 66 89 100 104 112
6 62 66 92 97 100 120
6 62 66 92 97 104 112
6 62 66 92 100 104 112
6 62 66 92 100 104 113
6 62 66 92 108 113 120
6 62 66 92 108 116 120
6 62 66 92 108 116 121
6 62 66 93 100 104 112
6 62 67 69 74 116 121
6 62 67 69 88 104 112
6 62 67 69 90 108 113
6 62 67 69 106 116 120
6 62 67 69 106 116 121
6 62 67 70 73 116 120
6 62 67 70 88 108 113
6 62 67 70 108 113 120
6 62 67 76 84 97 120
6 62 67 76 85 105 114
6 62 67 76 97 116 120
6 62 67 76 98 116 120
6 62 67 76 98 116 121
6 62 67 76 100 113 120
6 62 67 76 101 114 121
6 62 67 76 113 116 120
6 62 67 81 108 116 120
6 62 67 81 108 116 122
6 62 67 82 108 116 120
6 62 67 82 108 116 121
6 62 67 84 108 113 120
6 62 67 85 105 114 124
6 62 67 88 97 104 116
6 62 67 88 101 104 112
6 62 67 88 104 113 116
6 62 67 89 98 108 116
6 62 67 89 101 106 116
6 62 67 90 97 108 116
6 62 67 92 97 100 120
6 62 67 92 97 104 112
6 62 67 92 97 108 114
6 62 67 92 98 100 120
6 62 67 92 98 100 121
6 62 67 92 98 108 113
6 62 67 92 100 104 112
6 62 67 92 100 104 113
6 62 67 92 101 114 121
6 62 67 92 102 105 113
6 62 67 92 105 114 116
6 62 67 92 106 113 116
6 62 67 92 108 113 114
6 62 67 92 108 113 120
6 62 67 92 108 113 122
6 62 67 92 108 114 120
6 62 67 92 108 114 121
6 62 67 92 108 116 120
6 62 67 92 108 116 121
6 62 67 92 108 116 122
6 62 67 92 108 118 122
6 62 67 93 100 104 112
6 62 67 94 110 117 121
6 62 68 88 97 104 112
6 62 69 70 74 113 120
6 62 69 73 84 104 114
6 62 69 74 82 100 120
6 62 69 74 82 100 121
6 62 69 74 88 97 112
6 62 69 74 98 116 121
6 62 69 74 100 113 120
6 62 69 74 105 114 116
6 62 69 74 114 116 121
6 62 69 74 114 121 124
6 62 69 75 118 121 124
6 62 69 76 116 121 122
6 62 69 78 115 121 124
6 62 69 81 106 116 120
6 62 69 82 98 121 124
6 62 69 82 106 113 124
6 62 69 82 106 116 120
6 62 69 82 106 116 121
6 62 69 84 106 113 120
6 62 69 88 98 104 112
6 62 69 88 98 104 113
6 62 69 88 100 106 113
6 62 69 89 98 104 112
6 62 69 89 110 115 124
6 62 69 90 97 98 124
6 62 69 90 97 100 120
6 62 69 90 98 108 113
6 62 69 90 100 104 112
6 62 69 90 100 104 113
6 62 69 90 108 118 120
6 62 69 92 108 113 122
6 62 69 92 108 114 120
6 62 69 92 108 114 121
6 62 69 92 110 115 121
6 62 70 73 81 106 116
6 62 70 73 82 108 113
6 62 70 73 84 104 113
6 62 70 73 97 114 124
6 62 70 73 97 116 120
6 62 70 73 98 113 124
6 62 70 73 98 116 120
6 62 70 73 100 113 120
6 62 70 73 106 113 116
6 62 70 73 113 114 124
6 62 70 73 113 116 120
6 62 70 73 113 122 124
6 62 70 73 114 116 120
6 62 70 74 81 97 124
6 62 70 74 84 104 112
6 62 70 74 84 104 113
6 62 70 74 84 105 113
6 62 70 74 85 105 112
6 62 70 74 105 113 116
6 62 70 75 117 122 124
6 62 70 76 81 97 120
6 62 70 76 88 97 112
6 62 70 76 116 121 122
6 62 70 81 97 104 112
6 62 70 81 97 122 124
6 62 70 81 105 114 124
6 62 70 81 105 116 120
6 62 70 82 105 113 124
6 62 70 82 105 116 120
6 62 70 82 105 117 120
6 62 70 85 98 105 120
6 62 70 88 97 104 112
6 62 70 88 98 108 113
6 62 70 88 100 104 112
6 62 70 88 100 104 113
6 62 70 88 105 114 116
6 62 70 89 97 98 124
6 62 70 89 97 100 120
6 62 70 89 97 104 112
6 62 70 89 97 104 116
6 62 70 89 97 106 116
6 62 70 89 98 100 120
6 62 70 89 98 101 120
6 62 70 89 98 104 116
6 62 70 89 98 105 116
6 62 70 89 100 104 112
6 62 70 89 101 104 114
6 62 70 89 101 114 120
6 62 70 89 105 114 116
6 62 70 89 105 114 124
6 62 70 89 106 113 116
6 62 70 90 106 117 124
6 62 70 90 107 117 124
6 62 70 91 109 117 122
6 62 70 92 97 104 112
6 62 70 92 98 105 113
6 62 70 92 108 113 120
6 62 70 92 108 113 122
6 62 70 92 108 114 121
6 62 71 73 113 122 124
6 62 71 75 118 121 124
6 62 71 76 116 121 122
6 62 71 76 117 121 122
6 62 71 78 117 121 122
6 62 71 81 97 122 124
6 62 71 88 97 104 112
6 62 71 89 97 106 116
6 62 71 89 100 104 112
6 62 71 89 101 122 124
6 62 71 89 105 114 116
6 62 71 89 105 114 124
6 62 71 89 106 113 116
6 62 71 90 102 121 124
6 62 71 90 108 118 121
6 62 71 91 107 117 124
6 62 71 92 101 121 122
6 62 71 92 108 113 122
6 62 71 92 108 114 121
6 62 71 92 108 115 121
6 62 73 74 84 100 113
6 62 73 74 113 116 120
6 62 73 76 84 97 114
6 62 73 76 114 116 120
6 62 73 76 114 117 120
6 62 73 78 114 116 120
6 62 73 78 115 117 120
6 62 73 81 98 100 112
6 62 73 81 98 100 120
6 62 73 81 102 122 124
6 62 73 81 103 122 124
6 62 73 81 106 116 120
6 62 73 82 97 100 112
6 62 73 82 97 104 116
6 62 73 82 97 116 120
6 62 73 82 100 104 113
6 62 73 82 100 113 120
6 62 73 82 104 113 116
6 62 73 82 108 113 120
6 62 73 82 108 117 120
6 62 73 83 101 122 124
6 62 73 83 110 113 124
6 62 73 83 110 117 120
6 62 73 84 100 104 114
6 62 73 84 100 104 115
6 62 73 84 100 106 113
6 62 73 84 100 113 122
6 62 73 84 100 114 120
6 62 73 84 100 115 120
6 62 73 84 102 113 120
6 62 73 86 97 100 120
6 62 73 86 97 104 112
6 62 73 86 98 100 120
6 62 73 86 106 113 124
6 62 73 86 108 114 120
6 62 73 88 98 100 113
6 62 73 88 104 113 118
6 62 73 88 104 114 116
6 62 73 88 104 114 117
6 62 73 88 104 117 118
6 62 73 88 106 113 116
6 62 73 88 108 113 118
6 62 73 88 108 114 116
6 62 73 88 108 114 117
6 62 73 88 110 114 116
6 62 73 88 110 115 117
6 62 73 90 99 117 124
6 62 73 90 103 113 124
6 62 73 90 103 117 120
6 62 73 90 108 113 118
6 62 73 90 108 114 116
6 62 73 90 108 115 117
6 62 73 92 101 114 120
6 62 73 92 102 113 120
6 62 73 92 108 113 114
6 62 73 94 103 113 120
6 62 74 76 81 97 112
6 62 74 76 113 116 120
6 62 74 76 113 118 120
6 62 74 81 84 97 104
6 62 74 81 97 100 120
6 62 74 81 97 104 116
6 62 74 81 97 116 120
6 62 74 81 100 104 112
6 62 74 81 101 104 112
6 62 74 81 108 116 120
6 62 74 81 108 118 120
6 62 74 82 101 121 124
6 62 74 84 97 100 120
6 62 74 84 97 104 112
6 62 74 84 98 100 120
6 62 74 84 98 100 121
6 62 74 84 98 101 121
6 62 74 84 100 113 120
6 62 74 84 101 114 121
6 62 74 84 102 105 113
6 62 74 84 108 113 120
6 62 74 85 97 104 112
6 62 74 85 98 100 121
6 62 74 85 105 114 124
6 62 74 88 97 100 112
6 62 74 88 104 113 116
6 62 74 88 104 117 118
6 62 74 88 108 113 116
6 62 74 88 108 113 118
6 62 74 88 108 114 117
6 62 74 89 97 100 112
6 62 74 92 101 114 120
6 62 74 92 101 114 121
6 62 74 92 102 113 120
6 62 74 92 105 114 117
6 62 74 92 108 113 114
6 62 75 77 113 118 120
6 62 75 81 101 114 124
6 62 75 84 100 113 120
6 62 75 85 98 100 120
6 62 75 85 101 122 124
6 62 75 85 110 118 121
6 62 75 86 110 117 121
6 62 75 88 104 117 118
6 62 75 88 105 117 118
6 62 75 88 108 114 117
6 62 75 92 101 118 121
6 62 75 92 105 114 117
6 62 76 81 84 99 104
6 62 76 81 97 100 122
6 62 76 81 97 102 120
6 62 76 81 97 116 122
6 62 76 81 98 100 120
6 62 76 81 99 100 120
6 62 76 81 99 116 120
6 62 76 81 100 104 112
6 62 76 81 100 104 114
6 62 76 81 106 116 120
6 62 76 82 97 116 120
6 62 76 82 98 116 120
6 62 76 82 98 116 121
6 62 76 82 98 117 121
6 62 76 82 100 104 113
6 62 76 82 100 113 120
6 62 76 83 97 100 120
6 62 76 83 100 104 112
6 62 76 83 100 104 113
6 62 76 83 100 105 112
6 62 76 84 88 97 98
6 62 76 84 97 98 120
6 62 76 84 97 114 120
6 62 76 84 99 113 120
6 62 76 84 100 121 122
6 62 76 84 101 121 122
6 62 76 84 102 121 122
6 62 76 84 103 121 122
6 62 76 84 106 113 120
6 62 76 85 103 121 122
6 62 76 85 105 116 122
6 62 76 85 105 118 122
6 62 76 85 106 116 121
6 62 76 85 107 116 120
6 62 76 85 107 116 122
6 62 76 85 107 118 120
6 62 76 85 107 118 121
6 62 76 86 101 121 122
6 62 76 86 105 116 120
6 62 76 86 105 116 122
6 62 76 86 106 116 120
6 62 76 86 106 116 121
6 62 76 86 106 117 121
6 62 76 86 107 116 120
6 62 76 86 107 116 121
6 62 76 86 107 117 120
6 62 76 87 107 116 120
6 62 76 87 107 116 121
6 62 76 88 104 113 116
6 62 76 88 104 113 118
6 62 76 88 104 114 116
6 62 76 88 104 114 117
6 62 76 88 104 115 116
6 62 76 88 104 115 117
6 62 76 88 105 114 116
6 62 76 88 105 114 117
6 62 76 88 105 115 116
6 62 76 88 106 113 116
6 62 76 89 99 116 120
6 62 76 89 101 114 120
6 62 76 89 105 114 116
6 62 77 78 115 116 120
6 62 77 78 115 116 121
6 62 77 82 97 116 120
6 62 77 82 98 113 124
6 62 77 82 98 116 120
6 62 77 82 98 116 121
6 62 77 82 99 116 120
6 62 77 82 102 113 120
6 62 77 83 101 114 120
6 62 77 83 105 118 120
6 62 77 85 105 118 122
6 62 77 86 99 121 124
6 62 77 86 106 113 124
6 62 77 86 108 113 122
6 62 77 86 108 115 121
6 62 77 88 104 113 114
6 62 77 88 104 113 118
6 62 77 88 104 114 116
6 62 77 88 104 114 117
6 62 77 88 104 115 116
6 62 77 88 106 113 118
6 62 77 88 106 115 117
6 62 77 88 108 113 114
6 62 77 89 110 115 116
6 62 77 90 98 100 113
6 62 77 90 99 113 124
6 62 77 90 99 117 120
6 62 77 90 105 113 118
6 62 77 90 106 113 116
6 62 77 90 108 115 116
6 62 77 92 101 115 122
6 62 77 92 108 113 114
6 62 78 81 97 114 124
6 62 78 81 97 116 120
6 62 78 81 105 114 116
6 62 78 82 97 116 120
6 62 78 83 101 122 124
6 62 78 83 103 121 124
6 62 78 85 101 121 122
6 62 78 85 105 115 124
6 62 78 85 108 115 121
6 62 78 86 99 121 124
6 62 78 86 106 113 124
6 62 78 86 106 116 120
6 62 78 86 106 116 121
6 62 78 86 106 117 121
6 62 78 86 107 117 120
6 62 78 86 107 117 121
6 62 78 88 104 113 116
6 62 78 88 104 113 118
6 62 78 88 104 114 116
6 62 78 88 104 114 117
6 62 78 88 104 115 117
6 62 78 88 105 114 117
6 62 78 88 105 115 117
6 62 78 88 106 113 116
6 62 78 89 97 98 116
6 62 78 89 99 117 120
6 62 78 89 105 114 117
6 62 78 89 109 115 116
6 62 78 92 101 114 121
6 62 78 92 102 113 120
6 62 78 92 105 115 116
6 62 78 92 108 113 114
6 62 79 81 97 114 124
6 62 79 81 99 116 120
6 62 79 86 106 117 121
6 62 79 88 104 113 116
6 62 79 88 104 113 118
6 62 79 88 104 114 116
6 62 79 88 104 114 117
6 62 79 88 104 115 117
6 62 79 97 114 116 120
6 62 79 98 113 116 120
6 62 79 99 113 116 120
6 62 79 113 114 116 120
6 62 79 113 118 122 124
6 62 79 119 121 122 124
6 62 81 82 97 100 104
6 62 81 82 97 100 120
6 62 81 82 97 108 112
6 62 81 82 97 108 120
6 62 81 82 100 105 112
6 62 81 82 100 105 120
6 62 81 82 102 105 124
6 62 81 82 105 108 112
6 62 81 84 98 108 120
6 62 81 84 98 109 120
6 62 81 84 99 108 120
6 62 81 84 100 106 120
6 62 81 84 101 106 120
6 62 81 84 102 105 120
6 62 81 84 106 108 112
6 62 81 84 106 109 112
6 62 81 86 97 106 124
6 62 81 86 107 109 112
6 62 81 88 98 100 104
6 62 81 88 98 105 116
6 62 81 88 98 108 112
6 62 81 88 98 109 112
6 62 81 88 101 106 112
6 62 81 88 102 104 112
6 62 81 88 102 105 112
6 62 81 90 97 108 112
6 62 81 90 99 109 116
6 62 81 92 97 106 116
6 62 81 92 98 100 104
6 62 81 92 98 105 112
6 62 81 92 98 105 116
6 62 81 92 98 109 112
6 62 81 92 102 105 112
6 62 81 92 102 105 114
6 62 81 92 102 106 112
6 62 81 94 98 100 104
6 62 81 94 99 109 112
6 62 81 94 101 105 114
6 62 82 84 97 104 112
6 62 82 84 97 108 120
6 62 82 84 97 110 120
6 62 82 84 100 105 120
6 62 82 84 101 106 120
6 62 82 84 101 106 121
6 62 82 84 102 105 120
6 62 82 84 105 108 112
6 62 82 84 105 110 112
6 62 82 85 98 105 124
6 62 82 88 97 104 116
6 62 82 88 97 108 112
6 62 82 88 100 104 112
6 62 82 88 100 104 113
6 62 82 88 100 105 112
6 62 82 88 101 104 112
6 62 82 89 99 108 116
6 62 82 89 101 106 116
6 62 82 92 97 106 116
6 62 82 92 97 108 112
6 62 82 92 97 110 112
6 62 82 92 98 101 121
6 62 82 92 98 105 116
6 62 82 92 100 105 112
6 62 82 92 102 105 112
6 62 82 92 102 105 113
6 62 83 88 101 104 112
6 62 83 88 105 108 116
6 62 83 88 105 110 117
6 62 83 92 97 100 104
6 62 83 92 101 105 114
6 62 83 92 101 106 120
6 62 83 92 101 106 121
6 62 83 92 103 105 120
6 62 83 92 105 106 117
6 62 84 88 97 104 112
6 62 84 88 97 108 112
6 62 84 88 97 108 114
6 62 84 88 97 110 112
6 62 84 88 98 108 112
6 62 84 88 98 108 113
6 62 84 88 98 109 112
6 62 84 88 99 108 112
6 62 84 88 99 108 113
6 62 84 88 99 109 112
6 62 84 88 102 105 112
6 62 84 88 102 105 113
6 62 84 89 99 100 120
6 62 84 89 99 108 112
6 62 84 89 100 106 113
6 62 84 89 101 106 112
6 62 84 90 97 108 112
6 62 84 90 100 105 112
6 62 85 88 105 108 114
6 62 85 88 106 108 113
6 62 85 88 106 108 114
6 62 85 89 99 106 116
6 62 85 89 99 110 112
6 62 85 90 99 109 112
6 62 85 90 101 105 114
6 62 85 90 102 105 112
6 62 85 90 102 105 113
6 62 85 90 102 105 120
6 62 85 90 105 106 116
6 62 85 92 105 108 114
6 62 85 92 105 110 115
6 62 85 92 107 108 115
6 62 86 88 105 108 113
6 62 86 88 106 108 113
6 62 86 89 97 100 104
6 62 86 89 98 100 104
6 62 86 89 105 108 114
6 62 86 92 106 108 113
6 62 87 88 105 106 117
6 62 87 88 105 108 114
6 62 87 88 105 110 113
6 62 87 88 106 108 113
6 62 87 88 106 109 113
6 62 87 92 107 108 113
6 62 87 98 100 105 120
6 62 87 101 108 121 122
6 62 87 105 106 113 124
6 62 87 105 106 117 120
6 62 87 105 108 114 120
6 62 87 105 110 113 120
6 62 87 106 108 113 120
6 62 87 106 109 113 120
6 62 87 107 108 116 121
6 62 89 92 99 108 116
6 62 89 92 102 108 113
6 62 89 92 103 105 114
6 62 90 92 99 108 116
6 62 90 92 101 106 113
6 62 90 92 102 105 113
6 62 90 92 103 105 113
6 62 91 97 98 108 116
6 62 91 97 108 116 120
6 62 91 98 101 116 120
6 62 91 98 108 113 116
6 62 91 98 108 116 120
6 62 91 98 108 116 121
6 62 91 98 108 117 120
6 62 91 101 102 121 124
6 62 91 101 105 118 124
6 62 91 101 108 116 120
6 62 91 101 108 116 122
6 62 91 101 108 118 120
6 62 91 101 108 118 121
6 62 91 102 105 117 124
6 62 91 102 106 117 124
6 62 91 102 108 116 120
6 62 91 102 108 116 121
6 62 91 102 108 117 120
6 62 91 102 109 117 122
6 62 91 103 108 116 120
6 62 91 103 108 116 121
6 62 91 109 114 116 120
6 62 91 109 117 118 122
6 62 91 109 119 122 124
6 62 91 111 114 117 124
6 62 93 97 102 122 124
6 62 93 97 106 114 116
6 62 93 97 106 114 124
6 62 93 97 106 118 120
6 62 93 97 108 118 122
6 62 93 97 110 118 122
6 62 93 98 100 104 112
6 62 93 98 108 116 120
6 62 93 99 102 122 124
6 62 93 99 108 114 120
6 62 93 99 108 116 122
6 62 93 99 108 118 122
6 62 93 99 110 118 121
6 62 93 101 106 114 120
6 62 93 101 106 114 124
6 62 93 102 105 114 120
6 62 93 102 106 114 124
6 62 93 102 106 115 124
6 62 93 102 107 117 122
6 62 93 102 108 113 122
6 62 93 106 108 113 114
6 62 93 109 115 118 122
6 62 93 111 113 118 122
6 62 93 111 114 116 120
6 62 94 97 98 100 120
6 62 94 97 98 116 120
6 62 94 97 100 104 112
6 62 94 97 102 122 124
6 62 94 97 106 116 120
6 62 94 97 108 116 120
6 62 94 97 108 116 122
6 62 94 98 100 104 112
6 62 94 98 100 104 113
6 62 94 98 100 105 113
6 62 94 98 100 113 120
6 62 94 98 101 121 124
6 62 94 98 105 113 116
6 62 94 98 105 113 124
6 62 94 98 105 117 120
6 62 94 98 108 113 120
6 62 94 98 108 116 120
6 62 94 98 108 116 121
6 62 94 98 108 117 121
6 62 94 99 101 121 124
6 62 94 99 105 113 124
6 62 94 99 105 117 120
6 62 94 99 108 116 120
6 62 94 99 108 116 121
6 62 94 99 108 117 121
6 62 94 99 110 117 121
6 62 94 100 105 113 120
6 62 94 101 105 113 114
6 62 94 101 105 115 124
6 62 94 101 106 113 120
6 62 94 101 106 116 121
6 62 94 101 108 115 121
6 62 94 102 105 113 120
6 62 94 102 105 113 124
6 62 94 102 106 113 124
6 62 94 102 108 113 120
6 62 94 103 105 113 120
6 62 94 103 121 122 124
6 62 94 105 106 113 116
6 62 94 107 114 117 124
6 62 94 107 117 122 124
6 62 94 109 113 114 120
6 62 94 109 113 114 124
6 62 94 109 113 116 122
6 62 94 109 113 118 122
6 62 94 109 114 116 120
6 62 94 109 114 116 121
6 62 94 109 115 116 120
6 62 94 109 115 118 121
6 62 94 109 119 121 122
6 62 94 109 119 123 124
6 62 94 110 113 114 124
6 62 94 110 113 116 120
6 62 94 110 114 116 120
6 62 94 110 114 116 121
6 62 94 110 114 117 121
6 62 94 110 115 117 121
6 62 94 110 117 121 122
6 62 94 110 117 121 124
6 62 94 110 117 123 124
6 62 94 110 118 121 124
6 62 94 110 118 122 124
6 62 94 110 118 122 125
6 62 94 110 118 123 125
6 62 94 110 119 123 125
6 62 94 111 113 114 124
6 62 94 111 113 116 120
6 62 94 111 114 116 120
6 62 94 111 114 116 121
6 62 94 111 114 117 121
6 62 94 111 115 117 121
6 62 94 111 119 123 125
6 62 95 97 98 100 120
6 62 95 97 98 116 120
6 62 95 97 100 104 112
6 62 95 97 102 122 124
6 62 95 97 106 116 120
6 62 95 97 108 116 120
6 62 95 97 108 116 122
6 62 95 98 100 104 112
6 62 95 98 100 104 113
6 62 95 98 100 113 120
6 62 95 98 108 113 120
6 62 95 98 108 116 120
6 62 95 98 108 116 121
6 62 95 99 108 116 120
6 62 95 99 108 116 121
6 62 95 99 109 117 122
6 62 95 101 106 113 120
6 62 95 101 106 116 121
6 62 95 102 105 113 120
6 62 95 102 105 113 124
6 62 95 102 106 113 124
6 62 95 102 108 113 120
6 62 95 105 106 113 116
6 62 95 111 113 114 124
6 62 95 111 113 116 120
6 62 95 111 114 116 120
6 62 95 111 114 116 121
6 63 65 66 68 72 112
6 63 65 66 68 104 112
6 63 65 66 76 116 120
6 63 65 66 84 104 112
6 63 65 66 88 104 116
6 63 65 66 100 104 112
6 63 65 66 108 116 120
6 63 65 70 88 104 112
6 63 65 74 84 100 120
6 63 65 74 84 104 112
6 63 65 76 98 116 120
6 63 65 76 100 114 120
6 63 65 76 114 116 120
6 63 65 78 114 116 120
6 63 65 78 118 122 124
6 63 65 82 100 104 112
6 63 65 82 108 116 120
6 63 65 82 110 116 120
6 63 65 84 108 114 120
6 63 65 88 98 104 116
6 63 65 88 102 104 112
6 63 65 88 104 114 116
6 63 65 90 98 108 116
6 63 65 90 108 114 116
6 63 65 90 108 118 120
6 63 65 92 98 100 120
6 63 65 92 98 104 112
6 63 65 92 100 104 114
6 63 65 92 108 114 120
6 63 65 92 108 116 122
6 63 65 92 108 118 122
6 63 65 94 98 100 120
6 63 65 94 100 104 112
6 63 66 68 72 80 96
6 63 66 68 88 104 112
6 63 66 88 100 104 112
6 63 66 92 100 104 112
6 63 66 92 108 116 120
6 63 67 69 74 116 120
6 63 67 69 88 106 116
6 63 67 69 106 116 120
6 63 67 74 84 100 120
6 63 67 76 98 116 120
6 63 67 76 114 116 120
6 63 67 81 108 116 122
6 63 67 82 108 116 120
6 63 67 84 108 114 120
6 63 67 88 100 104 112
6 63 67 90 97 108 116
6 63 67 92 97 108 114
6 63 67 92 98 100 120
6 63 67 92 100 104 112
6 63 67 92 100 104 114
6 63 67 92 100 105 114
6 63 67 92 105 114 116
6 63 67 92 108 113 114
6 63 67 92 108 113 122
6 63 67 92 108 114 120
6 63 67 92 108 116 120
6 63 67 92 108 116 122
6 63 67 92 108 118 122
6 63 67 93 109 118 122
6 63 67 94 100 104 112
6 63 69 70 88 104 112
6 63 69 73 82 98 124
6 63 69 74 84 104 112
6 63 69 74 97 114 124
6 63 69 74 98 116 120
6 63 69 74 99 116 120
6 63 69 74 113 114 124
6 63 69 82 106 113 124
6 63 69 88 100 104 114
6 63 69 90 97 98 124
6 63 69 90 100 104 112
6 63 69 90 108 118 120
6 63 69 92 98 104 112
6 63 69 92 108 114 120
6 63 70 73 113 122 124
6 63 70 74 84 104 112
6 63 70 74 84 104 113
6 63 70 75 117 122 124
6 63 70 76 116 121 122
6 63 70 81 97 122 124
6 63 70 82 105 116 120
6 63 70 88 98 105 116
6 63 70 88 100 104 112
6 63 70 88 105 114 116
6 63 70 89 98 100 120
6 63 70 89 98 104 116
6 63 70 90 106 117 124
6 63 70 90 107 117 124
6 63 70 92 108 113 122
6 63 70 92 108 114 121
6 63 71 75 117 122 124
6 63 71 76 116 121 122
6 63 71 90 102 121 124
6 63 71 90 108 118 121
6 63 71 92 108 113 122
6 63 73 76 114 116 120
6 63 73 78 114 116 120
6 63 73 81 102 122 124
6 63 73 82 100 104 112
6 63 73 82 108 116 120
6 63 73 84 98 100 120
6 63 73 84 100 114 120
6 63 73 84 108 114 120
6 63 73 86 106 113 124
6 63 73 86 108 114 120
6 63 73 88 98 100 112
6 63 73 88 104 114 116
6 63 73 88 108 114 116
6 63 73 88 110 114 116
6 63 73 90 108 113 118
6 63 73 90 108 114 116
6 63 74 76 113 118 120
6 63 74 81 108 118 120
6 63 74 84 98 100 120
6 63 74 84 98 100 121
6 63 74 88 104 117 118
6 63 74 88 108 113 118
6 63 74 88 108 114 117
6 63 74 92 101 114 120
6 63 74 92 102 113 120
6 63 74 92 108 113 114
6 63 75 85 103 122 124
6 63 75 86 102 121 124
6 63 75 88 104 117 118
6 63 76 81 98 116 120
6 63 76 81 100 104 114
6 63 76 81 100 114 120
6 63 76 82 98 116 120
6 63 76 82 98 116 121
6 63 76 83 100 104 112
6 63 76 84 97 98 120
6 63 76 84 100 121 122
6 63 76 84 102 121 122
6 63 76 84 103 121 122
6 63 76 84 105 114 120
6 63 76 85 102 121 122
6 63 76 85 105 118 122
6 63 76 85 106 116 120
6 63 76 85 107 116 122
6 63 76 85 107 118 120
6 63 76 86 105 116 122
6 63 76 86 106 116 120
6 63 76 86 106 116 121
6 63 76 86 107 116 120
6 63 76 87 107 116 120
6 63 76 88 104 113 118
6 63 76 88 104 114 116
6 63 76 88 104 115 116
6 63 76 88 105 114 116
6 63 77 78 115 116 120
6 63 77 82 98 116 120
6 63 77 86 97 98 120
6 63 77 86 106 113 124
6 63 77 86 108 113 122
6 63 77 88 104 114 116
6 63 77 88 106 113 118
6 63 78 81 97 114 124
6 63 78 81 98 116 120
6 63 78 81 99 116 120
6 63 78 83 101 122 124
6 63 78 86 106 113 124
6 63 78 86 106 116 120
6 63 78 86 106 116 121
6 63 78 86 106 117 121
6 63 78 86 107 117 120
6 63 78 88 104 113 118
6 63 78 88 104 114 116
6 63 78 88 104 114 117
6 63 78 89 105 114 116
6 63 78 89 108 115 116
6 63 78 92 108 113 114
6 63 79 88 104 113 118
6 63 79 88 104 114 116
6 63 81 82 100 104 112
6 63 81 82 101 106 124
6 63 81 84 98 108 120
6 63 81 84 100 106 120
6 63 81 84 106 108 112
6 63 81 86 97 106 124
6 63 81 88 98 104 116
6 63 81 88 98 108 112
6 63 81 88 102 104 112
6 63 81 92 98 108 112
6 63 81 92 100 106 112
6 63 81 92 101 106 114
6 63 81 92 102 106 112
6 63 82 84 97 110 120
6 63 82 84 99 108 120
6 63 82 84 102 105 120
6 63 82 84 105 110 112
6 63 82 88 100 104 112
6 63 82 92 97 106 116
6 63 82 92 97 110 112
6 63 82 92 98 105 116
6 63 82 92 101 106 112
6 63 83 92 98 100 104
6 63 83 92 101 106 112
6 63 83 92 101 106 120
6 63 84 88 97 108 114
6 63 84 88 97 110 112
6 63 84 88 98 108 112
6 63 84 88 99 108 112
6 63 84 88 101 106 112
6 63 84 89 100 106 112
6 63 85 88 106 108 114
6 63 85 90 106 108 113
6 63 86 88 105 108 114
6 63 86 88 106 108 113
6 63 86 92 106 108 113
6 63 87 88 106 108 113
6 63 90 92 99 108 116
6 63 90 92 101 106 116
6 63 95 97 98 100 120
6 63 95 97 98 116 120
6 63 95 97 102 122 124
6 63 95 97 106 116 120
6 63 95 97 108 116 122
6 63 95 98 100 104 112
6 63 95 98 108 116 120
6 63 95 99 108 116 120
6 63 95 101 106 114 124
6 63 95 101 106 116 120
6 63 95 111 113 114 124
6 63 95 111 114 116 120
6 65 66 68 72 80 96
6 65 66 68 88 104 112
6 65 66 88 100 104 112
6 65 66 92 100 104 112
6 65 66 92 108 116 120
6 65 70 74 84 104 112
6 65 70 88 100 104 112
6 65 74 84 98 100 120
6 65 76 82 98 116 120
6 65 76 86 106 116 120
6 65 76 88 104 114 116
6 65 78 86 106 116 120
6 65 78 88 104 114 116
6 65 82 88 100 104 112
6 65 82 98 108 116 120
6 65 84 88 98 108 112
6 65 88 98 100 104 112
6 65 90 98 108 116 120
6 65 90 102 108 116 120
6 65 90 108 114 116 120
6 65 92 98 100 104 112
6 65 92 98 108 116 120
6 65 92 108 114 116 120
6 65 92 110 114 116 120
6 65 94 98 100 104 112
6 65 94 98 108 116 120
6 65 94 110 114 116 120
6 65 94 110 118 122 124
6 67 69 70 88 104 112
6 67 69 90 108 118 120
6 67 69 92 98 104 112
6 67 69 92 108 114 120
6 67 70 88 100 104 112
6 67 70 92 108 113 122
6 67 76 84 97 98 120
6 67 76 84 100 121 122
6 67 76 88 104 113 118
6 67 76 88 104 114 116
6 67 84 88 97 108 114
6 67 84 88 97 110 112
6 67 84 88 98 108 112
6 67 84 88 101 106 112
6 67 84 97 108 114 120
6 67 86 92 106 108 113
6 67 90 102 108 116 120
6 67 92 97 108 114 120
6 67 92 97 108 116 122
6 67 92 97 108 118 122
6 67 92 98 100 104 112
6 67 92 98 108 116 120
6 67 92 102 108 113 122
6 67 92 105 108 114 116
6 67 92 108 113 114 120
6 67 92 108 113 116 122
6 67 92 108 113 118 122
6 67 92 108 114 116 120
6 67 92 108 116 121 122
6 67 92 110 114 116 120
6 67 94 98 108 116 120
6 67 97 98 108 116 120
6 67 97 108 114 116 120
6 69 73 90 108 114 116
6 69 74 81 98 116 120
6 69 74 92 108 113 114
6 69 76 90 99 116 120
6 69 76 90 106 113 116
6 69 82 88 100 104 112
6 69 88 98 100 104 112
6 69 90 97 108 118 120
6 69 90 98 108 116 120
6 69 90 99 108 116 120
6 69 90 106 108 113 116
6 69 90 108 114 116 120
6 69 90 108 114 116 121
6 69 92 100 106 114 120
6 69 92 100 106 114 121
6 69 92 106 108 113 114
6 69 94 110 115 121 124
6 70 73 88 104 114 116
6 70 73 90 108 114 116
6 70 74 84 97 104 112
6 70 74 85 105 114 124
6 70 74 92 108 113 114
6 70 77 90 106 113 116
6 70 81 88 98 108 112
6 70 89 97 108 116 122
6 70 89 98 108 116 120
6 70 89 101 106 114 124
6 70 90 98 108 116 121
6 70 90 106 108 113 116
6 70 90 108 114 116 121
6 70 92 101 106 114 121
6 70 92 108 116 121 122
6 70 101 106 114 121 124
6 71 73 88 104 114 116
6 71 75 92 108 113 114
6 71 89 101 106 114 124
6 71 89 105 118 122 124
6 71 89 110 113 114 124
6 71 90 98 108 116 121
6 71 90 108 114 116 121
6 71 92 108 116 121 122
6 71 92 108 118 121 122
6 71 93 97 106 114 124
6 71 94 105 106 113 116
6 71 94 110 117 121 122
6 71 102 105 113 122 124
6 73 76 82 98 116 120
6 73 76 84 100 114 120
6 73 78 97 114 116 120
6 73 82 88 100 104 112
6 73 82 92 97 102 120
6 73 82 98 108 116 120
6 73 86 88 101 104 114
6 73 86 97 108 114 120
6 73 86 98 108 113 120
6 73 86 108 113 114 120
6 73 88 102 104 114 116
6 73 88 102 104 114 117
6 73 90 108 114 116 120
6 73 92 97 102 114 120
6 73 92 102 104 113 114
6 73 92 108 113 118 122
6 73 92 108 114 116 120
6 73 92 110 114 116 120
6 73 94 103 113 122 124
6 73 94 110 114 116 120
6 73 94 110 115 117 120
6 73 97 110 114 116 120
6 74 76 81 97 118 120
6 74 76 82 100 113 120
6 74 81 84 98 100 120
6 74 81 97 108 118 120
6 74 84 97 98 100 120
6 74 84 98 100 113 120
6 74 84 98 108 113 120
6 74 86 109 114 121 124
6 74 88 101 104 114 116
6 74 92 108 113 114 120
6 74 92 108 113 118 120
6 74 92 108 114 117 120
6 74 92 108 115 118 120
6 74 92 109 115 118 120
6 74 98 108 113 116 120
6 75 76 84 100 113 122
6 75 85 88 102 104 112
6 75 85 97 102 122 124
6 75 85 102 113 122 124
6 75 85 102 121 122 124
6 75 92 106 117 118 120
6 75 92 108 113 114 116
6 75 92 108 113 118 120
6 75 92 109 115 118 120
6 76 81 82 100 104 112
6 76 81 88 98 104 116
6 76 82 97 98 116 120
6 76 82 98 113 116 120
6 76 83 84 101 106 120
6 76 83 101 106 116 120
6 76 84 90 97 102 120
6 76 84 90 99 100 120
6 76 84 99 100 121 122
6 76 84 100 105 114 120
6 76 84 100 115 121 122
6 76 86 97 106 116 120
6 76 86 100 106 113 120
6 76 86 106 113 116 120
6 76 88 97 104 114 116
6 76 88 104 113 114 116
6 76 89 106 117 118 120
6 76 101 106 115 116 120
6 77 81 99 118 122 124
6 77 83 105 118 122 124
6 77 86 100 106 113 120
6 77 86 102 106 113 120
6 77 86 102 121 122 124
6 77 86 106 113 116 120
6 77 86 106 114 116 120
6 77 90 106 113 118 124
6 77 90 106 117 118 120
6 77 92 102 106 113 114
6 77 92 108 114 116 120
6 77 94 110 115 116 121
6 77 99 113 118 122 124
6 78 81 97 98 116 120
6 78 81 97 114 116 120
6 78 81 97 118 122 124
6 78 81 105 114 116 120
6 78 81 108 114 116 120
6 78 82 98 117 121 124
6 78 83 98 108 116 120
6 78 83 109 114 116 120
6 78 84 108 113 114 120
6 78 85 105 118 122 124
6 78 86 97 106 116 120
6 78 86 98 108 113 120
6 78 86 102 121 122 124
6 78 86 105 114 116 120
6 78 86 106 113 116 120
6 78 86 106 117 121 124
6 78 88 97 104 114 116
6 78 88 104 113 114 116
6 78 88 105 113 114 116
6 78 89 97 104 114 116
6 78 89 97 108 114 116
6 78 89 102 105 114 116
6 78 89 106 114 117 124
6 78 89 106 117 118 120
6 78 89 108 113 114 116
6 78 89 108 115 116 120
6 78 90 102 105 113 116
6 78 91 98 101 116 120
6 78 92 97 100 114 120
6 78 92 100 104 113 114
6 78 92 100 105 113 114
6 78 92 108 113 114 120
6 78 92 108 113 116 122
6 78 92 108 113 118 122
6 78 92 108 115 116 122
6 78 92 109 115 116 122
6 78 93 109 115 118 122
6 78 105 113 114 116 120
6 78 106 114 117 121 124
6 78 108 113 114 116 120
6 79 81 97 118 122 124
6 79 82 110 113 116 120
6 79 83 110 113 116 120
6 79 84 108 113 114 120
6 79 86 106 113 116 120
6 79 87 103 121 122 124
6 79 88 104 113 114 116
6 79 92 100 104 113 114
6 79 108 113 114 116 120
6 79 110 113 114 116 120
6 81 82 98 108 116 120
6 81 82 101 106 108 112
6 81 88 98 100 104 112
6 81 88 105 110 114 116
6 81 90 97 108 118 120
6 81 90 102 108 116 120
6 81 92 97 102 106 112
6 81 92 98 100 104 112
6 81 92 98 108 116 120
6 81 92 101 106 114 120
6 81 92 102 105 116 122
6 81 92 105 110 114 116
6 81 94 98 100 104 112
6 81 97 110 114 116 120
6 81 97 110 118 122 124
6 81 105 110 114 116 120
6 82 85 107 110 116 120
6 82 92 97 106 116 120
6 82 92 97 110 116 120
6 82 92 98 105 116 120
6 82 92 99 110 116 120
6 82 92 101 106 116 120
6 82 93 99 110 116 120
6 82 93 102 106 113 124
6 82 97 98 108 116 120
6 82 98 108 113 116 120
6 83 89 109 110 114 116
6 83 90 102 109 116 120
6 83 92 98 100 104 112
6 83 92 101 106 116 120
6 83 92 106 108 113 116
6 83 92 106 109 118 120
6 83 93 99 110 116 120
6 83 97 98 108 116 120
6 83 97 108 114 116 120
6 83 101 106 108 116 120
6 83 108 113 114 116 120
6 83 109 110 114 116 120
6 83 109 113 118 122 124
6 84 88 97 98 108 112
6 84 89 101 110 114 120
6 84 89 102 108 113 122
6 84 90 101 108 114 120
6 84 90 102 108 113 120
6 84 91 102 108 113 120
6 85 88 106 108 113 114
6 85 89 99 110 114 124
6 85 90 97 98 108 112
6 85 90 97 98 108 120
6 85 90 101 108 114 120
6 85 90 102 105 114 124
6 85 90 105 110 114 116
6 85 90 105 110 118 120
6 85 92 106 108 113 114
6 85 94 105 110 115 124
6 85 97 106 108 114 120
6 85 106 108 113 114 120
6 86 89 102 106 113 124
6 86 89 106 108 113 116
6 86 90 102 108 113 120
6 86 90 102 109 113 120
6 86 90 105 108 114 116
6 86 92 105 106 113 116
6 86 101 106 108 114 121
6 86 101 106 114 121 124
6 86 102 105 106 113 124
6 86 102 105 113 122 124
6 86 105 110 114 116 120
6 86 106 114 117 121 124
6 87 92 107 108 117 122
6 87 94 98 100 105 120
6 87 105 110 113 122 124
6 88 97 98 100 104 112
6 89 90 103 108 116 120
6 89 92 99 108 116 122
6 89 92 101 106 118 120
6 89 92 102 105 116 122
6 89 92 103 106 118 120
6 89 94 98 100 104 112
6 89 97 102 108 116 122
6 89 97 110 114 116 120
6 89 97 110 118 122 124
6 89 101 102 106 114 124
6 89 101 110 114 116 120
6 89 101 110 118 122 124
6 89 102 108 113 116 122
6 89 106 108 113 118 120
6 89 106 108 117 118 120
6 89 107 110 117 118 120
6 89 110 113 114 116 120
6 89 110 113 118 122 124
6 89 111 113 118 122 124
6 90 92 97 100 104 112
6 90 92 97 102 104 112
6 90 92 99 108 116 120
6 90 92 101 106 116 120
6 90 92 101 106 118 120
6 90 92 102 105 113 120
6 90 92 102 108 113 120
6 90 97 98 108 116 120
6 90 97 102 108 116 120
6 90 97 108 114 116 120
6 90 98 101 108 116 120
6 90 98 108 113 116 120
6 90 99 101 108 116 120
6 90 101 106 108 113 116
6 90 101 108 114 116 120
6 90 102 108 113 116 120
6 90 106 108 113 116 120
6 90 106 108 117 118 120
6 90 108 113 114 116 120
6 90 110 114 117 121 124
6 91 93 97 102 106 116
6 91 97 98 108 116 120
6 91 97 102 108 116 120
6 91 101 110 118 121 124
6 91 102 108 113 116 120
6 91 109 113 118 122 124
6 91 109 118 121 122 124
6 92 97 98 100 104 112
6 92 97 98 108 116 120
6 92 97 108 114 116 120
6 92 97 110 114 116 120
6 92 99 105 108 114 116
6 92 99 108 113 114 120
6 92 99 108 113 116 122
6 92 99 108 114 116 120
6 92 99 108 116 121 122
6 92 101 106 108 113 114
6 92 101 106 113 114 120
6 92 101 106 114 116 120
6 92 101 106 115 116 120
6 92 102 105 113 116 122
6 92 102 106 108 113 114
6 92 102 108 116 121 122
6 92 103 108 116 121 122
6 92 105 108 114 116 120
6 92 106 108 113 118 120
6 92 106 109 115 118 120
6 92 107 108 117 118 122
6 92 108 113 114 116 120
6 92 108 115 116 121 122
6 92 110 113 114 116 120
6 92 111 113 114 116 120
6 93 94 98 100 104 112
6 93 94 99 100 104 112
6 93 97 102 106 114 124
6 93 97 106 114 116 120
6 93 97 110 114 116 120
6 93 97 110 118 122 124
6 93 99 108 113 118 122
6 93 99 110 114 116 120
6 93 99 110 118 122 124
6 93 101 102 106 114 120
6 93 102 106 113 114 124
6 93 102 106 114 121 124
6 93 103 110 118 121 122
6 93 106 108 115 118 120
6 93 110 113 114 116 120
6 93 110 119 121 122 124
6 93 111 113 118 122 124
6 93 111 115 118 122 124
6 94 97 98 100 104 112
6 94 97 98 108 116 120
6 94 97 108 114 116 120
6 94 97 110 114 116 120
6 94 97 110 118 122 124
6 94 98 108 113 116 120
6 94 99 101 106 116 121
6 94 99 108 113 116 120
6 94 101 106 114 116 121
6 94 101 106 114 121 124
6 94 101 108 116 121 122
6 94 101 110 115 121 124
6 94 102 105 106 113 116
6 94 102 105 113 114 124
6 94 102 105 113 116 120
6 94 102 105 113 122 124
6 94 102 105 114 116 120
6 94 102 107 117 122 124
6 94 102 108 116 121 122
6 94 103 105 113 122 124
6 94 103 108 116 121 122
6 94 105 106 113 116 120
6 94 105 108 114 117 120
6 94 105 110 115 117 120
6 94 106 108 113 116 120
6 94 106 108 113 118 120
6 94 107 108 117 118 121
6 94 107 110 117 118 121
6 94 107 117 118 121 124
6 94 109 113 118 122 124
6 94 109 115 118 122 124
6 94 110 113 114 116 120
6 94 110 113 118 122 124
6 94 110 114 117 121 124
6 94 110 115 117 121 124
6 94 110 117 121 122 124
6 94 110 118 121 122 124
6 94 110 119 121 122 124
6 94 111 113 114 116 120
6 94 111 113 118 122 124
6 94 111 119 121 122 124
6 95 97 98 100 104 112
6 95 97 98 108 116 120
6 95 97 108 114 116 120
6 95 97 110 114 116 120
6 95 97 110 118 122 124
6 95 99 101 106 116 120
6 95 99 108 114 116 120
6 95 101 106 113 114 124
6 95 102 105 113 122 124
6 95 102 107 117 122 124
6 95 102 108 116 121 122
6 95 103 107 117 122 124
6 95 103 108 116 121 122
6 95 105 108 114 116 120
6 95 106 108 113 118 120
6 95 111 113 114 116 120
6 95 111 113 118 122 124
6 95 111 119 121 122 124
6 95 111 119 123 125 126
