7 1 2 4 8 16 32 64
7 1 2 4 8 48 80 96
7 1 2 4 48 72 80 96
7 1 2 4 56 72 80 96
7 1 2 4 56 88 104 112
7 1 2 12 20 40 80 96
7 1 2 12 48 72 80 96
7 1 2 20 40 68 72 112
7 1 2 24 36 68 104 112
7 1 2 24 44 84 104 112
7 1 2 24 48 80 100 104
7 1 2 28 44 84 104 112
7 1 2 28 48 80 100 104
7 1 2 36 48 72 80 96
7 1 2 36 68 88 104 112
7 1 2 40 48 68 88 96
7 1 2 48 68 72 80 96
7 1 2 52 68 88 104 112
7 1 2 52 76 88 104 112
7 1 2 52 88 100 104 112
7 1 2 56 68 72 80 96
7 1 2 56 68 88 104 112
7 1 2 56 88 100 104 112
7 1 2 56 92 100 104 112
7 1 2 60 68 72 80 96
7 1 2 60 68 88 104 112
7 1 2 60 92 100 104 112
7 1 2 60 92 108 116 120
7 1 6 10 12 48 80 96
7 1 6 10 52 88 108 112
7 1 6 10 56 68 80 96
7 1 6 10 56 88 100 112
7 1 6 12 48 72 80 96
7 1 6 12 56 88 98 116
7 1 6 24 40 66 68 112
7 1 6 24 40 72 114 116
7 1 6 24 48 80 98 108
7 1 6 24 48 80 100 104
7 1 6 40 48 66 88 100
7 1 6 40 48 66 92 96
7 1 6 40 48 68 88 96
7 1 6 40 48 74 84 96
7 1 6 40 66 88 100 112
7 1 6 44 56 84 88 98
7 1 6 52 76 88 104 112
7 1 6 56 66 88 100 112
7 1 6 56 66 88 104 116
7 1 6 56 66 88 108 116
7 1 6 56 68 72 80 96
7 1 6 56 68 88 104 112
7 1 6 56 76 88 98 116
7 1 6 56 82 88 100 104
7 1 6 56 88 98 100 112
7 1 6 56 88 98 104 116
7 1 6 56 88 98 108 116
7 1 6 56 88 100 104 112
7 1 6 56 88 104 114 116
7 1 6 56 92 100 104 112
7 1 6 60 68 88 104 112
7 1 6 66 68 88 104 112
7 1 6 66 88 100 104 112
7 1 10 18 52 88 100 104
7 1 10 20 34 68 104 112
7 1 10 20 56 88 98 100
7 1 10 24 52 70 104 112
7 1 10 24 52 84 98 104
7 1 10 36 48 72 80 96
7 1 10 48 68 72 80 96
7 1 10 52 66 88 108 112
7 1 10 52 68 88 104 112
7 1 10 52 70 88 104 112
7 1 10 52 84 88 98 104
7 1 10 52 88 100 104 112
7 1 10 52 88 100 104 114
7 1 10 56 72 84 100 112
7 1 10 56 72 84 100 114
7 1 10 56 84 88 98 100
7 1 10 60 92 102 114 120
7 1 12 18 48 80 100 104
7 1 12 18 52 88 100 104
7 1 12 20 40 66 80 96
7 1 12 20 42 82 100 120
7 1 12 20 56 88 98 100
7 1 12 26 52 84 98 104
7 1 12 34 48 68 88 96
7 1 12 50 66 88 104 116
7 1 12 50 68 88 104 112
7 1 12 50 74 84 100 120
7 1 12 52 68 88 104 114
7 1 12 52 84 88 98 104
7 1 12 52 88 100 104 114
7 1 12 56 74 84 100 114
7 1 12 56 88 104 114 116
7 1 12 74 84 100 114 120
7 1 14 18 48 80 100 104
7 1 14 22 56 88 98 100
7 1 14 50 74 84 100 120
7 1 14 50 82 108 116 120
7 1 14 50 92 98 100 120
7 1 14 52 68 88 104 114
7 1 14 52 88 100 104 114
7 1 14 56 88 104 114 116
7 1 14 56 88 108 114 116
7 1 14 58 66 84 100 120
7 1 14 60 82 84 98 104
7 1 14 60 92 106 114 116
7 1 14 76 82 98 116 120
7 1 18 24 36 68 104 112
7 1 18 24 40 72 100 112
7 1 18 28 66 100 104 112
7 1 18 36 48 72 80 96
7 1 18 36 56 66 76 112
7 1 18 36 68 88 104 112
7 1 18 44 48 74 80 100
7 1 18 44 66 88 100 112
7 1 18 44 68 88 98 112
7 1 18 44 88 98 100 112
7 1 18 48 76 80 100 104
7 1 18 48 76 80 100 106
7 1 18 52 88 100 104 112
7 1 18 56 66 76 100 112
7 1 18 56 76 80 98 100
7 1 18 56 88 98 108 116
7 1 18 56 88 100 104 112
7 1 18 56 92 100 104 112
7 1 18 60 78 98 116 120
7 1 18 60 92 100 104 112
7 1 18 60 92 102 106 112
7 1 18 66 92 100 104 112
7 1 20 24 34 66 108 112
7 1 20 24 36 72 98 112
7 1 20 34 40 68 72 112
7 1 20 34 66 88 108 112
7 1 20 40 66 68 72 112
7 1 20 40 68 72 98 112
7 1 20 40 68 88 98 112
7 1 20 44 90 100 114 120
7 1 20 48 74 80 100 104
7 1 20 56 88 98 100 112
7 1 20 56 88 98 108 112
7 1 20 56 88 100 106 112
7 1 20 56 88 102 108 112
7 1 20 56 90 102 108 112
7 1 20 68 88 98 104 112
7 1 22 24 40 72 98 116
7 1 22 42 48 76 80 96
7 1 22 42 66 76 116 120
7 1 22 42 76 98 116 120
7 1 22 42 76 114 116 120
7 1 22 56 84 106 108 112
7 1 22 56 88 98 100 104
7 1 22 56 88 98 108 112
7 1 22 56 90 102 108 112
7 1 24 34 36 72 80 96
7 1 24 34 48 68 80 104
7 1 24 36 66 68 104 112
7 1 24 36 68 98 104 112
7 1 24 38 40 74 84 112
7 1 24 38 74 84 104 112
7 1 24 40 52 66 76 112
7 1 24 40 52 70 72 112
7 1 24 40 70 72 114 116
7 1 24 40 72 82 100 112
7 1 24 40 72 102 114 116
7 1 24 44 66 84 104 112
7 1 24 44 72 84 98 112
7 1 24 44 84 98 104 112
7 1 24 48 66 80 100 104
7 1 24 48 80 98 100 104
7 1 24 50 84 106 108 112
7 1 24 74 84 102 104 112
7 1 26 34 70 108 116 120
7 1 26 38 82 108 116 120
7 1 26 44 72 84 98 112
7 1 26 44 76 84 98 112
7 1 26 44 76 114 116 120
7 1 26 44 84 98 104 112
7 1 26 44 84 100 104 112
7 1 26 52 84 98 108 120
7 1 26 52 84 106 108 112
7 1 26 56 76 84 98 100
7 1 26 56 88 100 104 112
7 1 26 60 92 102 104 114
7 1 26 70 98 108 116 120
7 1 28 34 66 68 104 112
7 1 28 34 66 100 104 112
7 1 28 34 66 108 116 120
7 1 28 34 82 100 104 112
7 1 28 34 88 100 104 112
7 1 28 36 68 106 114 120
7 1 28 38 68 88 104 112
7 1 28 38 90 100 104 112
7 1 28 40 88 98 100 112
7 1 28 42 82 108 116 120
7 1 28 44 66 84 104 112
7 1 28 44 68 88 98 112
7 1 28 44 76 114 116 120
7 1 28 44 82 100 104 112
7 1 28 44 84 98 104 112
7 1 28 44 84 106 114 120
7 1 28 48 66 80 100 104
7 1 28 48 80 98 100 104
7 1 28 48 82 98 100 104
7 1 28 50 66 80 100 104
7 1 28 50 66 88 100 104
7 1 28 50 76 82 100 104
7 1 28 50 84 100 106 120
7 1 28 50 84 106 108 112
7 1 28 50 88 98 100 104
7 1 28 50 88 102 104 112
7 1 28 52 76 82 98 104
7 1 28 54 68 74 104 112
7 1 28 56 66 72 100 112
7 1 28 56 72 80 98 100
7 1 28 56 72 82 98 100
7 1 28 56 88 98 100 112
7 1 28 56 88 98 104 116
7 1 28 56 88 98 108 116
7 1 28 56 88 102 104 116
7 1 28 56 90 102 104 116
7 1 28 58 90 102 108 116
7 1 28 82 98 100 104 112
7 1 28 84 100 106 114 120
7 1 28 88 98 100 104 112
7 1 30 34 66 108 116 120
7 1 30 36 92 98 104 112
7 1 30 38 92 98 104 112
7 1 30 40 88 98 100 112
7 1 30 44 84 98 104 112
7 1 30 46 78 114 116 120
7 1 30 48 80 98 100 104
7 1 30 56 72 80 98 100
7 1 30 88 98 100 104 112
7 1 30 92 98 100 104 112
7 1 34 36 68 88 104 112
7 1 34 36 74 84 88 96
7 1 34 48 68 72 80 96
7 1 34 48 82 92 100 104
7 1 34 52 66 88 108 112
7 1 34 52 76 88 104 112
7 1 34 56 66 76 84 96
7 1 34 56 68 72 80 96
7 1 34 56 68 88 104 112
7 1 34 56 74 84 100 112
7 1 34 56 76 82 104 116
7 1 34 56 82 92 100 104
7 1 34 60 68 72 80 96
7 1 34 66 92 100 104 112
7 1 34 66 92 108 116 120
7 1 34 82 92 100 104 112
7 1 36 42 86 92 104 112
7 1 36 56 66 84 104 112
7 1 36 56 66 92 104 112
7 1 36 56 68 82 104 112
7 1 36 56 70 92 104 112
7 1 36 56 74 84 104 112
7 1 36 58 70 92 104 112
7 1 36 58 76 84 98 120
7 1 36 66 68 88 104 112
7 1 36 68 88 98 104 112
7 1 38 50 90 92 100 104
7 1 38 52 76 90 104 112
7 1 38 56 68 72 80 96
7 1 38 56 74 84 104 112
7 1 38 56 84 88 98 104
7 1 38 56 84 90 108 112
7 1 38 58 70 92 104 112
7 1 38 66 68 88 104 112
7 1 38 66 88 100 104 112
7 1 38 74 84 88 104 112
7 1 38 88 98 100 104 112
7 1 38 90 92 100 104 112
7 1 38 90 98 108 116 120
7 1 40 48 66 68 88 96
7 1 40 50 74 92 100 112
7 1 40 50 76 88 98 116
7 1 40 52 74 88 100 112
7 1 40 52 76 88 98 112
7 1 40 54 76 88 98 112
7 1 42 48 84 88 98 100
7 1 42 50 70 92 100 120
7 1 42 52 66 68 88 96
7 1 42 52 66 68 88 112
7 1 42 52 74 88 100 112
7 1 42 52 76 82 100 120
7 1 42 52 82 92 100 104
7 1 42 52 82 92 108 112
7 1 42 56 84 88 98 100
7 1 42 60 82 92 102 120
7 1 42 66 84 88 100 112
7 1 42 84 88 98 100 112
7 1 44 50 76 84 98 120
7 1 44 50 84 88 98 104
7 1 44 52 76 88 98 112
7 1 44 52 76 90 98 112
7 1 44 52 82 88 100 104
7 1 44 56 82 84 98 104
7 1 44 74 84 88 100 114
7 1 44 74 84 100 114 120
7 1 44 76 82 84 98 120
7 1 44 76 82 98 116 120
7 1 44 82 92 100 104 112
7 1 44 84 100 106 114 120
7 1 46 56 86 88 106 116
7 1 46 60 68 72 82 112
7 1 46 82 92 98 116 120
7 1 48 66 68 72 80 96
7 1 50 52 78 88 104 112
7 1 50 56 70 88 104 116
7 1 50 56 74 84 108 112
7 1 50 56 76 82 104 116
7 1 50 56 78 84 108 112
7 1 50 60 68 72 80 96
7 1 50 66 76 88 104 116
7 1 50 66 92 100 104 112
7 1 50 66 92 108 116 120
7 1 50 74 76 84 100 120
7 1 50 74 92 100 104 112
7 1 50 74 92 108 116 120
7 1 50 76 88 98 104 116
7 1 50 84 88 98 108 112
7 1 50 84 88 106 108 112
7 1 50 86 92 106 108 112
7 1 50 92 98 100 104 112
7 1 50 92 98 108 116 120
7 1 50 94 98 108 116 120
7 1 52 56 66 72 80 96
7 1 52 56 66 76 80 96
7 1 52 56 70 88 104 112
7 1 52 56 74 84 104 112
7 1 52 56 74 84 108 112
7 1 52 56 76 82 98 112
7 1 52 56 76 88 98 112
7 1 52 66 68 88 104 112
7 1 52 66 76 88 104 112
7 1 52 66 88 100 104 112
7 1 52 68 74 88 104 112
7 1 52 68 88 98 104 112
7 1 52 70 74 88 104 112
7 1 52 74 84 88 98 104
7 1 52 74 88 100 104 112
7 1 52 76 88 98 104 112
7 1 52 84 88 98 104 112
7 1 52 84 88 106 108 112
7 1 52 88 98 100 104 112
7 1 52 92 100 106 114 120
7 1 54 58 66 76 84 104
7 1 54 66 68 88 104 112
7 1 54 66 76 88 104 112
7 1 54 74 92 108 114 120
7 1 54 76 88 98 104 112
7 1 54 90 98 108 116 120
7 1 54 90 108 114 116 120
7 1 56 66 68 72 80 96
7 1 56 66 68 88 104 112
7 1 56 66 88 100 104 112
7 1 56 66 92 100 104 112
7 1 56 70 82 88 100 104
7 1 56 70 88 98 100 112
7 1 56 70 88 98 104 116
7 1 56 70 88 100 104 112
7 1 56 70 88 104 114 116
7 1 56 74 84 88 98 100
7 1 56 74 84 98 100 112
7 1 56 74 84 100 104 112
7 1 56 74 84 102 104 112
7 1 56 76 82 98 104 116
7 1 56 76 84 88 98 100
7 1 56 76 88 104 114 116
7 1 56 78 88 104 114 116
7 1 56 82 88 100 104 112
7 1 56 84 88 98 108 112
7 1 56 84 90 102 108 112
7 1 56 86 88 106 108 116
7 1 56 88 98 100 104 112
7 1 56 88 102 104 114 116
7 1 56 92 98 100 104 112
7 1 56 94 98 100 104 112
7 1 58 60 68 72 80 96
7 1 58 60 70 72 80 96
7 1 58 66 76 84 100 120
7 1 58 66 84 100 104 112
7 1 58 66 92 100 104 112
7 1 58 66 92 108 116 120
7 1 58 70 88 98 108 116
7 1 58 70 92 100 104 112
7 1 58 70 92 108 116 120
7 1 58 74 76 84 100 112
7 1 58 76 84 98 100 120
7 1 58 76 84 100 114 120
7 1 58 78 92 108 114 116
7 1 58 84 88 102 108 112
7 1 58 92 98 100 104 112
7 1 58 92 110 114 116 120
7 1 58 94 98 108 116 120
7 1 58 94 102 108 116 120
7 1 60 66 68 72 80 96
7 1 60 66 68 88 104 112
7 1 60 66 88 100 104 112
7 1 60 66 92 100 104 112
7 1 60 66 92 108 116 120
7 1 60 68 88 98 104 112
7 1 60 70 74 84 104 114
7 1 60 70 88 98 104 112
7 1 60 74 84 100 104 114
7 1 60 74 84 100 114 120
7 1 60 74 88 104 114 116
7 1 60 74 92 102 114 120
7 1 60 76 82 84 98 104
7 1 60 76 82 98 100 120
7 1 60 76 82 98 104 112
7 1 60 76 82 98 116 120
7 1 60 76 82 100 104 112
7 1 60 76 86 106 116 120
7 1 60 76 88 104 114 116
7 1 60 78 82 98 116 120
7 1 60 78 88 104 114 116
7 1 60 82 84 98 104 112
7 1 60 82 88 100 106 112
7 1 60 82 92 102 106 112
7 1 60 84 88 98 104 112
7 1 60 84 88 98 108 112
7 1 60 86 88 106 108 114
7 1 60 86 92 106 108 114
7 1 60 86 106 108 114 120
7 1 60 90 98 108 116 120
7 1 60 90 102 108 116 120
7 1 60 92 98 100 104 112
7 1 60 92 98 108 116 120
7 1 60 92 100 106 114 120
7 1 60 92 102 106 114 120
7 1 60 92 106 114 116 120
7 1 60 92 108 114 116 120
7 1 60 92 110 114 116 120
7 1 60 94 98 100 104 112
7 1 60 94 98 108 116 120
7 1 60 94 110 114 116 120
7 1 62 66 68 72 80 96
7 1 62 66 68 88 104 112
7 1 62 66 88 100 104 112
7 1 62 66 92 100 104 112
7 1 62 66 92 108 116 120
7 1 62 70 74 84 104 112
7 1 62 70 88 100 104 112
7 1 62 74 84 98 100 120
7 1 62 76 82 98 116 120
7 1 62 76 86 106 116 120
7 1 62 76 88 104 114 116
7 1 62 78 86 106 116 120
7 1 62 78 88 104 114 116
7 1 62 82 88 100 104 112
7 1 62 84 88 98 108 112
7 1 62 94 98 100 104 112
7 1 62 94 98 108 116 120
7 1 62 94 110 114 116 120
7 1 62 94 110 118 122 124
7 3 5 6 56 72 80 96
7 3 5 6 56 88 104 112
7 3 5 6 56 88 104 116
7 3 5 9 50 92 110 112
7 3 5 9 54 90 108 112
7 3 5 10 20 40 80 96
7 3 5 14 56 88 97 118
7 3 5 18 40 68 72 112
7 3 5 24 34 68 104 112
7 3 5 24 42 84 104 112
7 3 5 26 48 80 100 104
7 3 5 26 88 102 104 116
7 3 5 28 42 74 113 116
7 3 5 28 50 88 102 104
7 3 5 28 88 102 104 112
7 3 5 34 68 88 104 112
7 3 5 40 48 70 88 96
7 3 5 44 56 84 88 98
7 3 5 46 56 86 88 97
7 3 5 52 56 70 88 104
7 3 5 52 56 74 84 104
7 3 5 52 66 88 104 112
7 3 5 52 74 88 104 112
7 3 5 54 65 90 108 120
7 3 5 54 74 88 104 116
7 3 5 54 76 88 104 112
7 3 5 54 78 88 104 112
7 3 5 56 65 88 110 118
7 3 5 56 65 90 108 118
7 3 5 56 70 72 80 96
7 3 5 56 70 88 104 112
7 3 5 56 70 88 104 116
7 3 5 56 72 82 100 112
7 3 5 56 78 88 97 118
7 3 5 56 82 100 104 112
7 3 5 56 88 97 110 118
7 3 5 56 88 102 104 112
7 3 5 56 88 102 104 116
7 3 5 56 92 98 104 112
7 3 5 56 92 102 104 112
7 3 5 56 92 102 104 114
7 3 5 56 94 100 104 112
7 3 5 56 94 102 104 112
7 3 5 58 65 90 108 116
7 3 5 58 90 97 108 116
7 3 5 58 90 108 113 116
7 3 5 58 90 108 116 120
7 3 5 58 90 108 116 121
7 3 5 58 92 97 106 116
7 3 5 58 92 102 104 112
7 3 5 58 92 110 118 120
7 3 5 60 66 72 80 96
7 3 5 60 66 88 104 112
7 3 5 60 70 88 104 112
7 3 5 60 70 88 104 114
7 3 5 60 76 82 98 120
7 3 5 60 76 82 98 121
7 3 5 60 90 100 104 112
7 3 5 60 92 98 104 112
7 3 5 60 92 106 118 120
7 3 5 60 92 108 114 120
7 3 5 60 94 98 104 112
7 3 5 62 68 88 104 112
7 3 5 62 70 88 104 112
7 3 5 65 90 108 118 120
7 3 6 10 49 92 108 112
7 3 6 10 52 88 108 112
7 3 6 10 52 88 109 112
7 3 6 10 52 92 105 112
7 3 6 12 48 72 80 96
7 3 6 12 56 88 98 116
7 3 6 12 56 88 98 117
7 3 6 13 56 88 98 116
7 3 6 24 48 80 100 104
7 3 6 28 56 82 101 104
7 3 6 40 48 68 88 96
7 3 6 44 56 84 88 98
7 3 6 52 76 88 104 112
7 3 6 56 66 88 108 116
7 3 6 56 66 88 108 117
7 3 6 56 66 92 108 113
7 3 6 56 68 72 80 96
7 3 6 56 68 88 104 112
7 3 6 56 76 88 98 116
7 3 6 56 76 88 98 117
7 3 6 56 82 92 101 104
7 3 6 56 88 98 108 116
7 3 6 56 88 98 108 117
7 3 6 56 88 100 104 112
7 3 6 56 92 100 104 112
7 3 6 60 68 88 104 112
7 3 6 60 92 108 113 122
7 3 6 66 92 108 113 120
7 3 9 10 52 84 104 112
7 3 9 18 36 68 104 112
7 3 9 18 44 84 104 112
7 3 9 24 52 70 104 112
7 3 9 24 52 76 98 112
7 3 9 38 48 84 88 104
7 3 9 38 84 88 104 112
7 3 9 42 84 88 100 112
7 3 9 44 48 82 84 104
7 3 9 44 82 84 104 112
7 3 9 44 84 88 98 112
7 3 9 50 92 100 104 112
7 3 9 52 70 88 104 112
7 3 9 52 74 84 104 112
7 3 9 52 76 82 104 112
7 3 9 52 88 100 106 112
7 3 9 52 90 100 104 112
7 3 9 54 68 88 104 112
7 3 9 56 74 84 100 112
7 3 9 56 86 100 104 112
7 3 9 56 92 98 100 112
7 3 9 58 72 84 100 112
7 3 9 60 68 88 98 112
7 3 9 60 86 106 116 120
7 3 9 60 92 102 113 122
7 3 9 60 92 106 114 116
7 3 10 52 68 88 104 112
7 3 10 52 88 100 104 112
7 3 10 56 72 84 100 112
7 3 10 60 92 101 114 120
7 3 10 60 92 108 113 114
7 3 12 17 40 72 114 116
7 3 12 17 52 90 100 104
7 3 12 17 56 82 100 104
7 3 12 18 48 80 100 104
7 3 12 18 52 88 100 104
7 3 12 20 40 66 80 96
7 3 12 20 56 65 66 96
7 3 12 20 56 88 97 102
7 3 12 20 56 88 98 100
7 3 12 24 40 81 98 116
7 3 12 24 49 84 98 104
7 3 12 34 48 68 88 96
7 3 12 48 65 82 100 104
7 3 12 49 82 88 100 104
7 3 12 52 56 73 84 98
7 3 12 52 65 84 106 120
7 3 12 52 68 88 104 114
7 3 12 52 73 84 98 120
7 3 12 52 81 88 98 104
7 3 12 52 84 88 97 106
7 3 12 52 84 88 98 104
7 3 12 52 84 97 106 120
7 3 12 52 88 100 104 114
7 3 12 56 84 88 97 98
7 3 12 56 88 97 98 116
7 3 12 56 88 97 114 116
7 3 12 56 88 104 113 118
7 3 12 56 88 104 114 116
7 3 12 56 88 104 117 118
7 3 12 65 82 100 104 112
7 3 13 14 81 98 116 120
7 3 13 42 69 82 116 120
7 3 13 50 68 72 80 96
7 3 13 50 82 108 116 120
7 3 13 50 92 100 104 112
7 3 13 50 92 108 116 120
7 3 13 53 94 110 113 122
7 3 13 54 68 88 104 112
7 3 13 54 90 100 104 112
7 3 13 54 90 110 116 120
7 3 13 58 90 108 113 116
7 3 13 58 92 97 98 116
7 3 13 60 69 82 98 120
7 3 13 60 86 106 116 120
7 3 13 65 86 106 116 120
7 3 14 17 48 80 100 104
7 3 14 37 92 97 114 120
7 3 14 44 65 84 114 120
7 3 14 49 81 108 116 122
7 3 14 49 89 108 114 116
7 3 14 49 92 108 114 120
7 3 14 49 92 108 116 122
7 3 14 49 92 108 118 122
7 3 14 52 88 100 104 114
7 3 14 56 88 108 114 116
7 3 14 57 65 84 100 122
7 3 14 57 73 84 100 114
7 3 14 60 73 84 97 114
7 3 14 60 92 105 114 116
7 3 14 60 92 106 114 116
7 3 14 92 97 98 116 120
7 3 17 28 34 80 100 104
7 3 17 38 68 88 104 112
7 3 17 40 50 76 88 100
7 3 17 40 52 76 88 98
7 3 17 44 48 70 88 96
7 3 17 44 68 82 104 112
7 3 17 44 82 100 104 112
7 3 17 44 92 100 114 120
7 3 17 44 94 100 114 120
7 3 17 50 76 80 100 104
7 3 17 50 92 100 104 112
7 3 17 52 68 74 104 112
7 3 17 52 68 88 98 104
7 3 17 52 88 98 100 104
7 3 17 52 88 100 104 114
7 3 17 52 90 100 104 112
7 3 17 56 70 100 104 112
7 3 17 56 76 104 114 116
7 3 17 56 92 100 104 114
7 3 17 56 94 100 104 112
7 3 17 60 78 97 116 122
7 3 17 60 78 100 114 120
7 3 17 60 78 105 114 116
7 3 17 60 90 100 104 112
7 3 17 60 92 97 102 122
7 3 17 60 92 100 104 114
7 3 17 60 92 100 106 114
7 3 17 60 92 101 106 114
7 3 17 60 94 100 104 112
7 3 17 60 94 100 104 114
7 3 17 62 94 100 104 112
7 3 18 24 36 68 104 112
7 3 18 36 68 88 104 112
7 3 18 48 76 80 100 104
7 3 18 52 88 100 104 112
7 3 18 56 92 100 104 112
7 3 18 60 77 98 116 120
7 3 18 60 92 98 105 116
7 3 18 60 92 100 104 112
7 3 20 24 33 80 98 108
7 3 20 24 80 97 98 108
7 3 20 33 56 76 80 98
7 3 20 34 40 68 72 112
7 3 20 40 66 68 72 112
7 3 20 41 48 74 80 100
7 3 20 44 65 88 98 112
7 3 20 48 74 80 100 104
7 3 20 48 88 97 98 108
7 3 20 56 65 74 100 112
7 3 20 56 73 98 100 112
7 3 20 56 76 80 97 98
7 3 20 56 76 97 98 112
7 3 20 56 88 97 98 100
7 3 20 56 88 97 102 112
7 3 20 56 88 97 108 114
7 3 20 56 88 97 110 112
7 3 20 56 88 98 100 112
7 3 20 56 88 98 108 112
7 3 20 56 88 101 106 112
7 3 20 56 88 101 110 112
7 3 20 56 88 102 108 112
7 3 21 26 44 76 97 114
7 3 21 42 69 74 116 120
7 3 21 42 70 73 116 120
7 3 21 42 90 97 108 116
7 3 21 42 92 97 108 114
7 3 21 42 92 108 113 114
7 3 21 44 90 100 104 112
7 3 21 56 74 100 104 112
7 3 21 58 65 74 108 116
7 3 21 69 74 108 114 120
7 3 22 41 69 106 116 120
7 3 22 41 81 108 116 122
7 3 22 44 65 76 114 120
7 3 22 44 76 81 97 122
7 3 22 44 76 97 114 120
7 3 22 44 76 98 113 120
7 3 22 44 76 113 114 120
7 3 22 44 92 97 98 120
7 3 22 49 89 106 108 116
7 3 22 56 84 106 108 112
7 3 22 60 65 76 98 120
7 3 22 60 69 73 98 120
7 3 24 36 66 68 104 112
7 3 24 40 52 65 76 114
7 3 24 40 52 65 78 112
7 3 24 40 52 66 76 112
7 3 24 40 52 69 74 112
7 3 24 40 52 70 72 112
7 3 24 40 52 76 81 98
7 3 24 40 65 76 114 116
7 3 24 40 76 81 98 116
7 3 24 44 65 86 104 112
7 3 24 44 66 84 104 112
7 3 24 44 72 84 98 112
7 3 24 44 84 98 104 112
7 3 24 52 65 76 104 114
7 3 24 52 69 74 104 112
7 3 24 52 76 81 98 104
7 3 24 52 84 105 106 112
7 3 24 65 76 104 114 116
7 3 24 76 81 98 104 116
7 3 25 38 74 84 100 120
7 3 25 38 76 84 97 122
7 3 25 38 76 97 116 122
7 3 25 38 82 108 116 120
7 3 25 38 90 97 108 116
7 3 25 38 92 105 116 122
7 3 25 38 94 100 104 112
7 3 25 42 52 69 70 120
7 3 25 42 69 70 116 120
7 3 25 42 72 84 100 112
7 3 25 44 84 100 106 114
7 3 25 52 74 100 104 112
7 3 25 58 65 70 108 116
7 3 25 60 86 106 108 113
7 3 25 60 92 101 106 114
7 3 25 65 70 108 116 122
7 3 25 70 97 108 116 122
7 3 26 33 84 100 104 112
7 3 26 33 92 100 104 112
7 3 26 37 68 88 104 112
7 3 26 37 69 106 116 120
7 3 26 37 73 84 102 120
7 3 26 37 76 84 98 120
7 3 26 37 85 108 114 120
7 3 26 37 92 97 106 116
7 3 26 37 92 106 116 120
7 3 26 41 92 102 116 120
7 3 26 44 69 98 116 120
7 3 26 44 76 84 97 114
7 3 26 44 76 84 98 112
7 3 26 44 76 84 98 113
7 3 26 44 76 114 116 120
7 3 26 44 76 114 116 121
7 3 26 44 84 100 104 112
7 3 26 52 84 98 108 120
7 3 26 52 84 98 108 121
7 3 26 52 84 105 108 114
7 3 26 52 84 106 108 112
7 3 26 52 84 106 108 113
7 3 26 56 69 100 104 112
7 3 26 56 76 84 98 100
7 3 26 57 76 84 98 100
7 3 26 60 76 84 97 98
7 3 26 60 92 97 108 114
7 3 26 60 92 98 108 113
7 3 26 66 69 108 116 120
7 3 26 69 98 108 116 120
7 3 28 33 65 108 118 122
7 3 28 33 68 72 98 112
7 3 28 33 68 98 104 112
7 3 28 33 84 98 104 112
7 3 28 33 88 100 104 114
7 3 28 34 66 108 116 120
7 3 28 34 66 108 116 121
7 3 28 34 88 100 104 112
7 3 28 36 65 66 104 112
7 3 28 37 42 69 82 120
7 3 28 37 42 69 88 114
7 3 28 37 69 74 114 120
7 3 28 37 69 88 106 114
7 3 28 37 69 106 114 120
7 3 28 37 76 82 98 120
7 3 28 38 65 88 104 112
7 3 28 38 68 88 104 112
7 3 28 38 74 97 116 120
7 3 28 38 76 82 97 120
7 3 28 38 76 97 114 120
7 3 28 38 90 100 104 112
7 3 28 40 88 98 100 112
7 3 28 41 74 84 100 114
7 3 28 42 52 76 82 97
7 3 28 42 74 84 100 113
7 3 28 42 76 100 113 114
7 3 28 42 82 108 116 120
7 3 28 42 82 108 116 121
7 3 28 44 50 73 82 100
7 3 28 44 65 70 114 120
7 3 28 44 65 84 106 114
7 3 28 44 65 86 106 112
7 3 28 44 65 88 98 112
7 3 28 44 66 84 104 112
7 3 28 44 68 88 98 112
7 3 28 44 69 74 113 114
7 3 28 44 74 84 97 114
7 3 28 44 74 84 98 113
7 3 28 44 76 113 114 120
7 3 28 44 76 113 116 122
7 3 28 44 76 113 118 122
7 3 28 44 76 114 116 120
7 3 28 44 81 100 106 114
7 3 28 44 82 100 104 112
7 3 28 44 84 97 106 114
7 3 28 44 84 98 104 112
7 3 28 44 84 106 114 120
7 3 28 44 84 106 114 121
7 3 28 44 90 97 100 114
7 3 28 48 66 80 100 104
7 3 28 48 80 98 100 104
7 3 28 49 68 88 98 104
7 3 28 49 69 74 108 114
7 3 28 49 81 102 108 122
7 3 28 50 65 88 100 104
7 3 28 50 70 108 113 120
7 3 28 50 76 82 100 104
7 3 28 50 82 105 108 116
7 3 28 50 84 97 110 120
7 3 28 50 84 100 106 120
7 3 28 50 84 100 106 121
7 3 28 50 84 106 108 112
7 3 28 50 84 106 108 113
7 3 28 52 65 66 104 112
7 3 28 52 65 76 104 114
7 3 28 52 76 81 98 104
7 3 28 52 76 82 98 104
7 3 28 52 76 106 113 114
7 3 28 52 81 98 108 120
7 3 28 52 84 97 106 120
7 3 28 52 84 105 106 112
7 3 28 52 84 105 106 114
7 3 28 54 76 81 97 106
7 3 28 56 66 72 100 112
7 3 28 56 72 80 98 100
7 3 28 56 81 98 100 104
7 3 28 56 88 97 98 116
7 3 28 56 88 97 102 112
7 3 28 56 88 97 104 118
7 3 28 56 88 97 108 114
7 3 28 56 88 97 108 118
7 3 28 56 88 97 110 118
7 3 28 56 88 98 100 112
7 3 28 56 88 98 104 116
7 3 28 56 88 98 108 116
7 3 28 56 88 101 104 114
7 3 28 56 88 101 104 118
7 3 28 56 88 101 106 118
7 3 28 56 88 101 108 114
7 3 28 56 88 102 104 116
7 3 28 56 90 102 104 116
7 3 28 57 76 82 98 100
7 3 28 58 65 76 100 114
7 3 28 58 74 84 97 100
7 3 28 58 90 97 108 116
7 3 28 58 90 102 108 116
7 3 28 65 66 100 104 112
7 3 28 65 88 102 104 112
7 3 28 65 98 100 104 112
7 3 28 69 74 108 113 114
7 3 28 74 84 98 108 113
7 3 28 76 81 97 102 122
7 3 28 76 81 100 106 114
7 3 28 76 82 100 106 113
7 3 28 76 84 97 98 120
7 3 28 76 100 106 113 114
7 3 28 84 100 106 114 120
7 3 28 84 100 106 114 121
7 3 28 88 98 100 104 112
7 3 29 34 66 108 116 120
7 3 29 34 94 100 104 112
7 3 29 38 90 100 104 112
7 3 29 77 110 113 118 122
7 3 30 33 65 108 116 122
7 3 30 33 69 106 116 120
7 3 30 33 88 100 104 112
7 3 30 33 89 98 108 116
7 3 30 33 92 100 104 112
7 3 30 36 92 98 104 112
7 3 30 37 73 98 116 120
7 3 30 44 81 100 104 112
7 3 30 44 84 98 104 112
7 3 30 45 77 113 118 122
7 3 30 49 81 102 108 120
7 3 30 65 98 108 116 120
7 3 30 92 98 100 104 112
7 3 33 34 76 84 88 96
7 3 33 42 84 88 100 112
7 3 33 44 76 84 114 120
7 3 33 44 84 88 98 112
7 3 33 44 84 88 104 114
7 3 33 48 84 88 98 108
7 3 33 52 82 88 100 104
7 3 33 52 84 88 98 104
7 3 33 54 76 84 106 120
7 3 33 54 76 88 104 112
7 3 33 56 70 84 104 112
7 3 33 56 70 92 104 112
7 3 33 56 74 84 100 112
7 3 33 56 76 84 98 112
7 3 33 56 76 88 98 116
7 3 33 56 82 92 100 104
7 3 33 58 76 84 100 120
7 3 33 58 76 84 102 120
7 3 33 60 65 86 108 122
7 3 33 60 68 72 80 98
7 3 33 60 69 86 106 120
7 3 33 60 69 90 106 116
7 3 33 60 70 88 104 112
7 3 33 60 76 84 98 120
7 3 33 60 76 88 98 112
7 3 33 60 82 88 100 104
7 3 33 60 82 92 100 104
7 3 33 60 85 90 98 108
7 3 33 62 68 72 80 96
7 3 33 62 70 92 104 112
7 3 33 62 76 84 98 120
7 3 33 65 92 108 118 122
7 3 34 36 68 88 104 112
7 3 34 52 76 88 104 112
7 3 34 60 66 89 108 116
7 3 34 60 68 72 80 96
7 3 34 60 81 94 100 104
7 3 34 66 92 108 116 120
7 3 34 66 92 108 116 121
7 3 36 40 48 65 66 92
7 3 36 40 48 65 70 88
7 3 36 40 65 70 88 112
7 3 36 40 65 92 98 112
7 3 36 40 76 81 82 96
7 3 36 42 86 92 104 112
7 3 36 56 65 70 104 112
7 3 36 56 65 74 84 96
7 3 36 56 65 84 98 104
7 3 36 56 65 86 104 112
7 3 36 56 65 92 98 112
7 3 36 56 65 92 104 114
7 3 36 56 65 94 104 112
7 3 36 56 66 84 104 112
7 3 36 56 66 92 104 112
7 3 36 56 69 82 104 112
7 3 36 56 69 94 104 112
7 3 36 56 70 92 104 112
7 3 36 56 73 84 98 112
7 3 36 56 73 86 104 112
7 3 36 56 74 84 104 112
7 3 36 56 77 86 104 112
7 3 36 56 81 84 98 104
7 3 36 56 81 92 98 104
7 3 36 65 70 88 104 112
7 3 36 65 92 98 104 112
7 3 36 66 68 88 104 112
7 3 37 42 69 92 114 120
7 3 37 42 81 92 108 114
7 3 37 50 82 92 108 120
7 3 37 56 70 88 104 112
7 3 37 58 66 76 84 120
7 3 37 58 73 92 98 116
7 3 37 58 74 92 97 116
7 3 37 58 76 84 88 98
7 3 37 60 74 92 97 114
7 3 37 60 78 81 114 120
7 3 37 65 92 106 118 120
7 3 37 69 92 106 114 120
7 3 37 78 92 97 114 120
7 3 37 92 97 106 118 120
7 3 38 41 90 92 97 116
7 3 38 49 81 92 108 122
7 3 38 49 82 92 108 120
7 3 38 52 76 90 104 112
7 3 38 56 68 72 80 96
7 3 38 56 84 90 108 112
7 3 38 57 76 90 97 116
7 3 38 60 69 90 104 112
7 3 38 60 73 90 97 116
7 3 38 66 92 108 113 120
7 3 38 82 92 108 113 120
7 3 38 90 92 100 104 112
7 3 38 92 98 108 113 120
7 3 40 52 73 90 100 112
7 3 40 52 74 88 100 112
7 3 40 52 76 88 98 112
7 3 41 44 84 90 100 114
7 3 41 50 76 84 88 100
7 3 41 52 84 90 108 114
7 3 41 60 76 82 84 98
7 3 41 60 81 92 102 122
7 3 41 70 92 97 116 122
7 3 42 52 65 68 88 112
7 3 42 52 73 86 100 120
7 3 42 52 73 92 100 114
7 3 42 52 76 82 100 120
7 3 42 52 76 82 100 121
7 3 42 52 76 89 100 114
7 3 42 52 76 90 100 113
7 3 42 52 82 92 100 104
7 3 42 52 82 92 108 112
7 3 42 52 82 92 108 113
7 3 42 52 90 92 97 100
7 3 42 60 82 92 97 100
7 3 42 60 82 92 101 120
7 3 42 69 92 98 116 120
7 3 42 70 92 97 116 120
7 3 44 48 65 84 88 98
7 3 44 48 81 82 100 104
7 3 44 48 84 88 97 98
7 3 44 49 70 92 97 122
7 3 44 49 76 82 100 120
7 3 44 49 76 84 88 98
7 3 44 49 76 86 97 122
7 3 44 49 82 88 100 104
7 3 44 49 82 92 100 104
7 3 44 49 86 92 97 106
7 3 44 50 69 92 98 120
7 3 44 50 70 92 97 120
7 3 44 50 74 92 100 113
7 3 44 50 76 84 98 120
7 3 44 50 76 84 98 121
7 3 44 50 76 89 98 116
7 3 44 50 81 94 100 104
7 3 44 50 89 92 98 100
7 3 44 52 65 66 88 96
7 3 44 52 69 90 98 120
7 3 44 52 70 89 97 122
7 3 44 52 73 82 100 120
7 3 44 52 73 90 100 114
7 3 44 52 76 81 98 120
7 3 44 52 76 88 97 114
7 3 44 52 76 88 98 112
7 3 44 52 76 90 97 114
7 3 44 52 76 90 98 112
7 3 44 52 76 90 98 113
7 3 44 52 81 90 100 104
7 3 44 52 82 88 100 104
7 3 44 52 84 90 105 114
7 3 44 52 84 90 106 113
7 3 44 52 89 90 98 100
7 3 44 52 90 92 97 98
7 3 44 56 65 84 88 98
7 3 44 56 69 82 104 112
7 3 44 56 69 90 98 116
7 3 44 56 81 82 100 104
7 3 44 56 81 88 98 116
7 3 44 56 84 88 97 98
7 3 44 58 84 90 97 100
7 3 44 65 76 84 114 120
7 3 44 65 84 88 98 112
7 3 44 65 90 102 116 120
7 3 44 69 90 98 116 120
7 3 44 70 89 97 116 122
7 3 44 74 84 88 100 114
7 3 44 74 84 100 114 120
7 3 44 74 84 100 114 121
7 3 44 76 81 84 98 120
7 3 44 76 81 97 118 122
7 3 44 76 82 84 98 120
7 3 44 76 82 84 98 121
7 3 44 76 82 98 116 120
7 3 44 76 82 98 116 121
7 3 44 76 84 88 97 114
7 3 44 76 84 97 114 120
7 3 44 76 97 114 116 120
7 3 44 81 82 100 104 112
7 3 44 81 92 100 106 114
7 3 44 81 94 100 104 112
7 3 44 82 92 100 104 112
7 3 44 84 88 97 98 112
7 3 44 84 100 106 114 120
7 3 44 84 100 106 114 121
7 3 44 85 90 100 104 112
7 3 44 92 97 98 116 120
7 3 44 92 100 106 113 114
7 3 46 60 68 72 82 112
7 3 46 65 92 114 116 120
7 3 46 82 92 97 116 120
7 3 48 65 84 88 98 108
7 3 48 84 88 97 98 108
7 3 49 50 70 92 108 120
7 3 49 58 74 76 84 100
7 3 49 60 69 90 106 116
7 3 49 60 69 90 108 114
7 3 49 60 81 90 102 108
7 3 49 60 82 92 101 106
7 3 49 62 68 72 80 96
7 3 49 65 92 108 118 122
7 3 49 69 74 92 108 114
7 3 49 81 92 102 108 122
7 3 49 92 97 108 118 122
7 3 50 52 65 68 88 104
7 3 50 52 65 76 88 104
7 3 50 56 78 84 108 112
7 3 50 60 65 68 88 104
7 3 50 60 68 72 80 96
7 3 50 60 69 90 108 113
7 3 50 60 78 81 105 116
7 3 50 60 78 84 97 120
7 3 50 66 92 108 116 120
7 3 50 66 92 108 116 121
7 3 50 70 92 108 113 120
7 3 50 74 76 84 100 120
7 3 50 74 76 84 100 121
7 3 50 74 92 108 116 120
7 3 50 74 92 108 116 121
7 3 50 82 92 105 108 116
7 3 50 92 98 108 116 120
7 3 50 92 98 108 116 121
7 3 52 56 65 76 80 98
7 3 52 56 66 76 80 96
7 3 52 56 69 88 106 112
7 3 52 56 69 90 110 112
7 3 52 56 69 92 106 112
7 3 52 56 70 88 104 112
7 3 52 56 73 82 108 112
7 3 52 56 73 84 98 112
7 3 52 56 73 84 106 112
7 3 52 56 73 84 110 112
7 3 52 56 73 88 102 112
7 3 52 56 74 84 104 112
7 3 52 56 74 84 108 112
7 3 52 56 76 81 98 104
7 3 52 56 76 88 97 114
7 3 52 56 76 88 98 112
7 3 52 56 77 82 110 112
7 3 52 56 77 84 106 112
7 3 52 56 77 86 106 112
7 3 52 56 78 81 108 112
7 3 52 56 78 88 97 112
7 3 52 56 81 84 98 104
7 3 52 56 81 88 98 108
7 3 52 56 81 92 98 108
7 3 52 56 82 92 97 110
7 3 52 65 66 68 88 104
7 3 52 65 68 88 98 104
7 3 52 65 76 86 106 120
7 3 52 65 76 88 104 114
7 3 52 65 84 88 98 104
7 3 52 65 88 98 100 104
7 3 52 65 88 100 104 114
7 3 52 65 90 100 104 112
7 3 52 65 92 98 104 112
7 3 52 65 92 108 114 120
7 3 52 65 92 110 114 120
7 3 52 66 68 88 104 112
7 3 52 66 76 88 104 112
7 3 52 66 88 100 104 112
7 3 52 68 74 88 104 112
7 3 52 68 81 88 98 104
7 3 52 68 88 97 98 104
7 3 52 68 88 98 104 112
7 3 52 69 74 88 104 112
7 3 52 73 90 100 104 112
7 3 52 74 88 100 104 112
7 3 52 76 81 88 98 104
7 3 52 76 88 98 104 112
7 3 52 76 89 100 106 114
7 3 52 76 90 100 106 113
7 3 52 81 88 98 100 104
7 3 52 81 92 98 108 120
7 3 52 82 92 97 110 120
7 3 52 84 88 97 98 104
7 3 52 84 88 97 104 114
7 3 52 84 88 97 106 112
7 3 52 84 88 98 104 112
7 3 52 84 88 105 106 112
7 3 52 84 88 105 110 112
7 3 52 84 88 106 108 112
7 3 52 84 90 105 108 114
7 3 52 88 97 98 100 104
7 3 52 88 97 100 104 114
7 3 52 88 98 100 104 112
7 3 52 88 100 104 113 114
7 3 52 92 100 106 114 120
7 3 52 92 100 106 114 121
7 3 53 58 65 66 92 108
7 3 53 58 68 72 80 96
7 3 56 65 70 100 104 112
7 3 56 65 74 84 100 112
7 3 56 65 76 88 98 116
7 3 56 65 76 104 114 116
7 3 56 65 84 100 106 112
7 3 56 65 88 108 114 116
7 3 56 65 92 100 104 114
7 3 56 65 94 100 104 112
7 3 56 66 92 100 104 112
7 3 56 69 70 88 104 112
7 3 56 69 82 100 104 112
7 3 56 69 90 100 104 112
7 3 56 70 88 100 104 112
7 3 56 73 84 98 100 112
7 3 56 73 86 100 104 112
7 3 56 74 84 100 104 112
7 3 56 76 81 98 104 116
7 3 56 76 81 100 104 114
7 3 56 76 84 88 97 98
7 3 56 76 84 88 98 100
7 3 56 76 88 97 98 116
7 3 56 76 88 97 114 116
7 3 56 76 88 104 113 118
7 3 56 76 88 104 114 116
7 3 56 76 88 104 117 118
7 3 56 81 88 98 108 116
7 3 56 81 92 98 100 104
7 3 56 84 88 97 108 114
7 3 56 84 88 97 110 112
7 3 56 84 88 98 108 112
7 3 56 84 88 101 106 112
7 3 56 84 90 102 108 112
7 3 56 86 88 106 108 116
7 3 56 88 97 98 108 116
7 3 56 88 97 108 114 116
7 3 56 92 98 100 104 112
7 3 57 58 66 76 84 100
7 3 57 62 68 72 80 96
7 3 57 93 101 110 118 122
7 3 58 60 65 74 84 100
7 3 58 60 68 72 80 96
7 3 58 60 70 76 81 97
7 3 58 65 66 92 108 116
7 3 58 65 92 98 108 116
7 3 58 65 92 108 114 116
7 3 58 66 76 84 100 120
7 3 58 66 76 84 100 121
7 3 58 66 92 97 108 116
7 3 58 66 92 108 113 116
7 3 58 66 92 108 116 120
7 3 58 66 92 108 116 121
7 3 58 70 89 97 108 116
7 3 58 70 92 100 104 112
7 3 58 70 92 108 116 120
7 3 58 73 76 84 100 114
7 3 58 73 92 108 114 116
7 3 58 74 76 84 100 112
7 3 58 74 76 84 100 113
7 3 58 74 92 108 113 116
7 3 58 76 84 98 100 120
7 3 58 76 84 98 100 121
7 3 58 76 84 100 106 113
7 3 58 76 84 100 114 120
7 3 58 76 84 100 114 121
7 3 58 78 92 108 114 116
7 3 58 82 92 97 108 116
7 3 58 84 88 102 108 112
7 3 58 94 102 108 116 120
7 3 60 65 66 100 104 112
7 3 60 65 70 88 104 112
7 3 60 65 76 84 98 120
7 3 60 65 82 100 104 112
7 3 60 65 86 106 116 120
7 3 60 65 90 100 104 112
7 3 60 65 92 100 106 114
7 3 60 65 92 106 114 116
7 3 60 65 92 106 118 120
7 3 60 65 92 108 114 120
7 3 60 65 92 108 116 122
7 3 60 65 92 108 118 122
7 3 60 65 92 110 118 122
7 3 60 65 94 100 104 112
7 3 60 66 68 72 80 96
7 3 60 66 68 88 104 112
7 3 60 66 88 100 104 112
7 3 60 66 92 100 104 112
7 3 60 66 92 108 116 120
7 3 60 68 88 98 104 112
7 3 60 69 74 81 108 114
7 3 60 69 74 98 116 120
7 3 60 69 74 108 113 114
7 3 60 69 76 82 98 120
7 3 60 69 82 106 116 120
7 3 60 69 86 97 106 120
7 3 60 69 90 97 106 116
7 3 60 69 90 98 108 113
7 3 60 69 90 100 104 112
7 3 60 69 90 106 113 116
7 3 60 69 90 106 116 120
7 3 60 69 90 106 116 121
7 3 60 69 90 108 113 114
7 3 60 69 90 110 118 120
7 3 60 69 92 97 106 114
7 3 60 69 92 106 118 120
7 3 60 69 92 108 114 120
7 3 60 70 73 97 116 122
7 3 60 70 76 81 97 122
7 3 60 70 81 105 116 122
7 3 60 70 92 108 113 122
7 3 60 73 74 84 100 114
7 3 60 73 82 100 104 112
7 3 60 73 82 108 116 120
7 3 60 73 86 106 116 120
7 3 60 73 92 102 113 122
7 3 60 73 92 106 114 116
7 3 60 74 76 84 98 113
7 3 60 74 81 108 118 120
7 3 60 74 84 98 108 113
7 3 60 74 84 100 104 114
7 3 60 74 84 100 114 120
7 3 60 74 84 100 114 121
7 3 60 74 92 101 114 120
7 3 60 74 92 108 113 114
7 3 60 76 81 86 97 106
7 3 60 76 81 97 102 122
7 3 60 76 81 97 118 122
7 3 60 76 81 100 106 114
7 3 60 76 82 84 98 104
7 3 60 76 82 98 100 120
7 3 60 76 82 98 100 121
7 3 60 76 82 98 116 120
7 3 60 76 82 98 116 121
7 3 60 76 82 100 104 112
7 3 60 76 82 100 106 113
7 3 60 76 84 88 97 98
7 3 60 76 84 97 98 120
7 3 60 76 84 100 121 122
7 3 60 76 86 106 116 120
7 3 60 76 88 104 113 114
7 3 60 76 88 104 113 118
7 3 60 76 88 104 114 116
7 3 60 76 90 106 113 116
7 3 60 77 82 98 116 120
7 3 60 78 81 97 116 122
7 3 60 78 81 105 114 116
7 3 60 78 88 104 114 116
7 3 60 81 92 97 102 122
7 3 60 81 92 101 106 114
7 3 60 82 92 97 106 116
7 3 60 82 92 98 105 116
7 3 60 84 88 97 98 112
7 3 60 84 88 97 106 112
7 3 60 84 88 97 110 112
7 3 60 84 88 98 104 112
7 3 60 84 88 98 108 112
7 3 60 84 88 101 106 112
7 3 60 84 90 97 108 114
7 3 60 84 90 100 105 114
7 3 60 85 90 97 98 108
7 3 60 86 92 106 108 113
7 3 60 86 92 106 108 114
7 3 60 90 92 102 105 113
7 3 60 90 97 98 108 116
7 3 60 90 97 108 114 116
7 3 60 90 98 108 113 116
7 3 60 90 98 108 116 120
7 3 60 90 98 108 116 121
7 3 60 90 102 108 116 120
7 3 60 90 106 108 113 116
7 3 60 92 97 98 116 120
7 3 60 92 97 100 106 114
7 3 60 92 97 106 114 116
7 3 60 92 97 106 118 120
7 3 60 92 97 108 114 120
7 3 60 92 97 108 116 122
7 3 60 92 97 108 118 122
7 3 60 92 97 110 118 122
7 3 60 92 98 100 104 112
7 3 60 92 98 108 116 120
7 3 60 92 100 106 113 114
7 3 60 92 100 106 114 120
7 3 60 92 100 106 114 121
7 3 60 92 101 106 113 114
7 3 60 92 101 106 114 120
7 3 60 92 102 105 113 122
7 3 60 92 102 108 113 122
7 3 60 92 105 108 114 116
7 3 60 92 106 108 113 114
7 3 60 92 106 113 114 116
7 3 60 92 106 114 116 120
7 3 60 92 106 114 116 121
7 3 60 92 108 113 114 120
7 3 60 92 108 113 116 122
7 3 60 92 108 113 118 122
7 3 60 92 108 114 116 120
7 3 60 92 108 116 121 122
7 3 60 92 110 114 116 120
7 3 60 94 98 100 104 112
7 3 60 94 98 108 116 120
7 3 60 94 110 114 116 120
7 3 61 62 68 72 80 96
7 3 61 78 85 105 118 122
7 3 61 93 97 110 118 122
7 3 61 93 110 113 118 122
7 3 61 93 110 118 121 122
7 3 62 66 92 100 104 112
7 3 62 66 92 108 116 120
7 3 62 70 88 100 104 112
7 3 62 76 86 106 116 120
7 3 62 76 88 104 114 116
7 3 62 77 85 105 118 122
7 3 62 78 85 101 121 122
7 3 62 84 88 98 108 112
7 3 62 94 98 108 116 120
7 3 65 66 92 100 104 112
7 3 65 66 92 108 116 120
7 3 65 70 88 100 104 112
7 3 65 76 86 106 116 120
7 3 65 76 88 104 114 116
7 3 65 84 88 98 108 112
7 3 65 90 102 108 116 120
7 3 65 92 98 100 104 112
7 3 65 92 98 108 116 120
7 3 65 92 108 114 116 120
7 3 65 92 110 114 116 120
7 3 65 94 98 108 116 120
7 3 69 74 92 108 113 114
7 3 69 90 98 108 116 120
7 3 70 89 97 108 116 122
7 3 76 81 88 98 104 116
7 3 81 92 98 108 116 120
7 3 82 92 97 110 116 120
7 3 84 88 97 98 108 112
7 3 92 97 98 108 116 120
7 5 6 9 56 88 100 114
7 5 6 10 56 88 100 112
7 5 6 12 56 81 106 112
7 5 6 12 56 88 98 112
7 5 6 12 56 88 99 112
7 5 6 41 56 82 88 100
7 5 6 52 56 67 88 104
7 5 6 56 66 88 104 116
7 5 6 56 67 88 104 116
7 5 6 56 68 88 104 112
7 5 6 56 68 88 104 114
7 5 6 56 68 88 104 115
7 5 6 56 68 88 105 114
7 5 6 56 73 88 100 114
7 5 6 56 82 88 100 104
7 5 6 56 84 88 99 104
7 5 6 56 88 98 104 116
7 5 6 56 88 99 104 116
7 5 6 56 88 100 104 112
7 5 6 56 88 100 104 114
7 5 6 56 88 100 104 115
7 5 6 56 88 100 105 114
7 5 6 56 88 104 114 116
7 5 6 56 88 104 115 116
7 5 9 18 38 92 98 120
7 5 9 18 48 80 98 108
7 5 9 26 52 84 98 104
7 5 9 26 84 98 108 112
7 5 9 34 66 84 104 112
7 5 9 38 56 76 82 112
7 5 9 38 56 82 88 100
7 5 9 44 50 82 88 100
7 5 9 46 82 88 100 112
7 5 9 50 66 88 108 112
7 5 9 50 66 92 108 112
7 5 9 50 70 88 108 112
7 5 9 50 84 106 108 112
7 5 9 50 92 98 108 112
7 5 9 52 76 82 106 112
7 5 9 52 90 98 108 112
7 5 9 52 94 98 104 112
7 5 9 56 70 88 100 114
7 5 9 56 74 84 100 114
7 5 9 58 66 84 108 112
7 5 9 58 70 88 100 112
7 5 9 58 74 84 100 112
7 5 9 58 76 82 100 112
7 5 9 58 92 98 100 112
7 5 9 58 92 110 114 116
7 5 9 60 76 82 98 112
7 5 9 60 92 106 114 116
7 5 9 62 66 84 104 112
7 5 10 17 40 88 98 116
7 5 10 17 88 98 104 116
7 5 10 18 44 84 98 120
7 5 10 18 44 84 98 121
7 5 10 18 52 88 100 104
7 5 10 18 60 92 97 98
7 5 10 20 56 73 100 114
7 5 10 20 56 88 98 100
7 5 10 20 56 88 99 100
7 5 10 25 52 84 98 104
7 5 10 28 50 82 97 108
7 5 10 28 50 82 100 104
7 5 10 28 50 82 100 105
7 5 10 36 48 72 80 96
7 5 10 48 65 66 84 104
7 5 10 48 68 72 80 96
7 5 10 50 65 88 104 116
7 5 10 50 66 92 108 113
7 5 10 50 73 84 100 120
7 5 10 50 82 92 97 108
7 5 10 50 92 98 108 113
7 5 10 52 56 67 84 104
7 5 10 52 56 76 81 98
7 5 10 52 66 88 104 112
7 5 10 52 66 88 108 112
7 5 10 52 68 88 104 112
7 5 10 52 68 88 104 114
7 5 10 52 68 88 104 115
7 5 10 52 76 81 98 120
7 5 10 52 76 82 98 120
7 5 10 52 76 82 98 121
7 5 10 52 84 88 98 104
7 5 10 52 84 88 99 104
7 5 10 52 88 100 104 112
7 5 10 52 88 100 104 114
7 5 10 52 88 100 104 115
7 5 10 56 73 84 100 114
7 5 10 56 81 98 104 116
7 5 10 56 84 88 98 100
7 5 10 57 76 82 98 116
7 5 10 60 76 82 98 113
7 5 10 60 81 82 98 108
7 5 10 60 92 108 113 114
7 5 10 65 66 84 104 112
7 5 10 73 84 100 114 120
7 5 10 76 81 98 116 120
7 5 10 76 82 98 116 120
7 5 10 76 82 98 116 121
7 5 11 52 68 88 104 114
7 5 11 54 68 88 104 112
7 5 11 60 92 102 114 120
7 5 12 20 49 90 98 104
7 5 12 20 50 88 98 104
7 5 12 20 50 89 98 104
7 5 12 20 56 83 98 104
7 5 12 20 56 90 97 98
7 5 12 24 50 70 104 112
7 5 12 24 50 70 105 112
7 5 12 24 50 82 100 104
7 5 12 24 50 82 100 105
7 5 12 34 48 72 80 96
7 5 12 41 50 70 88 112
7 5 12 48 66 72 80 96
7 5 12 49 50 74 84 104
7 5 12 49 74 84 104 114
7 5 12 49 82 88 100 106
7 5 12 50 56 67 88 100
7 5 12 50 56 73 82 100
7 5 12 50 56 74 81 100
7 5 12 50 66 88 104 116
7 5 12 50 68 82 105 120
7 5 12 50 68 88 104 112
7 5 12 50 68 88 106 112
7 5 12 50 68 88 107 112
7 5 12 50 68 90 105 112
7 5 12 50 70 88 104 112
7 5 12 50 70 88 105 112
7 5 12 50 73 82 100 120
7 5 12 50 82 88 100 104
7 5 12 50 82 88 100 105
7 5 12 50 82 100 105 120
7 5 12 50 88 98 104 116
7 5 12 56 67 88 100 114
7 5 12 56 74 81 100 114
7 5 12 56 81 82 100 106
7 5 12 56 81 100 106 114
7 5 12 56 82 88 98 100
7 5 12 56 82 88 99 100
7 5 12 56 88 99 100 114
7 5 12 56 88 104 114 116
7 5 12 58 90 102 116 120
7 5 14 33 88 104 114 116
7 5 14 49 66 88 104 116
7 5 14 50 65 88 104 116
7 5 14 50 66 88 104 116
7 5 14 56 65 88 100 114
7 5 14 56 81 98 104 116
7 5 14 56 81 100 104 114
7 5 14 56 88 97 100 114
7 5 14 56 88 97 114 116
7 5 14 56 88 104 114 116
7 5 14 56 88 108 114 116
7 5 14 58 92 105 114 116
7 5 14 65 88 104 114 116
7 5 17 34 66 88 104 116
7 5 17 42 92 98 116 120
7 5 17 42 92 104 114 116
7 5 17 44 90 104 114 116
7 5 17 56 78 104 114 116
7 5 17 56 90 102 104 116
7 5 17 56 94 98 104 116
7 5 17 58 92 98 104 116
7 5 17 60 94 98 104 112
7 5 18 24 40 72 100 112
7 5 18 33 56 66 88 100
7 5 18 33 66 88 108 112
7 5 18 33 88 98 108 112
7 5 18 34 56 65 76 112
7 5 18 40 66 88 100 112
7 5 18 42 92 98 116 120
7 5 18 42 92 98 116 121
7 5 18 56 88 97 98 116
7 5 18 56 88 97 110 116
7 5 18 56 88 98 108 112
7 5 18 56 88 98 108 116
7 5 18 56 88 100 104 112
7 5 18 56 92 100 104 112
7 5 18 56 92 102 106 112
7 5 18 66 88 100 104 112
7 5 19 44 92 98 104 112
7 5 19 56 88 102 104 116
7 5 20 24 40 72 98 112
7 5 20 56 88 98 104 112
7 5 20 56 88 98 108 112
7 5 20 56 88 100 106 112
7 5 20 56 88 100 106 114
7 5 20 56 88 100 106 115
7 5 22 56 88 97 106 116
7 5 22 56 88 98 100 104
7 5 22 56 88 98 108 112
7 5 22 56 88 99 100 104
7 5 22 56 88 99 104 116
7 5 22 56 88 100 106 112
7 5 22 56 88 100 106 113
7 5 24 33 34 66 76 112
7 5 24 34 36 72 80 96
7 5 24 34 48 68 80 104
7 5 24 34 66 100 104 112
7 5 24 40 72 82 100 112
7 5 24 42 52 67 84 104
7 5 24 42 52 76 82 97
7 5 24 44 74 84 97 114
7 5 24 44 84 97 106 114
7 5 24 48 66 80 100 104
7 5 24 48 68 80 98 104
7 5 24 48 80 98 100 104
7 5 24 50 84 106 108 112
7 5 24 52 74 84 99 104
7 5 25 36 94 98 104 112
7 5 25 38 74 84 104 112
7 5 25 38 92 98 104 112
7 5 25 44 84 106 114 120
7 5 25 44 86 98 104 112
7 5 25 52 74 84 98 104
7 5 25 54 90 106 108 116
7 5 25 54 92 106 108 114
7 5 26 28 65 102 104 112
7 5 26 33 66 108 116 120
7 5 26 33 88 98 108 116
7 5 26 33 88 102 104 116
7 5 26 34 66 108 116 120
7 5 26 34 66 108 116 121
7 5 26 34 74 108 113 116
7 5 26 36 68 106 113 120
7 5 26 42 66 76 113 116
7 5 26 42 66 81 108 116
7 5 26 44 72 84 98 112
7 5 26 44 76 114 116 120
7 5 26 44 76 114 116 121
7 5 26 44 84 98 104 112
7 5 26 49 70 88 100 104
7 5 26 52 65 88 102 104
7 5 26 52 68 88 98 104
7 5 26 52 68 88 99 104
7 5 26 52 82 97 108 120
7 5 26 52 84 97 106 120
7 5 26 52 88 97 102 104
7 5 26 52 88 97 108 114
7 5 26 52 88 98 100 104
7 5 26 52 88 99 100 104
7 5 26 52 88 102 104 112
7 5 26 52 88 102 104 113
7 5 26 54 66 76 104 112
7 5 26 56 65 76 98 116
7 5 26 56 65 84 102 104
7 5 26 56 72 84 98 100
7 5 26 56 72 84 99 100
7 5 26 56 73 84 98 100
7 5 26 56 81 102 104 116
7 5 26 56 88 97 102 116
7 5 26 56 88 97 108 118
7 5 26 56 88 99 108 116
7 5 26 56 88 100 104 112
7 5 26 60 92 97 106 118
7 5 26 60 92 97 108 114
7 5 26 60 92 98 108 113
7 5 26 60 92 102 104 114
7 5 26 60 92 102 106 113
7 5 26 65 88 102 104 116
7 5 26 65 98 108 116 120
7 5 26 88 97 102 104 116
7 5 26 88 102 104 113 116
7 5 27 36 92 98 104 112
7 5 27 44 84 98 104 112
7 5 28 34 65 66 104 112
7 5 28 34 88 100 104 112
7 5 28 35 70 88 104 112
7 5 28 35 90 108 116 120
7 5 28 35 90 108 118 120
7 5 28 42 82 100 104 112
7 5 28 42 82 108 116 120
7 5 28 42 82 108 116 121
7 5 28 44 84 106 114 120
7 5 28 44 84 106 114 121
7 5 28 50 65 74 104 116
7 5 28 50 66 88 100 104
7 5 28 50 81 100 106 120
7 5 28 50 88 98 100 104
7 5 28 50 88 102 104 112
7 5 28 56 65 74 100 114
7 5 28 56 73 82 98 100
7 5 28 56 81 100 106 114
7 5 28 56 88 98 100 112
7 5 28 56 88 98 104 116
7 5 28 56 88 98 108 116
7 5 28 56 88 102 104 116
7 5 28 56 90 102 104 116
7 5 28 58 90 97 108 116
7 5 28 58 90 97 108 118
7 5 28 58 90 102 104 116
7 5 28 58 90 102 108 113
7 5 28 81 100 106 114 120
7 5 28 88 98 100 104 112
7 5 30 33 88 98 104 116
7 5 30 56 81 98 100 104
7 5 30 88 98 100 104 112
7 5 33 34 66 76 88 112
7 5 33 34 66 88 104 116
7 5 33 42 76 88 114 116
7 5 33 42 86 88 104 116
7 5 33 44 74 88 114 116
7 5 33 50 74 88 108 116
7 5 33 54 74 88 104 116
7 5 33 54 74 88 108 112
7 5 33 58 70 88 104 116
7 5 33 58 76 88 98 116
7 5 33 60 70 90 104 112
7 5 33 60 74 82 100 120
7 5 33 60 74 88 100 114
7 5 33 60 76 90 98 112
7 5 33 62 70 88 104 112
7 5 33 62 74 88 100 112
7 5 33 62 76 88 98 112
7 5 34 52 65 66 88 104
7 5 34 52 76 88 104 112
7 5 34 56 65 66 84 104
7 5 34 56 65 82 104 116
7 5 34 56 65 82 108 112
7 5 34 56 65 90 108 116
7 5 34 56 65 94 104 116
7 5 34 56 66 84 104 112
7 5 34 56 67 92 104 112
7 5 34 56 68 72 80 96
7 5 34 56 68 88 104 112
7 5 34 56 73 86 108 112
7 5 34 56 74 81 104 116
7 5 34 56 76 82 104 116
7 5 34 56 81 94 100 104
7 5 34 56 82 92 100 104
7 5 34 60 70 90 104 112
7 5 34 60 74 82 100 120
7 5 34 60 74 82 100 121
7 5 34 60 74 82 108 113
7 5 34 65 66 88 104 116
7 5 34 65 90 108 116 120
7 5 34 66 88 100 104 112
7 5 35 52 74 84 88 104
7 5 35 56 70 84 88 104
7 5 35 56 74 84 88 100
7 5 35 60 66 72 80 96
7 5 36 56 66 72 80 96
7 5 36 56 66 92 104 112
7 5 36 56 67 94 104 112
7 5 36 56 74 84 104 112
7 5 36 56 74 84 104 114
7 5 36 56 74 84 104 115
7 5 36 56 81 94 98 104
7 5 36 56 84 90 98 104
7 5 36 56 84 90 99 104
7 5 36 58 67 92 104 112
7 5 36 58 81 92 98 104
7 5 36 68 90 106 113 120
7 5 38 49 74 84 88 104
7 5 38 56 67 84 88 104
7 5 38 56 67 88 104 116
7 5 38 56 67 92 104 112
7 5 38 56 73 82 88 100
7 5 38 56 73 88 100 114
7 5 38 56 74 81 84 104
7 5 38 56 74 81 104 116
7 5 38 56 74 84 104 112
7 5 38 56 74 84 104 113
7 5 38 56 74 88 100 113
7 5 38 56 81 90 100 104
7 5 38 56 82 88 100 104
7 5 38 56 83 88 100 104
7 5 38 56 84 88 98 104
7 5 38 56 84 88 99 104
7 5 38 56 84 90 97 104
7 5 38 74 84 88 104 112
7 5 38 74 84 88 104 113
7 5 40 48 66 68 88 96
7 5 40 50 74 92 100 112
7 5 40 52 74 88 100 112
7 5 40 52 74 88 100 114
7 5 40 52 74 88 100 115
7 5 40 52 76 90 98 112
7 5 41 52 68 74 88 114
7 5 41 52 74 82 100 120
7 5 41 54 66 76 88 112
7 5 41 54 68 74 88 112
7 5 41 56 70 82 88 100
7 5 42 49 74 84 88 100
7 5 42 52 67 84 88 104
7 5 42 52 70 81 88 104
7 5 42 52 74 81 88 100
7 5 42 52 74 81 100 120
7 5 42 52 74 88 100 112
7 5 42 52 74 88 100 113
7 5 42 52 76 81 104 114
7 5 42 52 76 82 88 97
7 5 42 52 76 82 97 120
7 5 42 52 76 88 97 114
7 5 42 52 81 88 102 104
7 5 42 52 81 90 100 104
7 5 42 52 82 88 100 104
7 5 42 52 83 88 100 104
7 5 42 52 84 88 98 104
7 5 42 52 84 88 99 104
7 5 42 52 86 88 97 104
7 5 42 56 67 84 88 100
7 5 42 56 73 84 100 114
7 5 42 56 73 86 100 112
7 5 42 56 74 81 84 100
7 5 42 56 76 81 100 114
7 5 42 56 76 82 97 116
7 5 42 56 81 86 100 104
7 5 42 56 82 84 100 104
7 5 42 56 83 84 100 104
7 5 42 56 84 88 98 100
7 5 42 56 84 88 99 100
7 5 42 56 86 88 97 100
7 5 42 60 82 92 102 120
7 5 42 65 76 82 116 120
7 5 42 65 76 88 114 116
7 5 42 65 82 108 116 120
7 5 42 70 81 88 104 116
7 5 42 70 84 88 104 113
7 5 42 70 88 104 113 116
7 5 42 73 84 100 114 120
7 5 42 74 81 84 100 120
7 5 42 74 84 88 100 113
7 5 42 74 84 100 113 120
7 5 42 76 82 88 97 116
7 5 42 76 82 97 116 120
7 5 42 76 88 97 114 116
7 5 42 76 97 114 116 120
7 5 42 81 88 102 104 116
7 5 42 82 97 108 116 120
7 5 42 86 88 97 104 116
7 5 44 49 84 90 98 104
7 5 44 50 73 84 98 120
7 5 44 50 73 92 98 112
7 5 44 50 84 88 98 104
7 5 44 56 73 86 98 112
7 5 44 56 82 84 98 104
7 5 44 58 84 90 102 120
7 5 44 65 74 88 114 116
7 5 44 68 90 97 114 120
7 5 44 74 84 88 97 114
7 5 44 74 84 97 114 120
7 5 44 74 88 97 114 116
7 5 44 84 97 106 114 120
7 5 44 90 97 100 114 120
7 5 46 56 86 88 106 116
7 5 49 52 70 74 88 104
7 5 49 54 68 74 88 104
7 5 49 62 66 68 88 104
7 5 50 52 78 88 104 112
7 5 50 56 67 92 108 112
7 5 50 56 68 72 80 96
7 5 50 56 70 73 88 100
7 5 50 56 70 88 104 116
7 5 50 56 73 74 84 100
7 5 50 56 73 84 110 112
7 5 50 56 73 86 108 112
7 5 50 56 74 84 108 112
7 5 50 56 75 84 108 112
7 5 50 56 76 82 104 116
7 5 50 56 78 88 97 116
7 5 50 56 84 88 97 110
7 5 50 56 84 90 97 108
7 5 50 65 66 88 104 116
7 5 50 65 74 88 108 116
7 5 50 65 78 88 104 116
7 5 50 65 90 108 116 120
7 5 50 66 76 88 104 116
7 5 50 66 88 97 104 116
7 5 50 70 76 88 104 112
7 5 50 73 74 84 100 120
7 5 50 74 76 81 100 120
7 5 50 74 88 97 108 116
7 5 50 74 92 100 104 112
7 5 50 74 92 108 116 120
7 5 50 74 92 108 116 121
7 5 50 76 82 88 100 104
7 5 50 76 88 98 104 116
7 5 50 84 88 106 108 112
7 5 50 84 90 97 108 120
7 5 51 52 68 74 88 104
7 5 52 56 66 72 80 96
7 5 52 56 67 70 88 104
7 5 52 56 67 74 84 104
7 5 52 56 70 88 104 112
7 5 52 56 70 88 104 114
7 5 52 56 70 88 104 115
7 5 52 56 74 84 104 112
7 5 52 56 74 84 104 114
7 5 52 56 74 84 104 115
7 5 52 56 76 82 106 112
7 5 52 56 76 88 98 112
7 5 52 56 78 88 97 114
7 5 52 58 65 70 88 104
7 5 52 58 67 68 88 104
7 5 52 66 76 88 104 112
7 5 52 68 74 88 104 112
7 5 52 68 74 88 104 114
7 5 52 68 74 88 104 115
7 5 52 68 90 106 113 120
7 5 52 70 74 88 104 112
7 5 52 70 74 88 104 113
7 5 52 74 76 81 98 120
7 5 52 74 84 88 98 104
7 5 52 74 84 88 99 104
7 5 52 74 88 100 104 112
7 5 52 74 88 100 104 114
7 5 52 74 88 100 104 115
7 5 52 76 88 97 106 114
7 5 52 76 88 98 104 112
7 5 52 76 90 98 104 112
7 5 52 82 88 106 108 112
7 5 52 84 90 97 106 120
7 5 52 90 100 106 113 120
7 5 54 56 65 74 84 104
7 5 54 65 74 88 104 116
7 5 54 66 76 88 104 112
7 5 54 68 74 88 104 112
7 5 54 68 74 88 104 113
7 5 54 74 84 88 97 104
7 5 54 74 88 97 104 116
7 5 54 74 88 100 104 112
7 5 54 74 88 100 104 113
7 5 54 74 88 104 113 116
7 5 54 74 92 108 114 120
7 5 54 76 88 98 104 112
7 5 54 76 90 106 116 120
7 5 56 65 78 104 114 116
7 5 56 65 88 110 114 116
7 5 56 65 90 98 108 116
7 5 56 65 90 102 104 116
7 5 56 65 90 108 114 116
7 5 56 65 94 98 104 116
7 5 56 66 68 72 80 96
7 5 56 66 68 88 104 112
7 5 56 66 88 100 104 112
7 5 56 66 92 100 104 112
7 5 56 67 70 88 104 116
7 5 56 67 88 102 104 116
7 5 56 68 88 98 104 112
7 5 56 70 73 88 100 114
7 5 56 70 74 88 100 113
7 5 56 70 82 88 100 104
7 5 56 70 84 88 99 104
7 5 56 70 88 98 104 116
7 5 56 70 88 99 104 116
7 5 56 70 88 100 104 112
7 5 56 70 88 100 104 114
7 5 56 70 88 100 104 115
7 5 56 70 88 100 105 114
7 5 56 70 88 104 114 116
7 5 56 70 88 104 115 116
7 5 56 73 74 84 100 114
7 5 56 73 84 100 106 114
7 5 56 73 86 98 108 112
7 5 56 73 86 100 106 112
7 5 56 74 81 84 102 104
7 5 56 74 81 102 104 116
7 5 56 74 84 88 98 100
7 5 56 74 84 88 99 100
7 5 56 74 84 100 104 112
7 5 56 74 84 100 104 114
7 5 56 74 84 100 104 115
7 5 56 74 84 102 104 112
7 5 56 74 84 102 104 113
7 5 56 74 102 104 113 116
7 5 56 76 82 98 104 116
7 5 56 76 88 104 114 116
7 5 56 78 88 97 114 116
7 5 56 78 88 104 114 116
7 5 56 81 94 98 100 104
7 5 56 82 88 97 110 116
7 5 56 82 88 100 104 112
7 5 56 84 88 97 110 114
7 5 56 84 88 98 108 112
7 5 56 84 90 97 108 114
7 5 56 86 88 97 106 116
7 5 56 86 88 99 104 116
7 5 56 86 88 106 108 116
7 5 56 88 97 110 114 116
7 5 56 88 98 100 104 112
7 5 56 88 99 102 104 116
7 5 56 88 102 104 114 116
7 5 56 88 102 104 115 116
7 5 56 90 97 102 104 116
7 5 56 90 102 104 113 116
7 5 56 92 98 100 104 112
7 5 56 94 98 100 104 112
7 5 58 60 68 72 80 96
7 5 58 60 70 72 80 96
7 5 58 65 70 88 104 116
7 5 58 65 74 84 100 120
7 5 58 65 88 102 104 116
7 5 58 65 90 108 116 120
7 5 58 65 92 108 118 120
7 5 58 65 92 110 118 120
7 5 58 66 92 100 104 112
7 5 58 66 92 108 116 120
7 5 58 67 92 108 116 120
7 5 58 67 92 108 118 120
7 5 58 70 81 88 100 104
7 5 58 70 88 97 104 116
7 5 58 70 88 100 104 112
7 5 58 70 88 100 104 113
7 5 58 70 88 104 113 116
7 5 58 73 84 100 114 120
7 5 58 73 92 108 114 116
7 5 58 73 92 110 114 116
7 5 58 74 84 88 97 100
7 5 58 74 84 97 100 120
7 5 58 74 84 100 104 112
7 5 58 74 84 100 104 113
7 5 58 74 84 100 113 120
7 5 58 74 92 108 113 116
7 5 58 74 92 108 113 118
7 5 58 76 81 106 116 120
7 5 58 76 88 104 114 116
7 5 58 76 90 102 116 120
7 5 58 81 84 100 106 120
7 5 58 81 88 102 104 116
7 5 58 84 88 98 108 112
7 5 58 86 88 106 108 116
7 5 58 86 106 108 116 120
7 5 58 90 92 102 108 113
7 5 58 90 97 108 116 120
7 5 58 90 102 108 116 120
7 5 58 92 98 100 104 112
7 5 58 92 106 108 113 118
7 5 58 92 110 114 116 120
7 5 58 94 98 108 116 120
7 5 60 66 68 88 104 112
7 5 60 66 88 100 104 112
7 5 60 68 88 98 104 112
7 5 60 68 90 98 104 112
7 5 60 70 88 98 104 112
7 5 60 73 90 110 114 116
7 5 60 73 92 106 114 116
7 5 60 74 88 104 114 116
7 5 60 74 92 102 114 120
7 5 60 74 92 108 113 114
7 5 60 76 82 98 104 112
7 5 60 76 88 104 114 116
7 5 60 76 90 106 113 116
7 5 60 76 90 106 113 118
7 5 60 78 88 104 114 116
7 5 60 82 88 100 106 112
7 5 60 84 88 98 104 112
7 5 60 86 88 106 108 114
7 5 60 86 106 108 114 120
7 5 60 90 92 102 106 113
7 5 60 90 98 108 116 120
7 5 60 90 98 108 116 121
7 5 60 90 106 108 113 116
7 5 60 92 100 106 114 120
7 5 60 92 100 106 114 121
7 5 60 92 102 106 114 120
7 5 60 92 106 108 113 114
7 5 60 92 106 114 116 120
7 5 60 92 106 114 116 121
7 5 60 94 100 106 114 120
7 5 62 66 68 88 104 112
7 5 62 66 88 100 104 112
7 5 62 68 88 98 104 112
7 5 62 76 88 104 114 116
7 5 62 78 88 104 114 116
7 5 62 82 88 100 104 112
7 5 62 94 110 115 121 124
7 5 65 78 88 104 114 116
7 5 65 90 98 108 116 120
7 5 65 90 108 114 116 120
7 5 65 92 100 106 114 120
7 5 73 74 84 100 114 120
7 5 73 84 100 106 114 120
7 5 84 90 97 108 114 120
7 6 9 17 44 84 98 120
7 6 9 17 56 88 98 100
7 6 9 17 58 92 98 100
7 6 9 20 56 88 98 100
7 6 9 33 48 66 84 104
7 6 9 33 66 84 104 112
7 6 9 50 65 88 104 116
7 6 9 50 65 90 108 116
7 6 9 52 68 88 104 114
7 6 9 52 76 82 98 120
7 6 9 56 66 88 100 112
7 6 9 56 74 84 100 112
7 6 9 56 88 98 100 112
7 6 9 56 88 104 114 116
7 6 9 60 92 106 114 116
7 6 9 65 90 108 114 116
7 6 10 12 48 65 80 96
7 6 10 12 50 84 104 113
7 6 10 13 50 84 104 113
7 6 10 18 37 92 97 120
7 6 10 18 44 92 97 112
7 6 10 18 44 93 97 112
7 6 10 18 57 92 97 100
7 6 10 20 48 80 97 104
7 6 10 21 56 84 98 105
7 6 10 21 56 84 99 104
7 6 10 25 52 84 98 104
7 6 10 25 52 84 98 105
7 6 10 25 52 84 99 104
7 6 10 28 49 67 108 112
7 6 10 28 49 81 98 108
7 6 10 36 48 65 88 96
7 6 10 37 56 82 88 100
7 6 10 44 81 88 100 112
7 6 10 49 56 76 82 100
7 6 10 49 56 77 82 100
7 6 10 49 65 92 108 114
7 6 10 49 66 89 108 116
7 6 10 49 66 92 108 112
7 6 10 49 66 92 109 112
7 6 10 49 67 92 108 112
7 6 10 49 81 92 98 108
7 6 10 49 92 97 108 114
7 6 10 51 93 109 114 124
7 6 10 52 65 88 104 112
7 6 10 52 65 88 108 112
7 6 10 52 81 88 98 108
7 6 10 52 81 88 98 109
7 6 10 52 88 97 108 112
7 6 10 52 88 98 108 113
7 6 10 52 88 98 109 113
7 6 10 52 92 97 104 112
7 6 10 56 65 68 80 96
7 6 10 56 65 88 100 112
7 6 10 56 69 88 100 112
7 6 10 56 69 88 100 114
7 6 10 56 69 88 100 115
7 6 10 56 73 84 100 112
7 6 10 56 73 84 100 114
7 6 10 56 73 84 100 115
7 6 10 56 76 81 100 112
7 6 10 56 76 82 100 113
7 6 10 56 77 82 100 113
7 6 10 56 84 97 104 112
7 6 10 56 88 97 100 112
7 6 10 57 69 88 100 114
7 6 10 57 73 84 100 114
7 6 10 60 65 84 104 112
7 6 10 60 76 81 97 114
7 6 10 60 81 82 97 108
7 6 10 60 92 108 113 114
7 6 10 66 89 108 113 116
7 6 11 21 56 88 98 100
7 6 11 49 56 74 84 100
7 6 11 52 76 82 104 113
7 6 11 52 76 98 113 120
7 6 11 56 74 84 100 113
7 6 11 60 92 101 115 122
7 6 11 60 92 106 114 116
7 6 11 60 92 106 114 117
7 6 11 60 92 106 115 117
7 6 11 60 92 108 113 114
7 6 11 74 84 100 113 120
7 6 12 17 56 82 100 104
7 6 12 20 56 82 97 104
7 6 12 20 56 88 97 98
7 6 12 49 68 88 106 112
7 6 12 50 65 88 104 116
7 6 12 50 81 88 100 104
7 6 12 56 65 88 98 116
7 6 12 56 81 88 98 100
7 6 12 56 82 97 104 116
7 6 12 56 82 100 104 113
7 6 12 56 84 88 97 98
7 6 12 56 88 97 98 116
7 6 12 56 88 98 100 113
7 6 12 56 88 98 113 116
7 6 13 50 66 88 104 116
7 6 13 50 66 88 104 117
7 6 13 50 67 88 104 116
7 6 13 50 82 105 116 120
7 6 13 50 89 98 100 120
7 6 13 51 66 88 104 116
7 6 13 56 67 88 98 116
7 6 13 56 74 82 100 113
7 6 13 58 90 108 113 116
7 6 13 74 82 100 113 120
7 6 17 24 34 80 100 104
7 6 17 24 40 72 98 116
7 6 17 33 56 72 82 100
7 6 17 40 48 66 88 100
7 6 17 40 66 88 100 112
7 6 17 42 65 88 100 112
7 6 17 48 66 88 100 104
7 6 17 50 65 88 100 104
7 6 17 56 65 88 98 100
7 6 17 56 88 98 100 112
7 6 17 56 88 98 104 116
7 6 17 56 88 98 108 112
7 6 17 56 88 98 108 116
7 6 17 58 90 97 108 116
7 6 17 65 88 98 104 116
7 6 17 66 88 100 104 112
7 6 18 20 40 72 97 112
7 6 18 24 36 80 97 104
7 6 18 24 40 72 97 116
7 6 18 56 76 104 113 116
7 6 18 56 84 97 104 112
7 6 18 56 88 97 104 116
7 6 18 56 88 101 104 116
7 6 18 56 92 97 104 112
7 6 18 56 92 97 104 116
7 6 18 57 77 98 116 120
7 6 18 57 89 98 108 116
7 6 18 60 92 97 104 112
7 6 18 60 92 98 105 113
7 6 19 37 56 76 82 104
7 6 19 44 73 98 116 120
7 6 19 44 88 98 105 116
7 6 19 56 76 82 101 104
7 6 19 66 76 105 116 120
7 6 19 76 98 105 116 120
7 6 20 56 88 100 105 114
7 6 21 42 74 100 113 120
7 6 21 56 88 98 100 104
7 6 24 33 40 66 68 112
7 6 24 33 48 66 80 108
7 6 24 33 48 74 80 100
7 6 24 34 48 69 80 104
7 6 24 34 48 73 80 100
7 6 24 34 48 76 80 97
7 6 24 34 52 73 84 104
7 6 24 40 49 66 76 112
7 6 24 40 49 72 82 100
7 6 24 40 65 66 68 112
7 6 24 40 65 72 114 116
7 6 24 40 66 68 97 112
7 6 24 40 66 72 113 116
7 6 24 40 72 81 98 116
7 6 24 40 72 82 100 113
7 6 24 40 72 97 114 116
7 6 24 40 72 98 113 116
7 6 24 40 72 113 114 116
7 6 24 41 66 84 104 112
7 6 24 48 65 80 98 108
7 6 24 48 66 80 97 108
7 6 24 48 66 84 97 104
7 6 24 48 73 80 98 100
7 6 24 48 74 80 97 100
7 6 24 48 80 97 98 108
7 6 24 48 80 98 100 105
7 6 24 52 73 84 98 104
7 6 24 66 84 97 104 112
7 6 25 34 66 108 116 120
7 6 25 34 66 108 117 120
7 6 25 37 74 84 98 120
7 6 25 42 52 69 88 98
7 6 25 42 52 73 84 98
7 6 25 42 52 76 82 97
7 6 25 42 65 82 108 116
7 6 25 42 74 84 100 113
7 6 25 42 76 82 97 116
7 6 25 42 76 97 114 116
7 6 25 42 76 113 114 116
7 6 25 42 82 97 108 116
7 6 25 42 92 97 98 116
7 6 25 44 67 88 98 116
7 6 25 50 74 108 113 116
7 6 25 50 82 105 108 116
7 6 25 50 84 106 108 113
7 6 25 52 68 88 98 104
7 6 25 52 88 98 100 104
7 6 25 56 72 84 98 100
7 6 25 56 74 84 98 100
7 6 25 56 74 84 98 101
7 6 25 56 88 98 100 112
7 6 25 56 88 98 104 116
7 6 25 56 88 98 108 116
7 6 25 58 90 97 108 116
7 6 25 60 76 82 97 98
7 6 25 60 92 101 106 114
7 6 25 67 88 98 108 116
7 6 25 73 82 98 108 116
7 6 25 74 84 98 101 120
7 6 26 36 92 97 104 112
7 6 26 41 66 81 108 116
7 6 26 41 76 98 113 116
7 6 26 41 81 98 108 116
7 6 26 41 92 97 98 116
7 6 26 42 77 114 117 124
7 6 26 42 82 109 117 124
7 6 26 44 73 84 98 113
7 6 26 44 76 114 116 121
7 6 26 44 84 97 104 112
7 6 26 44 84 98 105 113
7 6 26 45 85 106 114 124
7 6 26 49 73 108 114 116
7 6 26 49 81 106 108 116
7 6 26 49 84 105 108 114
7 6 26 53 73 84 98 104
7 6 26 57 89 98 108 116
7 6 26 60 76 81 97 98
7 6 26 60 85 105 108 114
7 6 26 60 92 97 108 114
7 6 26 60 92 98 108 113
7 6 26 60 92 99 108 114
7 6 26 60 92 101 106 114
7 6 26 60 93 99 108 114
7 6 26 61 93 99 108 114
7 6 26 74 81 97 108 116
7 6 26 74 84 100 105 113
7 6 27 42 82 109 117 124
7 6 27 58 90 101 108 116
7 6 27 60 92 101 106 114
7 6 28 33 34 72 80 96
7 6 28 34 88 97 104 112
7 6 28 34 88 97 104 116
7 6 28 35 68 88 104 112
7 6 28 35 73 82 100 120
7 6 28 35 73 82 104 116
7 6 28 35 74 100 113 120
7 6 28 35 89 108 116 122
7 6 28 41 73 82 98 116
7 6 28 42 74 81 97 116
7 6 28 42 82 108 116 121
7 6 28 42 89 98 100 113
7 6 28 44 84 106 114 121
7 6 28 50 65 88 100 104
7 6 28 50 66 73 104 116
7 6 28 50 66 73 104 117
7 6 28 50 67 105 116 120
7 6 28 50 73 82 100 104
7 6 28 50 73 82 101 104
7 6 28 50 74 105 113 116
7 6 28 50 82 100 105 120
7 6 28 50 82 101 105 120
7 6 28 50 82 105 108 113
7 6 28 51 66 73 104 116
7 6 28 56 65 66 104 116
7 6 28 56 67 82 101 104
7 6 28 56 82 97 100 104
7 6 28 57 73 82 98 100
7 6 28 58 90 97 108 116
7 6 29 34 66 105 116 120
7 6 29 34 74 100 113 120
7 6 29 58 90 101 106 116
7 6 33 40 48 66 68 88
7 6 33 40 66 88 100 112
7 6 33 56 65 82 100 104
7 6 33 56 65 82 104 116
7 6 33 56 66 84 104 112
7 6 33 56 66 88 100 112
7 6 33 56 66 88 104 116
7 6 33 56 66 88 108 116
7 6 33 56 66 92 104 112
7 6 33 56 66 92 104 116
7 6 33 56 74 84 104 112
7 6 33 56 76 82 104 116
7 6 33 56 76 88 98 116
7 6 33 56 82 88 100 104
7 6 33 56 82 92 100 104
7 6 33 58 65 92 106 116
7 6 33 60 73 90 98 116
7 6 33 60 74 81 108 114
7 6 33 65 74 88 100 112
7 6 33 65 88 98 104 116
7 6 33 65 88 104 114 116
7 6 33 66 68 88 104 112
7 6 33 66 88 100 104 112
7 6 34 40 48 65 68 88
7 6 34 44 81 88 104 116
7 6 34 52 73 88 104 112
7 6 34 56 65 72 80 100
7 6 34 56 69 88 104 112
7 6 34 56 69 88 104 116
7 6 34 56 72 81 100 112
7 6 34 56 76 88 97 116
7 6 34 56 81 88 100 104
7 6 34 56 84 88 97 104
7 6 34 57 66 85 108 120
7 6 34 57 66 92 105 116
7 6 34 57 74 85 100 120
7 6 34 57 74 92 100 113
7 6 34 60 65 72 80 96
7 6 34 60 69 88 104 112
7 6 34 60 73 82 108 113
7 6 34 60 74 89 97 116
7 6 34 60 76 88 97 112
7 6 34 60 81 88 100 104
7 6 34 66 89 108 116 120
7 6 34 66 89 108 117 120
7 6 35 52 76 89 98 120
7 6 35 56 76 84 88 98
7 6 35 56 76 88 98 117
7 6 35 56 76 89 98 116
7 6 35 56 85 88 98 108
7 6 35 66 89 108 116 120
7 6 35 76 89 98 116 120
7 6 35 89 98 108 116 120
7 6 36 56 67 92 104 112
7 6 36 56 73 84 104 114
7 6 36 56 82 92 97 104
7 6 36 56 84 89 98 104
7 6 37 56 66 84 88 104
7 6 37 56 82 88 100 104
7 6 40 48 65 66 88 100
7 6 40 48 65 66 92 96
7 6 40 48 65 74 84 96
7 6 40 48 66 69 88 96
7 6 40 48 66 73 84 96
7 6 40 48 66 88 97 100
7 6 40 52 73 88 100 114
7 6 40 65 66 88 100 112
7 6 40 66 88 97 100 112
7 6 41 42 81 92 98 116
7 6 41 42 82 92 97 116
7 6 41 50 73 92 98 116
7 6 41 50 74 85 100 120
7 6 41 50 74 92 97 116
7 6 41 50 74 92 100 113
7 6 41 50 76 89 98 116
7 6 41 50 81 92 106 116
7 6 41 50 82 92 108 113
7 6 41 50 89 92 98 100
7 6 41 52 66 84 88 104
7 6 41 52 82 88 100 104
7 6 41 56 66 84 88 100
7 6 41 56 74 85 100 114
7 6 41 56 76 82 98 117
7 6 41 56 82 84 100 104
7 6 41 58 81 92 98 100
7 6 41 60 82 92 97 98
7 6 41 65 90 108 114 116
7 6 41 74 85 100 114 120
7 6 41 76 82 98 116 120
7 6 41 76 82 98 117 120
7 6 41 81 90 108 114 116
7 6 41 90 97 108 114 116
7 6 42 44 84 89 98 113
7 6 42 49 73 92 98 116
7 6 42 49 73 92 100 114
7 6 42 49 74 92 97 116
7 6 42 49 76 90 97 116
7 6 42 49 81 92 108 114
7 6 42 49 82 92 105 116
7 6 42 49 90 92 97 100
7 6 42 52 65 72 80 96
7 6 42 52 69 89 98 120
7 6 42 52 74 89 100 113
7 6 42 52 76 88 98 113
7 6 42 52 76 89 98 113
7 6 42 52 82 89 101 120
7 6 42 52 82 89 108 113
7 6 42 57 82 92 97 100
7 6 42 57 84 89 98 100
7 6 42 60 82 92 101 121
7 6 42 66 89 108 113 116
7 6 42 66 92 105 113 116
7 6 42 82 89 108 113 116
7 6 42 82 92 105 113 116
7 6 42 89 98 108 113 116
7 6 42 92 98 105 113 116
7 6 43 60 83 92 106 117
7 6 43 60 85 90 106 116
7 6 43 93 106 114 117 124
7 6 44 50 68 81 88 104
7 6 44 50 73 84 98 120
7 6 44 50 73 85 98 120
7 6 44 50 73 88 98 116
7 6 44 50 73 92 98 113
7 6 44 50 74 89 97 116
7 6 44 50 82 89 105 116
7 6 44 50 85 88 98 105
7 6 44 50 89 92 97 98
7 6 44 56 65 84 88 98
7 6 44 56 66 84 88 97
7 6 44 56 67 84 88 98
7 6 44 56 67 88 98 116
7 6 44 56 81 88 98 116
7 6 44 56 84 88 97 98
7 6 44 57 67 84 88 98
7 6 44 74 84 98 113 120
7 6 45 58 85 90 99 124
7 6 48 66 81 88 100 104
7 6 49 52 66 76 88 104
7 6 49 56 74 84 108 112
7 6 49 56 74 88 100 112
7 6 49 56 76 82 100 104
7 6 49 56 82 88 100 104
7 6 49 65 74 92 108 114
7 6 49 65 88 104 114 116
7 6 49 66 68 88 104 112
7 6 49 66 76 88 104 112
7 6 49 66 76 88 104 116
7 6 49 66 88 100 104 112
7 6 49 73 90 98 108 116
7 6 49 73 90 108 114 116
7 6 49 74 76 82 100 120
7 6 49 74 92 97 108 114
7 6 49 81 90 106 108 116
7 6 49 82 92 105 106 116
7 6 50 52 68 73 88 104
7 6 50 56 69 88 104 116
7 6 50 56 74 85 100 105
7 6 50 60 65 68 88 104
7 6 50 60 65 72 80 96
7 6 50 66 73 92 108 113
7 6 50 66 76 89 105 116
7 6 50 73 92 98 108 113
7 6 50 74 85 100 105 120
7 6 50 74 89 97 108 116
7 6 50 74 89 108 113 116
7 6 50 74 92 100 105 113
7 6 50 74 92 108 116 121
7 6 50 76 89 98 105 116
7 6 50 81 92 105 106 116
7 6 50 82 89 105 108 116
7 6 50 82 92 105 108 113
7 6 50 84 89 106 108 113
7 6 51 60 77 90 106 117
7 6 51 74 93 109 114 124
7 6 51 77 90 106 117 124
7 6 52 56 65 66 88 104
7 6 52 56 66 69 88 104
7 6 52 56 66 73 84 104
7 6 52 56 69 88 98 104
7 6 52 56 69 88 104 114
7 6 52 56 73 76 82 98
7 6 52 56 73 84 98 104
7 6 52 56 73 84 104 114
7 6 52 56 73 88 98 100
7 6 52 56 76 82 97 104
7 6 52 56 76 88 98 113
7 6 52 56 81 88 98 108
7 6 52 57 66 68 88 104
7 6 52 57 77 82 98 120
7 6 52 68 73 88 104 114
7 6 52 73 76 82 98 120
7 6 52 73 84 88 98 104
7 6 52 73 88 100 104 114
7 6 53 56 67 76 88 98
7 6 53 56 73 76 82 98
7 6 53 73 76 82 98 120
7 6 53 76 82 98 105 120
7 6 53 77 90 106 114 124
7 6 56 65 66 88 100 112
7 6 56 65 66 88 104 116
7 6 56 65 66 88 108 116
7 6 56 65 76 88 98 116
7 6 56 65 82 88 100 104
7 6 56 65 88 98 100 112
7 6 56 65 88 98 104 116
7 6 56 65 88 98 108 116
7 6 56 65 88 104 114 116
7 6 56 66 69 88 104 112
7 6 56 66 69 88 104 116
7 6 56 66 76 88 97 116
7 6 56 66 76 104 113 116
7 6 56 66 81 88 100 104
7 6 56 66 84 97 104 112
7 6 56 66 88 97 100 112
7 6 56 66 88 97 104 116
7 6 56 66 88 97 108 116
7 6 56 66 88 101 104 116
7 6 56 66 88 104 113 116
7 6 56 66 88 108 113 116
7 6 56 66 92 97 104 112
7 6 56 66 92 97 104 116
7 6 56 67 76 88 98 116
7 6 56 67 76 88 98 117
7 6 56 67 82 92 101 104
7 6 56 67 88 98 108 116
7 6 56 67 88 98 108 117
7 6 56 69 82 88 100 104
7 6 56 69 88 98 104 116
7 6 56 69 88 100 104 114
7 6 56 69 88 104 114 116
7 6 56 73 76 82 98 116
7 6 56 73 76 82 98 117
7 6 56 73 84 88 98 100
7 6 56 73 84 100 104 114
7 6 56 73 88 104 114 116
7 6 56 74 76 82 100 113
7 6 56 74 84 89 98 101
7 6 56 74 84 97 104 112
7 6 56 74 84 98 108 113
7 6 56 74 85 100 105 114
7 6 56 76 82 97 104 116
7 6 56 76 82 98 105 117
7 6 56 76 82 100 104 113
7 6 56 76 84 88 97 98
7 6 56 76 88 97 98 116
7 6 56 76 88 98 113 116
7 6 56 81 88 98 100 104
7 6 56 81 88 98 100 112
7 6 56 81 88 98 104 116
7 6 56 81 88 98 108 112
7 6 56 81 88 98 108 116
7 6 56 82 88 97 100 104
7 6 56 82 88 100 104 113
7 6 56 82 88 101 104 116
7 6 56 82 92 97 100 104
7 6 56 84 88 98 108 113
7 6 56 88 97 98 100 112
7 6 56 88 97 98 104 116
7 6 56 88 97 98 108 116
7 6 56 88 97 104 114 116
7 6 56 88 98 100 104 113
7 6 56 88 98 101 104 116
7 6 56 88 98 104 113 116
7 6 56 88 98 108 113 116
7 6 56 88 101 104 114 116
7 6 56 88 104 113 114 116
7 6 57 65 90 98 108 116
7 6 57 65 90 108 114 116
7 6 57 65 92 108 116 122
7 6 57 66 68 88 104 112
7 6 57 66 92 108 116 120
7 6 57 67 74 84 100 120
7 6 57 67 76 88 98 116
7 6 57 67 76 98 116 120
7 6 57 67 88 98 108 116
7 6 57 67 92 108 116 122
7 6 57 73 76 82 98 116
7 6 57 73 82 98 108 116
7 6 57 73 90 108 114 116
7 6 57 74 76 82 100 113
7 6 57 74 84 98 100 120
7 6 57 74 84 98 101 120
7 6 57 74 84 101 114 120
7 6 57 74 85 98 100 120
7 6 57 74 92 108 113 114
7 6 57 76 82 98 105 116
7 6 57 76 82 98 116 120
7 6 57 76 82 98 117 120
7 6 57 77 82 98 116 120
7 6 57 81 90 98 108 116
7 6 57 82 89 98 108 116
7 6 57 90 97 98 108 116
7 6 57 90 97 108 114 116
7 6 57 90 98 108 113 116
7 6 57 90 105 108 114 116
7 6 57 90 108 113 114 116
7 6 58 60 65 72 80 96
7 6 58 66 89 97 108 116
7 6 58 66 89 108 113 116
7 6 58 66 92 100 105 113
7 6 58 66 92 108 116 121
7 6 58 67 92 108 116 121
7 6 58 73 92 108 113 114
7 6 58 73 92 108 114 116
7 6 58 74 76 81 97 116
7 6 58 74 81 97 108 116
7 6 58 74 89 108 113 116
7 6 58 74 92 108 113 116
7 6 58 74 92 108 114 117
7 6 58 75 92 108 114 117
7 6 58 77 90 99 117 124
7 6 58 81 90 97 108 116
7 6 58 81 92 98 105 116
7 6 58 83 92 106 109 117
7 6 58 83 106 109 117 124
7 6 58 84 89 98 108 113
7 6 58 90 92 101 106 116
7 6 58 90 98 109 117 124
7 6 58 90 99 109 117 124
7 6 58 90 109 114 117 124
7 6 58 91 98 109 117 124
7 6 58 91 109 114 117 124
7 6 58 92 98 100 105 113
7 6 58 92 98 105 113 116
7 6 58 92 105 106 113 116
7 6 58 93 101 106 114 124
7 6 59 67 92 108 116 122
7 6 59 74 92 108 114 117
7 6 59 93 101 106 114 124
7 6 60 69 90 106 116 121
7 6 60 73 74 81 98 116
7 6 60 73 76 82 98 113
7 6 60 73 82 98 108 113
7 6 60 73 92 106 114 116
7 6 60 74 81 97 108 114
7 6 60 74 89 105 114 116
7 6 60 74 92 101 114 121
7 6 60 74 92 108 113 114
7 6 60 75 92 106 114 117
7 6 60 75 92 106 115 117
7 6 60 76 82 98 105 113
7 6 60 76 90 106 113 116
7 6 60 77 90 106 115 117
7 6 60 82 89 98 108 113
7 6 60 89 92 101 106 114
7 6 60 90 92 101 106 114
7 6 60 90 98 108 116 121
7 6 60 90 106 108 113 116
7 6 60 92 100 106 114 121
7 6 60 92 101 106 114 121
7 6 60 92 106 108 113 114
7 6 60 92 106 114 116 121
7 6 60 92 108 116 121 122
7 6 61 74 83 109 114 124
7 6 61 75 92 106 114 117
7 6 61 77 90 106 115 116
7 6 61 90 92 99 108 114
7 6 61 90 92 101 106 114
7 6 61 93 99 106 114 124
7 6 65 66 68 88 104 112
7 6 65 66 88 100 104 112
7 6 66 68 88 97 104 112
7 6 66 76 88 104 113 116
7 6 66 81 88 100 104 112
7 6 66 88 97 100 104 112
7 6 67 92 108 116 121 122
7 6 73 76 82 98 116 120
7 6 73 76 82 98 117 120
7 6 74 76 82 100 113 120
7 6 74 84 89 98 101 120
7 6 74 84 98 108 113 120
7 6 74 85 100 105 114 120
7 6 76 82 98 105 117 120
7 7 9 24 40 82 100 112
7 7 9 56 88 98 100 112
7 7 9 56 88 104 114 116
7 7 9 56 88 108 114 116
7 7 9 56 88 110 114 116
7 7 9 56 90 108 114 116
7 7 10 56 88 108 113 118
7 7 10 56 92 108 113 114
7 7 11 21 42 84 104 112
7 7 11 21 56 88 98 100
7 7 11 52 88 108 113 114
7 7 11 52 92 97 104 114
7 7 11 60 65 84 104 114
7 7 11 60 92 101 115 122
7 7 11 60 92 102 114 121
7 7 11 60 92 106 114 116
7 7 11 60 92 108 113 114
7 7 11 60 92 110 113 114
7 7 12 20 56 88 97 98
7 7 12 52 84 107 121 122
7 7 12 56 88 104 113 118
7 7 12 56 88 104 114 116
7 7 12 56 88 105 114 116
7 7 12 57 89 102 116 122
7 7 12 68 88 104 113 114
7 7 13 58 90 108 113 116
7 7 14 56 88 104 114 116
7 7 14 56 88 105 114 116
7 7 14 57 89 102 114 124
7 7 14 58 90 101 116 121
7 7 14 58 92 99 116 121
7 7 14 58 92 105 114 116
7 7 14 90 108 114 116 121
7 7 17 42 48 76 80 96
7 7 17 50 92 106 108 112
7 7 17 56 78 105 114 116
7 7 17 56 84 106 108 112
7 7 17 58 90 97 108 116
7 7 18 52 92 105 106 112
7 7 18 56 84 105 110 112
7 7 18 60 92 98 105 112
7 7 20 56 81 106 108 112
7 7 20 56 88 100 105 114
7 7 20 56 88 100 106 112
7 7 20 56 88 101 106 112
7 7 20 56 89 100 106 112
7 7 22 56 81 106 108 112
7 7 22 56 89 98 100 104
7 7 24 40 48 73 82 100
7 7 24 40 49 72 82 100
7 7 24 40 65 72 114 116
7 7 24 40 72 81 98 116
7 7 24 40 72 82 100 112
7 7 24 40 72 97 114 116
7 7 24 40 72 113 114 116
7 7 24 40 73 82 100 112
7 7 24 73 82 100 104 112
7 7 25 38 74 84 104 112
7 7 25 42 52 67 84 104
7 7 25 42 52 76 82 97
7 7 25 44 76 113 118 122
7 7 25 44 76 115 116 122
7 7 25 44 78 113 116 122
7 7 25 44 92 99 116 122
7 7 25 46 86 105 114 124
7 7 25 50 84 106 108 112
7 7 25 50 84 106 108 113
7 7 25 52 74 100 104 112
7 7 25 52 88 100 106 112
7 7 25 54 86 105 106 124
7 7 25 54 90 105 108 116
7 7 25 56 88 98 100 112
7 7 25 56 88 98 104 116
7 7 25 56 88 98 108 116
7 7 25 58 90 97 108 116
7 7 25 58 90 101 108 116
7 7 25 60 90 99 108 116
7 7 25 86 105 108 116 122
7 7 25 92 99 108 116 122
7 7 26 38 92 106 116 121
7 7 26 44 76 114 116 121
7 7 26 45 85 106 114 124
7 7 26 46 86 105 113 124
7 7 26 52 92 97 106 112
7 7 26 52 92 98 105 112
7 7 26 56 69 100 104 112
7 7 26 56 73 108 114 116
7 7 26 56 76 106 113 116
7 7 26 56 88 97 108 118
7 7 26 56 88 99 108 116
7 7 26 56 88 100 104 112
7 7 26 56 92 97 106 116
7 7 26 56 92 102 104 113
7 7 26 57 86 102 105 124
7 7 26 60 86 99 108 121
7 7 27 58 90 101 108 116
7 7 27 60 92 99 108 114
7 7 27 60 92 101 106 114
7 7 28 41 89 102 116 122
7 7 28 42 82 108 116 121
7 7 28 44 75 113 116 122
7 7 28 44 76 113 114 120
7 7 28 44 84 105 115 122
7 7 28 44 84 106 114 120
7 7 28 44 84 106 114 121
7 7 28 44 89 102 113 122
7 7 28 44 89 106 115 116
7 7 28 50 82 105 108 112
7 7 28 50 89 98 100 104
7 7 28 56 81 100 106 112
7 7 28 56 88 97 104 118
7 7 28 56 88 97 108 114
7 7 28 56 88 98 104 116
7 7 28 56 88 101 104 114
7 7 28 57 83 106 108 116
7 7 28 57 85 106 108 114
7 7 28 57 90 101 106 116
7 7 28 58 77 108 113 114
7 7 28 58 90 97 108 116
7 7 28 76 105 115 116 122
7 7 28 83 105 108 116 122
7 7 28 86 105 108 113 122
7 7 28 89 102 105 116 122
7 7 29 34 90 100 104 112
7 7 29 42 82 100 104 112
7 7 30 33 89 98 104 116
7 7 30 41 89 98 100 112
7 7 30 73 110 114 116 120
7 7 33 38 90 92 104 112
7 7 33 50 90 92 100 104
7 7 33 56 82 88 100 104
7 7 33 58 65 92 106 116
7 7 33 58 74 92 100 112
7 7 33 60 73 90 98 116
7 7 34 52 89 90 100 104
7 7 34 57 82 92 100 104
7 7 34 60 70 89 104 112
7 7 34 60 81 90 100 104
7 7 34 60 82 89 100 104
7 7 34 90 97 108 116 120
7 7 35 60 81 90 100 104
7 7 35 65 90 108 116 120
7 7 35 81 90 108 116 120
7 7 35 90 97 108 116 120
7 7 36 49 76 90 104 112
7 7 36 56 69 90 104 112
7 7 36 56 81 92 98 104
7 7 36 56 84 90 97 104
7 7 36 57 68 90 104 112
7 7 38 49 90 92 97 104
7 7 38 56 82 92 105 112
7 7 38 57 66 84 88 104
7 7 41 50 81 92 106 116
7 7 41 50 84 90 108 112
7 7 41 56 70 82 88 100
7 7 41 56 78 88 114 116
7 7 41 56 82 88 108 116
7 7 41 58 81 92 98 100
7 7 41 60 81 92 102 122
7 7 41 65 78 114 116 120
7 7 41 65 90 108 114 116
7 7 41 78 81 114 116 120
7 7 41 78 97 114 116 120
7 7 41 81 90 108 114 116
7 7 41 90 97 108 114 116
7 7 42 49 73 92 100 114
7 7 42 49 90 92 97 100
7 7 42 52 70 89 104 112
7 7 42 52 74 89 100 112
7 7 42 56 76 88 113 118
7 7 42 56 81 88 108 118
7 7 42 56 84 89 98 100
7 7 42 57 66 84 88 100
7 7 42 60 82 92 102 121
7 7 42 76 84 88 98 113
7 7 43 60 83 92 105 118
7 7 43 60 85 90 106 116
7 7 43 94 105 113 118 124
7 7 44 49 68 82 88 104
7 7 44 56 73 88 114 116
7 7 44 56 81 84 106 112
7 7 44 56 84 88 105 114
7 7 44 57 84 89 102 122
7 7 44 68 81 88 104 114
7 7 44 68 88 104 113 114
7 7 44 76 84 115 121 122
7 7 45 58 85 90 99 124
7 7 46 57 86 89 106 116
7 7 46 90 92 106 113 116
7 7 49 56 74 92 108 114
7 7 49 56 77 82 106 116
7 7 49 56 82 88 100 104
7 7 49 67 92 108 114 120
7 7 49 77 82 106 116 120
7 7 49 81 86 106 108 120
7 7 49 81 90 106 108 116
7 7 49 81 106 108 118 120
7 7 49 82 92 105 106 116
7 7 50 52 73 90 108 112
7 7 50 52 76 89 98 104
7 7 50 52 78 88 105 112
7 7 50 56 73 84 110 112
7 7 50 56 73 88 100 112
7 7 50 56 74 92 108 113
7 7 50 56 75 84 108 112
7 7 50 56 81 84 106 108
7 7 50 56 82 84 105 108
7 7 50 56 84 90 97 108
7 7 50 66 92 108 113 120
7 7 50 74 84 108 113 120
7 7 50 74 92 108 113 120
7 7 50 74 92 108 116 121
7 7 50 81 92 101 106 120
7 7 50 82 105 108 116 120
7 7 50 84 88 106 108 112
7 7 50 84 88 106 108 113
7 7 50 84 106 108 113 120
7 7 50 89 92 98 100 104
7 7 50 90 92 97 100 104
7 7 50 90 97 108 116 120
7 7 50 92 98 108 113 120
7 7 51 60 66 68 88 104
7 7 51 60 78 89 105 118
7 7 51 60 89 92 102 106
7 7 51 73 92 108 116 122
7 7 51 78 89 105 118 124
7 7 51 89 92 106 108 116
7 7 52 56 69 88 106 112
7 7 52 56 70 89 98 104
7 7 52 56 73 84 106 112
7 7 52 56 73 88 108 114
7 7 52 56 82 92 98 105
7 7 52 68 73 88 104 114
7 7 52 68 74 88 104 112
7 7 52 73 90 100 104 112
7 7 52 84 88 105 106 112
7 7 53 58 89 92 102 106
7 7 53 77 90 106 114 124
7 7 53 89 90 102 106 124
7 7 53 89 92 106 108 114
7 7 53 90 92 105 106 116
7 7 54 57 89 92 102 106
7 7 54 74 92 108 114 121
7 7 54 74 92 108 115 121
7 7 54 76 89 105 116 122
7 7 54 78 89 105 114 124
7 7 54 78 89 106 113 124
7 7 54 81 90 97 108 120
7 7 54 85 90 105 106 124
7 7 54 86 89 105 106 124
7 7 54 90 92 99 108 121
7 7 56 65 82 88 100 104
7 7 56 65 88 104 114 116
7 7 56 66 68 72 80 96
7 7 56 69 70 88 104 112
7 7 56 69 90 100 104 112
7 7 56 70 74 88 100 113
7 7 56 73 82 100 104 112
7 7 56 73 88 104 114 116
7 7 56 73 88 108 114 116
7 7 56 73 88 110 114 116
7 7 56 73 90 108 114 116
7 7 56 74 76 82 100 113
7 7 56 74 88 108 113 118
7 7 56 74 92 108 113 114
7 7 56 76 88 104 113 118
7 7 56 76 88 104 114 116
7 7 56 76 88 105 114 116
7 7 56 78 81 105 114 116
7 7 56 78 88 104 114 116
7 7 56 81 84 106 108 112
7 7 56 81 88 98 100 104
7 7 56 81 88 98 104 116
7 7 56 81 88 98 108 112
7 7 56 81 92 100 106 112
7 7 56 82 84 105 110 112
7 7 56 82 88 100 104 112
7 7 56 84 89 100 106 112
7 7 56 86 88 106 108 113
7 7 56 88 97 98 104 116
7 7 56 88 97 104 114 116
7 7 56 88 98 100 104 112
7 7 56 88 104 113 114 116
7 7 56 88 105 108 114 116
7 7 56 88 106 108 113 118
7 7 57 58 75 85 102 124
7 7 57 60 78 92 99 114
7 7 57 62 68 72 80 96
7 7 57 65 90 98 108 116
7 7 57 65 90 108 114 116
7 7 57 65 92 108 118 122
7 7 57 67 92 108 116 122
7 7 57 67 92 108 118 122
7 7 57 73 90 108 114 116
7 7 57 73 92 102 116 122
7 7 57 73 92 110 114 116
7 7 57 75 85 102 122 124
7 7 57 76 89 102 116 122
7 7 57 77 90 106 117 118
7 7 57 78 89 99 118 124
7 7 57 81 90 98 108 116
7 7 57 83 92 105 110 118
7 7 57 83 105 110 118 124
7 7 57 85 90 102 106 124
7 7 57 86 89 102 106 124
7 7 57 86 105 108 116 122
7 7 57 89 99 110 118 124
7 7 57 89 102 108 116 122
7 7 57 90 92 99 108 116
7 7 57 90 92 99 108 118
7 7 57 90 92 101 106 116
7 7 57 90 97 98 108 116
7 7 57 90 97 108 114 116
7 7 57 90 105 108 114 116
7 7 57 90 108 113 114 116
7 7 57 93 97 110 118 122
7 7 57 93 110 113 118 122
7 7 57 94 97 108 116 122
7 7 57 94 105 108 114 116
7 7 58 60 65 72 80 96
7 7 58 60 68 72 80 96
7 7 58 60 83 92 102 105
7 7 58 66 92 100 104 112
7 7 58 66 92 108 116 120
7 7 58 66 92 108 116 121
7 7 58 67 92 108 116 120
7 7 58 67 92 108 118 120
7 7 58 73 92 108 113 114
7 7 58 73 92 108 114 116
7 7 58 73 92 110 114 116
7 7 58 75 92 108 114 117
7 7 58 77 90 105 117 118
7 7 58 77 92 108 113 114
7 7 58 78 81 97 116 120
7 7 58 81 90 97 108 116
7 7 58 81 92 98 100 104
7 7 58 85 90 102 105 124
7 7 58 86 101 106 121 124
7 7 58 86 106 108 117 121
7 7 58 89 92 101 106 116
7 7 58 89 101 106 118 124
7 7 58 89 106 108 117 118
7 7 58 90 92 102 105 117
7 7 58 90 97 108 116 120
7 7 58 90 98 109 117 124
7 7 58 90 102 105 117 124
7 7 58 90 102 108 117 121
7 7 58 90 102 117 121 124
7 7 58 90 105 108 117 118
7 7 58 90 105 117 118 124
7 7 58 90 109 114 117 124
7 7 58 92 98 100 104 112
7 7 58 92 106 108 113 118
7 7 58 92 110 114 116 120
7 7 58 92 110 114 116 121
7 7 58 93 101 106 114 124
7 7 58 94 98 108 116 120
7 7 58 94 98 108 116 121
7 7 58 94 102 105 113 124
7 7 58 94 106 108 113 116
7 7 59 65 92 108 116 122
7 7 59 67 92 108 116 122
7 7 59 73 92 108 114 116
7 7 59 74 92 108 114 117
7 7 59 76 84 100 121 122
7 7 60 65 68 88 104 114
7 7 60 65 90 100 104 112
7 7 60 66 68 88 104 112
7 7 60 68 81 88 98 104
7 7 60 68 88 97 104 114
7 7 60 68 88 98 104 112
7 7 60 68 88 104 113 114
7 7 60 69 90 106 116 120
7 7 60 69 90 106 116 121
7 7 60 70 90 106 116 121
7 7 60 73 92 102 113 122
7 7 60 73 92 106 114 116
7 7 60 74 88 104 114 116
7 7 60 74 92 102 114 121
7 7 60 74 92 102 115 121
7 7 60 75 92 106 114 117
7 7 60 75 92 108 113 114
7 7 60 76 82 98 113 120
7 7 60 76 84 99 121 122
7 7 60 76 88 104 113 114
7 7 60 76 89 99 116 122
7 7 60 76 90 106 113 116
7 7 60 78 90 106 113 116
7 7 60 82 88 100 106 112
7 7 60 83 92 102 106 121
7 7 60 83 92 105 106 118
7 7 60 83 105 108 116 122
7 7 60 84 88 97 106 112
7 7 60 86 105 108 113 122
7 7 60 86 106 108 114 120
7 7 60 86 106 108 114 121
7 7 60 89 92 101 106 114
7 7 60 89 97 108 118 122
7 7 60 89 99 108 116 122
7 7 60 89 102 105 116 122
7 7 60 89 106 108 113 118
7 7 60 89 110 113 116 122
7 7 60 90 92 99 108 114
7 7 60 90 92 101 106 114
7 7 60 90 92 102 106 113
7 7 60 90 98 108 116 120
7 7 60 90 98 108 116 121
7 7 60 90 106 108 113 116
7 7 60 91 97 108 116 122
7 7 60 91 105 108 114 116
7 7 60 92 97 106 118 120
7 7 60 92 97 108 114 120
7 7 60 92 100 106 114 120
7 7 60 92 100 106 114 121
7 7 60 92 101 106 114 120
7 7 60 92 102 105 113 122
7 7 60 92 102 106 114 120
7 7 60 92 102 106 114 121
7 7 60 92 105 113 118 122
7 7 60 92 106 108 113 114
7 7 60 92 106 114 116 120
7 7 60 92 106 114 116 121
7 7 60 92 107 113 116 122
7 7 60 92 108 113 114 120
7 7 60 92 108 115 121 122
7 7 60 92 108 116 121 122
7 7 60 92 108 118 121 122
7 7 60 94 100 105 113 122
7 7 60 94 105 108 113 114
7 7 61 73 92 106 114 116
7 7 61 77 90 106 113 118
7 7 61 90 92 99 108 114
7 7 61 90 92 101 106 114
7 7 61 93 110 118 121 122
7 7 61 94 102 105 113 122
7 7 62 66 68 88 104 112
7 7 62 70 89 105 114 124
7 7 62 73 83 110 113 124
7 7 62 73 86 106 113 124
7 7 62 73 90 108 114 116
7 7 62 76 89 105 114 116
7 7 62 77 90 105 113 118
7 7 62 90 92 102 105 113
7 7 62 94 99 105 113 124
7 7 62 94 110 117 121 122
7 7 65 66 68 88 104 112
7 7 65 90 98 108 116 120
7 7 65 90 108 114 116 120
7 7 67 92 97 108 114 120
7 7 67 92 108 113 114 120
7 7 67 92 108 116 121 122
7 7 73 82 88 100 104 112
7 7 73 90 108 114 116 120
7 7 74 76 82 100 113 120
7 7 74 84 98 108 113 120
7 7 74 92 108 113 114 120
7 7 75 85 102 121 122 124
7 7 78 81 105 114 116 120
7 7 81 90 97 108 118 120
7 7 81 90 99 108 116 120
7 7 82 92 97 106 116 120
7 7 82 92 98 105 116 120
7 7 85 90 97 98 108 120
7 7 89 92 99 108 116 122
7 7 89 92 102 105 116 122
7 7 90 97 98 108 116 120
7 7 90 97 108 114 116 120
7 7 92 99 108 116 121 122
7 7 94 102 105 113 122 124
7 9 10 12 49 82 100 112
7 9 10 17 52 76 98 112
7 9 10 17 52 84 98 104
7 9 10 20 36 68 114 120
7 9 10 20 36 68 115 120
7 9 10 20 49 82 100 104
7 9 10 24 37 82 100 112
7 9 10 24 52 67 100 112
7 9 10 24 52 81 98 100
7 9 10 49 82 84 100 104
7 9 10 50 65 84 100 120
7 9 10 52 66 84 104 112
7 9 10 52 67 84 104 112
7 9 10 52 68 81 98 120
7 9 10 52 72 81 102 112
7 9 10 52 72 84 98 112
7 9 10 52 72 84 99 112
7 9 10 52 76 81 98 112
7 9 10 52 81 84 98 104
7 9 10 52 81 98 100 120
7 9 10 52 84 98 104 112
7 9 10 52 84 99 104 112
7 9 10 54 86 108 113 120
7 9 10 54 92 101 114 120
7 9 12 52 68 82 98 120
7 9 14 17 36 68 114 120
7 9 14 20 65 100 114 120
7 9 14 24 48 81 98 100
7 9 14 49 81 102 122 124
7 9 14 49 86 106 116 120
7 9 14 50 82 108 116 120
7 9 14 56 88 97 114 116
7 9 14 56 88 102 114 116
7 9 14 81 88 98 100 112
7 9 17 20 34 66 100 120
7 9 17 22 88 98 100 104
7 9 17 24 38 76 98 112
7 9 17 28 34 66 100 120
7 9 17 28 74 98 100 112
7 9 17 34 52 70 88 104
7 9 17 38 56 74 84 96
7 9 17 38 76 88 98 112
7 9 17 42 66 84 100 120
7 9 17 42 74 84 100 112
7 9 17 42 84 98 100 120
7 9 17 42 92 98 116 120
7 9 17 44 94 100 114 120
7 9 17 46 86 97 122 124
7 9 17 46 86 106 116 120
7 9 17 50 66 92 100 104
7 9 17 50 92 98 100 104
7 9 17 50 92 98 100 120
7 9 17 52 70 88 98 104
7 9 17 52 74 76 98 112
7 9 17 52 74 88 98 100
7 9 17 52 76 82 98 104
7 9 17 54 66 88 100 104
7 9 17 54 86 106 108 120
7 9 17 54 92 102 106 120
7 9 17 54 94 98 108 120
7 9 17 56 70 88 98 100
7 9 17 56 86 98 100 104
7 9 17 56 94 98 100 112
7 9 17 58 66 84 100 104
7 9 17 58 92 98 100 112
7 9 17 58 92 98 100 120
7 9 17 58 92 102 106 116
7 9 17 60 86 98 108 120
7 9 17 60 86 100 106 120
7 9 17 60 94 98 100 120
7 9 17 62 94 98 100 120
7 9 18 20 34 68 104 112
7 9 18 20 40 72 100 112
7 9 18 20 40 72 102 112
7 9 18 20 40 72 102 113
7 9 18 20 40 72 103 112
7 9 18 21 40 72 102 112
7 9 18 24 36 68 104 112
7 9 18 24 37 70 104 112
7 9 18 24 37 76 98 112
7 9 18 24 44 84 97 98
7 9 18 28 66 100 104 112
7 9 18 33 36 66 68 120
7 9 18 33 66 108 116 120
7 9 18 34 65 76 116 120
7 9 18 36 48 72 80 96
7 9 18 36 56 65 66 68
7 9 18 36 65 66 68 120
7 9 18 36 66 68 104 112
7 9 18 36 68 88 104 112
7 9 18 40 52 66 76 112
7 9 18 40 52 67 76 112
7 9 18 40 52 70 72 112
7 9 18 40 52 70 88 97
7 9 18 40 52 71 72 112
7 9 18 40 52 72 81 102
7 9 18 40 52 76 81 98
7 9 18 40 70 88 97 116
7 9 18 40 72 84 100 112
7 9 18 40 72 84 102 112
7 9 18 40 72 84 102 113
7 9 18 40 72 84 103 112
7 9 18 40 72 102 113 116
7 9 18 44 66 84 104 112
7 9 18 44 67 84 104 112
7 9 18 44 72 84 98 112
7 9 18 44 72 84 99 112
7 9 18 44 84 97 98 120
7 9 18 44 84 98 104 112
7 9 18 44 84 99 104 112
7 9 18 52 65 76 98 120
7 9 18 52 66 76 104 112
7 9 18 52 70 88 97 104
7 9 18 52 76 81 98 104
7 9 18 52 76 88 97 98
7 9 18 52 84 97 106 120
7 9 18 52 88 100 104 112
7 9 18 56 88 97 102 116
7 9 18 56 88 98 108 116
7 9 18 56 88 100 104 112
7 9 18 56 92 100 104 112
7 9 18 60 92 97 98 120
7 9 18 60 92 97 102 120
7 9 18 60 92 100 104 112
7 9 18 66 92 100 104 112
7 9 18 70 88 97 104 116
7 9 18 76 81 98 104 116
7 9 19 40 92 98 100 112
7 9 19 44 72 84 98 112
7 9 19 56 88 102 104 116
7 9 19 60 92 97 102 122
7 9 19 60 92 97 106 118
7 9 19 60 92 102 106 113
7 9 20 24 36 72 98 112
7 9 20 26 36 68 98 120
7 9 20 26 36 68 99 120
7 9 20 26 36 68 104 114
7 9 20 26 36 68 104 115
7 9 20 33 38 76 82 120
7 9 20 33 58 70 88 100
7 9 20 34 65 66 100 120
7 9 20 36 42 70 88 113
7 9 20 36 68 74 114 120
7 9 20 36 68 74 115 120
7 9 20 36 68 90 99 120
7 9 20 36 68 106 114 120
7 9 20 36 68 106 115 120
7 9 20 38 56 74 81 100
7 9 20 38 65 76 114 120
7 9 20 38 65 90 100 120
7 9 20 38 68 90 97 120
7 9 20 38 76 82 97 120
7 9 20 38 76 97 114 120
7 9 20 38 90 97 100 120
7 9 20 38 90 100 113 120
7 9 20 40 68 88 98 112
7 9 20 40 72 82 100 112
7 9 20 42 70 88 100 113
7 9 20 44 65 70 114 120
7 9 20 44 90 100 114 120
7 9 20 56 88 98 100 112
7 9 20 58 65 70 100 120
7 9 20 58 70 88 97 100
7 9 20 68 88 98 104 112
7 9 20 70 88 100 106 113
7 9 21 42 66 88 100 112
7 9 21 42 88 98 100 112
7 9 21 42 90 102 113 124
7 9 21 44 72 82 98 112
7 9 22 24 72 98 100 112
7 9 22 24 72 98 100 113
7 9 22 36 68 106 113 120
7 9 22 36 84 97 106 120
7 9 22 40 72 98 113 116
7 9 22 40 88 98 100 112
7 9 22 40 88 98 100 113
7 9 22 42 65 88 100 112
7 9 22 42 76 114 116 120
7 9 22 42 82 108 116 120
7 9 22 44 76 113 114 120
7 9 22 48 88 98 100 104
7 9 22 50 65 88 100 104
7 9 22 52 65 68 106 120
7 9 22 52 68 88 97 106
7 9 22 56 65 88 98 100
7 9 22 56 72 80 98 100
7 9 22 56 81 98 100 104
7 9 22 56 84 106 108 112
7 9 22 56 88 97 98 100
7 9 22 56 88 97 98 116
7 9 22 56 88 97 108 114
7 9 22 56 88 97 110 116
7 9 22 56 88 98 108 112
7 9 22 56 88 98 108 113
7 9 22 56 88 98 108 116
7 9 22 56 88 98 108 117
7 9 22 56 88 99 108 116
7 9 22 56 88 101 104 114
7 9 22 56 88 101 108 114
7 9 22 56 88 101 110 114
7 9 22 56 88 102 108 112
7 9 22 56 88 102 108 113
7 9 22 56 90 102 108 112
7 9 22 58 90 97 108 116
7 9 22 65 88 98 108 112
7 9 22 88 98 100 104 112
7 9 23 24 72 98 100 112
7 9 23 40 88 98 100 112
7 9 24 33 38 82 84 104
7 9 24 33 82 84 102 104
7 9 24 34 37 76 82 112
7 9 24 34 66 84 108 112
7 9 24 37 40 70 82 112
7 9 24 37 72 86 98 112
7 9 24 37 76 82 98 112
7 9 24 38 40 67 84 112
7 9 24 38 40 81 84 98
7 9 24 38 40 82 84 97
7 9 24 38 48 67 84 104
7 9 24 38 48 76 81 98
7 9 24 38 66 84 104 112
7 9 24 38 67 84 104 112
7 9 24 38 72 84 98 112
7 9 24 38 72 85 98 112
7 9 24 38 76 81 98 112
7 9 24 38 82 84 97 104
7 9 24 38 84 98 104 112
7 9 24 40 49 70 82 100
7 9 24 40 52 67 70 112
7 9 24 40 52 70 81 98
7 9 24 42 86 104 113 116
7 9 24 44 86 104 114 116
7 9 24 44 86 104 114 117
7 9 24 48 67 84 102 104
7 9 24 49 72 86 98 100
7 9 24 50 70 104 113 116
7 9 24 50 72 86 97 100
7 9 24 50 81 102 104 116
7 9 24 50 84 106 108 112
7 9 24 52 67 76 98 112
7 9 24 52 70 72 98 112
7 9 24 52 70 72 98 113
7 9 24 52 70 80 98 104
7 9 24 52 70 81 98 104
7 9 24 52 71 72 98 112
7 9 24 52 76 82 97 98
7 9 24 52 84 98 104 112
7 9 24 52 84 106 108 112
7 9 24 52 86 106 108 112
7 9 24 54 78 104 114 116
7 9 24 54 86 106 108 112
7 9 24 54 86 106 108 113
7 9 24 67 84 102 104 112
7 9 24 70 72 98 113 116
7 9 24 70 81 98 104 116
7 9 24 72 84 98 100 112
7 9 24 72 86 98 100 112
7 9 24 72 86 98 100 113
7 9 24 72 87 98 100 112
7 9 24 82 84 97 102 104
7 9 26 33 84 98 108 112
7 9 26 37 86 108 114 120
7 9 26 37 92 102 114 120
7 9 26 38 82 108 116 120
7 9 26 44 86 102 113 120
7 9 26 49 86 102 108 120
7 9 26 49 92 102 108 114
7 9 26 50 65 84 100 104
7 9 26 52 84 97 110 120
7 9 26 52 84 98 108 120
7 9 26 52 84 99 108 120
7 9 26 52 84 106 108 112
7 9 26 52 86 106 108 112
7 9 26 52 88 102 108 112
7 9 26 52 92 102 106 112
7 9 26 54 86 97 108 120
7 9 26 54 92 97 102 120
7 9 26 56 81 102 104 116
7 9 26 56 88 97 102 116
7 9 26 88 102 104 113 116
7 9 28 33 82 98 100 120
7 9 28 34 82 100 104 112
7 9 28 36 84 98 104 112
7 9 28 42 88 102 114 116
7 9 28 48 65 82 102 104
7 9 28 48 82 98 100 104
7 9 28 50 65 66 100 120
7 9 28 50 65 82 100 104
7 9 28 50 66 80 100 104
7 9 28 50 67 100 104 112
7 9 28 50 70 108 113 120
7 9 28 50 81 98 100 104
7 9 28 50 82 97 108 120
7 9 28 50 82 101 108 120
7 9 28 50 82 101 110 120
7 9 28 50 84 100 106 120
7 9 28 50 84 106 108 112
7 9 28 50 88 102 104 112
7 9 28 50 88 102 104 113
7 9 28 50 88 102 104 116
7 9 28 50 88 102 104 117
7 9 28 50 88 102 108 112
7 9 28 50 88 102 108 113
7 9 28 52 66 68 104 112
7 9 28 52 68 82 98 104
7 9 28 56 76 102 113 114
7 9 28 56 88 98 100 112
7 9 28 56 88 101 102 114
7 9 28 65 82 102 104 112
7 9 28 82 98 100 104 112
7 9 28 84 100 106 114 120
7 9 28 88 102 104 114 116
7 9 28 88 102 104 114 117
7 9 30 33 82 100 104 112
7 9 30 36 84 98 104 112
7 9 30 49 81 102 106 124
7 9 30 49 81 106 108 118
7 9 30 65 110 114 116 120
7 9 33 44 82 84 98 120
7 9 33 46 82 84 104 112
7 9 33 50 74 84 108 112
7 9 33 50 84 88 98 108
7 9 33 52 74 82 100 120
7 9 33 52 76 82 98 120
7 9 33 54 76 82 104 112
7 9 33 54 82 88 100 104
7 9 33 56 70 82 104 116
7 9 33 56 74 86 100 112
7 9 33 56 82 84 102 104
7 9 33 56 86 88 98 100
7 9 33 60 70 82 104 112
7 9 33 60 74 82 100 112
7 9 33 60 76 82 98 112
7 9 33 60 82 84 98 104
7 9 33 60 82 88 98 100
7 9 34 48 68 72 80 96
7 9 34 48 82 92 100 104
7 9 34 52 65 82 108 120
7 9 34 52 65 90 100 120
7 9 34 52 65 90 108 112
7 9 34 52 65 94 104 112
7 9 34 52 66 88 108 112
7 9 34 52 69 90 104 112
7 9 34 52 70 88 104 112
7 9 34 52 74 81 100 120
7 9 34 52 76 82 97 120
7 9 34 52 81 90 100 104
7 9 34 56 70 81 104 116
7 9 34 56 74 84 100 112
7 9 34 56 76 82 97 116
7 9 34 56 81 86 100 104
7 9 34 65 82 108 116 120
7 9 34 76 82 97 116 120
7 9 34 82 92 100 104 112
7 9 35 44 72 82 84 112
7 9 35 52 84 90 108 120
7 9 35 56 86 88 108 116
7 9 35 56 86 88 110 116
7 9 36 50 76 84 98 120
7 9 36 56 66 84 104 112
7 9 36 56 68 82 104 112
7 9 36 56 76 84 98 112
7 9 36 58 70 84 97 120
7 9 36 58 70 84 104 112
7 9 36 58 70 84 104 113
7 9 36 58 76 84 98 112
7 9 37 50 82 92 108 120
7 9 37 50 82 92 110 120
7 9 37 56 86 88 108 114
7 9 37 58 66 72 84 112
7 9 38 48 67 84 88 104
7 9 38 48 84 88 98 104
7 9 38 49 66 84 88 104
7 9 38 49 82 92 108 120
7 9 38 56 66 72 84 112
7 9 38 56 72 82 84 97
7 9 38 56 81 88 98 100
7 9 38 56 81 88 98 116
7 9 38 56 82 84 97 104
7 9 38 56 82 92 108 112
7 9 38 56 82 92 108 113
7 9 38 56 84 90 108 112
7 9 38 66 84 88 104 112
7 9 38 67 84 88 104 112
7 9 38 76 81 88 98 112
7 9 38 82 92 108 113 120
7 9 38 84 88 98 104 112
7 9 40 48 66 68 80 96
7 9 40 48 86 88 98 100
7 9 40 49 86 88 98 100
7 9 40 50 67 92 100 112
7 9 40 50 69 92 98 112
7 9 40 50 70 72 113 116
7 9 40 50 70 88 97 116
7 9 40 50 72 84 102 112
7 9 40 50 72 84 102 113
7 9 40 50 72 84 103 112
7 9 40 50 74 84 101 112
7 9 40 50 81 92 98 100
7 9 40 52 66 88 100 112
7 9 40 52 72 82 100 112
7 9 40 52 76 82 98 112
7 9 40 54 69 88 98 112
7 9 40 54 81 88 98 100
7 9 40 72 82 102 113 116
7 9 40 72 102 113 114 116
7 9 40 86 88 98 100 112
7 9 40 88 97 102 114 116
7 9 42 48 82 84 101 104
7 9 42 49 66 84 88 100
7 9 42 52 65 76 82 112
7 9 42 52 66 68 88 112
7 9 42 52 76 82 97 112
7 9 42 52 82 92 108 112
7 9 42 52 86 88 108 112
7 9 42 66 84 88 100 112
7 9 42 72 82 84 101 112
7 9 42 82 84 101 104 112
7 9 42 84 88 98 100 112
7 9 44 48 67 82 84 104
7 9 44 48 82 84 98 104
7 9 44 49 72 82 84 98
7 9 44 49 84 90 102 120
7 9 44 49 86 88 106 116
7 9 44 50 65 82 84 104
7 9 44 50 66 72 84 112
7 9 44 50 66 84 88 97
7 9 44 50 67 72 84 112
7 9 44 50 67 84 104 112
7 9 44 50 69 82 104 112
7 9 44 50 69 88 98 112
7 9 44 50 82 84 97 104
7 9 44 50 84 88 97 98
7 9 44 52 84 90 99 120
7 9 44 56 86 88 99 116
7 9 44 56 86 88 101 114
7 9 44 56 86 88 102 113
7 9 44 67 82 84 104 112
7 9 44 69 82 88 98 112
7 9 44 72 82 84 98 112
7 9 44 74 82 84 97 112
7 9 44 82 84 98 104 112
7 9 46 65 82 84 104 112
7 9 46 65 92 114 116 120
7 9 46 72 82 84 97 112
7 9 46 82 84 97 104 112
7 9 46 82 92 98 116 120
7 9 46 86 88 104 114 116
7 9 48 66 68 72 80 96
7 9 49 50 70 92 108 120
7 9 49 54 66 68 88 104
7 9 49 58 66 72 84 100
7 9 49 67 92 108 118 122
7 9 50 52 65 70 88 104
7 9 50 52 65 76 82 104
7 9 50 52 67 76 80 104
7 9 50 52 67 76 104 112
7 9 50 52 67 88 108 112
7 9 50 52 70 88 104 112
7 9 50 52 70 88 104 113
7 9 50 52 71 88 104 112
7 9 50 52 76 81 98 104
7 9 50 52 76 82 97 120
7 9 50 52 78 88 104 112
7 9 50 52 78 88 108 112
7 9 50 52 81 88 102 104
7 9 50 52 82 88 97 108
7 9 50 56 70 88 97 116
7 9 50 56 70 88 104 116
7 9 50 56 70 88 104 117
7 9 50 56 74 84 108 112
7 9 50 56 76 82 97 116
7 9 50 56 76 82 104 116
7 9 50 56 76 82 104 117
7 9 50 56 78 84 108 112
7 9 50 56 78 88 97 116
7 9 50 56 84 88 97 102
7 9 50 56 84 88 97 110
7 9 50 60 68 72 80 96
7 9 50 60 69 90 102 120
7 9 50 60 74 86 101 120
7 9 50 60 78 81 102 120
7 9 50 60 78 82 101 120
7 9 50 65 70 88 104 116
7 9 50 65 74 84 108 112
7 9 50 65 82 108 116 120
7 9 50 65 84 106 108 112
7 9 50 65 90 108 116 120
7 9 50 65 92 98 100 120
7 9 50 65 92 100 106 112
7 9 50 65 92 110 116 120
7 9 50 65 94 100 104 112
7 9 50 65 94 110 116 120
7 9 50 66 92 100 104 112
7 9 50 66 92 108 116 120
7 9 50 67 92 100 104 112
7 9 50 70 88 97 104 116
7 9 50 70 88 104 113 116
7 9 50 70 92 108 113 120
7 9 50 74 84 97 108 112
7 9 50 74 84 101 104 112
7 9 50 76 81 98 104 116
7 9 50 76 82 97 104 116
7 9 50 76 82 97 116 120
7 9 50 76 82 101 104 112
7 9 50 81 88 102 104 116
7 9 50 81 92 98 100 104
7 9 50 82 84 97 108 120
7 9 50 82 88 97 108 116
7 9 50 82 92 97 108 120
7 9 50 82 92 101 108 120
7 9 50 82 92 101 110 120
7 9 50 82 97 108 116 120
7 9 50 84 88 98 108 112
7 9 50 84 88 106 108 112
7 9 50 84 97 106 108 112
7 9 50 86 92 106 108 112
7 9 50 88 97 102 104 116
7 9 50 92 98 100 104 112
7 9 50 92 98 108 113 120
7 9 50 92 98 108 116 120
7 9 50 92 98 108 117 120
7 9 50 94 98 108 116 120
7 9 52 56 65 76 82 98
7 9 52 56 66 72 80 96
7 9 52 56 70 81 98 104
7 9 52 56 70 88 104 112
7 9 52 56 70 88 108 112
7 9 52 56 74 81 98 100
7 9 52 56 74 84 104 112
7 9 52 56 74 84 108 112
7 9 52 56 76 82 98 112
7 9 52 56 76 88 98 112
7 9 52 58 78 84 97 120
7 9 52 65 76 82 98 120
7 9 52 65 82 98 108 120
7 9 52 65 92 110 114 120
7 9 52 66 68 88 104 112
7 9 52 66 88 100 104 112
7 9 52 67 74 84 104 112
7 9 52 67 76 82 104 112
7 9 52 68 88 98 104 112
7 9 52 70 81 88 98 104
7 9 52 70 88 98 104 112
7 9 52 74 76 81 98 112
7 9 52 74 81 98 100 120
7 9 52 74 82 84 97 104
7 9 52 74 84 98 104 112
7 9 52 76 81 82 98 104
7 9 52 76 82 97 98 120
7 9 52 76 82 98 104 112
7 9 52 84 88 98 104 112
7 9 52 84 88 106 108 112
7 9 52 84 90 97 110 120
7 9 52 84 90 99 108 120
7 9 52 86 88 106 108 112
7 9 52 88 98 100 104 112
7 9 52 92 100 106 114 120
7 9 53 94 110 113 122 124
7 9 54 56 67 92 106 116
7 9 54 56 74 86 108 113
7 9 54 56 74 92 101 114
7 9 54 56 78 81 106 116
7 9 54 56 78 88 97 116
7 9 54 56 78 88 101 114
7 9 54 56 81 86 106 108
7 9 54 65 76 82 104 112
7 9 54 65 92 106 116 120
7 9 54 65 92 108 114 120
7 9 54 65 92 110 114 120
7 9 54 66 68 88 104 112
7 9 54 66 88 100 104 112
7 9 54 66 92 108 113 120
7 9 54 67 92 106 116 120
7 9 54 67 92 108 113 122
7 9 54 74 86 108 113 120
7 9 54 74 88 104 113 116
7 9 54 74 92 101 114 120
7 9 54 76 81 106 116 120
7 9 54 76 82 97 104 112
7 9 54 76 88 104 114 116
7 9 54 76 88 104 114 117
7 9 54 78 81 97 122 124
7 9 54 78 81 106 116 120
7 9 54 78 88 104 114 116
7 9 54 81 86 106 108 120
7 9 54 81 92 102 106 120
7 9 54 82 88 100 104 112
7 9 54 82 92 97 108 120
7 9 54 82 92 97 110 120
7 9 54 82 92 101 106 120
7 9 54 84 88 106 108 112
7 9 54 84 90 97 108 120
7 9 54 86 88 106 108 112
7 9 54 86 88 106 108 113
7 9 54 86 106 108 113 120
7 9 54 90 97 108 116 120
7 9 54 90 98 108 116 120
7 9 54 90 108 114 116 120
7 9 54 92 97 110 114 120
7 9 54 92 101 106 114 120
7 9 56 65 82 84 102 104
7 9 56 66 72 84 100 112
7 9 56 66 84 100 104 112
7 9 56 70 72 81 98 116
7 9 56 70 81 88 98 100
7 9 56 70 81 98 104 116
7 9 56 70 82 97 104 116
7 9 56 70 88 98 100 112
7 9 56 70 88 104 114 116
7 9 56 70 88 104 114 117
7 9 56 72 82 84 97 102
7 9 56 72 82 97 102 116
7 9 56 72 84 98 100 112
7 9 56 72 86 98 100 112
7 9 56 74 84 98 100 112
7 9 56 76 82 97 98 116
7 9 56 78 88 97 114 116
7 9 56 81 86 98 100 104
7 9 56 82 84 97 102 104
7 9 56 82 84 102 104 112
7 9 56 82 88 97 102 116
7 9 56 82 88 97 110 116
7 9 56 82 88 100 104 112
7 9 56 84 88 98 100 112
7 9 56 84 88 98 108 112
7 9 56 84 88 102 108 112
7 9 56 84 90 102 108 112
7 9 56 86 88 97 108 114
7 9 56 86 88 97 110 116
7 9 56 86 88 99 108 116
7 9 56 86 88 101 104 114
7 9 56 86 88 101 108 114
7 9 56 86 88 101 110 114
7 9 56 86 90 102 108 112
7 9 56 86 98 100 104 112
7 9 56 88 97 102 114 116
7 9 56 88 97 110 114 116
7 9 56 88 102 104 114 116
7 9 56 88 102 104 114 117
7 9 56 92 102 104 113 114
7 9 56 92 102 104 114 116
7 9 56 92 102 104 114 117
7 9 56 94 102 104 114 116
7 9 58 65 92 102 116 120
7 9 58 66 72 84 100 112
7 9 58 66 84 100 104 112
7 9 58 67 92 102 116 120
7 9 58 67 92 108 113 118
7 9 58 76 81 102 116 120
7 9 58 76 84 100 114 120
7 9 58 78 81 97 118 124
7 9 58 81 92 102 106 116
7 9 58 84 88 102 108 112
7 9 58 86 88 97 108 116
7 9 58 92 102 104 114 116
7 9 58 92 110 114 116 120
7 9 58 92 110 115 117 120
7 9 60 65 86 110 114 120
7 9 60 65 92 102 114 120
7 9 60 70 88 104 113 114
7 9 60 70 88 104 114 116
7 9 60 70 88 104 114 117
7 9 60 72 82 98 100 112
7 9 60 74 84 100 114 120
7 9 60 74 86 101 114 120
7 9 60 76 82 98 113 120
7 9 60 76 82 98 116 120
7 9 60 76 82 98 117 120
7 9 60 78 81 102 114 120
7 9 60 78 82 98 116 120
7 9 60 81 82 98 108 120
7 9 60 81 88 102 104 114
7 9 60 82 84 98 104 112
7 9 60 82 88 100 106 112
7 9 60 82 92 97 102 120
7 9 60 82 92 98 101 120
7 9 60 82 92 102 106 112
7 9 60 84 88 98 104 112
7 9 60 84 88 98 108 112
7 9 60 86 88 97 108 114
7 9 60 86 88 97 110 114
7 9 60 86 88 101 104 114
7 9 60 86 88 101 106 114
7 9 60 86 97 108 114 120
7 9 60 86 98 108 113 120
7 9 60 92 97 102 114 120
7 9 60 92 102 104 113 114
7 9 60 92 102 113 114 120
7 9 60 92 106 114 116 120
7 9 60 92 108 113 118 122
7 9 60 92 108 114 116 120
7 9 60 92 110 114 116 120
7 9 60 94 110 114 116 120
7 9 60 94 110 115 117 120
7 9 62 70 88 104 114 116
7 9 62 76 82 98 116 120
7 9 62 82 88 100 104 112
7 9 62 84 88 98 108 112
7 9 62 94 103 113 122 124
7 9 62 94 110 114 116 120
7 9 62 94 110 115 117 120
7 9 65 70 88 104 114 116
7 9 65 76 82 98 116 120
7 9 65 82 98 108 116 120
7 9 65 88 102 104 114 116
7 9 65 90 108 114 116 120
7 9 65 92 110 114 116 120
7 9 65 94 110 114 116 120
7 9 67 92 108 113 118 122
7 9 70 81 88 98 104 116
7 9 70 88 97 104 114 116
7 9 70 88 104 113 114 116
7 9 76 81 82 98 104 116
7 9 76 82 97 98 116 120
7 9 78 81 97 118 122 124
7 9 81 88 102 104 114 116
7 9 88 97 102 104 114 116
7 10 12 18 36 68 113 120
7 10 12 49 72 82 100 112
7 10 13 50 86 108 113 120
7 10 17 20 34 68 104 112
7 10 17 20 40 72 102 112
7 10 17 33 52 76 82 104
7 10 17 33 76 82 104 116
7 10 17 33 76 98 116 120
7 10 17 36 65 84 98 120
7 10 17 40 52 69 72 114
7 10 17 40 52 70 72 112
7 10 17 40 69 72 114 116
7 10 17 40 72 84 100 114
7 10 17 40 72 84 102 112
7 10 17 44 65 88 98 116
7 10 17 44 72 84 98 112
7 10 17 52 66 88 100 104
7 10 17 52 68 88 98 104
7 10 17 52 88 98 100 104
7 10 17 52 88 100 104 114
7 10 17 56 66 84 100 104
7 10 17 56 72 84 98 100
7 10 17 56 88 97 108 118
7 10 17 60 86 98 108 120
7 10 17 60 92 102 104 114
7 10 18 28 36 68 97 120
7 10 18 33 36 68 88 96
7 10 18 44 92 100 113 120
7 10 18 52 65 88 100 104
7 10 18 52 68 88 97 104
7 10 18 52 88 97 100 104
7 10 18 56 65 84 100 104
7 10 18 56 92 97 100 112
7 10 18 60 85 102 105 120
7 10 18 60 92 97 100 120
7 10 18 60 92 97 102 120
7 10 18 60 92 98 101 120
7 10 18 60 92 98 101 121
7 10 19 44 92 101 114 120
7 10 19 60 92 98 101 120
7 10 20 25 36 68 98 120
7 10 20 33 56 66 88 100
7 10 20 33 65 70 104 112
7 10 20 33 65 98 100 120
7 10 20 34 56 68 88 97
7 10 20 34 65 68 104 112
7 10 20 34 68 81 104 112
7 10 20 34 68 97 104 112
7 10 20 36 48 66 81 104
7 10 20 36 56 68 73 114
7 10 20 36 66 76 113 120
7 10 20 36 66 81 104 112
7 10 20 36 68 73 114 120
7 10 20 36 68 105 114 120
7 10 20 40 49 70 72 112
7 10 20 40 49 72 82 100
7 10 20 40 72 81 102 112
7 10 20 49 66 76 100 120
7 10 20 56 65 88 98 100
7 10 20 56 66 88 97 100
7 10 20 56 88 97 98 100
7 10 20 56 88 98 100 113
7 10 20 56 88 98 108 113
7 10 20 66 76 100 113 120
7 10 21 56 88 98 108 116
7 10 21 56 88 99 108 118
7 10 22 24 72 97 100 112
7 10 22 40 88 97 100 112
7 10 22 44 76 113 114 120
7 10 22 56 88 98 108 117
7 10 22 56 88 99 108 117
7 10 22 56 88 101 108 114
7 10 22 56 88 102 108 113
7 10 24 33 52 72 84 98
7 10 24 35 72 84 100 112
7 10 24 37 72 82 100 112
7 10 24 38 65 84 104 112
7 10 24 38 72 84 97 112
7 10 24 40 52 65 70 112
7 10 24 40 52 67 68 112
7 10 24 44 86 104 114 117
7 10 24 49 70 72 100 112
7 10 24 49 72 84 98 100
7 10 24 50 72 84 97 100
7 10 24 52 65 70 104 112
7 10 24 52 65 84 98 104
7 10 24 52 70 72 97 112
7 10 24 52 70 97 104 112
7 10 24 52 72 84 97 98
7 10 24 52 84 97 98 104
7 10 24 52 84 97 104 114
7 10 24 72 84 97 100 114
7 10 24 72 86 97 100 112
7 10 25 38 86 108 113 120
7 10 25 38 92 101 114 120
7 10 25 44 86 101 114 120
7 10 25 50 86 101 108 120
7 10 25 52 84 98 108 120
7 10 25 54 92 98 101 120
7 10 28 34 81 100 104 112
7 10 28 34 84 97 104 112
7 10 28 50 70 108 113 120
7 10 28 50 82 101 108 120
7 10 28 50 82 101 108 121
7 10 28 50 82 105 108 117
7 10 28 50 85 102 105 120
7 10 28 50 88 102 104 117
7 10 28 50 88 102 105 117
7 10 28 50 88 102 108 113
7 10 28 52 65 66 104 112
7 10 28 52 82 100 105 120
7 10 28 56 73 102 114 117
7 10 28 56 76 102 113 114
7 10 28 56 82 101 104 116
7 10 28 56 88 101 102 114
7 10 28 88 102 104 114 117
7 10 29 50 82 101 108 120
7 10 33 52 66 88 108 112
7 10 33 52 66 92 104 112
7 10 33 52 70 88 104 112
7 10 33 52 82 88 100 104
7 10 33 52 84 88 98 104
7 10 33 56 82 84 100 104
7 10 33 56 84 88 98 100
7 10 34 36 68 81 104 112
7 10 34 44 81 84 104 112
7 10 34 52 73 84 104 112
7 10 34 52 76 81 104 112
7 10 34 52 81 88 100 104
7 10 34 52 84 88 97 104
7 10 34 56 69 84 104 112
7 10 34 56 73 84 100 112
7 10 34 56 76 84 97 112
7 10 34 56 81 84 100 104
7 10 34 56 84 88 97 100
7 10 35 56 85 88 108 118
7 10 36 49 66 92 104 112
7 10 36 56 81 84 98 104
7 10 36 56 82 84 97 104
7 10 36 66 68 81 104 112
7 10 37 48 66 84 88 104
7 10 37 50 82 92 108 120
7 10 37 50 82 92 108 121
7 10 37 56 86 88 108 114
7 10 37 66 84 88 104 112
7 10 38 49 82 92 108 120
7 10 38 56 65 72 84 112
7 10 38 56 82 92 105 117
7 10 38 56 82 92 108 113
7 10 38 60 77 82 113 120
7 10 38 82 92 105 117 120
7 10 38 82 92 108 113 120
7 10 40 52 65 88 100 114
7 10 40 52 67 88 100 112
7 10 40 52 70 88 97 112
7 10 40 52 72 81 100 114
7 10 40 52 72 81 102 112
7 10 40 52 76 81 98 112
7 10 40 52 81 88 98 100
7 10 40 52 82 88 97 100
7 10 40 72 84 100 113 114
7 10 41 66 84 88 100 112
7 10 44 48 66 81 84 104
7 10 44 48 81 84 98 104
7 10 44 49 66 72 84 112
7 10 44 56 81 88 98 116
7 10 44 56 85 88 99 118
7 10 44 56 86 88 99 117
7 10 44 56 86 88 101 114
7 10 44 56 86 88 102 113
7 10 44 66 81 84 104 112
7 10 44 66 84 88 97 112
7 10 44 72 81 84 98 112
7 10 44 81 84 98 104 112
7 10 49 50 70 92 108 120
7 10 49 52 66 68 88 104
7 10 49 52 66 76 80 104
7 10 49 52 70 88 104 112
7 10 49 56 66 72 84 100
7 10 49 60 73 86 102 120
7 10 49 60 77 82 102 120
7 10 49 65 92 108 114 120
7 10 49 65 92 108 118 120
7 10 49 66 92 100 104 112
7 10 49 66 92 108 116 120
7 10 50 52 65 68 88 104
7 10 50 56 65 72 84 100
7 10 50 56 69 88 104 116
7 10 50 60 70 89 101 120
7 10 50 60 73 86 101 120
7 10 50 60 82 85 105 108
7 10 50 60 82 89 101 108
7 10 50 60 85 88 102 105
7 10 50 66 92 108 117 120
7 10 50 66 92 108 117 121
7 10 50 67 92 108 117 120
7 10 50 70 92 108 113 120
7 10 50 82 92 101 108 120
7 10 50 82 92 101 108 121
7 10 50 82 92 105 108 117
7 10 50 92 98 108 117 120
7 10 50 92 98 108 117 121
7 10 52 56 65 66 84 104
7 10 52 56 69 88 104 114
7 10 52 56 73 84 104 114
7 10 52 56 76 88 98 113
7 10 52 56 81 84 98 104
7 10 52 56 81 88 98 100
7 10 52 56 81 88 98 108
7 10 52 65 66 88 108 112
7 10 52 65 70 88 104 112
7 10 52 65 84 88 98 104
7 10 52 65 88 100 104 114
7 10 52 66 68 88 104 113
7 10 52 66 69 88 104 112
7 10 52 66 73 84 104 112
7 10 52 66 76 81 104 112
7 10 52 66 84 88 97 104
7 10 52 66 88 97 108 112
7 10 52 66 92 97 104 112
7 10 52 66 92 108 113 120
7 10 52 68 81 88 98 104
7 10 52 68 88 98 104 113
7 10 52 70 88 97 104 112
7 10 52 73 84 98 104 112
7 10 52 76 81 98 104 112
7 10 52 81 88 98 100 104
7 10 52 82 88 97 100 104
7 10 52 82 92 100 105 120
7 10 52 84 88 97 98 104
7 10 52 84 88 97 104 114
7 10 52 84 88 98 104 113
7 10 52 88 97 100 104 114
7 10 52 88 98 100 104 113
7 10 52 88 100 104 113 114
7 10 53 56 67 92 108 114
7 10 53 56 73 86 108 114
7 10 53 56 86 88 99 108
7 10 53 67 92 108 114 120
7 10 53 73 86 108 114 120
7 10 53 82 92 102 105 120
7 10 54 65 92 108 114 120
7 10 54 66 92 108 113 120
7 10 54 76 88 104 114 117
7 10 54 82 92 97 108 120
7 10 56 65 72 84 100 114
7 10 56 65 84 88 98 100
7 10 56 65 84 100 104 114
7 10 56 66 84 88 97 100
7 10 56 69 88 104 114 116
7 10 56 72 81 84 98 100
7 10 56 72 84 97 100 114
7 10 56 72 84 98 100 113
7 10 56 72 84 100 113 114
7 10 56 73 86 108 114 117
7 10 56 76 88 98 113 116
7 10 56 76 88 99 117 118
7 10 56 81 84 98 100 104
7 10 56 81 88 98 108 116
7 10 56 82 84 97 100 104
7 10 56 82 88 101 104 116
7 10 56 82 92 101 104 116
7 10 56 82 92 102 105 117
7 10 56 84 88 97 98 100
7 10 56 84 88 97 100 114
7 10 56 84 88 98 100 113
7 10 56 84 88 98 108 113
7 10 56 85 88 99 108 118
7 10 56 86 88 99 108 117
7 10 56 86 88 101 108 114
7 10 56 88 98 108 113 116
7 10 56 88 99 108 117 118
7 10 56 88 101 104 114 116
7 10 56 92 102 104 114 117
7 10 60 65 92 102 114 120
7 10 60 70 88 104 114 117
7 10 60 73 86 102 113 120
7 10 60 76 82 98 117 120
7 10 60 76 82 98 117 121
7 10 60 77 82 98 117 120
7 10 60 77 82 102 113 120
7 10 60 82 92 97 102 120
7 10 60 82 92 98 101 120
7 10 60 82 92 98 101 121
7 10 60 82 92 98 105 117
7 10 60 86 88 97 108 114
7 10 60 86 88 101 104 114
7 10 60 86 97 108 114 120
7 10 60 86 98 108 113 120
7 10 60 92 97 102 114 120
7 10 60 92 102 104 113 114
7 10 60 92 102 113 114 120
7 10 60 92 105 115 118 120
7 10 60 92 108 113 114 120
7 10 60 92 108 113 118 120
7 10 60 92 108 114 117 120
7 10 60 92 108 115 118 120
7 10 60 92 109 115 118 120
7 10 66 84 88 97 108 112
7 10 66 92 108 113 116 120
7 10 67 92 108 114 117 120
7 10 73 86 108 114 117 120
7 10 82 92 102 105 117 120
7 11 12 17 36 68 114 120
7 11 12 20 68 97 114 120
7 11 12 52 68 81 104 114
7 11 12 52 81 100 104 114
7 11 12 52 84 88 97 98
7 11 12 52 84 100 121 122
7 11 12 52 84 105 114 120
7 11 12 84 100 104 113 114
7 11 14 56 88 101 114 116
7 11 17 52 76 100 114 120
7 11 18 52 84 98 108 120
7 11 18 52 84 98 108 121
7 11 18 52 84 99 108 120
7 11 18 52 84 101 106 120
7 11 18 52 85 98 108 120
7 11 18 52 92 98 101 120
7 11 18 52 92 101 106 112
7 11 19 41 52 76 82 100
7 11 19 44 92 98 100 112
7 11 19 60 92 97 98 100
7 11 19 60 92 97 102 120
7 11 20 56 88 101 102 112
7 11 21 38 68 88 104 112
7 11 21 38 70 88 104 112
7 11 21 38 70 121 122 124
7 11 21 38 73 84 98 120
7 11 21 38 76 82 97 120
7 11 21 38 78 113 122 124
7 11 21 42 84 98 100 120
7 11 21 42 92 97 100 114
7 11 21 44 82 98 100 120
7 11 21 44 92 102 113 122
7 11 21 46 86 97 122 124
7 11 21 50 84 98 108 120
7 11 21 50 92 98 100 104
7 11 21 52 68 88 98 104
7 11 21 52 88 98 100 104
7 11 21 52 88 98 108 112
7 11 21 54 90 102 105 124
7 11 21 56 88 97 110 118
7 11 21 56 88 99 108 118
7 11 21 56 88 102 104 112
7 11 21 58 92 97 98 100
7 11 21 58 92 102 108 114
7 11 21 60 90 102 108 113
7 11 21 62 94 102 105 113
7 11 21 78 102 113 122 124
7 11 21 92 102 108 113 122
7 11 22 38 74 117 121 124
7 11 22 38 77 114 121 124
7 11 22 38 85 106 121 124
7 11 22 44 76 114 116 120
7 11 22 49 69 108 114 120
7 11 22 49 81 102 108 120
7 11 22 52 81 98 108 120
7 11 22 53 89 102 106 124
7 11 22 56 88 98 108 117
7 11 22 56 88 102 108 113
7 11 22 57 90 101 102 124
7 11 22 60 76 81 97 98
7 11 22 60 85 99 108 122
7 11 22 60 92 98 108 113
7 11 22 60 92 101 106 115
7 11 22 60 93 99 108 114
7 11 23 56 88 101 108 114
7 11 24 44 76 113 114 116
7 11 24 44 85 106 113 118
7 11 24 44 86 104 114 117
7 11 24 44 87 104 113 118
7 11 24 49 85 106 108 118
7 11 24 53 78 104 113 118
7 11 24 53 86 105 108 114
7 11 24 54 77 108 113 114
7 11 24 85 106 108 113 118
7 11 25 52 70 100 104 112
7 11 25 52 84 98 100 104
7 11 25 60 92 97 102 114
7 11 26 44 88 102 113 116
7 11 26 52 84 98 108 112
7 11 26 52 84 98 108 113
7 11 28 37 81 108 118 122
7 11 28 38 84 98 104 113
7 11 28 49 72 80 98 100
7 11 28 49 74 84 98 100
7 11 28 49 88 101 106 118
7 11 28 49 88 103 104 118
7 11 28 49 88 103 108 114
7 11 28 50 74 108 113 116
7 11 28 50 84 98 101 120
7 11 28 50 84 101 106 112
7 11 28 50 88 102 104 116
7 11 28 50 88 102 104 117
7 11 28 50 88 102 108 113
7 11 28 52 65 68 104 114
7 11 28 52 76 97 114 120
7 11 28 52 81 98 108 112
7 11 28 52 84 97 106 112
7 11 28 52 84 98 104 112
7 11 28 56 73 102 114 117
7 11 28 56 85 103 104 114
7 11 28 56 88 101 102 114
7 11 28 69 108 113 118 122
7 11 28 84 97 100 104 114
7 11 28 84 97 100 114 120
7 11 28 88 101 106 113 118
7 11 28 88 102 104 114 117
7 11 28 88 103 104 113 118
7 11 28 88 103 108 113 114
7 11 29 56 88 101 102 114
7 11 30 37 81 98 100 120
7 11 30 49 88 101 108 114
7 11 33 36 76 84 114 120
7 11 33 52 85 90 98 108
7 11 33 52 86 89 98 108
7 11 33 54 67 92 100 120
7 11 33 60 86 89 98 100
7 11 34 44 82 85 100 120
7 11 34 44 85 90 100 112
7 11 34 52 70 92 104 113
7 11 34 52 74 85 100 120
7 11 34 52 81 94 100 104
7 11 34 52 83 92 100 104
7 11 34 52 85 90 100 104
7 11 34 52 86 89 100 104
7 11 34 60 66 85 100 120
7 11 34 70 108 113 116 120
7 11 35 52 81 86 108 120
7 11 36 56 69 84 104 114
7 11 36 56 69 86 104 112
7 11 36 56 76 84 97 114
7 11 36 76 84 97 114 120
7 11 37 50 82 92 108 112
7 11 37 52 82 88 100 104
7 11 37 52 82 88 108 112
7 11 37 52 82 92 106 112
7 11 37 56 81 92 106 118
7 11 37 56 82 84 100 104
7 11 37 56 86 88 108 114
7 11 37 60 65 74 84 114
7 11 37 67 108 114 116 120
7 11 37 81 92 106 118 120
7 11 37 81 92 108 118 122
7 11 37 92 106 113 118 120
7 11 37 92 108 113 118 122
7 11 38 49 81 92 108 114
7 11 38 49 82 92 100 104
7 11 38 52 81 82 108 120
7 11 38 56 76 84 98 113
7 11 38 57 66 84 88 100
7 11 38 66 76 84 113 120
7 11 38 76 84 98 113 120
7 11 38 82 84 108 113 120
7 11 40 52 69 88 98 112
7 11 41 52 82 84 100 104
7 11 41 60 78 81 114 116
7 11 41 81 92 102 116 122
7 11 42 52 69 92 97 114
7 11 42 52 76 84 98 113
7 11 42 82 92 101 116 120
7 11 42 82 92 108 113 116
7 11 44 49 82 84 100 104
7 11 44 49 85 88 106 118
7 11 44 50 81 92 98 100
7 11 44 52 73 84 114 120
7 11 44 52 76 88 113 114
7 11 44 52 81 82 100 104
7 11 44 52 81 84 98 120
7 11 44 54 77 88 113 114
7 11 44 56 85 88 99 118
7 11 44 56 86 88 101 114
7 11 44 72 81 84 98 112
7 11 44 74 82 84 100 113
7 11 44 76 84 113 114 120
7 11 44 76 88 113 114 116
7 11 44 81 84 100 104 114
7 11 44 84 88 97 100 114
7 11 44 84 88 100 113 114
7 11 44 85 88 106 113 118
7 11 44 85 106 113 118 120
7 11 45 86 88 108 113 114
7 11 46 69 86 113 122 124
7 11 46 69 92 114 116 120
7 11 46 85 88 104 113 118
7 11 49 50 70 92 100 104
7 11 49 50 70 92 108 112
7 11 49 52 67 92 108 114
7 11 49 54 77 88 108 114
7 11 49 60 67 92 108 114
7 11 49 60 69 90 106 116
7 11 49 60 71 88 104 118
7 11 49 60 73 86 102 120
7 11 49 60 73 86 106 116
7 11 49 60 73 86 108 114
7 11 49 60 86 88 101 106
7 11 49 65 70 92 108 114
7 11 49 65 92 108 118 122
7 11 49 67 92 108 118 120
7 11 49 69 86 98 108 120
7 11 49 69 90 98 108 116
7 11 49 69 92 108 118 122
7 11 49 70 92 97 108 114
7 11 49 85 88 106 108 118
7 11 49 85 106 108 118 120
7 11 49 92 97 108 118 122
7 11 49 92 99 108 118 120
7 11 49 94 97 108 118 120
7 11 50 52 67 84 108 120
7 11 50 52 67 92 108 112
7 11 50 52 69 82 108 120
7 11 50 52 69 88 104 112
7 11 50 52 69 88 108 112
7 11 50 52 69 90 108 112
7 11 50 52 70 81 108 120
7 11 50 52 70 88 108 112
7 11 50 52 70 88 108 113
7 11 50 52 74 84 101 120
7 11 50 52 76 82 101 120
7 11 50 52 81 92 102 105
7 11 50 57 66 76 84 100
7 11 50 60 78 84 97 112
7 11 50 66 76 84 100 121
7 11 50 66 92 108 117 120
7 11 50 70 84 108 113 120
7 11 50 70 92 100 104 113
7 11 50 70 108 113 116 120
7 11 50 74 92 108 113 116
7 11 50 76 85 98 100 120
7 11 50 82 84 101 108 120
7 11 50 92 98 108 117 120
7 11 51 65 92 108 118 120
7 11 51 69 94 110 113 124
7 11 51 81 92 102 108 120
7 11 52 56 66 68 80 96
7 11 52 56 69 82 108 112
7 11 52 56 69 84 104 114
7 11 52 56 69 84 106 112
7 11 52 56 69 88 98 112
7 11 52 56 70 76 98 113
7 11 52 56 70 84 104 112
7 11 52 56 73 84 100 114
7 11 52 56 74 84 100 112
7 11 52 56 76 84 97 114
7 11 52 56 76 84 98 112
7 11 52 56 76 88 101 114
7 11 52 56 78 84 97 112
7 11 52 56 81 84 98 108
7 11 52 65 76 100 114 120
7 11 52 65 84 108 114 120
7 11 52 67 92 108 113 114
7 11 52 69 88 100 104 114
7 11 52 69 90 100 104 112
7 11 52 73 82 84 100 104
7 11 52 73 84 100 104 114
7 11 52 73 84 100 114 120
7 11 52 74 85 98 100 120
7 11 52 76 81 100 104 114
7 11 52 76 84 97 114 120
7 11 52 76 97 100 114 120
7 11 52 76 100 104 113 114
7 11 52 76 100 113 114 120
7 11 52 81 84 98 108 120
7 11 52 81 84 100 106 120
7 11 52 81 88 98 108 112
7 11 52 81 92 98 108 112
7 11 52 82 92 97 102 120
7 11 52 82 92 97 110 112
7 11 52 82 92 98 101 120
7 11 52 82 92 101 106 112
7 11 52 84 88 97 108 114
7 11 52 84 88 97 110 112
7 11 52 84 88 98 108 112
7 11 52 84 88 102 105 112
7 11 52 84 97 108 114 120
7 11 52 84 100 105 114 120
7 11 52 84 108 113 114 120
7 11 52 86 89 97 98 108
7 11 52 92 97 100 104 114
7 11 52 92 97 100 114 120
7 11 52 92 100 104 113 114
7 11 53 54 66 68 88 104
7 11 53 56 73 86 108 114
7 11 53 56 76 86 106 113
7 11 53 56 78 81 104 118
7 11 53 56 81 86 106 108
7 11 53 56 86 88 99 108
7 11 53 58 65 76 82 100
7 11 53 65 92 106 118 120
7 11 53 65 92 110 114 120
7 11 53 69 90 108 114 120
7 11 53 70 92 108 115 122
7 11 53 73 86 108 114 120
7 11 53 76 81 106 118 120
7 11 53 76 86 106 113 120
7 11 53 76 88 106 113 118
7 11 53 78 88 104 113 118
7 11 53 81 86 106 108 120
7 11 53 81 88 106 108 118
7 11 53 81 90 102 108 120
7 11 53 86 88 105 108 114
7 11 53 86 88 106 108 113
7 11 53 86 105 108 114 120
7 11 53 90 97 108 118 120
7 11 53 90 102 108 113 120
7 11 53 94 97 108 114 120
7 11 53 94 110 113 122 124
7 11 54 56 77 88 102 113
7 11 54 57 65 66 84 108
7 11 54 65 92 98 100 120
7 11 54 65 92 108 114 120
7 11 54 66 76 84 97 120
7 11 54 66 92 108 113 120
7 11 54 67 92 108 113 120
7 11 54 69 92 108 113 122
7 11 54 69 92 108 114 121
7 11 54 70 81 97 108 120
7 11 54 70 92 108 113 120
7 11 54 70 92 108 113 122
7 11 54 70 92 108 114 121
7 11 54 76 88 104 114 117
7 11 54 77 88 108 113 114
7 11 54 77 108 113 114 120
7 11 54 81 92 101 106 120
7 11 54 81 92 102 105 120
7 11 54 82 84 97 108 120
7 11 54 90 97 108 116 120
7 11 54 93 97 108 114 120
7 11 55 65 92 108 114 120
7 11 55 76 88 104 113 118
7 11 55 81 92 98 108 120
7 11 56 69 84 100 104 114
7 11 56 73 86 108 114 116
7 11 56 73 86 108 114 117
7 11 56 76 84 97 100 114
7 11 56 76 88 99 117 118
7 11 56 76 88 101 114 116
7 11 56 78 88 101 114 116
7 11 56 81 86 106 108 116
7 11 56 81 92 101 106 118
7 11 56 85 88 99 108 118
7 11 56 85 106 108 113 118
7 11 56 86 88 99 108 116
7 11 56 86 88 101 108 114
7 11 56 88 97 108 114 116
7 11 56 88 101 104 114 116
7 11 56 88 101 108 114 116
7 11 56 88 101 110 114 116
7 11 56 88 108 113 114 116
7 11 56 88 108 115 117 118
7 11 56 92 97 104 114 116
7 11 56 92 97 108 114 116
7 11 56 92 97 110 114 116
7 11 56 92 101 104 115 118
7 11 56 92 101 106 113 118
7 11 56 92 102 104 114 116
7 11 56 92 102 104 114 117
7 11 56 94 101 104 113 118
7 11 57 67 92 108 114 116
7 11 57 81 86 102 108 120
7 11 57 86 102 108 113 120
7 11 58 66 76 84 100 113
7 11 58 66 92 108 113 116
7 11 58 70 81 97 108 116
7 11 58 70 92 108 113 116
7 11 58 70 92 108 114 116
7 11 58 85 88 102 108 113
7 11 58 86 88 97 108 116
7 11 60 65 72 84 98 112
7 11 60 65 84 100 104 114
7 11 60 65 84 100 114 120
7 11 60 65 92 102 114 120
7 11 60 67 92 108 113 114
7 11 60 69 86 106 116 120
7 11 60 69 88 106 113 118
7 11 60 69 90 102 113 120
7 11 60 69 90 106 113 116
7 11 60 69 90 108 113 114
7 11 60 70 81 97 108 114
7 11 60 70 88 104 114 116
7 11 60 70 88 104 114 117
7 11 60 70 92 101 115 122
7 11 60 70 92 105 114 116
7 11 60 70 92 106 114 116
7 11 60 70 92 108 113 114
7 11 60 71 88 104 113 118
7 11 60 71 88 108 113 114
7 11 60 71 108 113 114 120
7 11 60 72 84 97 98 112
7 11 60 73 86 102 113 120
7 11 60 73 86 108 113 114
7 11 60 73 88 102 114 117
7 11 60 74 84 98 100 113
7 11 60 76 82 98 100 113
7 11 60 76 82 98 116 120
7 11 60 76 82 98 116 121
7 11 60 76 82 98 117 120
7 11 60 76 84 97 114 120
7 11 60 76 84 100 113 122
7 11 60 76 84 100 114 120
7 11 60 76 88 97 114 116
7 11 60 77 102 113 114 120
7 11 60 78 81 97 118 120
7 11 60 78 88 97 114 116
7 11 60 78 97 114 116 120
7 11 60 81 84 98 100 120
7 11 60 81 86 99 108 120
7 11 60 81 88 99 108 118
7 11 60 81 88 101 106 118
7 11 60 81 92 97 106 118
7 11 60 82 84 97 102 120
7 11 60 83 97 108 118 120
7 11 60 83 102 108 113 120
7 11 60 84 88 97 98 112
7 11 60 84 88 97 100 114
7 11 60 84 88 98 100 112
7 11 60 85 88 99 104 118
7 11 60 85 88 102 104 115
7 11 60 85 88 102 105 114
7 11 60 85 97 106 118 120
7 11 60 85 97 110 114 120
7 11 60 85 102 105 114 120
7 11 60 85 106 113 118 120
7 11 60 85 110 113 114 120
7 11 60 86 88 97 108 114
7 11 60 86 88 99 108 113
7 11 60 86 88 101 104 114
7 11 60 86 97 108 114 120
7 11 60 86 98 108 113 120
7 11 60 86 99 108 113 120
7 11 60 86 102 105 113 120
7 11 60 87 97 108 114 120
7 11 60 89 101 102 114 120
7 11 60 89 102 108 113 114
7 11 60 90 97 108 114 116
7 11 60 90 98 108 113 116
7 11 60 90 101 104 113 118
7 11 60 92 97 102 114 120
7 11 60 92 97 106 114 116
7 11 60 92 99 113 118 120
7 11 60 92 102 104 113 114
7 11 60 92 102 105 113 114
7 11 60 92 102 113 114 120
7 11 60 92 103 113 114 120
7 11 60 92 105 113 118 122
7 11 60 92 105 115 118 120
7 11 60 92 106 113 114 116
7 11 60 92 106 113 118 120
7 11 60 92 106 114 116 120
7 11 60 92 106 114 116 121
7 11 60 92 106 114 117 120
7 11 60 92 106 117 118 120
7 11 60 92 108 113 114 120
7 11 60 92 108 113 116 122
7 11 60 92 108 113 118 120
7 11 60 92 108 113 118 122
7 11 60 92 108 114 116 120
7 11 60 92 108 115 118 120
7 11 60 92 108 115 118 122
7 11 60 92 109 115 118 120
7 11 60 92 110 113 114 120
7 11 60 92 110 113 118 120
7 11 60 92 110 113 118 122
7 11 60 92 110 114 116 120
7 11 60 92 110 114 117 120
7 11 60 93 97 102 114 120
7 11 60 94 101 104 113 114
7 11 60 94 110 114 116 120
7 11 60 94 110 115 117 120
7 11 61 65 92 102 114 120
7 11 61 81 92 102 104 114
7 11 61 93 110 113 118 122
7 11 62 69 88 104 113 118
7 11 62 69 92 108 113 114
7 11 62 70 92 108 113 114
7 11 62 76 84 100 114 120
7 11 62 85 88 102 104 113
7 11 65 76 84 100 114 120
7 11 65 92 108 114 116 120
7 11 65 92 110 114 116 120
7 11 67 92 108 113 116 122
7 11 67 92 108 113 118 120
7 11 67 92 108 114 116 120
7 11 69 76 82 98 116 120
7 11 69 92 108 113 118 122
7 11 69 92 108 114 116 120
7 11 69 92 110 114 116 120
7 11 70 89 97 108 114 116
7 11 70 92 108 113 116 122
7 11 70 98 108 113 116 120
7 11 73 86 108 114 116 120
7 11 73 86 108 114 117 120
7 11 76 84 97 100 114 120
7 11 81 92 101 106 118 120
7 11 85 88 106 108 113 118
7 11 85 106 108 113 118 120
7 11 92 97 108 114 116 120
7 11 92 97 110 114 116 120
7 11 92 99 108 113 118 120
7 11 92 101 106 113 118 120
7 12 17 18 33 66 100 120
7 12 17 18 40 72 98 116
7 12 17 18 40 72 100 112
7 12 17 24 34 66 104 116
7 12 17 34 48 68 80 104
7 12 17 34 65 66 116 120
7 12 17 34 66 88 104 116
7 12 17 36 50 70 88 104
7 12 17 36 50 74 84 104
7 12 17 38 65 74 116 120
7 12 17 38 65 90 104 116
7 12 17 38 74 97 116 120
7 12 17 40 72 82 100 112
7 12 17 41 70 88 100 114
7 12 17 48 66 80 100 104
7 12 17 48 68 80 98 104
7 12 17 48 80 98 100 104
7 12 17 50 70 88 100 104
7 12 17 52 66 88 100 104
7 12 17 52 68 88 98 104
7 12 17 52 88 98 100 104
7 12 17 52 88 100 104 114
7 12 17 56 88 98 104 116
7 12 17 56 88 100 104 114
7 12 17 56 88 102 104 116
7 12 17 56 90 102 104 116
7 12 17 65 86 100 106 120
7 12 17 70 88 100 104 114
7 12 18 24 34 72 97 116
7 12 18 33 65 98 116 120
7 12 18 34 56 72 81 100
7 12 18 36 68 74 113 120
7 12 18 40 66 72 113 116
7 12 18 40 66 88 97 116
7 12 18 40 66 88 100 113
7 12 18 40 72 81 98 116
7 12 18 40 72 98 113 116
7 12 18 49 66 88 100 104
7 12 18 52 66 88 97 104
7 12 18 52 84 98 105 120
7 12 18 56 88 97 98 116
7 12 18 66 88 97 104 116
7 12 18 66 88 100 104 113
7 12 19 36 68 106 113 120
7 12 19 36 84 97 106 120
7 12 19 52 65 68 106 120
7 12 19 52 68 88 97 106
7 12 19 52 84 97 106 120
7 12 19 52 84 105 106 120
7 12 19 52 88 97 100 106
7 12 19 52 88 98 100 104
7 12 19 56 69 88 98 100
7 12 19 56 88 101 104 118
7 12 19 56 88 101 106 116
7 12 19 56 88 102 104 116
7 12 19 65 84 100 106 120
7 12 19 84 97 100 106 120
7 12 20 24 38 74 97 112
7 12 20 26 33 65 102 120
7 12 20 26 37 73 98 112
7 12 20 26 68 97 98 120
7 12 20 27 68 97 98 120
7 12 20 33 40 66 80 96
7 12 20 33 56 66 88 100
7 12 20 33 56 68 88 98
7 12 20 33 65 90 102 120
7 12 20 35 36 73 82 120
7 12 20 35 56 70 88 97
7 12 20 35 56 73 82 100
7 12 20 35 65 90 100 120
7 12 20 35 68 73 114 120
7 12 20 35 68 90 97 120
7 12 20 35 73 82 100 120
7 12 20 35 73 100 114 120
7 12 20 35 90 97 100 120
7 12 20 36 50 73 74 112
7 12 20 36 50 73 82 104
7 12 20 36 50 74 81 104
7 12 20 36 51 73 74 112
7 12 20 36 51 74 81 104
7 12 20 36 56 67 88 98
7 12 20 36 58 67 88 97
7 12 20 37 50 73 74 112
7 12 20 38 91 100 121 122
7 12 20 39 91 100 121 122
7 12 20 40 65 66 80 96
7 12 20 41 50 70 73 112
7 12 20 41 67 68 114 120
7 12 20 41 67 88 100 114
7 12 20 41 68 82 98 120
7 12 20 41 68 91 98 112
7 12 20 41 73 82 102 112
7 12 20 41 81 82 102 104
7 12 20 41 88 99 100 114
7 12 20 42 49 69 82 104
7 12 20 42 65 82 100 120
7 12 20 42 68 82 97 120
7 12 20 42 68 83 97 120
7 12 20 42 68 90 97 112
7 12 20 42 82 97 100 120
7 12 20 49 68 88 98 104
7 12 20 49 68 90 98 104
7 12 20 49 69 90 98 104
7 12 20 49 73 82 102 104
7 12 20 50 70 88 97 104
7 12 20 50 73 74 100 112
7 12 20 50 73 82 100 104
7 12 20 50 74 81 100 104
7 12 20 50 74 88 97 100
7 12 20 50 74 100 113 120
7 12 20 50 82 100 105 120
7 12 20 51 73 74 100 112
7 12 20 51 74 81 100 104
7 12 20 56 65 88 98 100
7 12 20 56 67 88 97 102
7 12 20 56 67 88 98 100
7 12 20 56 68 88 97 98
7 12 20 56 68 90 97 98
7 12 20 56 68 91 97 98
7 12 20 56 73 82 99 100
7 12 20 56 88 97 98 100
7 12 20 56 88 97 98 112
7 12 20 56 88 97 100 114
7 12 20 56 88 99 100 114
7 12 20 56 88 100 105 114
7 12 20 57 83 100 106 120
7 12 20 57 90 101 102 120
7 12 20 58 67 68 97 120
7 12 20 58 67 88 97 100
7 12 20 58 90 97 100 120
7 12 20 58 90 101 102 120
7 12 20 58 91 101 102 120
7 12 20 59 91 101 102 120
7 12 20 68 74 98 113 120
7 12 20 68 83 97 106 120
7 12 20 68 90 97 98 120
7 12 20 68 91 97 98 120
7 12 21 38 75 116 121 122
7 12 21 43 86 105 116 122
7 12 21 43 89 102 116 122
7 12 21 52 90 100 107 120
7 12 21 52 90 102 107 120
7 12 21 56 88 99 104 118
7 12 21 58 75 101 118 120
7 12 21 58 86 100 107 120
7 12 21 58 86 101 107 120
7 12 21 58 86 102 105 120
7 12 21 58 90 101 102 120
7 12 21 58 90 102 105 116
7 12 21 58 90 103 105 116
7 12 21 58 91 101 102 120
7 12 21 68 88 99 104 114
7 12 22 33 65 106 116 120
7 12 22 33 81 100 106 120
7 12 22 37 84 107 121 122
7 12 22 42 90 101 116 121
7 12 22 43 85 106 116 120
7 12 22 49 65 68 106 120
7 12 22 49 65 88 100 106
7 12 22 49 81 100 106 120
7 12 22 49 88 97 100 106
7 12 22 52 84 105 106 120
7 12 22 52 89 100 107 122
7 12 22 52 89 102 107 120
7 12 22 56 88 97 106 116
7 12 22 56 88 99 104 116
7 12 22 56 88 100 106 113
7 12 22 57 71 106 116 120
7 12 22 57 75 102 116 120
7 12 22 57 85 102 106 120
7 12 22 57 89 102 106 116
7 12 22 57 90 101 102 120
7 12 22 57 90 101 106 116
7 12 22 68 81 97 106 120
7 12 22 81 97 100 106 120
7 12 22 84 100 107 121 122
7 12 22 90 101 106 116 121
7 12 23 43 85 106 116 120
7 12 23 52 84 105 106 120
7 12 23 57 89 102 106 116
7 12 23 84 100 107 121 122
7 12 24 34 66 104 113 116
7 12 24 40 72 113 114 116
7 12 24 40 72 115 117 118
7 12 24 42 86 104 113 116
7 12 24 52 84 105 106 115
7 12 24 72 84 97 98 112
7 12 25 36 68 99 114 120
7 12 25 36 84 99 104 114
7 12 25 37 68 82 106 112
7 12 25 38 68 82 104 112
7 12 25 38 69 82 104 112
7 12 25 39 68 82 104 112
7 12 25 50 84 98 100 104
7 12 25 52 84 99 104 114
7 12 25 52 84 99 106 120
7 12 25 52 84 100 106 120
7 12 25 52 84 102 105 122
7 12 25 52 90 99 100 120
7 12 25 84 99 100 104 114
7 12 26 36 68 98 113 120
7 12 26 36 84 97 98 120
7 12 26 36 84 98 104 113
7 12 26 37 68 81 106 112
7 12 26 38 68 81 104 112
7 12 26 49 70 81 100 104
7 12 26 49 84 99 100 104
7 12 26 52 65 68 98 120
7 12 26 52 65 84 98 104
7 12 26 52 68 81 99 104
7 12 26 52 69 105 114 120
7 12 26 52 84 97 98 104
7 12 26 52 84 97 98 120
7 12 26 52 84 97 104 114
7 12 26 52 84 97 106 120
7 12 26 52 84 98 105 120
7 12 26 52 84 101 106 120
7 12 26 52 84 102 105 120
7 12 26 52 84 102 107 120
7 12 26 52 85 102 107 120
7 12 26 52 88 102 104 113
7 12 26 56 81 102 104 116
7 12 26 56 88 97 102 116
7 12 26 88 102 104 113 116
7 12 27 52 84 102 105 120
7 12 27 52 84 102 105 122
7 12 27 52 84 102 107 120
7 12 27 52 85 102 107 120
7 12 27 53 86 105 106 116
7 12 33 34 48 68 72 80
7 12 33 36 48 66 72 80
7 12 33 48 66 68 88 96
7 12 33 50 74 84 100 120
7 12 33 52 65 90 102 120
7 12 33 52 81 90 102 104
7 12 33 52 82 88 100 104
7 12 33 52 84 88 98 104
7 12 33 56 74 84 100 114
7 12 33 58 67 84 100 120
7 12 33 65 86 106 116 120
7 12 33 74 84 100 114 120
7 12 33 81 86 100 106 120
7 12 34 52 66 89 100 120
7 12 34 52 73 82 100 120
7 12 34 52 82 89 100 104
7 12 34 56 65 82 104 116
7 12 34 56 66 81 104 116
7 12 34 56 66 84 104 113
7 12 34 66 81 100 104 112
7 12 34 66 88 104 113 116
7 12 35 52 68 73 82 120
7 12 35 52 68 82 88 104
7 12 35 52 73 82 100 120
7 12 35 52 81 90 100 104
7 12 35 52 84 88 97 106
7 12 35 56 69 82 88 100
7 12 35 56 70 84 88 97
7 12 35 56 73 82 84 100
7 12 35 56 73 84 100 114
7 12 35 56 81 84 100 106
7 12 35 56 84 90 97 100
7 12 35 73 82 84 100 120
7 12 35 73 84 100 114 120
7 12 35 81 84 100 106 120
7 12 35 84 90 97 100 120
7 12 36 49 68 75 114 120
7 12 36 49 68 82 107 120
7 12 36 49 68 90 99 120
7 12 36 49 75 84 104 114
7 12 36 49 84 90 99 104
7 12 36 50 68 74 113 120
7 12 36 50 68 81 106 120
7 12 36 50 68 89 98 120
7 12 36 50 73 84 98 120
7 12 36 50 74 84 97 120
7 12 36 50 74 84 104 113
7 12 36 50 84 89 98 104
7 12 36 56 65 66 80 96
7 12 36 56 65 82 104 112
7 12 36 56 65 84 104 114
7 12 36 56 67 84 104 114
7 12 36 56 81 84 98 104
7 12 36 56 83 84 97 106
7 12 36 56 83 84 98 104
7 12 36 58 70 81 97 120
7 12 36 68 75 113 114 120
7 12 36 68 81 106 114 120
7 12 36 68 81 107 114 120
7 12 36 68 82 106 113 120
7 12 36 68 83 106 113 120
7 12 36 68 90 99 113 120
7 12 36 68 106 113 114 120
7 12 36 68 107 113 114 120
7 12 36 75 84 104 113 114
7 12 36 83 84 97 106 120
7 12 36 84 90 99 104 113
7 12 37 52 84 90 106 120
7 12 37 52 84 90 106 121
7 12 37 56 68 81 82 106
7 12 37 56 74 81 100 114
7 12 37 56 81 82 100 106
7 12 37 56 82 88 99 100
7 12 37 56 83 88 106 116
7 12 37 83 88 100 104 114
7 12 38 49 65 74 84 120
7 12 38 49 74 81 88 100
7 12 38 49 74 84 97 120
7 12 38 49 81 88 100 106
7 12 38 49 83 88 100 104
7 12 38 49 84 90 97 104
7 12 38 52 84 90 105 120
7 12 38 56 67 81 88 100
7 12 38 56 68 81 82 104
7 12 38 56 73 81 82 100
7 12 38 56 73 81 100 114
7 12 38 56 74 81 84 97
7 12 38 56 81 82 100 104
7 12 38 56 81 90 97 100
7 12 38 74 81 84 97 120
7 12 38 74 81 97 116 120
7 12 38 81 84 97 106 120
7 12 38 81 90 97 100 120
7 12 39 52 89 90 102 120
7 12 39 56 68 81 82 104
7 12 39 57 75 86 116 120
7 12 39 57 89 90 102 116
7 12 39 86 89 105 116 122
7 12 40 49 72 82 100 112
7 12 41 50 66 84 88 100
7 12 41 50 67 84 88 100
7 12 41 50 69 70 88 112
7 12 41 50 84 88 99 100
7 12 41 52 67 68 88 114
7 12 41 52 68 82 88 98
7 12 41 52 81 90 102 120
7 12 41 52 84 90 99 120
7 12 41 52 84 90 102 120
7 12 41 56 83 88 102 116
7 12 41 67 84 88 100 114
7 12 41 67 84 100 114 120
7 12 41 70 81 88 100 114
7 12 41 84 88 99 100 114
7 12 42 49 69 82 88 100
7 12 42 49 70 81 88 100
7 12 42 52 67 81 88 100
7 12 42 52 67 84 88 97
7 12 42 52 68 81 82 104
7 12 42 52 68 82 88 97
7 12 42 52 82 88 97 100
7 12 42 52 83 88 97 100
7 12 42 69 88 100 113 114
7 12 43 52 68 81 82 104
7 12 43 52 85 86 106 120
7 12 43 52 85 90 102 120
7 12 43 52 86 89 102 120
7 12 43 53 75 86 116 120
7 12 43 53 86 90 105 116
7 12 43 85 86 106 116 120
7 12 43 85 90 102 116 120
7 12 43 86 89 102 116 120
7 12 48 68 81 88 98 104
7 12 49 50 69 74 84 104
7 12 49 50 75 84 100 104
7 12 49 52 70 88 97 106
7 12 49 56 82 88 100 104
7 12 49 58 65 70 88 100
7 12 49 58 75 84 100 120
7 12 49 65 86 100 106 120
7 12 49 65 86 106 116 120
7 12 49 67 84 100 106 120
7 12 49 68 88 98 104 112
7 12 49 69 70 88 106 112
7 12 49 69 74 84 104 114
7 12 49 69 82 88 100 106
7 12 49 69 88 100 106 114
7 12 49 70 81 88 100 106
7 12 49 70 81 100 106 120
7 12 49 70 88 100 104 114
7 12 49 74 84 100 114 120
7 12 49 75 84 100 104 114
7 12 49 81 86 100 106 120
7 12 49 86 97 100 106 120
7 12 49 86 97 106 116 120
7 12 50 52 65 68 88 104
7 12 50 52 67 88 100 104
7 12 50 52 73 82 100 120
7 12 50 56 65 74 84 100
7 12 50 56 67 69 88 100
7 12 50 56 69 73 82 100
7 12 50 56 69 82 100 104
7 12 50 56 69 88 98 100
7 12 50 56 69 88 104 116
7 12 50 56 73 84 98 100
7 12 50 56 74 84 100 113
7 12 50 65 66 88 104 116
7 12 50 65 68 88 104 112
7 12 50 65 74 84 100 120
7 12 50 66 73 84 100 120
7 12 50 66 84 100 105 120
7 12 50 66 88 97 104 116
7 12 50 66 88 104 113 116
7 12 50 69 70 88 104 112
7 12 50 69 82 88 100 104
7 12 50 69 88 100 106 113
7 12 50 70 81 88 100 104
7 12 50 70 88 100 104 113
7 12 50 73 84 98 100 120
7 12 50 74 84 97 100 120
7 12 50 74 84 100 113 120
7 12 50 82 84 100 105 120
7 12 50 84 98 100 105 120
7 12 51 52 68 74 81 104
7 12 51 56 85 88 102 104
7 12 51 65 74 84 100 120
7 12 51 65 84 100 106 120
7 12 51 69 70 88 104 112
7 12 51 69 88 100 104 114
7 12 51 70 81 88 100 104
7 12 51 73 84 100 114 120
7 12 51 74 84 97 100 120
7 12 51 81 84 100 106 120
7 12 51 84 89 100 106 120
7 12 52 56 65 66 80 96
7 12 52 56 65 66 84 104
7 12 52 56 67 73 84 98
7 12 52 56 67 84 98 104
7 12 52 56 67 84 104 114
7 12 52 56 69 88 104 114
7 12 52 56 73 82 98 100
7 12 52 56 73 84 104 114
7 12 52 56 81 84 98 104
7 12 52 56 83 84 105 106
7 12 52 56 83 88 101 106
7 12 52 57 69 90 102 120
7 12 52 57 71 90 102 120
7 12 52 57 75 84 100 122
7 12 52 57 84 90 99 104
7 12 52 58 67 68 88 97
7 12 52 58 69 90 102 120
7 12 52 58 73 86 102 120
7 12 52 58 75 84 100 120
7 12 52 58 75 84 102 120
7 12 52 65 68 88 104 114
7 12 52 65 84 88 98 104
7 12 52 65 88 100 104 114
7 12 52 67 68 88 104 114
7 12 52 67 84 88 97 106
7 12 52 67 84 88 98 104
7 12 52 67 84 97 106 120
7 12 52 67 88 100 104 114
7 12 52 68 73 82 98 120
7 12 52 68 81 88 98 104
7 12 52 68 82 98 105 120
7 12 52 68 83 97 106 120
7 12 52 68 83 106 113 120
7 12 52 68 88 97 104 114
7 12 52 68 88 99 104 114
7 12 52 68 88 104 113 114
7 12 52 68 90 99 104 113
7 12 52 68 90 106 113 120
7 12 52 70 81 97 106 120
7 12 52 73 82 98 100 120
7 12 52 75 84 100 121 122
7 12 52 81 88 98 100 104
7 12 52 81 90 99 100 120
7 12 52 82 84 98 105 120
7 12 52 83 84 105 106 120
7 12 52 83 97 100 106 120
7 12 52 83 100 106 113 120
7 12 52 84 88 97 98 104
7 12 52 84 88 97 104 114
7 12 52 84 88 99 104 114
7 12 52 84 88 105 106 115
7 12 52 84 89 100 106 120
7 12 52 84 90 97 106 120
7 12 52 84 90 99 104 113
7 12 52 84 90 102 105 120
7 12 52 84 90 102 107 120
7 12 52 84 100 107 121 122
7 12 52 84 105 106 115 120
7 12 52 85 90 102 107 120
7 12 52 85 91 102 107 120
7 12 52 86 100 107 121 122
7 12 52 87 100 107 121 122
7 12 52 88 97 100 104 114
7 12 52 88 99 100 104 114
7 12 52 88 100 104 113 114
7 12 52 90 99 100 104 113
7 12 52 90 99 100 113 120
7 12 52 90 100 106 113 120
7 12 53 54 75 89 106 116
7 12 53 58 71 89 106 116
7 12 53 69 90 106 116 120
7 12 53 69 90 106 118 120
7 12 53 70 90 106 116 121
7 12 53 84 90 102 105 120
7 12 53 84 90 102 107 120
7 12 53 86 90 105 106 116
7 12 53 86 100 107 121 122
7 12 53 86 107 116 121 122
7 12 53 90 101 106 116 120
7 12 53 90 102 105 116 120
7 12 53 91 101 106 118 120
7 12 53 91 102 105 116 122
7 12 54 67 68 88 104 113
7 12 54 68 74 81 97 120
7 12 54 68 81 97 106 120
7 12 54 68 88 99 104 113
7 12 54 69 90 106 116 120
7 12 54 69 90 106 116 121
7 12 54 70 89 105 116 122
7 12 54 71 89 105 116 122
7 12 54 74 88 104 113 116
7 12 54 75 84 100 121 122
7 12 54 81 84 97 106 120
7 12 54 84 90 100 105 120
7 12 54 84 90 102 105 120
7 12 54 85 90 105 106 116
7 12 54 86 89 101 107 120
7 12 54 86 89 105 106 116
7 12 54 86 105 106 116 120
7 12 54 89 102 105 116 122
7 12 54 90 101 106 116 121
7 12 54 90 102 105 116 120
7 12 54 91 101 106 116 120
7 12 54 91 102 105 116 120
7 12 55 69 90 106 116 120
7 12 55 69 90 106 116 121
7 12 55 75 84 100 121 122
7 12 55 84 89 100 106 120
7 12 55 84 90 102 105 120
7 12 55 91 101 106 116 120
7 12 56 65 74 84 100 114
7 12 56 65 88 104 114 116
7 12 56 67 88 104 117 118
7 12 56 69 82 88 98 100
7 12 56 69 82 88 99 100
7 12 56 69 88 99 100 114
7 12 56 69 88 104 114 116
7 12 56 73 84 99 100 114
7 12 56 73 88 102 115 116
7 12 56 74 84 97 100 114
7 12 56 74 84 100 113 114
7 12 56 81 88 98 104 116
7 12 56 81 88 100 104 114
7 12 56 81 88 102 104 116
7 12 56 83 88 101 104 118
7 12 56 83 88 101 106 116
7 12 56 84 88 101 106 115
7 12 56 84 89 100 106 115
7 12 56 85 88 102 104 115
7 12 56 86 88 97 106 116
7 12 56 86 88 99 104 116
7 12 56 88 97 104 114 116
7 12 56 88 99 104 117 118
7 12 56 88 100 104 113 114
7 12 56 88 101 104 114 116
7 12 56 88 101 104 115 118
7 12 56 88 101 106 115 116
7 12 56 88 102 104 115 116
7 12 56 88 104 113 114 116
7 12 56 88 104 115 117 118
7 12 56 90 102 104 113 116
7 12 57 69 90 102 116 120
7 12 57 71 90 102 116 120
7 12 57 74 84 100 114 120
7 12 57 75 84 100 114 120
7 12 57 75 86 102 116 120
7 12 57 84 90 101 102 120
7 12 57 85 90 102 106 116
7 12 57 86 89 102 106 116
7 12 57 90 101 102 116 120
7 12 58 67 84 88 97 100
7 12 58 67 84 97 100 120
7 12 58 67 84 100 104 113
7 12 58 67 84 100 113 120
7 12 58 69 90 102 116 120
7 12 58 70 81 88 97 100
7 12 58 70 81 97 100 120
7 12 58 70 81 97 104 116
7 12 58 70 81 97 116 120
7 12 58 70 88 104 113 116
7 12 58 73 84 102 113 120
7 12 58 74 84 100 113 120
7 12 58 81 84 100 106 120
7 12 58 81 88 102 104 116
7 12 58 84 88 99 100 113
7 12 58 84 90 101 102 120
7 12 58 84 91 101 102 120
7 12 58 85 86 101 107 120
7 12 58 85 90 102 105 116
7 12 58 91 101 102 116 120
7 12 59 69 90 102 116 120
7 12 59 70 84 100 121 122
7 12 59 71 84 100 121 122
7 12 59 84 90 101 102 120
7 12 59 84 91 101 102 120
7 12 59 85 90 101 102 120
7 12 59 85 90 102 105 116
7 12 59 91 101 102 116 120
7 12 65 74 84 100 114 120
7 12 68 81 88 98 104 112
7 12 69 74 84 104 113 114
7 12 69 82 88 100 106 113
7 12 69 88 100 106 113 114
7 12 70 81 88 100 104 114
7 12 70 88 100 104 113 114
7 12 74 84 97 100 114 120
7 12 74 84 100 113 114 120
7 12 75 84 100 104 113 114
7 12 84 89 100 106 115 120
7 13 14 50 67 97 116 120
7 13 14 50 82 97 116 120
7 13 14 51 83 108 116 120
7 13 14 51 85 106 116 120
7 13 14 52 84 106 115 120
7 13 14 52 85 106 115 120
7 13 14 85 106 115 116 120
7 13 17 18 36 80 98 104
7 13 17 18 80 98 100 104
7 13 17 38 90 98 116 120
7 13 17 48 82 98 100 104
7 13 17 50 66 80 100 104
7 13 17 50 78 98 116 120
7 13 17 50 82 101 106 124
7 13 17 50 86 97 106 124
7 13 17 50 86 101 106 120
7 13 17 50 92 102 106 112
7 13 17 52 88 102 106 112
7 13 18 38 74 113 116 120
7 13 18 38 92 98 113 120
7 13 18 48 80 98 100 104
7 13 18 52 70 106 113 120
7 13 18 52 84 99 106 120
7 13 18 52 88 102 106 112
7 13 18 52 88 102 106 113
7 13 18 56 88 98 100 112
7 13 19 38 74 97 116 120
7 13 19 50 92 98 100 104
7 13 19 52 88 98 100 104
7 13 19 52 88 100 106 112
7 13 19 56 88 102 104 116
7 13 19 60 92 97 102 122
7 13 19 60 92 102 106 113
7 13 19 60 92 102 106 114
7 13 20 50 81 100 106 120
7 13 20 56 88 98 100 112
7 13 20 56 88 99 102 112
7 13 20 56 90 99 100 112
7 13 21 42 82 97 102 120
7 13 21 42 82 98 100 120
7 13 21 42 90 97 98 116
7 13 21 44 90 102 115 120
7 13 21 50 74 102 113 120
7 13 21 50 82 98 108 120
7 13 21 50 88 98 100 104
7 13 21 58 86 99 108 120
7 13 21 58 86 102 105 120
7 13 21 58 90 97 102 124
7 13 21 58 90 101 102 120
7 13 21 58 90 102 105 116
7 13 21 58 92 99 102 120
7 13 22 34 66 108 113 120
7 13 22 34 74 97 116 120
7 13 22 34 74 100 113 120
7 13 22 41 69 82 98 120
7 13 22 42 65 66 116 120
7 13 22 42 66 88 100 113
7 13 22 42 74 113 116 120
7 13 22 42 76 114 116 120
7 13 22 42 76 115 116 120
7 13 22 42 81 97 98 124
7 13 22 42 82 108 113 120
7 13 22 42 88 98 100 113
7 13 22 43 83 108 116 120
7 13 22 44 75 115 116 120
7 13 22 44 84 99 121 122
7 13 22 44 84 106 113 120
7 13 22 44 84 106 115 120
7 13 22 44 84 107 115 120
7 13 22 44 89 106 115 116
7 13 22 44 92 99 113 122
7 13 22 49 82 97 106 124
7 13 22 49 82 101 106 120
7 13 22 50 74 97 116 120
7 13 22 50 81 98 108 120
7 13 22 50 82 97 108 120
7 13 22 50 88 97 106 116
7 13 22 50 88 97 110 112
7 13 22 50 89 98 100 104
7 13 22 50 90 97 108 112
7 13 22 51 78 108 113 120
7 13 22 51 85 106 108 120
7 13 22 56 68 88 97 98
7 13 22 56 76 106 115 116
7 13 22 56 88 99 104 116
7 13 22 56 88 100 106 113
7 13 22 57 65 74 98 116
7 13 22 57 71 106 116 120
7 13 22 57 75 102 116 120
7 13 22 57 85 102 106 120
7 13 22 57 89 102 106 116
7 13 22 57 90 99 108 116
7 13 22 57 90 101 102 120
7 13 22 57 90 101 106 116
7 13 22 57 92 99 100 122
7 13 22 58 92 99 108 113
7 13 22 68 88 99 104 112
7 13 22 74 97 98 116 120
7 13 22 74 98 100 113 120
7 13 22 76 106 115 116 120
7 13 22 82 97 106 116 120
7 13 22 82 98 108 113 120
7 13 22 89 102 108 113 122
7 13 22 92 99 108 113 122
7 13 23 52 92 99 106 120
7 13 24 42 83 104 117 118
7 13 24 42 86 104 113 116
7 13 24 42 86 104 114 116
7 13 24 44 86 104 113 114
7 13 24 50 81 102 104 112
7 13 24 52 76 106 113 114
7 13 26 35 69 98 116 120
7 13 26 37 86 97 98 120
7 13 26 42 76 113 114 116
7 13 26 50 73 102 116 120
7 13 26 50 74 108 113 116
7 13 26 50 84 98 108 112
7 13 26 50 84 98 108 113
7 13 26 51 66 84 100 104
7 13 26 52 81 98 100 104
7 13 26 52 84 97 98 120
7 13 26 52 84 97 106 112
7 13 26 52 84 99 104 112
7 13 26 52 88 102 104 113
7 13 26 56 73 102 114 116
7 13 26 56 74 102 113 116
7 13 26 56 81 98 108 116
7 13 26 56 81 102 104 116
7 13 26 56 88 97 98 116
7 13 26 56 88 97 102 116
7 13 26 88 99 104 117 118
7 13 26 88 102 104 113 116
7 13 26 88 102 104 114 116
7 13 27 36 84 98 104 112
7 13 27 52 92 99 102 120
7 13 28 34 82 100 104 112
7 13 28 38 84 106 115 120
7 13 28 38 90 101 115 120
7 13 28 49 83 102 108 122
7 13 28 50 67 98 100 120
7 13 28 50 67 100 104 112
7 13 28 50 67 108 116 120
7 13 28 50 74 102 113 120
7 13 28 50 81 100 106 112
7 13 28 50 82 98 100 104
7 13 28 50 82 98 101 120
7 13 28 50 88 102 104 112
7 13 28 51 71 106 116 120
7 13 28 51 78 102 113 120
7 13 28 51 85 102 106 120
7 13 28 51 86 101 106 120
7 13 28 51 86 105 106 116
7 13 28 51 86 106 108 113
7 13 28 52 71 106 115 120
7 13 28 52 76 106 113 114
7 13 28 52 86 105 106 115
7 13 28 54 75 106 113 116
7 13 28 54 90 100 105 115
7 13 28 54 90 101 106 113
7 13 28 58 71 100 115 120
7 13 28 58 71 106 113 116
7 13 28 71 106 115 116 120
7 13 28 82 98 100 104 112
7 13 28 83 102 108 113 122
7 13 28 84 100 106 115 120
7 13 28 85 102 106 115 120
7 13 28 86 101 106 115 120
7 13 28 86 105 106 115 116
7 13 28 88 102 104 113 114
7 13 30 33 67 98 116 120
7 13 30 50 81 98 100 104
7 13 30 81 98 100 104 112
7 13 33 38 74 82 116 120
7 13 33 38 85 90 98 120
7 13 33 48 82 84 98 104
7 13 33 50 82 92 100 104
7 13 33 50 84 88 98 104
7 13 33 50 85 90 98 108
7 13 33 54 65 90 98 124
7 13 33 54 81 90 98 108
7 13 33 56 82 84 98 104
7 13 33 58 70 82 104 116
7 13 33 60 82 84 98 104
7 13 33 67 110 114 116 120
7 13 34 52 70 90 104 113
7 13 34 52 74 82 100 121
7 13 34 52 74 83 100 120
7 13 34 52 83 90 100 104
7 13 34 52 86 90 97 104
7 13 34 60 70 82 97 120
7 13 34 60 74 82 100 113
7 13 35 50 78 81 116 120
7 13 35 67 108 114 116 120
7 13 35 69 74 82 116 120
7 13 36 42 83 84 104 112
7 13 36 49 84 90 98 104
7 13 36 50 67 92 104 112
7 13 36 56 67 86 104 112
7 13 36 56 81 86 98 104
7 13 36 58 68 83 104 112
7 13 36 58 81 84 98 104
7 13 36 68 106 113 114 120
7 13 36 84 106 113 114 120
7 13 37 42 81 86 98 120
7 13 37 50 67 74 116 120
7 13 37 50 74 86 97 120
7 13 37 50 76 82 88 98
7 13 37 58 65 74 82 116
7 13 37 58 78 84 115 120
7 13 38 49 68 82 88 104
7 13 38 49 70 82 88 104
7 13 38 49 74 82 97 124
7 13 38 49 74 86 97 120
7 13 38 49 85 90 98 104
7 13 38 50 67 92 97 120
7 13 38 50 70 81 88 104
7 13 38 50 70 88 104 113
7 13 38 50 74 84 113 120
7 13 38 50 81 90 105 116
7 13 38 50 85 90 97 104
7 13 38 56 70 81 82 104
7 13 38 56 76 81 82 98
7 13 38 56 76 82 98 113
7 13 38 56 81 82 100 104
7 13 38 56 81 84 106 112
7 13 38 58 81 92 97 98
7 13 38 65 74 82 116 120
7 13 38 70 82 88 104 113
7 13 38 74 81 98 116 120
7 13 38 74 82 97 116 120
7 13 38 74 82 113 116 120
7 13 38 76 82 98 113 120
7 13 38 83 88 100 104 112
7 13 38 83 108 116 121 122
7 13 38 86 105 113 122 124
7 13 39 52 89 90 102 120
7 13 39 83 90 108 116 120
7 13 39 85 90 106 116 120
7 13 41 50 69 90 98 116
7 13 42 50 69 82 116 120
7 13 42 50 69 90 97 116
7 13 42 50 81 92 98 100
7 13 42 50 82 92 108 113
7 13 42 50 84 89 98 100
7 13 42 52 82 89 98 100
7 13 42 56 81 82 108 116
7 13 42 56 86 88 101 114
7 13 42 56 86 88 102 113
7 13 42 90 101 113 118 120
7 13 43 52 86 89 102 120
7 13 43 76 86 115 116 120
7 13 43 78 86 113 116 120
7 13 43 85 86 106 116 120
7 13 43 85 90 102 116 120
7 13 43 86 90 108 113 116
7 13 44 49 70 82 88 98
7 13 44 50 67 82 116 120
7 13 44 50 70 81 88 98
7 13 44 50 82 89 98 100
7 13 44 51 78 84 113 122
7 13 44 54 75 84 115 120
7 13 44 70 82 88 98 113
7 13 44 84 88 106 113 114
7 13 44 84 90 102 115 120
7 13 44 90 102 115 116 120
7 13 46 49 83 90 108 116
7 13 46 49 83 92 102 120
7 13 46 52 83 86 105 120
7 13 46 52 83 90 108 113
7 13 46 52 83 92 99 120
7 13 46 67 92 114 116 120
7 13 46 69 90 114 116 120
7 13 46 69 90 115 116 120
7 13 46 71 90 113 116 120
7 13 46 78 83 113 116 120
7 13 46 83 90 101 116 120
7 13 46 83 90 108 113 116
7 13 46 83 92 99 116 120
7 13 46 83 108 113 116 122
7 13 46 84 90 100 115 120
7 13 46 84 90 101 115 120
7 13 46 86 90 101 113 120
7 13 48 65 82 84 98 104
7 13 49 50 67 90 108 116
7 13 49 50 69 82 106 124
7 13 49 50 70 81 106 124
7 13 49 50 70 89 106 116
7 13 49 50 74 86 108 120
7 13 49 50 81 92 102 106
7 13 49 54 81 90 98 108
7 13 49 56 70 76 82 98
7 13 49 58 83 92 102 108
7 13 49 58 86 89 102 108
7 13 49 67 86 106 116 120
7 13 49 67 90 108 114 116
7 13 49 69 90 106 118 124
7 13 49 70 90 97 98 124
7 13 49 81 82 102 106 124
7 13 49 81 110 118 122 124
7 13 49 83 92 102 108 122
7 13 49 86 89 102 108 122
7 13 49 86 90 97 98 108
7 13 49 86 102 105 122 124
7 13 49 94 97 102 122 124
7 13 50 52 65 66 80 104
7 13 50 52 65 66 88 104
7 13 50 52 67 82 108 120
7 13 50 52 67 88 100 104
7 13 50 52 67 88 108 112
7 13 50 52 67 92 98 104
7 13 50 52 69 88 98 104
7 13 50 52 69 88 106 112
7 13 50 52 70 82 105 120
7 13 50 52 70 89 98 104
7 13 50 52 74 82 100 120
7 13 50 52 74 82 100 121
7 13 50 52 74 82 101 120
7 13 50 52 74 84 97 120
7 13 50 52 76 82 98 120
7 13 50 52 76 82 98 121
7 13 50 52 78 82 97 120
7 13 50 52 82 88 97 110
7 13 50 52 82 88 99 108
7 13 50 52 82 88 101 106
7 13 50 52 84 88 97 106
7 13 50 56 67 88 104 116
7 13 50 56 70 81 100 104
7 13 50 56 70 88 104 116
7 13 50 56 70 89 98 100
7 13 50 56 73 82 100 112
7 13 50 56 73 82 104 116
7 13 50 56 73 86 106 116
7 13 50 56 73 88 102 116
7 13 50 56 74 84 100 112
7 13 50 56 74 86 108 113
7 13 50 56 74 88 97 116
7 13 50 56 75 84 100 112
7 13 50 56 76 82 104 116
7 13 50 56 81 84 100 106
7 13 50 60 68 72 80 96
7 13 50 60 69 73 82 98
7 13 50 60 70 74 81 97
7 13 50 60 70 90 108 113
7 13 50 65 66 88 104 116
7 13 50 65 82 100 104 112
7 13 50 65 82 108 116 120
7 13 50 65 82 110 116 120
7 13 50 65 86 106 116 120
7 13 50 66 92 100 104 112
7 13 50 66 92 108 116 120
7 13 50 67 76 98 116 120
7 13 50 67 82 108 116 120
7 13 50 67 92 98 100 120
7 13 50 67 92 100 104 112
7 13 50 67 92 108 116 120
7 13 50 69 73 82 98 124
7 13 50 69 74 98 116 120
7 13 50 69 82 106 116 120
7 13 50 70 74 81 97 124
7 13 50 70 82 105 116 120
7 13 50 70 88 98 108 113
7 13 50 70 89 97 106 116
7 13 50 70 89 98 100 120
7 13 50 73 84 98 104 112
7 13 50 73 86 106 116 120
7 13 50 74 84 98 100 121
7 13 50 74 85 98 100 120
7 13 50 74 86 108 113 120
7 13 50 76 82 84 98 104
7 13 50 76 82 98 100 121
7 13 50 76 82 98 116 120
7 13 50 76 82 98 116 121
7 13 50 76 82 99 116 120
7 13 50 78 82 97 116 120
7 13 50 81 84 100 106 120
7 13 50 81 86 97 106 124
7 13 50 81 86 101 106 120
7 13 50 81 88 102 104 112
7 13 50 81 92 102 106 112
7 13 50 81 94 98 100 104
7 13 50 82 84 97 110 120
7 13 50 82 84 99 108 120
7 13 50 82 84 101 106 120
7 13 50 82 84 102 105 120
7 13 50 82 88 100 104 112
7 13 50 82 92 97 106 116
7 13 50 82 92 98 101 120
7 13 50 82 97 110 116 120
7 13 50 82 98 108 116 120
7 13 50 82 98 108 116 121
7 13 50 82 99 108 116 120
7 13 50 82 101 106 116 120
7 13 50 83 92 98 100 104
7 13 50 84 88 97 110 112
7 13 50 84 88 98 108 112
7 13 50 84 90 97 108 112
7 13 50 85 90 98 100 104
7 13 50 86 97 106 116 120
7 13 50 90 98 108 113 116
7 13 50 92 98 100 104 112
7 13 50 92 98 108 116 120
7 13 51 52 71 90 108 120
7 13 51 52 78 83 108 120
7 13 51 52 78 85 106 120
7 13 51 52 78 89 102 120
7 13 51 52 78 90 108 113
7 13 51 52 86 92 105 106
7 13 51 69 90 108 118 120
7 13 51 69 90 110 116 120
7 13 51 70 84 108 121 122
7 13 51 70 89 108 116 122
7 13 51 70 92 108 113 122
7 13 51 71 90 108 116 120
7 13 51 74 88 104 117 118
7 13 51 78 81 108 116 122
7 13 51 78 83 108 116 120
7 13 51 78 84 108 113 122
7 13 51 78 85 106 116 120
7 13 51 78 86 108 113 120
7 13 51 81 92 102 108 122
7 13 51 84 89 102 108 122
7 13 51 86 90 101 108 120
7 13 51 86 92 105 106 116
7 13 51 86 92 106 108 113
7 13 51 89 102 108 116 122
7 13 52 56 65 76 82 98
7 13 52 56 67 76 82 98
7 13 52 56 67 82 110 112
7 13 52 56 67 84 106 112
7 13 52 56 69 82 98 104
7 13 52 56 76 82 98 112
7 13 52 56 76 86 106 113
7 13 52 56 76 86 106 115
7 13 52 56 78 81 98 112
7 13 52 56 78 82 98 112
7 13 52 58 65 66 80 96
7 13 52 58 76 86 99 120
7 13 52 58 76 86 106 113
7 13 52 58 83 92 102 105
7 13 52 67 76 82 98 120
7 13 52 68 88 106 113 114
7 13 52 74 82 98 100 121
7 13 52 76 86 106 113 120
7 13 52 76 86 106 115 120
7 13 52 76 88 106 113 114
7 13 52 76 106 113 114 120
7 13 52 81 82 100 106 120
7 13 52 81 90 98 100 104
7 13 52 82 84 97 106 120
7 13 52 82 88 100 106 112
7 13 52 83 92 102 105 122
7 13 52 84 88 98 104 112
7 13 52 84 97 106 114 120
7 13 52 84 106 113 114 120
7 13 52 88 100 106 113 114
7 13 52 90 100 104 113 114
7 13 52 92 100 106 115 120
7 13 52 92 102 105 115 122
7 13 52 94 100 106 115 120
7 13 53 58 65 70 82 104
7 13 53 58 65 76 82 98
7 13 53 67 90 106 116 120
7 13 53 69 90 106 118 120
7 13 53 71 90 106 116 120
7 13 53 81 90 102 106 124
7 13 53 85 90 102 106 120
7 13 53 86 90 105 106 116
7 13 53 94 110 113 122 124
7 13 54 58 65 66 84 104
7 13 54 65 82 106 116 120
7 13 54 65 90 100 104 112
7 13 54 65 90 110 116 120
7 13 54 65 92 106 116 120
7 13 54 66 68 88 104 112
7 13 54 67 68 88 104 112
7 13 54 67 92 106 116 120
7 13 54 67 92 108 113 122
7 13 54 68 82 88 97 104
7 13 54 68 88 98 104 112
7 13 54 68 88 104 113 114
7 13 54 69 74 82 97 120
7 13 54 69 90 106 113 124
7 13 54 69 90 106 116 120
7 13 54 69 90 106 116 121
7 13 54 69 90 108 114 120
7 13 54 70 74 81 97 120
7 13 54 70 81 105 122 124
7 13 54 70 89 105 116 122
7 13 54 70 89 106 113 124
7 13 54 70 89 108 113 122
7 13 54 74 88 104 113 116
7 13 54 74 88 104 114 116
7 13 54 75 84 100 121 122
7 13 54 75 108 113 116 122
7 13 54 76 88 104 113 114
7 13 54 78 81 97 122 124
7 13 54 78 105 113 116 122
7 13 54 81 90 102 108 120
7 13 54 81 92 102 105 122
7 13 54 83 105 108 116 122
7 13 54 85 90 105 106 116
7 13 54 86 105 108 113 122
7 13 54 86 105 113 122 124
7 13 54 86 107 108 113 120
7 13 54 89 97 102 122 124
7 13 54 89 102 105 116 122
7 13 54 89 102 108 113 122
7 13 54 90 97 108 116 120
7 13 54 90 97 110 116 120
7 13 54 90 98 108 116 120
7 13 54 90 99 108 116 120
7 13 54 90 101 106 113 124
7 13 54 90 101 106 116 120
7 13 54 90 101 106 116 121
7 13 54 90 108 114 116 120
7 13 54 90 108 115 116 120
7 13 54 90 110 113 116 120
7 13 54 91 101 106 116 120
7 13 54 91 102 105 116 120
7 13 54 92 99 106 116 120
7 13 54 92 99 108 113 122
7 13 54 92 100 106 114 120
7 13 54 92 100 106 115 120
7 13 54 92 102 105 113 122
7 13 54 94 97 106 116 120
7 13 54 94 100 106 113 120
7 13 55 69 90 106 116 120
7 13 55 84 90 102 105 120
7 13 56 70 76 82 98 113
7 13 56 72 82 97 102 112
7 13 56 72 82 98 100 112
7 13 56 73 88 102 114 116
7 13 56 74 86 108 113 114
7 13 56 74 88 97 114 116
7 13 56 74 88 101 114 116
7 13 56 76 88 99 114 116
7 13 56 78 88 97 114 116
7 13 56 82 88 97 102 112
7 13 56 82 88 98 100 112
7 13 56 86 88 97 106 116
7 13 56 86 88 99 104 116
7 13 56 86 88 101 104 114
7 13 56 88 97 110 114 116
7 13 56 88 99 108 114 116
7 13 56 88 101 106 114 116
7 13 56 88 102 104 114 116
7 13 56 88 102 104 114 117
7 13 56 88 102 104 115 116
7 13 56 88 102 105 114 116
7 13 56 90 97 108 114 116
7 13 56 90 102 104 113 116
7 13 56 92 97 106 114 116
7 13 56 92 102 104 113 114
7 13 57 65 86 102 122 124
7 13 57 67 86 102 122 124
7 13 57 67 90 102 116 120
7 13 57 67 90 108 114 116
7 13 57 71 90 102 116 120
7 13 57 76 86 106 115 116
7 13 57 81 86 102 108 122
7 13 57 83 84 102 108 122
7 13 57 85 90 102 106 116
7 13 57 86 90 102 108 113
7 13 57 86 92 99 106 116
7 13 58 65 70 82 104 116
7 13 58 65 70 98 116 120
7 13 58 65 76 82 98 116
7 13 58 67 88 104 117 118
7 13 58 69 90 102 116 120
7 13 58 70 81 98 104 116
7 13 58 70 82 97 104 116
7 13 58 70 82 97 116 120
7 13 58 70 88 104 113 116
7 13 58 70 90 108 113 116
7 13 58 70 92 105 114 116
7 13 58 71 90 108 113 116
7 13 58 71 92 102 113 120
7 13 58 74 81 97 118 124
7 13 58 74 81 101 118 120
7 13 58 74 85 102 113 120
7 13 58 74 88 101 113 118
7 13 58 76 82 97 98 116
7 13 58 76 82 97 116 120
7 13 58 76 82 98 113 116
7 13 58 76 82 98 116 120
7 13 58 76 82 98 116 121
7 13 58 76 84 100 114 120
7 13 58 76 84 100 114 121
7 13 58 76 84 100 115 120
7 13 58 76 84 102 115 120
7 13 58 76 86 99 116 120
7 13 58 76 86 101 115 120
7 13 58 76 86 106 113 116
7 13 58 76 88 97 114 116
7 13 58 78 83 101 116 120
7 13 58 78 84 100 115 120
7 13 58 78 84 101 115 120
7 13 58 78 85 102 113 120
7 13 58 78 101 115 116 120
7 13 58 78 102 113 116 120
7 13 58 81 82 98 108 116
7 13 58 81 84 98 100 104
7 13 58 81 86 101 106 124
7 13 58 81 88 102 104 116
7 13 58 82 84 97 100 120
7 13 58 82 84 100 104 112
7 13 58 82 88 97 104 116
7 13 58 83 86 101 108 120
7 13 58 83 92 102 105 116
7 13 58 83 92 102 108 113
7 13 58 83 101 110 116 120
7 13 58 85 90 101 102 120
7 13 58 85 90 102 105 116
7 13 58 85 90 102 108 113
7 13 58 85 102 106 113 124
7 13 58 86 89 102 108 113
7 13 58 86 90 101 108 113
7 13 58 90 98 108 113 116
7 13 58 90 101 102 116 120
7 13 58 90 102 108 113 116
7 13 58 90 102 117 121 124
7 13 58 90 105 117 118 124
7 13 58 90 108 113 116 120
7 13 58 91 101 102 116 120
7 13 58 92 97 110 114 116
7 13 58 92 102 105 114 116
7 13 58 92 102 105 115 116
7 13 58 92 102 106 113 116
7 13 58 92 110 114 116 120
7 13 58 92 110 115 117 120
7 13 59 69 90 102 116 120
7 13 59 70 84 100 121 122
7 13 60 65 82 84 98 104
7 13 60 67 86 106 116 120
7 13 60 67 90 106 113 116
7 13 60 68 72 82 98 112
7 13 60 68 82 98 104 112
7 13 60 69 90 102 114 120
7 13 60 69 90 102 115 120
7 13 60 70 74 81 97 114
7 13 60 70 82 97 98 120
7 13 60 70 82 98 113 120
7 13 60 70 84 105 115 122
7 13 60 70 90 105 114 116
7 13 60 70 90 106 113 116
7 13 60 70 90 108 113 114
7 13 60 74 82 98 100 113
7 13 60 74 82 98 116 120
7 13 60 74 82 98 116 121
7 13 60 74 84 100 114 120
7 13 60 74 88 97 114 116
7 13 60 76 82 98 116 120
7 13 60 76 83 102 113 122
7 13 60 78 83 99 116 120
7 13 60 78 97 114 116 120
7 13 60 81 86 99 108 122
7 13 60 81 88 102 104 114
7 13 60 81 90 102 108 114
7 13 60 81 92 102 106 114
7 13 60 82 84 98 104 112
7 13 60 82 92 102 106 113
7 13 60 83 84 102 105 122
7 13 60 83 92 102 106 113
7 13 60 83 102 105 116 122
7 13 60 83 102 108 113 122
7 13 60 84 90 102 105 115
7 13 60 86 89 99 106 116
7 13 60 86 97 106 116 120
7 13 60 86 100 106 113 120
7 13 60 86 106 113 116 120
7 13 60 90 97 108 114 116
7 13 60 92 97 106 114 116
7 13 60 92 100 106 113 114
7 13 60 92 102 106 113 114
7 13 60 92 102 115 121 122
7 13 60 92 105 115 118 122
7 13 60 92 106 113 114 116
7 13 60 92 106 114 116 120
7 13 60 92 106 114 116 121
7 13 60 92 108 113 118 122
7 13 60 92 108 114 116 120
7 13 60 92 108 115 118 122
7 13 60 92 110 113 118 122
7 13 60 92 110 114 116 120
7 13 60 94 110 114 116 120
7 13 60 94 110 115 116 121
7 13 62 65 86 106 116 120
7 13 62 70 81 97 122 124
7 13 62 74 81 97 118 120
7 13 62 74 84 100 113 120
7 13 62 74 84 100 114 120
7 13 62 74 84 100 115 120
7 13 62 76 82 98 116 120
7 13 62 76 83 99 116 120
7 13 62 78 81 97 116 122
7 13 62 81 86 97 106 124
7 13 62 81 86 97 108 122
7 13 62 82 84 98 104 112
7 13 62 94 107 113 118 124
7 13 62 94 110 114 116 120
7 13 62 94 110 115 116 121
7 13 62 94 110 115 117 121
7 13 65 74 84 100 114 120
7 13 65 76 82 98 116 120
7 13 65 82 84 98 104 112
7 13 65 90 108 114 116 120
7 13 65 92 110 114 116 120
7 13 65 94 110 114 116 120
7 13 67 76 82 98 116 120
7 13 67 78 97 114 116 120
7 13 67 90 97 108 114 116
7 13 67 90 108 113 114 116
7 13 67 90 108 114 116 120
7 13 67 90 108 114 116 121
7 13 67 92 97 106 114 116
7 13 67 92 108 113 118 122
7 13 67 92 108 114 116 120
7 13 67 92 110 114 116 120
7 13 67 94 110 114 116 120
7 13 67 97 110 114 116 120
7 13 69 74 82 98 116 120
7 13 69 90 106 113 118 124
7 13 69 90 108 114 116 120
7 13 69 90 110 114 116 120
7 13 70 74 81 97 114 124
7 13 70 81 88 100 104 114
7 13 74 84 97 100 114 120
7 13 74 86 108 113 114 120
7 13 76 86 106 113 116 120
7 13 76 86 106 115 116 120
7 13 78 81 97 118 122 124
7 13 81 84 100 106 114 120
7 13 83 92 102 105 116 122
7 13 83 92 102 108 113 122
7 13 84 100 106 113 114 120
7 13 86 89 102 108 113 122
7 13 86 102 105 113 122 124
7 13 90 97 108 114 116 120
7 13 92 97 106 114 116 120
7 13 92 97 110 114 116 120
7 13 92 99 108 113 118 122
7 13 92 102 105 115 116 122
7 14 17 33 48 66 84 104
7 14 17 33 65 118 122 124
7 14 17 33 66 84 104 112
7 14 17 33 76 114 116 120
7 14 17 33 82 100 104 112
7 14 17 33 82 108 116 120
7 14 17 34 48 69 80 104
7 14 17 34 82 108 116 120
7 14 17 40 50 72 84 97
7 14 17 40 65 72 114 116
7 14 17 40 65 88 98 116
7 14 17 40 72 97 114 116
7 14 17 48 66 80 100 104
7 14 17 48 67 80 100 104
7 14 17 48 80 98 100 104
7 14 17 48 80 98 100 105
7 14 17 48 82 97 100 104
7 14 17 50 65 80 100 104
7 14 17 50 82 101 105 124
7 14 17 50 84 98 108 120
7 14 17 50 92 98 100 120
7 14 17 52 76 97 114 120
7 14 17 52 82 97 108 120
7 14 17 52 84 97 106 120
7 14 17 52 84 98 105 120
7 14 17 52 88 100 104 112
7 14 17 52 88 100 104 114
7 14 17 52 92 97 98 120
7 14 17 56 88 97 98 116
7 14 17 56 88 98 100 112
7 14 17 56 88 98 101 112
7 14 17 82 98 108 116 120
7 14 17 92 97 98 116 120
7 14 18 48 65 80 100 104
7 14 18 48 80 97 100 104
7 14 18 49 77 98 116 120
7 14 18 52 84 97 106 120
7 14 18 52 84 98 105 120
7 14 18 52 92 97 98 120
7 14 18 92 97 98 116 120
7 14 19 37 73 114 116 120
7 14 19 37 73 118 122 124
7 14 19 37 92 97 98 120
7 14 19 38 74 117 121 124
7 14 19 49 69 106 116 120
7 14 19 52 92 97 98 104
7 14 19 56 88 98 108 116
7 14 19 56 88 99 108 116
7 14 19 56 88 101 104 118
7 14 19 56 88 101 106 116
7 14 19 56 88 102 104 116
7 14 19 60 86 102 105 120
7 14 19 60 92 97 102 122
7 14 19 60 92 97 106 116
7 14 19 60 92 99 106 116
7 14 19 60 92 102 105 114
7 14 19 60 92 102 106 113
7 14 19 76 97 98 116 120
7 14 19 92 97 98 100 120
7 14 20 49 73 100 114 120
7 14 20 49 88 99 108 112
7 14 20 56 88 97 100 114
7 14 20 56 88 99 100 112
7 14 20 81 100 105 114 120
7 14 21 34 90 97 100 120
7 14 21 41 65 82 98 124
7 14 21 41 76 115 116 122
7 14 21 41 89 102 116 122
7 14 21 41 90 97 98 116
7 14 21 41 92 99 116 122
7 14 21 42 81 108 114 120
7 14 21 42 82 97 100 120
7 14 21 44 76 113 114 120
7 14 21 44 84 105 115 122
7 14 21 44 84 106 114 120
7 14 21 44 89 99 116 122
7 14 21 44 89 102 115 120
7 14 21 50 82 97 108 120
7 14 21 50 82 100 105 120
7 14 21 56 88 97 108 114
7 14 21 58 66 88 97 100
7 14 21 76 105 115 116 122
7 14 22 33 65 106 116 120
7 14 22 33 73 98 116 120
7 14 22 33 89 98 100 120
7 14 22 41 73 114 116 120
7 14 22 41 81 97 98 124
7 14 22 41 81 98 100 120
7 14 22 41 81 102 122 124
7 14 22 41 81 106 116 120
7 14 22 41 89 98 100 112
7 14 22 42 49 76 81 97
7 14 22 42 82 101 121 124
7 14 22 42 90 101 116 121
7 14 22 43 85 106 116 120
7 14 22 43 85 106 116 121
7 14 22 43 85 108 114 120
7 14 22 43 85 108 114 121
7 14 22 43 90 101 116 121
7 14 22 44 76 113 114 120
7 14 22 44 84 106 113 120
7 14 22 49 81 97 106 124
7 14 22 49 81 98 108 120
7 14 22 49 81 101 106 120
7 14 22 51 85 106 108 120
7 14 22 51 85 106 108 121
7 14 22 56 65 88 98 100
7 14 22 56 81 98 100 104
7 14 22 56 88 97 98 100
7 14 22 56 88 97 106 116
7 14 22 56 88 98 108 113
7 14 22 56 88 101 106 113
7 14 22 56 89 97 98 100
7 14 22 57 65 88 98 100
7 14 22 57 71 106 116 120
7 14 22 57 75 102 117 120
7 14 22 57 85 102 106 120
7 14 22 57 89 102 106 116
7 14 22 57 89 103 106 116
7 14 22 57 90 98 101 124
7 14 22 57 90 101 102 120
7 14 22 57 90 101 106 116
7 14 22 57 92 98 101 120
7 14 22 57 92 99 100 120
7 14 22 57 93 99 102 120
7 14 22 58 92 97 106 116
7 14 22 58 92 98 101 121
7 14 22 58 92 99 101 121
7 14 22 73 97 98 116 120
7 14 22 89 97 98 100 120
7 14 22 90 101 106 116 121
7 14 23 43 77 114 116 120
7 14 23 45 86 105 114 120
7 14 23 57 89 102 106 116
7 14 23 57 92 99 102 120
7 14 23 58 92 101 105 114
7 14 24 33 65 104 114 116
7 14 24 40 48 65 82 100
7 14 24 40 72 113 114 116
7 14 24 40 72 115 117 118
7 14 24 40 73 113 114 116
7 14 24 40 73 115 117 118
7 14 24 40 76 113 114 116
7 14 24 41 76 113 114 116
7 14 24 41 86 104 114 116
7 14 24 41 87 104 114 116
7 14 24 42 76 113 114 116
7 14 24 42 85 104 114 116
7 14 24 42 86 104 113 116
7 14 24 44 81 104 114 116
7 14 24 49 72 81 98 100
7 14 24 49 73 104 114 116
7 14 24 49 73 108 114 116
7 14 24 50 72 80 97 100
7 14 24 50 72 81 97 100
7 14 24 50 74 108 113 116
7 14 24 52 76 104 113 114
7 14 24 53 75 104 114 116
7 14 24 73 104 113 114 116
7 14 24 73 104 115 117 118
7 14 24 76 104 113 114 116
7 14 25 34 70 97 116 120
7 14 25 36 68 97 114 120
7 14 25 36 84 97 104 114
7 14 25 38 65 66 116 120
7 14 25 42 76 113 114 116
7 14 25 49 70 105 114 116
7 14 25 50 74 101 116 120
7 14 25 50 74 108 113 116
7 14 25 50 84 98 100 104
7 14 25 50 88 98 108 116
7 14 25 50 88 99 108 116
7 14 25 50 88 102 104 116
7 14 25 50 88 102 105 116
7 14 25 50 88 103 104 116
7 14 25 50 92 98 101 120
7 14 25 52 81 98 108 112
7 14 25 56 73 102 114 116
7 14 25 56 73 103 114 116
7 14 25 56 74 101 114 116
7 14 25 56 88 99 101 118
7 14 25 70 97 98 116 120
7 14 25 84 97 100 104 114
7 14 25 88 102 104 114 116
7 14 25 88 103 104 114 116
7 14 26 37 65 84 98 120
7 14 26 37 73 114 116 120
7 14 26 37 84 97 98 120
7 14 26 49 69 106 116 120
7 14 26 49 73 102 116 120
7 14 26 49 73 108 114 116
7 14 26 52 84 97 98 120
7 14 26 52 88 101 104 114
7 14 26 52 88 102 104 113
7 14 26 52 88 102 105 113
7 14 26 56 73 101 114 116
7 14 26 56 73 102 113 116
7 14 26 56 76 97 114 116
7 14 26 56 81 102 104 116
7 14 26 56 88 97 102 116
7 14 26 56 88 98 101 116
7 14 26 56 88 99 101 116
7 14 26 56 89 98 101 116
7 14 26 88 101 104 114 116
7 14 26 88 102 104 113 116
7 14 27 54 86 101 105 120
7 14 28 33 65 100 114 120
7 14 28 33 81 100 104 114
7 14 28 33 82 100 104 112
7 14 28 35 67 97 116 120
7 14 28 37 73 114 116 120
7 14 28 37 84 105 115 122
7 14 28 49 67 108 116 122
7 14 28 49 69 108 114 120
7 14 28 49 82 97 100 104
7 14 28 49 88 101 104 114
7 14 28 50 70 108 113 120
7 14 28 50 74 105 113 116
7 14 28 52 70 105 115 120
7 14 28 52 76 97 114 120
7 14 28 52 76 99 114 120
7 14 28 52 76 106 113 114
7 14 28 52 90 99 100 120
7 14 28 56 74 101 113 114
7 14 28 56 88 97 100 114
7 14 28 57 71 100 114 120
7 14 28 69 105 115 116 122
7 14 28 81 97 100 104 114
7 14 28 82 97 100 104 112
7 14 28 84 100 105 115 122
7 14 28 88 97 104 114 116
7 14 29 33 82 100 104 112
7 14 29 34 66 97 116 120
7 14 29 34 82 97 100 120
7 14 29 34 82 100 104 112
7 14 29 34 83 100 104 112
7 14 29 50 67 100 104 112
7 14 29 50 82 97 100 104
7 14 29 82 99 108 116 120
7 14 33 36 73 84 114 120
7 14 33 36 76 81 114 120
7 14 33 48 81 82 100 104
7 14 33 50 65 92 100 120
7 14 33 50 65 92 102 120
7 14 33 50 66 92 100 120
7 14 33 50 67 92 100 120
7 14 33 50 69 89 98 124
7 14 33 50 74 84 100 120
7 14 33 50 81 92 100 104
7 14 33 50 82 92 100 104
7 14 33 50 85 89 98 108
7 14 33 52 65 66 88 96
7 14 33 52 65 76 114 120
7 14 33 52 65 88 108 114
7 14 33 52 65 90 100 120
7 14 33 52 81 90 100 104
7 14 33 52 82 88 100 104
7 14 33 52 82 89 100 104
7 14 33 56 65 82 104 116
7 14 33 56 73 84 100 114
7 14 33 56 76 81 100 114
7 14 33 56 86 89 98 100
7 14 33 60 69 82 98 120
7 14 33 60 81 82 100 104
7 14 33 60 82 84 98 104
7 14 33 65 86 106 116 120
7 14 33 65 88 104 114 116
7 14 33 65 108 114 116 120
7 14 33 69 90 98 116 120
7 14 33 73 84 100 114 120
7 14 33 76 82 98 116 120
7 14 33 81 82 100 104 112
7 14 33 81 86 98 108 120
7 14 33 86 89 98 100 120
7 14 34 41 70 81 116 120
7 14 34 49 82 92 100 104
7 14 34 49 83 92 100 104
7 14 34 52 65 90 100 120
7 14 34 52 81 90 100 104
7 14 34 52 82 89 100 104
7 14 34 52 82 89 101 104
7 14 34 52 86 89 97 104
7 14 34 53 70 89 104 112
7 14 34 60 81 82 100 104
7 14 34 66 85 105 116 120
7 14 34 66 108 113 116 120
7 14 34 66 109 113 116 120
7 14 34 67 108 113 116 120
7 14 34 70 89 97 116 120
7 14 34 70 105 113 116 120
7 14 34 82 108 113 116 120
7 14 34 85 90 97 100 120
7 14 35 49 67 76 116 120
7 14 35 49 81 86 108 120
7 14 35 56 85 88 108 114
7 14 35 60 65 82 84 104
7 14 35 66 76 81 116 120
7 14 35 67 76 81 116 120
7 14 35 76 81 98 116 120
7 14 35 81 82 108 116 120
7 14 36 49 68 73 114 120
7 14 36 49 73 84 104 114
7 14 36 49 76 83 104 112
7 14 36 49 82 92 97 104
7 14 36 49 84 90 97 104
7 14 36 56 65 84 104 114
7 14 36 56 69 83 104 112
7 14 36 56 76 81 97 114
7 14 36 56 76 83 97 112
7 14 36 56 82 84 97 104
7 14 36 56 83 84 97 104
7 14 36 68 89 97 114 120
7 14 36 76 81 97 114 120
7 14 36 84 89 97 104 114
7 14 37 49 73 86 98 120
7 14 37 50 73 86 97 120
7 14 37 50 84 89 98 104
7 14 37 58 65 66 84 120
7 14 37 58 81 92 97 98
7 14 37 68 81 88 104 114
7 14 37 73 82 98 116 120
7 14 37 76 84 115 121 122
7 14 37 81 88 100 104 114
7 14 37 81 92 108 114 120
7 14 38 41 81 90 97 116
7 14 38 49 81 90 105 116
7 14 38 49 82 92 97 104
7 14 38 56 82 84 97 104
7 14 38 56 82 92 108 113
7 14 38 66 73 81 116 120
7 14 38 73 81 98 116 120
7 14 38 74 81 97 116 120
7 14 38 74 82 117 121 124
7 14 38 82 84 105 113 120
7 14 38 82 92 108 113 120
7 14 38 85 106 114 121 124
7 14 39 57 71 90 116 120
7 14 39 57 75 86 116 120
7 14 39 57 86 92 99 120
7 14 39 57 89 92 102 114
7 14 39 58 85 89 102 120
7 14 39 85 90 106 116 121
7 14 39 86 89 105 114 124
7 14 39 86 89 106 116 120
7 14 40 49 82 88 97 100
7 14 40 72 81 97 114 116
7 14 40 81 88 98 100 112
7 14 41 49 70 81 114 124
7 14 41 50 70 81 116 120
7 14 41 50 81 92 98 100
7 14 41 52 65 68 88 114
7 14 41 52 76 81 114 120
7 14 41 52 76 88 113 114
7 14 41 52 81 92 108 114
7 14 41 52 82 84 97 120
7 14 41 56 71 88 114 116
7 14 41 56 76 81 114 116
7 14 41 56 85 88 102 114
7 14 41 56 86 88 101 114
7 14 41 65 84 88 100 114
7 14 41 65 84 100 114 120
7 14 41 70 81 98 116 120
7 14 41 70 81 114 116 120
7 14 41 72 82 84 97 112
7 14 41 76 81 114 116 120
7 14 41 76 88 113 114 116
7 14 41 81 84 100 114 120
7 14 41 81 88 104 114 116
7 14 41 81 88 108 114 116
7 14 41 81 90 108 114 116
7 14 41 84 88 97 100 114
7 14 42 49 81 86 108 120
7 14 42 49 81 92 108 114
7 14 42 49 86 89 97 100
7 14 42 52 82 89 97 100
7 14 42 56 69 88 114 116
7 14 42 56 76 82 113 116
7 14 42 56 77 82 113 116
7 14 42 56 81 82 108 116
7 14 42 56 83 88 101 116
7 14 42 56 85 88 101 114
7 14 42 56 86 88 101 113
7 14 42 76 88 113 114 116
7 14 42 77 82 113 116 120
7 14 42 81 82 108 116 120
7 14 42 82 85 105 116 120
7 14 42 82 88 108 113 116
7 14 42 82 89 101 116 120
7 14 42 82 89 108 113 116
7 14 42 82 92 105 113 116
7 14 43 76 85 114 116 120
7 14 43 85 88 104 114 116
7 14 43 85 92 106 114 116
7 14 44 49 65 68 88 114
7 14 44 51 77 84 114 120
7 14 44 52 73 84 114 120
7 14 44 52 76 88 113 114
7 14 44 52 84 90 106 113
7 14 44 53 75 84 114 120
7 14 44 56 81 88 98 116
7 14 44 68 81 88 97 114
7 14 44 68 81 97 114 120
7 14 44 69 84 115 121 122
7 14 44 73 88 113 114 116
7 14 44 76 84 113 114 120
7 14 44 81 84 97 114 120
7 14 44 81 88 97 100 114
7 14 44 84 88 104 113 114
7 14 44 84 89 102 115 120
7 14 44 89 102 115 116 120
7 14 45 50 83 92 102 120
7 14 45 52 83 88 108 114
7 14 45 70 89 114 116 120
7 14 45 76 83 114 116 120
7 14 45 83 108 114 116 120
7 14 45 86 89 102 114 120
7 14 48 81 82 97 100 104
7 14 49 50 67 84 108 120
7 14 49 50 67 92 100 104
7 14 49 50 69 81 106 124
7 14 49 50 74 85 108 120
7 14 49 50 81 92 102 105
7 14 49 52 70 88 104 112
7 14 49 52 76 81 98 120
7 14 49 52 76 86 106 120
7 14 49 52 77 82 98 120
7 14 49 52 81 88 98 108
7 14 49 54 66 68 88 104
7 14 49 54 81 90 97 108
7 14 49 56 67 88 108 118
7 14 49 56 67 92 108 114
7 14 49 56 69 88 104 118
7 14 49 56 73 84 100 114
7 14 49 56 73 86 106 116
7 14 49 56 73 88 102 116
7 14 49 56 74 81 108 118
7 14 49 56 74 85 108 114
7 14 49 56 74 88 101 118
7 14 49 56 76 81 104 118
7 14 49 56 76 88 99 116
7 14 49 56 81 82 100 104
7 14 49 56 82 84 102 105
7 14 49 56 86 88 101 106
7 14 49 60 69 90 106 116
7 14 49 60 69 90 108 114
7 14 49 65 86 98 108 120
7 14 49 65 86 106 116 120
7 14 49 65 88 98 104 116
7 14 49 65 88 104 114 116
7 14 49 65 92 108 114 120
7 14 49 65 92 108 116 122
7 14 49 65 92 108 118 122
7 14 49 67 81 108 116 122
7 14 49 67 89 108 114 116
7 14 49 67 92 108 114 120
7 14 49 67 92 108 116 122
7 14 49 67 92 108 118 122
7 14 49 67 108 114 116 120
7 14 49 69 82 106 116 120
7 14 49 69 88 100 104 114
7 14 49 69 90 97 98 124
7 14 49 69 92 108 114 120
7 14 49 70 73 97 114 124
7 14 49 70 73 98 116 120
7 14 49 70 81 97 122 124
7 14 49 70 81 105 114 124
7 14 49 73 84 100 114 120
7 14 49 73 86 98 100 120
7 14 49 73 86 106 116 120
7 14 49 73 88 104 114 116
7 14 49 73 88 108 114 116
7 14 49 73 90 108 114 116
7 14 49 73 108 114 116 120
7 14 49 74 81 108 118 120
7 14 49 74 85 108 114 120
7 14 49 76 82 98 116 120
7 14 49 76 83 100 104 112
7 14 49 76 86 106 116 120
7 14 49 76 88 104 114 116
7 14 49 76 97 100 114 120
7 14 49 77 82 98 116 120
7 14 49 81 82 100 104 112
7 14 49 81 82 102 105 124
7 14 49 81 84 98 108 120
7 14 49 81 84 100 106 120
7 14 49 81 86 97 106 124
7 14 49 81 86 98 108 120
7 14 49 81 88 98 104 116
7 14 49 81 88 98 108 112
7 14 49 81 90 102 105 116
7 14 49 81 97 102 122 124
7 14 49 81 97 118 122 124
7 14 49 81 98 100 104 112
7 14 49 81 98 108 116 120
7 14 49 81 102 105 114 124
7 14 49 81 108 114 116 120
7 14 49 82 84 102 105 120
7 14 49 82 88 100 104 112
7 14 49 82 92 97 100 104
7 14 49 82 102 105 116 120
7 14 49 84 88 98 108 112
7 14 49 84 88 99 108 112
7 14 49 84 100 105 114 120
7 14 49 86 89 98 100 104
7 14 49 86 97 98 108 120
7 14 49 86 97 106 116 120
7 14 49 88 97 98 104 116
7 14 49 88 97 104 114 116
7 14 49 92 97 98 116 120
7 14 49 92 97 100 104 114
7 14 49 92 97 100 114 120
7 14 49 92 97 108 114 120
7 14 49 92 97 108 116 122
7 14 49 92 97 108 118 122
7 14 50 52 65 68 88 104
7 14 50 52 70 81 105 120
7 14 50 52 70 89 97 104
7 14 50 52 73 82 100 120
7 14 50 52 82 88 97 108
7 14 50 53 65 68 88 104
7 14 50 53 71 90 108 121
7 14 50 53 75 86 108 121
7 14 50 53 75 88 104 116
7 14 50 56 69 88 104 116
7 14 50 56 71 88 104 116
7 14 50 56 73 81 100 112
7 14 50 56 73 84 100 112
7 14 50 56 73 88 102 116
7 14 50 56 74 81 108 116
7 14 50 56 74 84 108 113
7 14 50 56 74 85 105 116
7 14 50 56 74 85 108 113
7 14 50 56 74 88 101 116
7 14 50 56 85 88 99 108
7 14 50 56 85 88 102 105
7 14 50 57 71 88 104 116
7 14 50 57 82 92 101 104
7 14 50 60 65 72 80 96
7 14 50 60 69 90 106 116
7 14 50 60 70 73 81 97
7 14 50 60 70 89 108 113
7 14 50 60 70 90 108 113
7 14 50 61 65 72 80 96
7 14 50 65 74 84 100 120
7 14 50 65 82 108 116 120
7 14 50 65 92 98 100 120
7 14 50 66 81 108 116 120
7 14 50 66 84 108 113 120
7 14 50 66 85 100 105 120
7 14 50 66 85 105 116 120
7 14 50 66 89 97 108 116
7 14 50 66 89 108 113 116
7 14 50 66 92 97 100 120
7 14 50 66 92 100 104 113
7 14 50 66 92 100 105 113
7 14 50 66 92 108 113 120
7 14 50 67 84 108 113 120
7 14 50 67 92 97 100 120
7 14 50 67 92 100 104 113
7 14 50 67 92 108 113 120
7 14 50 67 108 113 116 120
7 14 50 70 73 81 97 124
7 14 50 70 73 97 116 120
7 14 50 70 81 105 116 120
7 14 50 70 88 105 113 116
7 14 50 70 89 97 104 116
7 14 50 70 92 108 113 120
7 14 50 70 105 113 116 120
7 14 50 71 90 108 117 121
7 14 50 74 81 108 116 120
7 14 50 74 84 97 100 120
7 14 50 74 84 100 113 120
7 14 50 74 84 108 113 120
7 14 50 74 85 105 116 120
7 14 50 74 85 108 113 120
7 14 50 74 88 108 113 116
7 14 50 74 89 108 113 116
7 14 50 74 108 113 116 120
7 14 50 81 84 98 108 120
7 14 50 81 84 101 106 120
7 14 50 81 92 98 100 104
7 14 50 81 92 98 105 116
7 14 50 81 98 108 116 120
7 14 50 82 84 97 108 120
7 14 50 82 84 100 105 120
7 14 50 82 85 100 105 120
7 14 50 82 92 97 100 104
7 14 50 82 92 100 105 113
7 14 50 82 97 108 116 120
7 14 50 82 108 113 116 120
7 14 50 84 88 98 108 113
7 14 50 84 98 108 113 120
7 14 50 84 101 106 113 120
7 14 50 85 98 100 105 120
7 14 50 85 98 105 116 120
7 14 50 86 89 97 100 104
7 14 50 89 97 98 108 116
7 14 50 89 98 108 113 116
7 14 50 91 98 109 117 124
7 14 50 92 97 98 100 120
7 14 50 92 97 98 116 120
7 14 50 92 98 100 104 113
7 14 50 92 98 100 105 113
7 14 50 92 98 100 113 120
7 14 50 92 98 105 113 116
7 14 50 92 98 108 113 120
7 14 51 54 85 92 105 106
7 14 51 56 71 88 104 116
7 14 51 56 77 82 104 116
7 14 51 56 85 88 102 104
7 14 51 57 85 92 102 106
7 14 51 58 77 90 101 116
7 14 51 60 85 90 102 105
7 14 51 66 73 84 100 120
7 14 51 66 84 100 105 120
7 14 51 66 89 108 116 120
7 14 51 67 92 108 116 122
7 14 51 69 89 108 116 122
7 14 51 70 89 108 116 120
7 14 51 77 82 108 116 120
7 14 51 77 84 108 114 120
7 14 51 83 92 102 109 120
7 14 51 84 89 102 108 120
7 14 51 85 90 102 105 124
7 14 51 85 102 105 122 124
7 14 51 85 102 121 122 124
7 14 51 85 105 118 122 124
7 14 51 86 98 109 121 124
7 14 51 86 101 106 121 124
7 14 51 86 106 117 121 124
7 14 51 86 109 114 121 124
7 14 51 93 101 106 114 124
7 14 52 56 65 66 80 96
7 14 52 56 67 81 108 112
7 14 52 56 67 84 104 112
7 14 52 56 67 88 97 112
7 14 52 56 69 88 104 114
7 14 52 56 73 84 104 114
7 14 52 56 76 81 97 114
7 14 52 56 76 81 98 112
7 14 52 56 76 81 99 112
7 14 52 56 76 86 106 113
7 14 52 56 76 88 97 114
7 14 52 56 81 82 97 108
7 14 52 56 81 82 98 108
7 14 52 56 81 84 98 104
7 14 52 57 67 92 108 114
7 14 52 57 76 83 102 120
7 14 52 58 76 85 105 114
7 14 52 65 68 88 104 114
7 14 52 65 88 100 104 114
7 14 52 68 73 97 114 120
7 14 52 68 81 105 114 120
7 14 52 68 88 97 104 114
7 14 52 68 88 104 113 114
7 14 52 68 89 97 104 114
7 14 52 73 84 97 114 120
7 14 52 73 97 100 114 120
7 14 52 76 81 97 114 120
7 14 52 76 86 106 113 120
7 14 52 76 88 104 113 114
7 14 52 76 100 115 121 122
7 14 52 77 82 98 113 120
7 14 52 81 82 97 108 120
7 14 52 81 82 98 108 120
7 14 52 81 84 97 106 120
7 14 52 81 88 100 105 114
7 14 52 82 88 97 100 104
7 14 52 84 88 97 104 114
7 14 52 84 108 115 121 122
7 14 52 88 97 100 104 114
7 14 52 88 100 104 113 114
7 14 52 89 97 100 104 114
7 14 52 89 97 100 114 120
7 14 52 92 98 108 113 120
7 14 52 92 99 108 114 121
7 14 52 92 100 105 115 122
7 14 52 92 100 106 115 121
7 14 53 57 65 76 82 98
7 14 53 58 65 72 80 96
7 14 53 58 66 68 81 104
7 14 53 60 75 83 106 116
7 14 53 65 68 88 104 114
7 14 53 66 68 88 104 112
7 14 53 68 88 97 104 114
7 14 53 69 90 106 116 120
7 14 53 70 82 106 121 124
7 14 53 70 89 106 114 124
7 14 53 70 90 106 116 121
7 14 53 70 90 108 114 121
7 14 53 71 90 106 116 121
7 14 53 71 90 108 114 121
7 14 53 74 88 104 114 116
7 14 53 75 86 108 114 121
7 14 53 75 88 104 114 116
7 14 53 82 84 98 105 120
7 14 53 82 89 98 108 120
7 14 53 82 89 100 106 120
7 14 53 82 89 102 106 124
7 14 53 84 90 102 105 120
7 14 53 86 89 102 106 120
7 14 53 89 102 106 114 124
7 14 53 90 102 105 116 120
7 14 53 91 101 106 114 124
7 14 54 57 65 66 84 104
7 14 54 57 71 89 106 116
7 14 54 57 75 85 102 120
7 14 54 66 68 88 104 113
7 14 54 66 76 81 97 120
7 14 54 66 81 97 108 120
7 14 54 66 89 105 116 120
7 14 54 67 92 108 113 122
7 14 54 67 92 108 114 121
7 14 54 69 89 105 114 124
7 14 54 69 89 105 116 122
7 14 54 70 89 105 114 124
7 14 54 70 89 105 116 120
7 14 54 71 89 105 114 124
7 14 54 73 88 104 114 116
7 14 54 74 88 104 113 116
7 14 54 77 82 98 121 124
7 14 54 81 82 97 108 120
7 14 54 82 89 100 105 120
7 14 54 83 92 101 106 121
7 14 54 84 89 101 106 120
7 14 54 85 90 102 105 120
7 14 54 86 89 105 108 114
7 14 54 86 105 108 114 120
7 14 54 89 102 105 114 124
7 14 54 90 99 108 117 121
7 14 54 90 101 106 116 121
7 14 54 90 108 115 117 121
7 14 54 92 102 105 114 120
7 14 54 93 99 108 114 121
7 14 55 70 89 105 114 124
7 14 55 73 88 104 114 116
7 14 55 84 89 100 106 120
7 14 55 91 109 118 122 124
7 14 56 65 88 104 114 116
7 14 56 65 88 108 114 116
7 14 56 67 72 81 100 112
7 14 56 67 88 108 114 116
7 14 56 69 88 97 100 114
7 14 56 69 88 104 114 116
7 14 56 71 88 104 114 116
7 14 56 71 88 105 114 116
7 14 56 72 81 82 97 100
7 14 56 72 81 97 98 116
7 14 56 72 81 97 114 116
7 14 56 72 81 98 100 112
7 14 56 73 84 97 100 114
7 14 56 73 84 100 113 114
7 14 56 73 86 106 113 116
7 14 56 73 88 102 114 116
7 14 56 73 88 102 114 117
7 14 56 73 104 113 114 116
7 14 56 73 104 115 117 118
7 14 56 74 85 105 114 116
7 14 56 74 85 108 113 114
7 14 56 74 88 101 113 118
7 14 56 74 88 101 114 116
7 14 56 74 88 101 115 116
7 14 56 76 81 97 100 114
7 14 56 76 88 97 114 116
7 14 56 76 88 98 113 116
7 14 56 76 104 113 114 116
7 14 56 81 88 97 98 116
7 14 56 81 88 98 100 112
7 14 56 81 88 98 104 116
7 14 56 81 88 101 106 118
7 14 56 81 88 102 104 116
7 14 56 82 84 102 105 113
7 14 56 82 88 99 108 117
7 14 56 82 88 101 104 116
7 14 56 82 88 102 105 117
7 14 56 82 89 98 108 117
7 14 56 83 88 101 104 118
7 14 56 83 88 101 106 116
7 14 56 83 88 102 104 117
7 14 56 85 88 102 105 114
7 14 56 86 88 97 106 116
7 14 56 86 88 101 104 114
7 14 56 86 88 101 106 113
7 14 56 86 89 97 98 100
7 14 56 88 97 104 114 116
7 14 56 88 97 108 114 116
7 14 56 88 98 104 113 116
7 14 56 88 98 108 113 116
7 14 56 88 99 104 117 118
7 14 56 88 99 108 114 117
7 14 56 88 101 104 114 116
7 14 56 88 101 106 113 118
7 14 56 88 101 106 114 116
7 14 56 88 102 104 113 116
7 14 56 88 104 113 114 116
7 14 56 88 104 115 117 118
7 14 56 88 108 113 114 116
7 14 56 89 97 104 114 116
7 14 56 90 101 104 114 116
7 14 56 90 102 104 113 116
7 14 56 92 97 104 114 116
7 14 56 92 98 104 113 116
7 14 56 92 99 104 114 117
7 14 56 92 100 104 113 114
7 14 56 93 99 104 114 116
7 14 57 65 76 82 98 116
7 14 57 65 82 98 108 116
7 14 57 65 84 100 104 114
7 14 57 65 84 100 114 120
7 14 57 65 88 104 114 116
7 14 57 65 90 108 114 116
7 14 57 65 92 108 114 116
7 14 57 67 92 108 114 116
7 14 57 69 82 98 104 116
7 14 57 69 82 98 116 120
7 14 57 69 90 102 116 120
7 14 57 69 90 108 114 116
7 14 57 70 88 104 114 116
7 14 57 70 89 108 114 116
7 14 57 70 90 108 114 116
7 14 57 71 88 104 114 116
7 14 57 71 90 102 116 120
7 14 57 71 90 108 114 116
7 14 57 71 108 114 116 120
7 14 57 73 84 100 114 120
7 14 57 76 82 97 98 116
7 14 57 76 82 98 113 116
7 14 57 76 82 98 116 120
7 14 57 76 83 102 116 120
7 14 57 76 84 100 114 120
7 14 57 76 84 100 115 122
7 14 57 76 84 102 115 120
7 14 57 77 86 102 114 120
7 14 57 77 102 114 116 120
7 14 57 81 82 98 108 116
7 14 57 81 84 100 104 114
7 14 57 83 84 102 108 120
7 14 57 83 86 102 109 120
7 14 57 83 98 108 116 120
7 14 57 83 102 108 116 120
7 14 57 86 89 102 106 116
7 14 57 86 90 101 102 120
7 14 57 86 90 101 108 114
7 14 57 86 98 105 116 120
7 14 57 86 102 105 116 120
7 14 57 89 102 108 114 116
7 14 57 89 102 114 116 120
7 14 57 90 97 108 114 116
7 14 57 90 98 101 116 120
7 14 57 90 98 108 113 116
7 14 57 90 101 102 116 120
7 14 57 90 101 104 114 116
7 14 57 90 101 108 114 116
7 14 57 90 101 114 116 120
7 14 57 90 108 113 114 116
7 14 58 65 66 84 100 120
7 14 58 65 92 108 114 116
7 14 58 66 73 84 100 113
7 14 58 66 84 88 97 100
7 14 58 66 84 97 100 120
7 14 58 66 84 100 104 113
7 14 58 66 84 100 105 113
7 14 58 66 84 100 113 120
7 14 58 66 89 101 116 120
7 14 58 66 89 108 113 116
7 14 58 66 92 108 113 116
7 14 58 67 92 108 113 116
7 14 58 67 92 108 114 116
7 14 58 69 92 105 114 116
7 14 58 70 73 81 97 116
7 14 58 70 81 97 104 116
7 14 58 70 81 97 116 120
7 14 58 70 88 104 113 116
7 14 58 70 89 101 116 120
7 14 58 70 89 108 113 116
7 14 58 70 90 108 113 116
7 14 58 73 85 101 114 120
7 14 58 76 85 105 114 116
7 14 58 81 88 102 104 116
7 14 58 81 90 97 108 116
7 14 58 82 88 101 104 116
7 14 58 82 89 101 104 116
7 14 58 82 92 97 108 116
7 14 58 83 88 101 104 116
7 14 58 85 90 99 109 116
7 14 58 85 98 105 116 120
7 14 58 86 89 101 102 120
7 14 58 90 102 117 121 124
7 14 58 90 105 117 118 124
7 14 58 90 109 114 117 124
7 14 58 91 109 114 117 124
7 14 58 92 98 105 113 116
7 14 58 93 99 108 114 116
7 14 58 93 101 106 114 116
7 14 58 93 101 106 115 116
7 14 59 67 92 108 114 116
7 14 59 67 92 108 114 117
7 14 59 77 82 98 117 124
7 14 59 82 88 101 104 116
7 14 59 82 92 101 106 116
7 14 59 93 101 106 114 116
7 14 60 65 82 84 98 104
7 14 60 65 82 98 100 120
7 14 60 65 82 98 116 120
7 14 60 65 88 104 114 116
7 14 60 65 92 106 114 116
7 14 60 67 88 104 114 116
7 14 60 67 92 105 114 116
7 14 60 67 92 106 114 116
7 14 60 68 72 81 97 114
7 14 60 68 81 97 104 114
7 14 60 68 81 97 114 120
7 14 60 68 88 104 113 114
7 14 60 69 82 97 98 120
7 14 60 69 82 98 113 120
7 14 60 69 88 104 113 114
7 14 60 69 89 106 115 116
7 14 60 69 90 105 114 116
7 14 60 69 90 106 113 116
7 14 60 69 90 108 113 114
7 14 60 70 89 101 114 120
7 14 60 70 89 108 113 114
7 14 60 73 81 98 116 120
7 14 60 73 82 98 100 113
7 14 60 73 82 98 116 120
7 14 60 73 84 100 113 122
7 14 60 73 84 100 114 120
7 14 60 73 84 100 115 120
7 14 60 73 84 100 115 122
7 14 60 76 81 97 114 120
7 14 60 76 81 97 116 122
7 14 60 76 81 97 118 122
7 14 60 76 82 98 113 120
7 14 60 76 83 99 116 120
7 14 60 76 83 105 114 116
7 14 60 76 84 98 113 120
7 14 60 76 84 99 114 121
7 14 60 81 82 97 100 104
7 14 60 81 82 98 100 104
7 14 60 81 84 97 98 120
7 14 60 81 84 97 104 114
7 14 60 81 88 98 104 116
7 14 60 81 92 97 102 122
7 14 60 81 92 102 106 114
7 14 60 82 84 97 98 104
7 14 60 82 84 97 98 120
7 14 60 82 84 98 104 113
7 14 60 82 84 98 105 113
7 14 60 82 89 98 108 113
7 14 60 82 89 99 108 116
7 14 60 82 92 98 101 121
7 14 60 82 92 102 105 113
7 14 60 82 92 102 106 113
7 14 60 83 90 99 109 116
7 14 60 83 98 105 116 120
7 14 60 84 88 97 104 114
7 14 60 84 88 98 104 113
7 14 60 84 88 98 108 113
7 14 60 84 89 99 108 114
7 14 60 84 89 100 106 115
7 14 60 84 90 97 108 114
7 14 60 89 97 108 114 116
7 14 60 89 99 108 114 116
7 14 60 89 101 106 114 116
7 14 60 90 97 108 114 116
7 14 60 90 98 108 113 116
7 14 60 92 97 106 114 116
7 14 60 92 100 106 113 114
7 14 60 92 102 105 113 114
7 14 60 92 102 106 113 114
7 14 60 92 105 115 118 120
7 14 60 92 106 113 114 116
7 14 60 92 106 114 116 121
7 14 60 92 106 114 117 121
7 14 60 92 108 113 114 120
7 14 60 92 108 113 116 122
7 14 60 92 108 113 118 122
7 14 60 92 108 114 116 121
7 14 60 92 108 115 116 122
7 14 60 92 108 115 118 122
7 14 60 92 109 115 116 122
7 14 60 93 99 106 114 116
7 14 61 67 88 104 114 116
7 14 61 67 92 106 114 116
7 14 61 70 82 98 121 124
7 14 61 71 82 98 121 124
7 14 61 73 82 98 116 120
7 14 61 76 82 98 116 120
7 14 61 76 82 99 116 120
7 14 61 83 92 99 106 116
7 14 61 83 92 101 106 114
7 14 61 85 90 99 106 116
7 14 61 93 99 106 114 116
7 14 65 76 82 98 116 120
7 14 66 92 108 113 116 120
7 14 67 92 108 113 114 120
7 14 67 92 108 113 116 122
7 14 67 92 108 113 118 122
7 14 67 92 108 114 116 121
7 14 67 98 108 113 116 120
7 14 69 74 82 100 113 120
7 14 69 88 100 104 113 114
7 14 69 90 108 114 116 121
7 14 70 73 81 97 114 124
7 14 70 73 81 98 116 120
7 14 70 88 98 105 113 116
7 14 70 89 105 114 116 120
7 14 70 89 108 113 116 122
7 14 70 90 108 114 116 121
7 14 70 98 105 113 116 120
7 14 71 90 108 114 116 121
7 14 71 90 108 114 117 121
7 14 73 84 97 100 114 120
7 14 73 84 100 113 114 120
7 14 73 86 106 113 116 120
7 14 73 88 104 113 114 116
7 14 73 88 104 115 117 118
7 14 74 84 98 100 113 120
7 14 74 85 105 114 116 120
7 14 74 85 108 113 114 120
7 14 76 81 97 98 116 120
7 14 76 81 97 100 114 120
7 14 76 81 97 114 116 120
7 14 76 82 97 98 116 120
7 14 76 82 98 113 116 120
7 14 76 84 100 115 121 122
7 14 76 86 106 113 116 120
7 14 76 88 104 113 114 116
7 14 77 82 98 113 116 120
7 14 81 82 97 100 104 112
7 14 81 82 97 108 116 120
7 14 81 82 98 108 116 120
7 14 82 89 98 108 117 120
7 14 82 98 108 113 116 120
7 14 90 101 108 114 116 121
7 14 92 98 108 113 116 120
7 14 92 99 108 114 116 121
7 14 92 101 106 114 116 121
7 15 17 48 80 98 100 104
7 15 19 37 73 118 122 124
7 15 22 44 76 113 114 120
7 15 23 43 85 106 116 120
7 15 24 40 72 113 114 116
7 15 24 40 72 115 117 118
7 15 24 40 76 113 114 116
7 15 24 40 78 113 114 116
7 15 24 41 78 113 114 116
7 15 24 41 83 108 114 116
7 15 24 41 87 104 114 116
7 15 24 42 76 113 114 116
7 15 24 42 86 104 113 116
7 15 24 52 76 104 113 114
7 15 24 53 75 104 114 116
7 15 24 76 104 113 114 116
7 15 24 78 104 113 114 116
7 15 25 42 76 113 114 116
7 15 25 56 74 101 114 116
7 15 25 88 103 104 114 116
7 15 26 88 102 104 113 116
7 15 28 44 71 113 114 120
7 15 28 44 85 106 113 114
7 15 28 83 101 108 114 120
7 15 28 85 106 108 113 114
7 15 33 81 110 114 116 120
7 15 33 83 108 114 116 120
7 15 34 82 108 113 116 120
7 15 35 81 82 108 116 120
7 15 38 74 82 117 121 124
7 15 38 90 98 117 121 124
7 15 41 56 83 88 102 116
7 15 41 78 88 113 114 116
7 15 41 83 88 108 114 116
7 15 41 83 108 114 116 120
7 15 41 89 102 114 116 120
7 15 42 56 76 82 113 116
7 15 42 76 88 113 114 116
7 15 42 92 104 113 114 116
7 15 43 85 88 104 114 116
7 15 44 52 76 88 113 114
7 15 44 76 84 113 114 120
7 15 44 84 88 104 113 114
7 15 44 92 100 113 114 120
7 15 46 73 88 113 114 116
7 15 49 50 84 88 99 108
7 15 49 65 82 110 116 120
7 15 49 65 86 106 116 120
7 15 49 67 84 108 114 120
7 15 49 67 108 114 116 120
7 15 49 81 86 98 108 120
7 15 49 81 110 114 116 120
7 15 49 81 110 118 122 124
7 15 49 82 84 97 110 120
7 15 49 82 84 102 105 120
7 15 49 82 97 110 116 120
7 15 49 82 101 106 116 120
7 15 49 83 98 108 116 120
7 15 49 83 108 114 116 120
7 15 49 86 97 106 116 120
7 15 49 86 98 105 116 120
7 15 49 94 97 98 116 120
7 15 50 52 82 88 97 108
7 15 50 66 84 108 113 120
7 15 50 74 84 100 113 120
7 15 50 78 81 97 116 120
7 15 50 82 97 108 116 120
7 15 50 82 108 113 116 120
7 15 50 82 110 117 121 124
7 15 50 84 88 98 108 112
7 15 50 84 88 98 108 113
7 15 50 84 88 99 108 112
7 15 50 84 98 108 113 120
7 15 50 86 106 117 121 124
7 15 50 90 108 113 116 120
7 15 50 92 98 100 113 120
7 15 51 56 85 88 102 104
7 15 51 60 71 89 108 114
7 15 51 60 85 90 102 105
7 15 51 65 82 108 116 120
7 15 51 65 92 98 100 120
7 15 51 69 92 108 114 120
7 15 51 73 88 108 114 116
7 15 51 85 90 102 105 124
7 15 51 85 102 105 122 124
7 15 51 85 102 121 122 124
7 15 51 85 105 118 122 124
7 15 51 85 110 113 122 124
7 15 51 92 97 98 100 120
7 15 51 92 97 98 116 120
7 15 51 94 102 105 113 124
7 15 52 56 81 82 98 108
7 15 52 56 81 84 98 104
7 15 52 68 88 104 113 114
7 15 52 76 88 104 113 114
7 15 52 76 100 115 121 122
7 15 52 84 108 115 121 122
7 15 52 88 100 104 113 114
7 15 52 92 108 113 114 120
7 15 53 58 65 66 84 104
7 15 53 58 68 72 80 96
7 15 53 65 82 106 116 120
7 15 53 65 90 106 116 120
7 15 53 69 90 106 116 120
7 15 53 75 88 104 114 116
7 15 53 81 82 100 106 120
7 15 53 86 89 102 106 120
7 15 53 90 97 98 116 120
7 15 53 90 101 106 116 120
7 15 53 94 101 106 114 121
7 15 54 66 68 88 104 113
7 15 54 74 88 104 113 116
7 15 54 81 82 97 108 120
7 15 54 90 98 108 117 121
7 15 54 90 108 114 116 120
7 15 54 90 108 114 116 121
7 15 54 90 108 114 117 121
7 15 54 90 110 113 116 120
7 15 54 92 99 108 114 121
7 15 54 94 98 108 113 120
7 15 55 73 88 104 114 116
7 15 55 91 109 118 122 124
7 15 56 73 86 106 113 116
7 15 56 73 88 102 114 116
7 15 56 73 88 102 114 117
7 15 56 74 88 101 114 116
7 15 56 76 88 97 114 116
7 15 56 76 104 113 114 116
7 15 56 78 104 113 114 116
7 15 56 83 88 101 104 118
7 15 56 86 88 99 104 116
7 15 56 88 97 104 114 116
7 15 56 88 101 104 114 116
7 15 56 88 104 113 114 116
7 15 56 88 104 115 117 118
7 15 56 88 108 113 114 116
7 15 56 88 110 113 114 116
7 15 56 90 102 104 113 116
7 15 56 90 108 113 114 116
7 15 56 92 97 104 114 116
7 15 56 92 99 104 114 116
7 15 56 92 100 104 113 114
7 15 56 94 97 104 114 116
7 15 56 94 98 104 113 116
7 15 56 94 99 104 113 116
7 15 57 65 86 98 100 120
7 15 57 71 88 104 114 116
7 15 57 73 88 102 114 116
7 15 57 86 89 102 106 116
7 15 57 89 102 114 116 120
7 15 57 89 103 118 122 124
7 15 57 90 107 117 118 124
7 15 57 90 108 113 114 116
7 15 57 92 99 104 114 116
7 15 57 92 99 114 116 120
7 15 58 66 84 100 113 120
7 15 58 70 81 97 116 120
7 15 58 70 88 104 113 116
7 15 58 73 88 102 113 116
7 15 58 76 85 105 114 116
7 15 58 83 88 101 104 116
7 15 58 83 92 101 106 116
7 15 58 85 97 106 116 120
7 15 58 90 102 117 121 124
7 15 58 90 105 117 118 124
7 15 58 92 97 104 114 116
7 15 58 92 98 104 113 116
7 15 58 92 110 115 117 120
7 15 59 67 92 108 113 118
7 15 60 68 88 104 113 114
7 15 60 74 84 104 113 114
7 15 60 74 88 97 114 116
7 15 60 76 83 101 114 120
7 15 60 81 82 99 100 120
7 15 60 82 84 98 104 112
7 15 60 82 84 98 104 113
7 15 60 83 92 102 106 113
7 15 60 83 101 108 114 120
7 15 60 84 88 97 98 112
7 15 60 86 106 113 116 120
7 15 60 89 110 113 114 116
7 15 60 92 100 104 113 114
7 15 60 92 105 113 118 122
7 15 60 92 105 115 116 122
7 15 60 92 105 115 118 120
7 15 60 92 106 113 114 116
7 15 60 92 106 114 117 120
7 15 60 92 107 113 114 116
7 15 60 92 107 117 118 122
7 15 60 92 108 113 118 122
7 15 60 92 108 115 116 122
7 15 60 92 108 115 118 122
7 15 60 92 109 115 118 122
7 15 61 65 82 98 116 120
7 15 61 94 101 106 113 114
7 15 62 66 88 104 113 116
7 15 62 67 88 104 113 116
7 15 62 76 82 98 117 121
7 15 62 81 82 97 100 120
7 15 62 85 90 102 105 113
7 15 62 93 109 115 118 122
7 15 62 94 110 114 117 121
7 15 62 94 110 115 117 121
7 15 67 92 108 113 118 122
7 15 71 105 113 118 122 124
7 15 73 86 106 113 116 120
7 15 76 82 98 113 116 120
7 15 76 84 100 115 121 122
7 15 76 86 106 113 116 120
7 15 76 88 104 113 114 116
7 15 78 81 97 114 116 120
7 15 78 88 104 113 114 116
7 15 81 82 98 108 116 120
7 15 81 97 110 114 116 120
7 15 82 98 108 113 116 120
7 15 83 97 108 114 116 120
7 15 83 108 113 114 116 120
7 15 86 106 114 117 121 124
7 15 90 108 113 114 116 120
7 15 92 101 106 115 116 120
7 15 92 108 113 114 116 120
7 15 92 108 115 116 121 122
7 17 18 28 33 66 100 104
7 17 18 33 44 66 88 100
7 17 18 33 66 76 100 120
7 17 18 33 66 108 116 120
7 17 18 35 76 80 100 104
7 17 18 36 40 66 76 112
7 17 18 36 40 72 80 96
7 17 18 36 40 76 80 96
7 17 18 36 40 76 80 98
7 17 18 36 40 78 80 96
7 17 18 36 40 78 80 97
7 17 18 36 40 79 80 96
7 17 18 36 41 76 80 98
7 17 18 36 66 76 104 112
7 17 18 36 76 80 98 104
7 17 18 36 78 80 97 104
7 17 18 41 76 80 98 100
7 17 18 42 65 76 100 112
7 17 18 44 48 67 68 104
7 17 18 44 67 80 100 104
7 17 18 44 68 73 98 112
7 17 18 44 73 80 98 100
7 17 18 44 73 98 100 112
7 17 18 44 76 98 116 120
7 17 18 44 88 98 100 112
7 17 18 44 88 99 100 112
7 17 18 44 88 100 104 112
7 17 18 44 88 100 106 112
7 17 18 44 88 100 107 112
7 17 18 44 92 100 104 112
7 17 18 45 78 99 116 120
7 17 18 46 77 98 116 120
7 17 18 46 78 97 116 120
7 17 18 46 92 102 105 112
7 17 18 48 80 101 106 108
7 17 18 60 77 102 106 112
7 17 18 66 76 100 104 112
7 17 18 76 80 98 100 104
7 17 18 76 80 99 100 104
7 17 18 78 80 97 100 104
7 17 20 34 40 68 72 112
7 17 20 34 40 76 80 96
7 17 20 40 68 72 98 112
7 17 20 41 78 100 114 120
7 17 20 44 75 100 114 120
7 17 20 44 78 97 114 120
7 17 20 44 88 100 106 112
7 17 20 56 75 102 108 112
7 17 20 56 78 99 108 112
7 17 20 56 78 102 105 112
7 17 22 24 40 72 98 100
7 17 22 41 78 97 114 124
7 17 22 41 78 98 116 120
7 17 22 41 90 102 108 112
7 17 22 42 76 98 116 120
7 17 22 42 77 98 116 120
7 17 22 42 92 98 100 120
7 17 22 42 92 98 108 112
7 17 22 44 73 100 114 120
7 17 22 44 88 100 106 112
7 17 22 46 90 97 108 112
7 17 22 48 80 97 106 108
7 17 22 48 88 97 106 108
7 17 22 56 73 98 108 112
7 17 22 56 74 97 108 112
7 17 22 56 77 102 106 112
7 17 22 56 78 97 108 112
7 17 22 56 78 98 108 112
7 17 22 56 84 97 106 108
7 17 22 56 88 98 100 104
7 17 22 88 97 106 108 112
7 17 24 34 36 68 80 104
7 17 24 34 40 68 72 112
7 17 24 36 66 68 104 112
7 17 24 36 68 80 98 104
7 17 24 36 68 98 104 112
7 17 24 38 40 72 84 98
7 17 24 40 66 72 100 112
7 17 24 40 70 72 98 116
7 17 24 40 70 72 100 112
7 17 24 40 72 98 100 112
7 17 24 40 72 102 114 116
7 17 24 42 76 97 114 116
7 17 24 44 67 104 114 116
7 17 24 44 84 98 104 112
7 17 24 48 80 98 100 104
7 17 24 48 80 102 106 108
7 17 24 48 80 102 106 109
7 17 26 33 66 108 116 120
7 17 26 33 70 108 116 120
7 17 26 34 70 108 116 120
7 17 26 37 78 105 114 116
7 17 26 38 84 98 108 120
7 17 26 38 84 106 108 112
7 17 26 44 84 98 104 112
7 17 26 44 84 100 104 112
7 17 26 48 80 102 105 108
7 17 26 48 88 97 102 108
7 17 26 52 69 106 108 112
7 17 26 52 70 97 108 120
7 17 26 52 78 102 105 112
7 17 26 65 98 108 116 120
7 17 26 70 98 108 116 120
7 17 26 88 97 102 108 112
7 17 28 33 70 98 104 112
7 17 28 34 65 66 100 120
7 17 28 34 66 80 100 104
7 17 28 34 66 100 104 112
7 17 28 34 66 108 116 120
7 17 28 34 67 80 100 104
7 17 28 35 67 108 116 122
7 17 28 36 68 106 114 120
7 17 28 38 65 66 104 112
7 17 28 38 73 100 114 120
7 17 28 38 74 97 116 120
7 17 28 38 84 97 106 120
7 17 28 38 84 105 106 112
7 17 28 38 90 100 104 112
7 17 28 40 72 98 100 112
7 17 28 42 88 97 102 112
7 17 28 42 88 98 100 112
7 17 28 42 88 98 101 112
7 17 28 44 67 100 114 120
7 17 28 44 68 72 98 112
7 17 28 44 82 100 104 112
7 17 28 44 84 98 104 112
7 17 28 48 80 98 100 104
7 17 28 48 80 102 106 108
7 17 28 48 80 102 106 109
7 17 28 48 82 98 100 104
7 17 28 48 82 102 106 108
7 17 28 48 84 102 105 106
7 17 28 48 88 98 100 104
7 17 28 50 67 100 104 112
7 17 28 50 69 106 108 112
7 17 28 50 78 100 104 112
7 17 28 50 82 101 105 110
7 17 28 50 88 98 100 104
7 17 28 52 67 106 108 112
7 17 28 52 73 102 106 112
7 17 28 52 74 100 104 112
7 17 28 52 78 97 106 112
7 17 28 52 88 97 102 106
7 17 28 52 88 98 100 104
7 17 28 65 82 98 100 104
7 17 28 67 80 98 100 104
7 17 28 82 98 100 104 112
7 17 28 82 102 106 108 112
7 17 28 84 102 105 106 112
7 17 28 88 98 100 104 112
7 17 30 33 65 102 122 124
7 17 30 33 66 100 104 112
7 17 30 35 67 108 116 120
7 17 30 38 73 98 116 120
7 17 30 38 92 98 104 112
7 17 30 40 72 98 100 112
7 17 30 44 68 72 98 112
7 17 30 44 84 98 104 112
7 17 30 48 80 98 100 104
7 17 30 48 80 102 106 108
7 17 30 48 88 98 100 104
7 17 30 48 92 98 100 104
7 17 30 50 69 106 108 112
7 17 30 50 78 100 104 112
7 17 30 50 92 98 100 104
7 17 30 52 88 98 100 104
7 17 30 56 73 98 100 112
7 17 30 65 80 98 100 104
7 17 30 65 98 100 104 112
7 17 30 65 98 108 116 120
7 17 30 88 98 100 104 112
7 17 30 92 98 100 104 112
7 17 33 34 66 76 116 120
7 17 33 42 66 76 84 112
7 17 33 42 76 82 116 120
7 17 33 42 76 84 98 112
7 17 33 42 76 88 114 116
7 17 33 44 48 70 74 80
7 17 33 44 70 88 98 112
7 17 33 44 78 84 114 120
7 17 33 46 66 68 88 112
7 17 33 46 67 92 116 122
7 17 33 46 76 82 116 120
7 17 33 46 76 84 114 120
7 17 33 46 78 82 116 120
7 17 33 46 84 88 98 112
7 17 33 46 86 90 108 112
7 17 33 48 78 82 100 104
7 17 33 50 66 76 84 104
7 17 33 52 74 84 98 120
7 17 33 54 76 84 106 120
7 17 33 56 70 74 100 112
7 17 33 56 70 82 100 104
7 17 33 56 70 88 98 100
7 17 33 58 70 76 116 120
7 17 33 60 70 90 108 114
7 17 33 60 74 84 98 112
7 17 33 60 74 84 98 120
7 17 33 60 74 84 104 114
7 17 33 62 66 68 72 112
7 17 33 62 74 84 104 112
7 17 33 62 76 82 100 120
7 17 33 65 78 118 122 124
7 17 33 65 110 118 122 124
7 17 34 36 65 94 104 112
7 17 34 36 68 88 104 112
7 17 34 44 48 65 70 88
7 17 34 44 65 70 88 112
7 17 34 44 65 82 100 120
7 17 34 44 65 90 100 112
7 17 34 44 70 88 97 112
7 17 34 44 73 82 100 112
7 17 34 44 84 88 104 112
7 17 34 48 68 72 80 96
7 17 34 48 70 88 97 108
7 17 34 48 76 80 100 104
7 17 34 52 65 66 76 120
7 17 34 52 66 88 108 112
7 17 34 52 76 88 104 112
7 17 34 56 65 76 82 100
7 17 34 56 65 78 100 112
7 17 34 56 68 72 80 96
7 17 34 56 68 88 104 112
7 17 34 56 70 73 100 112
7 17 34 56 74 84 100 112
7 17 34 56 74 84 108 112
7 17 34 60 65 78 116 120
7 17 34 60 68 72 80 96
7 17 34 60 69 74 116 120
7 17 34 65 66 76 116 120
7 17 34 65 66 108 116 120
7 17 34 65 76 82 100 120
7 17 34 65 82 108 116 120
7 17 34 65 94 100 104 112
7 17 34 66 92 100 104 112
7 17 34 66 92 108 116 120
7 17 34 70 88 97 108 112
7 17 35 52 76 90 100 120
7 17 35 56 78 84 108 112
7 17 35 60 69 78 114 120
7 17 35 60 78 82 105 116
7 17 35 60 78 86 97 120
7 17 35 77 82 110 116 120
7 17 36 66 68 88 104 112
7 17 36 68 88 98 104 112
7 17 37 50 78 82 105 124
7 17 37 52 78 88 106 112
7 17 37 58 78 82 97 124
7 17 37 58 78 82 105 116
7 17 37 67 92 110 114 120
7 17 38 41 66 68 88 112
7 17 38 42 82 92 108 112
7 17 38 42 90 92 100 112
7 17 38 44 84 90 97 120
7 17 38 44 84 90 104 112
7 17 38 48 74 80 97 108
7 17 38 48 84 88 98 105
7 17 38 48 90 92 100 104
7 17 38 50 90 92 100 104
7 17 38 52 76 90 104 112
7 17 38 56 65 66 76 112
7 17 38 56 66 76 80 96
7 17 38 56 66 76 80 97
7 17 38 56 67 88 108 112
7 17 38 56 67 94 108 112
7 17 38 56 68 72 80 96
7 17 38 56 69 92 106 112
7 17 38 56 73 82 108 112
7 17 38 56 73 88 98 116
7 17 38 56 73 92 98 112
7 17 38 56 73 94 100 112
7 17 38 56 74 84 97 112
7 17 38 56 74 84 104 112
7 17 38 56 74 84 105 112
7 17 38 56 74 84 108 112
7 17 38 56 74 84 109 112
7 17 38 56 74 88 101 112
7 17 38 56 74 92 97 112
7 17 38 56 74 92 100 112
7 17 38 56 75 84 108 112
7 17 38 56 75 92 100 112
7 17 38 56 76 88 98 112
7 17 38 56 77 84 106 112
7 17 38 56 77 86 106 112
7 17 38 56 77 88 98 112
7 17 38 56 77 90 98 116
7 17 38 56 77 94 98 112
7 17 38 56 78 84 105 112
7 17 38 56 78 92 97 112
7 17 38 56 84 88 98 104
7 17 38 56 84 88 98 105
7 17 38 56 84 90 97 108
7 17 38 58 70 92 104 112
7 17 38 60 73 90 98 116
7 17 38 60 74 92 97 112
7 17 38 60 74 92 97 114
7 17 38 60 82 92 97 106
7 17 38 65 90 108 116 120
7 17 38 66 68 88 104 112
7 17 38 66 88 100 104 112
7 17 38 73 92 100 114 120
7 17 38 73 94 98 116 120
7 17 38 77 90 98 116 120
7 17 38 84 88 98 105 112
7 17 38 84 90 97 108 120
7 17 38 88 98 100 104 112
7 17 38 90 92 100 104 112
7 17 38 90 98 108 116 120
7 17 38 92 98 105 116 120
7 17 40 52 69 74 88 98
7 17 40 52 74 88 98 100
7 17 40 52 76 88 98 112
7 17 40 54 65 74 76 112
7 17 40 54 74 76 97 112
7 17 41 48 70 88 98 100
7 17 41 48 78 80 98 100
7 17 41 50 66 76 80 100
7 17 41 50 70 92 106 116
7 17 41 94 97 118 122 124
7 17 42 44 65 72 86 112
7 17 42 44 86 88 97 112
7 17 42 48 73 84 98 100
7 17 42 48 82 92 100 104
7 17 42 48 84 88 98 100
7 17 42 48 84 88 98 108
7 17 42 48 84 88 98 109
7 17 42 48 86 88 97 108
7 17 42 50 70 92 100 120
7 17 42 50 78 92 100 112
7 17 42 52 66 68 88 96
7 17 42 52 67 88 108 112
7 17 42 52 67 92 104 112
7 17 42 52 67 92 108 112
7 17 42 52 69 88 98 112
7 17 42 52 69 90 108 112
7 17 42 52 69 92 98 120
7 17 42 52 69 92 104 114
7 17 42 52 69 94 98 120
7 17 42 52 70 92 97 120
7 17 42 52 70 92 105 112
7 17 42 52 71 88 104 112
7 17 42 52 73 84 98 112
7 17 42 52 73 84 98 120
7 17 42 52 73 88 102 112
7 17 42 52 73 92 98 112
7 17 42 52 74 88 100 112
7 17 42 52 74 88 101 112
7 17 42 52 76 82 97 120
7 17 42 52 76 82 100 120
7 17 42 52 76 84 98 120
7 17 42 52 76 88 98 112
7 17 42 52 77 84 98 120
7 17 42 52 77 88 98 112
7 17 42 52 77 92 98 112
7 17 42 52 78 88 97 112
7 17 42 52 82 88 97 108
7 17 42 52 82 92 100 104
7 17 42 52 84 88 97 98
7 17 42 52 84 88 98 104
7 17 42 52 84 88 98 105
7 17 42 52 84 88 98 108
7 17 42 52 84 88 98 109
7 17 42 56 76 82 97 116
7 17 42 56 84 88 98 100
7 17 42 56 84 88 98 101
7 17 42 65 76 114 116 120
7 17 42 65 82 108 116 120
7 17 42 65 84 88 98 100
7 17 42 65 84 98 100 120
7 17 42 65 92 98 100 112
7 17 42 65 92 98 116 120
7 17 42 65 92 100 114 120
7 17 42 65 92 104 114 116
7 17 42 66 92 97 116 120
7 17 42 69 92 98 116 120
7 17 42 70 92 97 116 120
7 17 42 73 84 98 100 112
7 17 42 76 82 97 116 120
7 17 42 76 88 97 114 116
7 17 42 76 97 114 116 120
7 17 42 82 88 97 108 116
7 17 42 82 92 100 104 112
7 17 42 82 97 108 116 120
7 17 42 84 88 98 100 112
7 17 42 84 88 98 108 112
7 17 42 84 88 98 109 112
7 17 42 86 88 97 108 112
7 17 42 92 97 98 116 120
7 17 43 52 78 82 101 120
7 17 44 48 67 82 100 104
7 17 44 48 70 74 80 96
7 17 44 48 70 74 80 97
7 17 44 48 70 88 97 98
7 17 44 48 82 88 100 104
7 17 44 48 82 92 100 104
7 17 44 48 84 88 98 104
7 17 44 50 67 88 104 116
7 17 44 50 67 92 100 120
7 17 44 50 67 92 104 112
7 17 44 50 68 72 80 96
7 17 44 50 69 90 104 116
7 17 44 50 69 92 106 112
7 17 44 50 73 94 100 112
7 17 44 50 74 92 100 112
7 17 44 50 75 84 100 120
7 17 44 50 75 92 100 112
7 17 44 50 76 84 98 120
7 17 44 50 78 84 97 120
7 17 44 50 84 88 98 104
7 17 44 52 74 88 100 112
7 17 44 52 76 88 98 112
7 17 44 52 76 90 98 112
7 17 44 52 78 88 97 114
7 17 44 52 82 88 100 104
7 17 44 52 84 88 98 104
7 17 44 52 84 90 98 104
7 17 44 52 86 88 97 106
7 17 44 56 73 86 98 112
7 17 44 56 82 84 98 104
7 17 44 65 70 88 98 112
7 17 44 65 78 114 116 120
7 17 44 65 82 98 116 120
7 17 44 65 90 102 116 120
7 17 44 65 94 98 116 120
7 17 44 65 94 100 114 120
7 17 44 67 88 104 114 116
7 17 44 67 92 100 114 120
7 17 44 69 90 104 114 116
7 17 44 70 88 97 98 112
7 17 44 74 84 100 114 120
7 17 44 75 84 100 114 120
7 17 44 76 82 98 116 120
7 17 44 78 84 97 114 120
7 17 44 82 88 100 104 112
7 17 44 82 92 100 104 112
7 17 44 84 88 98 104 112
7 17 44 84 90 97 102 120
7 17 44 84 100 106 114 120
7 17 45 50 67 78 116 120
7 17 45 94 97 118 122 124
7 17 45 94 99 114 116 120
7 17 45 94 99 118 122 124
7 17 46 48 82 88 97 108
7 17 46 48 82 92 100 104
7 17 46 48 82 92 102 105
7 17 46 48 84 88 97 98
7 17 46 48 84 88 98 104
7 17 46 48 84 88 98 105
7 17 46 48 84 88 98 108
7 17 46 48 84 88 98 109
7 17 46 48 84 88 99 108
7 17 46 48 84 88 102 105
7 17 46 48 84 90 97 108
7 17 46 48 86 90 97 108
7 17 46 50 69 92 106 112
7 17 46 50 78 84 97 120
7 17 46 50 82 92 100 104
7 17 46 50 82 92 101 105
7 17 46 50 84 90 97 108
7 17 46 52 78 88 97 112
7 17 46 65 78 114 116 120
7 17 46 65 88 104 114 116
7 17 46 65 92 98 116 120
7 17 46 65 92 100 114 120
7 17 46 65 92 102 114 120
7 17 46 65 94 98 116 120
7 17 46 66 92 97 116 120
7 17 46 67 92 97 116 122
7 17 46 67 92 105 114 116
7 17 46 69 82 106 116 120
7 17 46 69 90 98 116 120
7 17 46 73 84 100 114 120
7 17 46 76 82 98 116 120
7 17 46 77 82 98 116 120
7 17 46 77 82 99 116 120
7 17 46 78 82 97 116 120
7 17 46 78 97 114 116 120
7 17 46 82 84 102 105 120
7 17 46 82 88 97 108 112
7 17 46 82 92 97 102 120
7 17 46 82 92 100 104 112
7 17 46 82 92 102 105 112
7 17 46 84 88 97 98 112
7 17 46 84 88 98 104 112
7 17 46 84 88 98 105 112
7 17 46 84 88 98 108 112
7 17 46 84 88 98 109 112
7 17 46 84 88 99 108 112
7 17 46 84 88 102 105 112
7 17 46 84 90 97 108 112
7 17 46 86 90 97 108 112
7 17 46 94 108 114 116 120
7 17 48 66 76 80 100 104
7 17 48 67 78 80 100 104
7 17 48 70 74 80 97 108
7 17 48 76 80 98 100 104
7 17 48 78 80 98 100 104
7 17 48 80 97 102 106 108
7 17 48 86 88 97 106 108
7 17 50 52 78 88 102 105
7 17 50 56 78 84 97 108
7 17 50 56 78 84 100 104
7 17 50 56 78 92 98 100
7 17 50 60 69 78 106 112
7 17 50 65 74 108 116 120
7 17 50 65 78 108 116 120
7 17 50 65 94 100 104 112
7 17 50 66 76 80 100 104
7 17 50 66 76 100 104 112
7 17 50 66 92 100 104 112
7 17 50 67 92 100 104 112
7 17 50 67 92 105 110 116
7 17 50 69 92 106 108 112
7 17 50 69 94 106 108 112
7 17 50 70 88 97 108 112
7 17 50 70 88 105 108 112
7 17 50 73 88 102 108 112
7 17 50 74 84 97 108 120
7 17 50 74 88 97 108 116
7 17 50 74 92 100 104 112
7 17 50 75 92 102 108 112
7 17 50 76 88 98 104 116
7 17 50 78 82 101 105 124
7 17 50 78 84 97 108 120
7 17 50 78 88 97 108 112
7 17 50 78 92 100 104 112
7 17 50 78 98 108 116 120
7 17 50 82 92 101 105 110
7 17 50 82 97 108 116 120
7 17 50 82 101 105 110 124
7 17 50 84 88 97 106 108
7 17 50 84 97 106 108 112
7 17 50 84 97 106 108 120
7 17 50 92 98 100 104 112
7 17 50 92 98 108 116 120
7 17 50 92 102 106 108 112
7 17 50 94 98 108 116 120
7 17 50 94 99 109 116 120
7 17 52 56 67 78 108 112
7 17 52 56 69 74 98 112
7 17 52 56 69 78 106 112
7 17 52 56 73 78 98 112
7 17 52 56 74 76 98 112
7 17 52 56 74 76 100 112
7 17 52 56 74 77 98 112
7 17 52 56 77 78 98 112
7 17 52 56 77 82 99 110
7 17 52 56 78 82 97 108
7 17 52 56 78 82 98 108
7 17 52 56 78 84 97 106
7 17 52 56 78 84 98 104
7 17 52 56 78 84 98 105
7 17 52 56 78 88 97 98
7 17 52 56 78 92 97 98
7 17 52 66 88 100 104 112
7 17 52 67 88 106 108 112
7 17 52 67 92 106 108 112
7 17 52 68 88 98 104 112
7 17 52 69 90 106 108 112
7 17 52 70 88 98 105 112
7 17 52 70 88 106 108 112
7 17 52 70 88 106 109 112
7 17 52 73 92 102 106 112
7 17 52 74 84 97 98 120
7 17 52 74 84 98 105 112
7 17 52 74 84 98 105 120
7 17 52 74 84 98 108 120
7 17 52 74 84 98 109 120
7 17 52 74 88 100 104 112
7 17 52 74 92 100 104 112
7 17 52 76 82 100 106 120
7 17 52 76 88 98 104 112
7 17 52 77 82 99 110 120
7 17 52 84 105 110 114 120
7 17 52 88 98 100 104 112
7 17 52 88 102 106 108 112
7 17 52 88 102 106 109 112
7 17 52 92 97 110 114 120
7 17 52 92 100 106 114 120
7 17 52 92 102 105 106 112
7 17 54 65 88 106 108 112
7 17 54 76 88 98 104 112
7 17 54 90 97 108 116 120
7 17 54 90 98 108 116 120
7 17 54 90 99 109 116 120
7 17 54 90 101 105 114 124
7 17 54 94 107 109 116 120
7 17 56 65 70 88 98 100
7 17 56 65 74 84 98 100
7 17 56 65 78 80 98 100
7 17 56 65 78 98 100 112
7 17 56 66 88 100 104 112
7 17 56 66 92 100 104 112
7 17 56 67 88 102 108 112
7 17 56 70 73 80 98 100
7 17 56 70 73 98 100 112
7 17 56 70 80 98 100 104
7 17 56 70 88 98 100 112
7 17 56 70 88 98 104 116
7 17 56 70 88 98 105 116
7 17 56 70 88 98 108 112
7 17 56 70 88 98 109 112
7 17 56 70 88 99 108 112
7 17 56 70 88 100 104 112
7 17 56 73 82 102 108 112
7 17 56 73 86 98 108 112
7 17 56 73 94 98 100 112
7 17 56 74 84 98 100 112
7 17 56 74 84 98 108 112
7 17 56 74 84 98 109 112
7 17 56 74 84 100 104 112
7 17 56 74 84 102 104 112
7 17 56 74 84 102 105 112
7 17 56 75 84 102 108 112
7 17 56 76 82 98 104 116
7 17 56 76 82 100 104 112
7 17 56 77 84 102 106 112
7 17 56 78 84 102 105 112
7 17 56 82 102 105 108 112
7 17 56 84 90 97 102 108
7 17 56 88 97 110 114 116
7 17 56 88 98 100 104 112
7 17 56 88 99 102 108 112
7 17 56 88 102 104 114 116
7 17 56 88 105 110 114 116
7 17 56 92 97 102 106 112
7 17 56 92 98 100 104 112
7 17 56 94 98 100 104 112
7 17 58 65 92 102 108 112
7 17 58 65 92 102 108 114
7 17 58 66 84 100 104 112
7 17 58 66 92 100 104 112
7 17 58 67 92 97 110 116
7 17 58 67 92 102 108 112
7 17 58 70 88 98 108 116
7 17 58 70 92 100 104 112
7 17 58 73 84 102 108 112
7 17 58 76 84 98 100 120
7 17 58 79 109 114 116 120
7 17 58 90 97 108 116 120
7 17 58 90 103 109 116 120
7 17 58 92 97 110 114 116
7 17 58 92 98 100 104 112
7 17 58 92 102 105 114 116
7 17 58 92 105 110 114 116
7 17 58 94 98 108 116 120
7 17 58 94 99 109 116 120
7 17 58 94 101 105 114 116
7 17 58 94 101 105 114 124
7 17 58 94 102 108 116 120
7 17 60 65 74 98 116 120
7 17 60 65 78 98 116 120
7 17 60 65 88 102 106 112
7 17 60 65 92 102 106 112
7 17 60 65 92 102 106 114
7 17 60 65 94 102 106 112
7 17 60 66 88 100 104 112
7 17 60 66 92 100 104 112
7 17 60 68 88 98 104 112
7 17 60 69 74 98 116 120
7 17 60 69 82 102 106 120
7 17 60 70 88 97 106 112
7 17 60 70 88 98 104 112
7 17 60 70 88 98 105 112
7 17 60 70 88 98 105 116
7 17 60 70 88 100 106 112
7 17 60 70 92 97 106 114
7 17 60 73 84 102 106 112
7 17 60 74 84 97 98 112
7 17 60 74 84 97 98 120
7 17 60 74 84 98 100 120
7 17 60 74 84 98 104 112
7 17 60 74 84 98 105 112
7 17 60 74 84 98 108 112
7 17 60 74 84 98 109 112
7 17 60 74 84 100 104 112
7 17 60 74 84 100 104 114
7 17 60 74 84 102 105 112
7 17 60 76 82 98 100 120
7 17 60 76 82 98 104 112
7 17 60 76 82 100 104 112
7 17 60 76 82 100 106 112
7 17 60 76 82 102 106 112
7 17 60 77 82 102 106 112
7 17 60 78 97 98 116 120
7 17 60 78 97 114 116 120
7 17 60 78 106 114 116 120
7 17 60 78 108 114 116 120
7 17 60 79 99 114 116 120
7 17 60 82 92 97 102 106
7 17 60 86 106 108 114 120
7 17 60 86 107 109 114 120
7 17 60 90 98 108 116 120
7 17 60 90 102 108 116 120
7 17 60 92 97 102 106 112
7 17 60 92 97 102 106 114
7 17 60 92 97 106 118 120
7 17 60 92 97 110 114 120
7 17 60 92 97 110 116 122
7 17 60 92 97 110 118 122
7 17 60 92 98 100 104 112
7 17 60 92 98 108 116 120
7 17 60 92 100 106 114 120
7 17 60 92 101 106 114 120
7 17 60 92 102 105 116 122
7 17 60 92 102 106 114 120
7 17 60 92 105 110 114 116
7 17 60 94 98 100 104 112
7 17 60 94 98 108 116 120
7 17 62 66 88 100 104 112
7 17 62 66 92 100 104 112
7 17 62 70 88 98 108 112
7 17 62 70 88 100 104 112
7 17 62 74 84 98 100 120
7 17 62 76 82 100 104 112
7 17 62 79 97 114 116 120
7 17 62 79 97 118 122 124
7 17 62 79 105 114 116 120
7 17 62 79 109 114 116 120
7 17 62 94 98 100 104 112
7 17 62 94 98 108 116 120
7 17 62 94 99 109 116 120
7 17 62 94 101 105 114 120
7 17 62 94 101 105 114 124
7 17 65 70 88 98 108 112
7 17 65 74 84 98 100 120
7 17 65 78 108 114 116 120
7 17 65 82 98 108 116 120
7 17 65 90 98 108 116 120
7 17 65 90 102 108 116 120
7 17 65 94 98 100 104 112
7 17 65 94 98 108 116 120
7 17 67 92 97 110 116 122
7 17 67 92 105 110 114 116
7 17 70 88 97 98 108 112
7 17 77 82 99 110 116 120
7 17 78 84 97 108 114 120
7 17 84 90 97 102 108 120
7 17 86 88 97 106 108 112
7 17 92 97 110 114 116 120
7 18 20 33 40 74 80 100
7 18 20 33 42 65 88 100
7 18 20 33 65 74 100 120
7 18 20 33 73 80 102 104
7 18 20 33 74 80 100 104
7 18 20 34 68 73 104 112
7 18 20 40 74 80 97 100
7 18 20 44 74 100 113 120
7 18 20 44 76 98 113 120
7 18 20 56 74 97 100 112
7 18 20 56 74 100 105 112
7 18 20 56 75 101 110 112
7 18 20 56 78 102 105 112
7 18 20 74 80 97 100 104
7 18 21 38 92 98 105 120
7 18 21 42 70 105 116 120
7 18 21 42 77 98 116 120
7 18 21 42 92 98 105 116
7 18 21 42 92 102 105 112
7 18 21 46 92 98 105 112
7 18 21 56 78 102 105 112
7 18 24 48 80 101 106 108
7 18 25 38 70 105 116 120
7 18 25 38 78 97 116 120
7 18 25 38 84 101 106 120
7 18 25 44 88 98 100 112
7 18 28 33 65 98 116 120
7 18 28 33 65 106 116 120
7 18 28 33 65 110 116 120
7 18 28 33 66 80 100 104
7 18 28 33 66 100 104 112
7 18 28 34 68 97 104 112
7 18 28 34 76 97 116 120
7 18 28 35 67 108 116 120
7 18 28 35 77 98 116 120
7 18 28 35 84 105 110 112
7 18 28 38 70 105 113 120
7 18 28 38 74 97 116 120
7 18 28 38 84 97 106 120
7 18 28 38 84 105 106 112
7 18 28 48 80 102 106 109
7 18 28 48 81 102 106 109
7 18 28 48 84 102 105 106
7 18 28 49 77 102 106 112
7 18 28 52 71 105 106 112
7 18 28 52 73 102 106 112
7 18 28 52 78 97 106 112
7 18 28 52 88 97 102 106
7 18 28 56 74 97 100 112
7 18 28 65 66 100 104 112
7 18 28 66 80 97 100 104
7 18 28 66 97 100 104 112
7 18 28 81 102 106 109 112
7 18 28 84 102 105 106 112
7 18 29 38 74 97 116 120
7 18 33 36 66 92 104 112
7 18 33 44 65 84 88 98
7 18 33 44 65 84 98 120
7 18 33 44 66 68 88 112
7 18 33 44 66 88 100 112
7 18 33 44 84 88 98 112
7 18 33 48 70 76 80 104
7 18 33 48 76 80 100 106
7 18 33 48 84 88 98 108
7 18 33 52 65 88 98 108
7 18 33 52 65 88 110 112
7 18 33 52 69 88 106 112
7 18 33 56 66 76 80 100
7 18 33 56 66 76 100 112
7 18 33 56 73 84 110 112
7 18 33 56 73 92 102 112
7 18 33 56 74 84 108 112
7 18 33 56 76 88 98 116
7 18 33 56 84 88 98 108
7 18 33 65 76 98 116 120
7 18 33 65 84 88 98 108
7 18 33 65 84 98 108 120
7 18 33 65 92 106 116 120
7 18 33 65 92 110 116 120
7 18 33 65 98 108 116 120
7 18 33 66 92 100 104 112
7 18 33 84 88 98 108 112
7 18 34 44 65 68 88 112
7 18 34 44 68 72 81 112
7 18 34 44 68 81 104 112
7 18 34 44 76 84 113 120
7 18 34 44 81 88 100 112
7 18 34 44 84 88 97 112
7 18 34 45 67 92 116 120
7 18 34 45 70 89 116 120
7 18 34 45 78 81 116 120
7 18 34 52 68 73 104 112
7 18 34 52 76 84 105 120
7 18 34 56 69 88 100 112
7 18 34 56 76 81 100 112
7 18 34 56 76 88 97 116
7 18 34 60 65 68 72 112
7 18 34 60 65 78 116 120
7 18 34 60 66 77 116 120
7 18 34 60 66 77 116 121
7 18 34 60 69 74 116 120
7 18 34 60 69 74 116 121
7 18 34 60 70 77 113 120
7 18 34 60 70 89 101 120
7 18 34 60 73 84 104 112
7 18 34 60 76 84 97 120
7 18 34 60 76 88 97 112
7 18 34 60 78 85 105 112
7 18 35 52 77 84 106 120
7 18 35 56 77 84 110 112
7 18 35 60 77 84 98 120
7 18 35 60 77 84 106 112
7 18 35 60 78 84 105 112
7 18 36 40 66 92 97 112
7 18 36 41 66 68 88 112
7 18 36 56 65 66 76 112
7 18 36 56 65 76 98 112
7 18 36 56 66 68 73 112
7 18 36 56 66 76 97 112
7 18 36 56 74 84 105 112
7 18 36 66 73 84 104 112
7 18 36 66 76 81 104 112
7 18 36 66 92 97 104 112
7 18 37 42 89 92 98 116
7 18 37 52 78 88 106 112
7 18 37 56 74 84 108 112
7 18 37 56 74 88 100 112
7 18 37 56 74 92 100 112
7 18 37 56 75 84 110 112
7 18 37 56 75 92 102 112
7 18 37 60 74 89 98 116
7 18 37 60 74 92 98 113
7 18 37 65 92 106 116 120
7 18 37 66 88 100 104 112
7 18 38 41 70 92 113 120
7 18 38 49 70 92 105 120
7 18 38 49 77 84 106 120
7 18 38 49 77 92 98 120
7 18 38 56 69 92 106 112
7 18 38 56 75 92 101 112
7 18 38 56 77 84 106 112
7 18 38 56 77 84 106 113
7 18 38 56 78 84 105 112
7 18 38 56 78 85 105 112
7 18 38 56 78 92 97 112
7 18 38 57 77 84 98 120
7 18 38 60 74 92 97 112
7 18 38 66 92 105 116 120
7 18 38 66 92 105 117 120
7 18 38 66 92 109 113 120
7 18 38 70 92 105 113 120
7 18 38 74 84 109 113 120
7 18 38 74 109 113 116 120
7 18 38 77 84 106 113 120
7 18 38 77 92 98 113 120
7 18 38 85 92 98 105 120
7 18 38 92 98 105 116 120
7 18 38 92 98 105 117 120
7 18 38 92 98 109 113 120
7 18 39 56 77 84 106 112
7 18 39 56 78 84 105 112
7 18 40 49 66 76 88 100
7 18 40 52 66 76 88 97
7 18 40 66 76 88 97 116
7 18 41 48 84 88 98 108
7 18 41 52 67 92 110 112
7 18 41 52 70 88 104 112
7 18 41 56 74 84 100 112
7 18 41 84 88 98 108 112
7 18 42 48 65 76 80 100
7 18 42 49 70 77 116 120
7 18 42 49 70 92 105 116
7 18 42 52 69 92 98 120
7 18 42 52 69 92 98 121
7 18 42 52 70 77 113 120
7 18 42 52 70 89 101 120
7 18 42 52 70 92 97 120
7 18 42 52 70 92 105 112
7 18 42 52 77 84 98 120
7 18 42 52 77 84 98 121
7 18 42 52 77 84 99 120
7 18 42 52 77 92 98 112
7 18 42 52 77 92 98 113
7 18 42 52 89 92 98 101
7 18 42 53 70 92 105 112
7 18 42 53 77 84 98 120
7 18 42 69 92 98 116 120
7 18 42 69 92 98 116 121
7 18 42 70 77 113 116 120
7 18 42 70 92 97 116 120
7 18 44 48 65 74 80 100
7 18 44 48 65 88 98 100
7 18 44 48 67 80 100 104
7 18 44 48 73 80 98 100
7 18 44 48 74 80 97 100
7 18 44 48 81 88 98 100
7 18 44 48 81 88 100 106
7 18 44 48 84 88 97 98
7 18 44 48 84 88 98 105
7 18 44 49 70 88 104 112
7 18 44 49 74 84 100 120
7 18 44 49 74 88 100 112
7 18 44 49 74 92 100 112
7 18 44 52 73 84 98 120
7 18 44 52 76 81 98 120
7 18 44 52 76 88 98 113
7 18 44 52 84 88 98 105
7 18 44 56 69 88 98 112
7 18 44 56 74 84 97 112
7 18 44 56 76 81 98 112
7 18 44 56 81 88 98 100
7 18 44 56 84 88 97 98
7 18 44 65 66 88 100 112
7 18 44 65 68 88 98 112
7 18 44 65 88 98 100 112
7 18 44 66 68 88 97 112
7 18 44 66 76 113 116 120
7 18 44 66 88 97 100 112
7 18 44 66 88 104 113 116
7 18 44 66 92 97 116 120
7 18 44 66 92 100 113 120
7 18 44 68 88 97 98 112
7 18 44 74 84 100 113 120
7 18 44 76 81 98 116 120
7 18 44 76 84 98 113 120
7 18 44 76 98 113 116 120
7 18 44 81 88 98 100 112
7 18 44 81 88 100 106 112
7 18 44 84 88 97 98 112
7 18 44 84 88 98 105 112
7 18 44 88 97 98 100 112
7 18 45 48 81 92 102 106
7 18 45 48 84 88 98 108
7 18 45 48 84 88 99 110
7 18 45 67 92 98 116 120
7 18 45 70 89 98 116 120
7 18 45 78 81 98 116 120
7 18 45 81 92 102 106 112
7 18 45 84 88 98 108 112
7 18 45 84 88 99 110 112
7 18 46 48 84 88 98 109
7 18 46 48 84 88 99 109
7 18 46 48 84 88 102 105
7 18 46 49 70 92 105 112
7 18 46 49 77 84 98 120
7 18 46 52 78 88 97 112
7 18 46 65 92 98 116 120
7 18 46 66 92 97 116 120
7 18 46 84 88 98 109 112
7 18 46 84 88 99 109 112
7 18 46 84 88 102 105 112
7 18 46 93 98 113 116 120
7 18 46 93 106 113 116 120
7 18 48 65 76 80 100 106
7 18 48 67 76 80 100 104
7 18 48 69 76 80 98 104
7 18 48 70 76 80 97 104
7 18 48 76 80 97 100 106
7 18 48 81 92 102 106 109
7 18 48 84 88 97 98 108
7 18 48 84 88 98 105 108
7 18 48 84 88 99 109 110
7 18 49 52 70 77 106 120
7 18 49 56 74 76 100 112
7 18 49 56 77 84 102 106
7 18 49 60 70 77 98 120
7 18 49 60 70 77 106 112
7 18 49 60 70 92 98 105
7 18 49 66 76 80 100 104
7 18 49 66 76 100 104 112
7 18 49 66 92 100 104 112
7 18 49 92 99 110 116 120
7 18 52 56 67 77 110 112
7 18 52 56 69 78 106 112
7 18 52 56 73 76 98 112
7 18 52 56 73 84 98 108
7 18 52 56 77 78 98 112
7 18 52 56 77 78 99 112
7 18 52 56 77 84 99 106
7 18 52 56 78 81 98 109
7 18 52 56 78 84 97 106
7 18 52 56 78 84 98 105
7 18 52 56 78 92 97 98
7 18 52 66 92 97 104 112
7 18 52 67 92 105 110 112
7 18 52 70 77 106 113 120
7 18 52 70 88 105 108 112
7 18 52 70 88 106 109 112
7 18 52 70 88 106 109 113
7 18 52 70 106 109 113 120
7 18 52 71 92 105 106 112
7 18 52 73 84 98 108 120
7 18 52 73 92 102 106 112
7 18 52 76 84 98 105 120
7 18 52 77 84 99 106 120
7 18 52 81 88 102 106 109
7 18 52 84 88 98 105 108
7 18 52 84 88 99 106 109
7 18 52 84 98 105 108 120
7 18 52 84 99 106 109 120
7 18 52 88 102 106 109 112
7 18 52 88 102 106 109 113
7 18 52 92 102 105 106 112
7 18 52 92 102 107 113 120
7 18 56 65 66 76 100 112
7 18 56 65 76 80 98 100
7 18 56 65 76 98 100 112
7 18 56 65 88 98 108 116
7 18 56 66 76 80 97 100
7 18 56 66 76 97 100 112
7 18 56 69 88 98 100 112
7 18 56 69 88 98 108 112
7 18 56 69 88 100 106 112
7 18 56 74 84 97 100 112
7 18 56 74 84 97 108 112
7 18 56 74 84 100 105 112
7 18 56 74 92 97 100 112
7 18 56 75 84 101 110 112
7 18 56 75 84 102 109 112
7 18 56 76 80 97 98 100
7 18 56 76 81 98 100 112
7 18 56 76 81 100 106 112
7 18 56 76 88 97 98 116
7 18 56 77 84 102 106 112
7 18 56 77 84 102 106 113
7 18 56 78 84 102 105 112
7 18 56 84 88 97 98 108
7 18 56 88 97 98 108 116
7 18 56 88 98 101 108 112
7 18 56 88 98 108 113 116
7 18 57 78 102 113 116 120
7 18 60 65 78 98 116 120
7 18 60 65 92 102 106 112
7 18 60 69 74 98 116 120
7 18 60 69 74 98 116 121
7 18 60 70 77 98 113 120
7 18 60 70 85 98 105 120
7 18 60 70 88 98 105 116
7 18 60 70 92 98 105 113
7 18 60 73 84 102 106 112
7 18 60 74 84 98 101 121
7 18 60 74 84 98 109 112
7 18 60 74 84 98 109 113
7 18 60 74 84 102 105 112
7 18 60 75 102 113 116 120
7 18 60 78 97 98 116 120
7 18 60 78 98 113 116 120
7 18 60 78 99 113 116 120
7 18 60 78 106 113 116 120
7 18 60 79 98 113 116 120
7 18 60 79 106 113 116 120
7 18 60 79 110 113 116 120
7 18 60 85 99 106 116 120
7 18 60 85 107 110 116 120
7 18 60 89 99 110 116 120
7 18 60 89 102 106 113 116
7 18 60 92 97 98 116 120
7 18 60 92 97 102 106 112
7 18 60 92 97 106 116 120
7 18 60 92 97 110 116 120
7 18 60 92 98 105 116 120
7 18 60 92 98 109 116 120
7 18 60 92 99 106 113 116
7 18 60 92 99 106 116 120
7 18 60 92 99 106 116 121
7 18 60 92 99 110 116 120
7 18 60 92 101 106 116 120
7 18 60 92 102 106 113 120
7 18 60 92 102 107 113 120
7 18 60 93 99 106 116 120
7 18 60 93 99 110 116 120
7 18 60 93 102 106 113 120
7 18 65 66 92 100 104 112
7 18 66 69 88 100 104 112
7 18 66 76 81 100 104 112
7 18 66 92 97 100 104 112
7 18 66 92 97 108 116 120
7 18 67 92 98 109 116 120
7 18 70 89 98 109 116 120
7 18 78 81 98 109 116 120
7 18 81 92 102 106 109 112
7 18 84 88 97 98 108 112
7 18 84 88 98 105 108 112
7 18 84 88 99 109 110 112
7 19 20 44 76 97 114 120
7 19 20 44 88 100 106 112
7 19 20 44 88 101 106 112
7 19 20 44 89 100 106 112
7 19 20 56 77 100 106 112
7 19 21 42 76 99 116 120
7 19 21 56 78 102 105 112
7 19 21 78 97 106 116 120
7 19 21 90 97 102 108 120
7 19 22 44 73 98 100 120
7 19 22 44 76 97 98 120
7 19 22 44 76 106 116 120
7 19 22 56 77 100 106 112
7 19 24 37 40 70 72 112
7 19 24 44 72 84 97 98
7 19 24 44 76 104 113 118
7 19 24 44 76 104 114 116
7 19 24 44 76 106 113 116
7 19 25 44 84 100 106 112
7 19 26 44 69 106 116 120
7 19 26 44 73 102 116 120
7 19 26 44 88 102 104 116
7 19 26 48 84 102 105 108
7 19 26 52 81 102 105 108
7 19 26 52 84 98 105 108
7 19 26 84 102 105 108 112
7 19 28 35 69 74 100 120
7 19 28 35 69 106 116 120
7 19 28 35 76 82 100 104
7 19 28 36 76 98 104 112
7 19 28 38 74 108 116 120
7 19 28 38 82 100 105 120
7 19 28 40 72 98 100 112
7 19 28 40 73 98 100 112
7 19 28 42 69 98 100 120
7 19 28 42 70 105 116 120
7 19 28 42 74 101 116 120
7 19 28 42 74 108 113 116
7 19 28 42 76 101 114 120
7 19 28 42 88 102 104 116
7 19 28 42 88 102 108 113
7 19 28 44 67 98 100 120
7 19 28 44 69 106 116 120
7 19 28 44 69 106 118 120
7 19 28 44 70 105 116 122
7 19 28 44 73 98 100 112
7 19 28 44 76 97 118 122
7 19 28 44 76 102 113 122
7 19 28 44 76 106 113 116
7 19 28 44 81 100 106 112
7 19 28 44 84 97 106 112
7 19 28 48 80 98 100 104
7 19 28 48 80 102 106 109
7 19 28 48 81 102 106 109
7 19 28 48 84 100 105 106
7 19 28 48 88 97 102 104
7 19 28 49 77 102 106 112
7 19 28 52 73 100 106 112
7 19 28 52 88 97 100 106
7 19 28 56 69 100 106 112
7 19 28 56 88 97 98 100
7 19 28 56 88 97 102 104
7 19 28 56 88 101 102 104
7 19 28 73 98 100 104 112
7 19 28 76 97 106 116 120
7 19 28 76 98 100 104 112
7 19 28 81 102 106 109 112
7 19 28 84 97 100 106 120
7 19 28 84 100 105 106 112
7 19 28 88 97 102 104 112
7 19 29 48 84 102 105 106
7 19 29 52 88 97 102 106
7 19 29 84 102 105 106 112
7 19 30 41 73 108 114 116
7 19 30 48 80 101 105 110
7 19 33 40 74 92 100 112
7 19 33 40 76 88 98 116
7 19 33 44 67 92 106 116
7 19 33 44 74 92 100 112
7 19 33 44 76 84 98 120
7 19 33 60 74 76 100 112
7 19 33 60 76 84 98 104
7 19 33 77 110 114 116 120
7 19 34 37 74 92 100 120
7 19 34 44 67 92 100 120
7 19 34 44 74 92 100 112
7 19 34 44 74 92 100 113
7 19 35 44 69 74 116 120
7 19 35 44 78 81 116 120
7 19 35 52 69 74 76 120
7 19 35 60 65 70 76 120
7 19 35 60 66 76 84 104
7 19 35 60 69 74 84 104
7 19 35 60 74 76 81 100
7 19 35 69 74 76 116 120
7 19 35 69 74 108 116 120
7 19 35 69 90 108 116 120
7 19 35 78 81 108 116 120
7 19 36 41 76 84 98 120
7 19 36 56 70 76 104 112
7 19 36 56 76 84 98 104
7 19 37 38 74 92 97 120
7 19 37 42 66 76 84 120
7 19 37 42 67 92 100 120
7 19 37 42 69 92 98 120
7 19 37 42 69 92 104 114
7 19 37 42 70 92 97 120
7 19 37 42 74 92 100 112
7 19 37 44 74 92 97 114
7 19 37 52 74 88 100 104
7 19 37 56 70 88 104 112
7 19 37 56 74 84 100 104
7 19 37 56 75 92 102 112
7 19 37 56 78 88 104 118
7 19 37 58 65 74 76 116
7 19 37 58 66 76 84 104
7 19 37 58 73 92 102 112
7 19 37 58 74 92 97 100
7 19 37 60 74 76 81 98
7 19 37 60 74 92 97 98
7 19 37 65 92 106 118 120
7 19 37 65 92 110 114 120
7 19 37 67 76 106 116 120
7 19 37 67 92 106 116 120
7 19 37 67 92 108 114 120
7 19 37 78 81 106 116 120
7 19 37 81 86 106 108 120
7 19 37 81 92 102 106 120
7 19 37 92 97 106 118 120
7 19 37 92 97 110 114 120
7 19 37 94 97 106 116 120
7 19 38 44 67 92 97 120
7 19 38 44 74 92 97 112
7 19 38 49 73 92 106 116
7 19 38 56 74 92 105 116
7 19 38 56 74 92 108 113
7 19 38 56 76 82 105 116
7 19 38 56 77 84 106 112
7 19 38 60 74 76 81 97
7 19 38 66 76 105 116 120
7 19 38 66 92 105 116 120
7 19 38 66 92 108 113 120
7 19 38 73 92 98 100 120
7 19 38 74 84 108 113 120
7 19 38 74 92 105 116 120
7 19 38 74 92 108 113 120
7 19 38 74 97 108 116 120
7 19 38 74 108 113 116 120
7 19 38 76 82 105 116 120
7 19 38 82 105 108 116 120
7 19 38 90 97 108 116 120
7 19 38 92 98 105 116 120
7 19 38 92 98 108 113 120
7 19 39 73 92 106 116 120
7 19 40 48 73 92 98 100
7 19 40 52 73 76 98 112
7 19 40 52 76 88 97 98
7 19 40 73 92 98 100 112
7 19 40 76 88 97 98 116
7 19 41 44 67 92 100 114
7 19 41 44 69 90 98 116
7 19 41 50 70 92 100 104
7 19 41 52 74 84 100 104
7 19 41 60 69 90 102 120
7 19 41 60 71 88 106 116
7 19 41 60 73 78 114 116
7 19 41 60 73 86 106 116
7 19 41 60 74 92 102 113
7 19 41 65 92 110 118 120
7 19 41 69 90 108 114 116
7 19 41 70 92 106 113 116
7 19 41 73 92 102 116 122
7 19 41 73 92 110 114 116
7 19 41 74 92 101 118 120
7 19 41 92 97 110 118 120
7 19 41 92 101 106 118 120
7 19 42 44 65 72 84 112
7 19 42 44 67 92 100 112
7 19 42 44 69 84 98 120
7 19 42 44 69 90 97 116
7 19 42 44 69 92 97 114
7 19 42 44 69 92 98 112
7 19 42 52 69 76 98 120
7 19 42 52 69 92 98 104
7 19 42 52 70 92 105 112
7 19 42 52 82 92 100 105
7 19 42 56 69 92 98 100
7 19 42 66 76 84 101 120
7 19 42 69 76 98 116 120
7 19 42 69 92 98 100 120
7 19 42 70 76 97 116 120
7 19 42 70 76 113 116 120
7 19 42 70 92 97 100 120
7 19 42 70 92 100 104 112
7 19 42 74 92 101 116 120
7 19 42 74 92 108 113 116
7 19 42 76 84 98 101 120
7 19 42 92 98 108 116 120
7 19 42 92 98 108 116 121
7 19 43 65 92 102 116 120
7 19 43 70 92 97 116 120
7 19 44 48 81 82 100 104
7 19 44 48 84 88 97 98
7 19 44 48 84 88 101 106
7 19 44 49 67 92 106 116
7 19 44 49 70 88 104 112
7 19 44 49 76 82 100 104
7 19 44 49 82 88 100 104
7 19 44 50 67 69 76 120
7 19 44 50 67 92 100 104
7 19 44 50 69 76 88 98
7 19 44 50 69 76 98 120
7 19 44 50 69 92 106 113
7 19 44 50 70 84 105 120
7 19 44 50 73 92 98 100
7 19 44 50 74 92 97 100
7 19 44 50 74 92 101 120
7 19 44 50 74 92 105 116
7 19 44 50 76 84 98 121
7 19 44 50 84 88 101 106
7 19 44 52 67 76 98 120
7 19 44 52 67 92 98 104
7 19 44 52 69 74 98 120
7 19 44 52 70 73 98 120
7 19 44 52 73 88 98 100
7 19 44 52 74 81 100 104
7 19 44 52 76 88 97 98
7 19 44 52 76 88 97 114
7 19 44 52 84 88 97 106
7 19 44 56 65 66 68 96
7 19 44 56 69 76 82 98
7 19 44 56 69 76 98 112
7 19 44 56 69 84 106 112
7 19 44 56 69 88 98 100
7 19 44 56 69 88 98 112
7 19 44 56 69 88 106 116
7 19 44 56 73 84 98 100
7 19 44 56 73 88 102 116
7 19 44 56 74 88 101 118
7 19 44 56 74 92 101 114
7 19 44 56 74 92 102 113
7 19 44 56 76 81 98 100
7 19 44 56 76 81 106 116
7 19 44 56 76 84 106 113
7 19 44 56 81 84 100 106
7 19 44 56 84 88 97 98
7 19 44 56 86 88 101 106
7 19 44 65 66 68 72 112
7 19 44 65 92 98 104 112
7 19 44 67 76 98 116 120
7 19 44 67 92 97 106 116
7 19 44 67 92 98 100 120
7 19 44 67 92 106 113 116
7 19 44 69 74 98 116 120
7 19 44 69 74 99 116 120
7 19 44 69 76 82 98 120
7 19 44 69 76 88 98 112
7 19 44 69 88 98 104 112
7 19 44 69 90 98 104 116
7 19 44 70 88 98 105 116
7 19 44 70 88 100 104 112
7 19 44 70 88 105 114 116
7 19 44 70 98 105 116 120
7 19 44 70 105 114 116 120
7 19 44 73 84 98 100 120
7 19 44 73 84 98 104 112
7 19 44 73 92 98 100 112
7 19 44 74 92 101 114 120
7 19 44 74 92 102 113 120
7 19 44 76 81 106 116 120
7 19 44 76 82 98 101 120
7 19 44 76 82 98 116 121
7 19 44 76 82 99 116 120
7 19 44 76 82 100 104 112
7 19 44 76 84 88 97 98
7 19 44 76 84 97 98 120
7 19 44 76 84 97 114 120
7 19 44 76 84 106 113 120
7 19 44 76 88 104 113 118
7 19 44 76 88 106 113 116
7 19 44 76 97 98 116 120
7 19 44 76 97 100 114 120
7 19 44 76 97 114 116 120
7 19 44 76 106 113 116 120
7 19 44 76 113 114 116 120
7 19 44 78 97 98 116 120
7 19 44 81 82 100 104 112
7 19 44 81 84 100 106 120
7 19 44 84 88 97 98 112
7 19 44 84 88 101 106 112
7 19 44 92 97 98 100 120
7 19 44 92 97 98 104 112
7 19 44 92 97 98 116 120
7 19 44 92 97 106 116 120
7 19 44 92 98 100 104 112
7 19 45 48 81 92 102 106
7 19 45 48 84 88 99 110
7 19 45 48 84 90 97 110
7 19 45 48 84 90 102 105
7 19 45 48 86 92 97 106
7 19 45 52 71 88 106 112
7 19 45 52 86 88 97 106
7 19 45 56 73 86 106 116
7 19 45 65 78 114 116 120
7 19 45 65 84 110 114 120
7 19 45 65 90 102 116 120
7 19 45 73 86 106 116 120
7 19 45 74 92 97 118 120
7 19 45 78 81 98 116 120
7 19 45 78 84 97 114 120
7 19 45 78 97 114 116 120
7 19 45 78 113 114 116 120
7 19 45 81 92 102 106 112
7 19 45 84 88 97 110 114
7 19 45 84 88 99 110 112
7 19 45 84 90 97 102 120
7 19 45 84 90 97 110 112
7 19 45 84 90 102 105 112
7 19 45 86 92 97 106 112
7 19 45 90 97 102 116 120
7 19 45 93 110 113 118 122
7 19 45 94 97 98 116 120
7 19 45 94 105 114 116 120
7 19 46 48 84 88 98 108
7 19 46 48 84 88 98 109
7 19 46 65 66 76 116 120
7 19 46 65 76 98 116 120
7 19 46 66 76 97 116 120
7 19 46 66 92 97 116 120
7 19 46 67 76 97 116 120
7 19 46 67 92 97 116 120
7 19 46 69 90 97 116 120
7 19 46 70 89 97 116 120
7 19 46 74 92 97 116 120
7 19 46 76 82 97 116 120
7 19 46 78 81 97 116 120
7 19 46 78 114 117 121 124
7 19 46 84 88 98 108 112
7 19 46 84 88 98 109 112
7 19 46 94 108 114 116 120
7 19 47 48 84 88 97 110
7 19 47 48 84 88 101 106
7 19 47 65 92 98 116 120
7 19 47 84 88 97 110 112
7 19 47 84 88 101 106 112
7 19 48 81 92 102 106 108
7 19 48 81 92 102 106 109
7 19 48 84 88 97 98 108
7 19 48 84 88 99 109 110
7 19 48 84 88 101 106 108
7 19 49 65 92 102 108 122
7 19 49 67 92 106 108 116
7 19 49 77 92 102 106 112
7 19 49 77 110 114 116 120
7 19 49 81 92 102 106 108
7 19 49 92 97 102 108 122
7 19 49 92 97 110 116 122
7 19 49 92 99 110 116 120
7 19 49 92 102 106 109 112
7 19 49 92 105 110 114 116
7 19 49 92 105 110 116 122
7 19 50 66 92 105 108 116
7 19 50 70 88 105 108 116
7 19 50 78 97 108 116 120
7 19 50 84 88 101 106 108
7 19 50 92 98 105 108 116
7 19 50 92 98 109 116 120
7 19 50 92 106 109 116 120
7 19 52 56 69 76 106 112
7 19 52 56 77 78 99 112
7 19 52 56 77 82 97 110
7 19 52 56 77 86 97 106
7 19 52 56 78 81 98 108
7 19 52 70 88 106 109 112
7 19 52 71 92 105 106 112
7 19 52 73 76 98 104 112
7 19 52 73 84 100 106 120
7 19 52 76 82 101 106 120
7 19 52 76 84 97 106 120
7 19 52 76 88 97 98 104
7 19 52 77 90 102 105 112
7 19 52 77 97 110 114 120
7 19 52 81 88 102 106 109
7 19 52 82 88 101 106 108
7 19 52 82 101 106 108 120
7 19 52 84 88 97 106 108
7 19 52 84 106 108 113 120
7 19 52 88 102 106 109 112
7 19 52 92 97 98 104 112
7 19 52 92 103 105 106 112
7 19 52 94 101 105 106 112
7 19 53 73 78 106 116 120
7 19 53 73 92 102 106 120
7 19 54 69 90 97 108 120
7 19 54 94 107 109 116 120
7 19 56 69 76 88 98 100
7 19 56 70 76 100 104 112
7 19 56 73 86 106 108 116
7 19 56 74 92 102 108 113
7 19 56 76 84 98 100 104
7 19 56 76 88 101 104 118
7 19 56 76 88 101 106 116
7 19 56 76 88 102 104 116
7 19 56 77 84 100 106 112
7 19 56 84 88 97 98 108
7 19 56 88 97 108 114 116
7 19 56 88 106 108 113 116
7 19 56 88 109 110 114 116
7 19 56 92 98 100 104 112
7 19 56 92 105 110 114 116
7 19 57 65 78 102 116 120
7 19 57 65 92 102 106 116
7 19 57 73 92 102 106 116
7 19 57 78 97 102 116 120
7 19 57 78 102 113 116 120
7 19 57 93 101 110 118 122
7 19 58 70 88 97 108 116
7 19 58 73 92 101 102 120
7 19 58 73 92 102 108 113
7 19 58 78 81 97 108 116
7 19 58 94 102 108 116 120
7 19 60 65 74 100 104 112
7 19 60 65 76 98 104 112
7 19 60 65 76 106 116 120
7 19 60 65 84 100 106 120
7 19 60 65 88 102 104 112
7 19 60 65 92 102 106 112
7 19 60 66 76 100 104 112
7 19 60 67 92 97 106 116
7 19 60 69 74 100 104 112
7 19 60 69 82 105 110 112
7 19 60 69 90 97 102 120
7 19 60 69 90 97 108 114
7 19 60 69 90 97 110 112
7 19 60 69 90 102 105 112
7 19 60 70 73 98 100 120
7 19 60 70 88 98 105 116
7 19 60 71 84 105 106 112
7 19 60 73 76 98 100 112
7 19 60 73 84 100 106 112
7 19 60 73 86 101 106 120
7 19 60 73 86 106 108 113
7 19 60 73 92 97 102 122
7 19 60 73 92 101 106 114
7 19 60 73 92 102 106 113
7 19 60 74 76 84 97 98
7 19 60 74 84 98 100 104
7 19 60 74 84 98 108 112
7 19 60 74 84 98 108 113
7 19 60 74 84 98 109 112
7 19 60 74 84 102 105 112
7 19 60 74 92 97 102 120
7 19 60 74 92 98 101 120
7 19 60 75 97 102 116 120
7 19 60 75 102 113 116 120
7 19 60 76 82 98 100 104
7 19 60 76 82 98 105 116
7 19 60 76 84 97 98 104
7 19 60 76 88 97 106 116
7 19 60 76 88 102 104 113
7 19 60 77 102 116 121 122
7 19 60 77 106 113 118 120
7 19 60 77 110 113 116 122
7 19 60 78 81 97 102 120
7 19 60 78 81 102 105 112
7 19 60 78 97 98 116 120
7 19 60 78 99 113 116 120
7 19 60 78 102 116 121 122
7 19 60 78 105 114 116 120
7 19 60 78 106 113 116 120
7 19 60 78 108 114 116 120
7 19 60 79 97 98 116 120
7 19 60 79 103 116 121 122
7 19 60 79 105 114 116 120
7 19 60 79 110 113 116 120
7 19 60 81 90 97 102 108
7 19 60 81 92 97 102 106
7 19 60 84 88 97 98 108
7 19 60 85 99 106 116 120
7 19 60 85 105 110 114 120
7 19 60 85 107 110 116 120
7 19 60 86 105 106 116 120
7 19 60 86 105 110 116 120
7 19 60 86 105 110 116 122
7 19 60 89 97 102 106 116
7 19 60 89 97 110 114 116
7 19 60 89 97 110 116 122
7 19 60 89 99 110 116 120
7 19 60 89 101 102 106 112
7 19 60 89 101 110 116 122
7 19 60 89 102 105 116 122
7 19 60 89 102 106 113 116
7 19 60 89 105 110 114 116
7 19 60 89 109 110 114 116
7 19 60 90 97 98 108 116
7 19 60 90 98 109 116 120
7 19 60 90 101 106 113 116
7 19 60 90 101 106 116 120
7 19 60 90 102 105 116 120
7 19 60 90 102 108 116 120
7 19 60 90 102 109 116 120
7 19 60 90 105 108 114 116
7 19 60 90 106 108 113 116
7 19 60 90 109 110 114 116
7 19 60 92 97 102 106 112
7 19 60 92 97 110 114 120
7 19 60 92 97 110 116 120
7 19 60 92 97 110 116 122
7 19 60 92 97 110 118 122
7 19 60 92 98 100 104 112
7 19 60 92 99 105 116 122
7 19 60 92 99 106 113 116
7 19 60 92 99 106 116 120
7 19 60 92 99 110 116 120
7 19 60 92 99 110 116 122
7 19 60 92 101 106 113 114
7 19 60 92 101 106 114 120
7 19 60 92 101 106 116 120
7 19 60 92 102 105 113 122
7 19 60 92 102 105 116 122
7 19 60 92 102 106 113 120
7 19 60 92 102 107 113 120
7 19 60 92 102 107 116 122
7 19 60 92 102 108 113 122
7 19 60 92 105 106 114 116
7 19 60 92 105 110 114 116
7 19 60 92 106 108 113 114
7 19 60 92 106 108 113 116
7 19 60 92 107 110 114 116
7 19 60 92 107 110 114 117
7 19 60 93 97 102 106 112
7 19 60 93 99 110 116 120
7 19 60 94 98 100 104 112
7 19 60 94 99 105 116 120
7 19 60 94 101 105 114 120
7 19 60 94 102 105 116 120
7 19 60 94 102 105 116 122
7 19 60 94 105 110 114 116
7 19 61 65 92 102 106 112
7 19 61 69 88 102 106 112
7 19 62 66 76 100 104 112
7 19 62 69 88 102 105 112
7 19 62 73 92 97 102 120
7 19 62 73 92 98 101 120
7 19 62 79 109 114 116 120
7 19 62 94 99 109 116 120
7 19 62 94 101 105 114 124
7 19 65 66 76 100 104 112
7 19 65 78 108 114 116 120
7 19 65 90 102 108 116 120
7 19 65 92 98 100 104 112
7 19 67 92 97 110 116 120
7 19 67 92 101 106 116 120
7 19 67 92 106 108 113 116
7 19 69 74 98 108 116 120
7 19 69 90 105 108 114 116
7 19 70 73 97 108 116 122
7 19 73 78 108 114 116 120
7 19 73 86 106 108 116 120
7 19 73 90 102 108 116 120
7 19 73 92 98 100 104 112
7 19 73 92 102 108 113 122
7 19 74 92 101 108 114 120
7 19 74 92 102 108 113 120
7 19 76 88 97 98 104 116
7 19 77 82 97 110 116 120
7 19 77 82 98 108 116 120
7 19 77 97 110 114 116 120
7 19 78 81 97 108 116 122
7 19 78 81 98 108 116 120
7 19 78 81 99 108 116 120
7 19 78 81 102 105 116 120
7 19 78 97 108 114 116 120
7 19 81 92 102 105 106 116
7 19 81 92 102 106 108 112
7 19 81 92 102 106 109 112
7 19 84 88 97 98 108 112
7 19 84 88 99 109 110 112
7 19 84 88 101 106 108 112
7 19 90 97 102 108 116 120
7 19 92 97 98 108 116 120
7 19 92 97 110 114 116 120
7 19 92 105 110 114 116 120
7 20 24 33 34 66 80 108
7 20 24 33 34 67 80 108
7 20 24 34 48 66 69 104
7 20 24 34 48 66 76 97
7 20 24 34 65 66 108 112
7 20 24 34 66 69 104 112
7 20 24 34 66 76 97 112
7 20 24 34 66 80 97 108
7 20 24 34 66 97 108 112
7 20 24 36 65 72 98 112
7 20 24 36 72 97 98 112
7 20 24 48 80 97 98 108
7 20 24 48 80 97 106 108
7 20 24 48 80 99 109 110
7 20 24 48 80 101 106 108
7 20 24 49 75 102 108 112
7 20 24 50 78 97 108 112
7 20 25 36 68 106 114 120
7 20 25 36 68 106 115 120
7 20 25 38 76 97 114 120
7 20 25 38 81 106 108 112
7 20 25 44 88 98 100 112
7 20 25 44 90 99 100 112
7 20 25 56 78 99 100 112
7 20 26 33 88 102 108 112
7 20 26 36 68 105 114 120
7 20 26 37 88 99 108 112
7 20 26 44 88 97 102 112
7 20 26 44 88 99 100 112
7 20 26 48 80 102 105 108
7 20 26 48 88 97 102 108
7 20 26 88 97 102 108 112
7 20 33 34 66 88 108 112
7 20 33 34 68 88 104 112
7 20 33 40 66 68 72 112
7 20 33 40 68 72 98 112
7 20 33 40 68 88 98 112
7 20 33 46 82 88 108 112
7 20 33 48 74 80 100 104
7 20 33 50 78 88 108 112
7 20 33 56 66 88 100 112
7 20 33 56 66 88 108 112
7 20 33 56 68 88 98 112
7 20 33 56 70 88 108 112
7 20 33 56 74 88 100 112
7 20 33 56 76 88 98 112
7 20 33 58 70 88 108 112
7 20 33 58 76 82 100 120
7 20 33 68 88 98 104 112
7 20 34 44 65 66 88 112
7 20 34 56 66 73 100 112
7 20 34 56 66 76 97 112
7 20 34 56 66 81 108 112
7 20 34 56 74 81 100 112
7 20 34 56 74 81 108 112
7 20 34 65 66 88 108 112
7 20 34 66 88 97 108 112
7 20 34 66 88 100 105 112
7 20 35 44 81 90 100 120
7 20 35 44 89 90 100 112
7 20 35 56 69 88 110 112
7 20 35 56 69 90 108 112
7 20 35 56 77 90 100 112
7 20 35 56 78 81 108 112
7 20 35 56 78 88 101 112
7 20 36 40 65 66 72 112
7 20 36 40 72 81 98 112
7 20 36 41 78 81 114 120
7 20 36 42 76 82 113 120
7 20 36 43 76 81 114 120
7 20 36 56 65 66 72 112
7 20 36 56 72 81 98 112
7 20 36 56 73 88 98 112
7 20 36 56 76 81 106 112
7 20 36 56 76 90 99 112
7 20 36 56 77 90 99 112
7 20 36 57 68 75 114 120
7 20 36 57 68 90 99 120
7 20 36 57 76 83 106 112
7 20 36 58 70 73 113 120
7 20 36 68 89 106 115 120
7 20 36 68 90 105 114 120
7 20 36 76 107 113 114 120
7 20 37 50 75 88 108 112
7 20 37 56 73 82 110 112
7 20 37 56 74 88 100 112
7 20 37 56 74 88 100 115
7 20 37 56 75 88 100 114
7 20 37 56 75 88 102 112
7 20 37 56 76 83 106 112
7 20 37 56 77 82 106 112
7 20 37 56 78 82 105 112
7 20 37 56 78 88 99 112
7 20 37 56 83 88 100 106
7 20 37 58 75 88 100 112
7 20 37 68 89 106 114 120
7 20 37 89 100 106 114 120
7 20 38 41 81 90 100 120
7 20 38 49 73 90 100 120
7 20 38 56 67 88 108 112
7 20 38 56 73 82 108 112
7 20 38 56 73 88 100 114
7 20 38 56 73 90 100 112
7 20 38 56 73 90 100 113
7 20 38 56 74 81 108 112
7 20 38 56 75 81 108 112
7 20 38 56 75 88 100 112
7 20 38 56 76 81 106 112
7 20 38 56 76 82 105 112
7 20 38 56 76 88 99 112
7 20 38 56 76 90 97 112
7 20 38 56 81 90 100 105
7 20 38 56 82 88 100 105
7 20 38 73 90 100 113 120
7 20 38 81 90 100 105 120
7 20 40 50 65 68 72 112
7 20 40 65 66 68 72 112
7 20 40 65 68 72 98 112
7 20 40 65 68 88 98 112
7 20 40 68 72 81 98 112
7 20 40 68 72 97 98 112
7 20 40 68 88 97 98 112
7 20 41 50 69 90 108 112
7 20 41 50 71 88 108 112
7 20 41 50 78 81 100 120
7 20 41 56 76 82 100 112
7 20 41 56 78 81 100 114
7 20 41 78 81 100 114 120
7 20 42 56 69 88 100 114
7 20 42 56 76 82 100 113
7 20 42 76 82 100 113 120
7 20 43 48 81 88 102 108
7 20 43 76 81 100 114 120
7 20 43 81 88 102 108 112
7 20 44 48 81 88 100 106
7 20 44 48 89 90 99 100
7 20 44 49 71 88 106 112
7 20 44 49 75 88 100 114
7 20 44 49 76 90 99 112
7 20 44 50 69 88 106 112
7 20 44 50 69 89 106 112
7 20 44 50 69 90 105 112
7 20 44 50 73 82 100 120
7 20 44 50 73 88 102 112
7 20 44 50 73 90 100 112
7 20 44 50 74 81 100 120
7 20 44 50 75 81 100 120
7 20 44 50 75 88 100 112
7 20 44 50 76 88 99 112
7 20 44 50 78 88 97 112
7 20 44 50 81 88 100 106
7 20 44 50 82 88 100 105
7 20 44 56 69 88 98 112
7 20 44 56 69 90 99 112
7 20 44 56 76 81 98 112
7 20 44 56 78 81 99 112
7 20 44 56 81 88 98 100
7 20 44 56 81 90 99 100
7 20 44 65 90 100 114 120
7 20 44 68 75 113 114 120
7 20 44 68 88 107 113 114
7 20 44 68 90 97 114 120
7 20 44 75 81 100 114 120
7 20 44 75 88 100 113 114
7 20 44 75 100 113 114 120
7 20 44 81 88 100 106 112
7 20 44 81 90 99 100 120
7 20 44 89 90 99 100 112
7 20 44 90 97 100 114 120
7 20 44 90 100 113 114 120
7 20 44 91 100 113 114 120
7 20 46 48 82 88 97 108
7 20 46 48 82 88 100 105
7 20 46 49 75 88 100 112
7 20 46 82 88 97 108 112
7 20 46 82 88 100 105 112
7 20 48 65 74 80 100 104
7 20 48 73 80 98 100 104
7 20 48 81 88 102 107 108
7 20 49 56 75 76 102 112
7 20 49 58 75 76 100 112
7 20 49 68 88 98 104 112
7 20 49 70 88 106 108 112
7 20 49 71 88 106 108 112
7 20 49 76 82 100 106 120
7 20 50 56 69 75 108 112
7 20 50 56 69 88 100 106
7 20 50 56 73 76 100 112
7 20 50 56 73 78 100 112
7 20 50 56 75 76 100 112
7 20 50 56 76 88 99 100
7 20 50 56 78 81 100 105
7 20 50 56 78 88 97 100
7 20 50 69 88 105 110 112
7 20 50 69 90 105 108 112
7 20 50 70 88 105 108 112
7 20 50 73 88 102 108 112
7 20 50 76 82 100 105 120
7 20 50 78 81 100 105 120
7 20 50 78 88 97 108 112
7 20 56 65 88 98 100 112
7 20 56 65 88 98 108 112
7 20 56 65 88 100 106 112
7 20 56 65 88 102 108 112
7 20 56 65 90 102 108 112
7 20 56 67 88 101 110 112
7 20 56 67 88 102 108 112
7 20 56 68 88 97 98 112
7 20 56 69 88 98 108 112
7 20 56 69 88 99 110 112
7 20 56 69 88 100 106 112
7 20 56 69 88 100 106 114
7 20 56 69 88 100 106 115
7 20 56 69 90 99 108 112
7 20 56 70 88 99 108 112
7 20 56 70 88 100 105 114
7 20 56 73 82 102 108 112
7 20 56 73 88 98 100 112
7 20 56 75 88 101 102 112
7 20 56 76 81 100 106 112
7 20 56 76 82 102 105 112
7 20 56 76 88 97 98 112
7 20 56 76 100 107 113 114
7 20 56 77 90 99 100 112
7 20 56 78 81 99 108 112
7 20 56 78 88 99 101 112
7 20 56 82 102 105 108 112
7 20 56 88 97 98 100 112
7 20 56 88 97 98 108 112
7 20 56 88 97 100 106 112
7 20 56 88 97 102 108 112
7 20 56 88 99 101 110 112
7 20 56 88 99 102 108 112
7 20 56 88 101 102 107 112
7 20 56 88 103 108 113 114
7 20 56 90 97 102 108 112
7 20 57 69 88 100 106 114
7 20 57 78 100 113 114 120
7 20 57 78 108 113 114 120
7 20 57 90 102 108 113 120
7 20 58 65 76 100 114 120
7 20 58 65 88 102 108 112
7 20 58 70 73 100 113 120
7 20 58 70 81 100 105 120
7 20 58 70 88 97 108 112
7 20 58 70 88 100 105 112
7 20 58 76 82 97 100 120
7 20 58 76 82 100 105 112
7 20 65 68 88 98 104 112
7 20 68 88 97 98 104 112
7 20 76 81 100 107 114 120
7 20 76 82 100 106 113 120
7 20 76 100 107 113 114 120
7 20 78 81 100 105 114 120
7 20 81 88 102 107 108 112
7 21 22 41 67 108 114 120
7 21 22 42 73 108 114 120
7 21 22 42 74 108 113 120
7 21 22 42 81 98 108 120
7 21 22 42 82 97 108 120
7 21 22 44 76 106 113 120
7 21 22 44 76 106 114 120
7 21 22 44 76 107 115 120
7 21 22 50 73 98 108 120
7 21 24 40 67 72 102 112
7 21 24 40 72 98 100 112
7 21 24 40 74 81 98 100
7 21 24 42 74 108 113 118
7 21 24 42 76 104 114 116
7 21 24 42 78 104 114 116
7 21 24 42 81 102 104 112
7 21 24 44 76 106 113 114
7 21 24 50 73 102 104 112
7 21 25 38 74 108 113 114
7 21 25 38 82 98 108 120
7 21 25 42 70 105 114 124
7 21 25 42 84 98 108 112
7 21 25 50 78 98 108 112
7 21 25 50 86 97 106 108
7 21 26 33 66 100 104 112
7 21 26 33 74 100 104 112
7 21 26 35 67 76 100 120
7 21 26 35 67 108 116 120
7 21 26 36 76 98 104 112
7 21 26 36 76 99 104 112
7 21 26 37 74 97 98 124
7 21 26 37 74 97 108 114
7 21 26 37 74 100 104 112
7 21 26 37 74 108 113 114
7 21 26 37 74 108 116 120
7 21 26 38 66 76 97 120
7 21 26 38 73 100 104 112
7 21 26 38 73 108 113 114
7 21 26 38 73 108 116 120
7 21 26 38 76 97 98 120
7 21 26 38 82 97 108 120
7 21 26 38 82 105 108 112
7 21 26 41 73 102 114 124
7 21 26 41 73 110 114 116
7 21 26 41 74 102 113 124
7 21 26 42 66 76 100 113
7 21 26 42 67 108 116 120
7 21 26 42 69 108 114 120
7 21 26 42 74 108 113 116
7 21 26 42 76 98 100 112
7 21 26 42 76 98 100 113
7 21 26 42 76 102 113 120
7 21 26 42 76 105 114 116
7 21 26 42 92 97 102 120
7 21 26 44 67 100 104 112
7 21 26 44 68 72 99 112
7 21 26 44 69 98 104 112
7 21 26 44 76 97 98 112
7 21 26 44 76 99 116 120
7 21 26 44 76 101 114 120
7 21 26 44 77 102 115 120
7 21 26 44 84 99 104 112
7 21 26 44 88 102 104 112
7 21 26 48 80 97 98 108
7 21 26 48 80 99 109 110
7 21 26 48 80 102 105 108
7 21 26 48 82 102 105 108
7 21 26 48 88 97 98 108
7 21 26 49 82 102 105 108
7 21 26 50 84 98 105 108
7 21 26 52 78 98 105 112
7 21 26 52 88 97 98 108
7 21 26 52 88 99 100 104
7 21 26 73 98 108 116 120
7 21 26 74 97 108 118 120
7 21 26 74 98 108 116 120
7 21 26 74 98 108 116 121
7 21 26 76 98 100 104 112
7 21 26 76 99 100 104 112
7 21 26 82 98 105 108 116
7 21 26 82 102 105 108 112
7 21 26 88 97 98 108 112
7 21 27 44 76 102 113 122
7 21 27 44 76 102 115 120
7 21 28 35 67 108 114 120
7 21 28 38 76 106 114 120
7 21 28 42 74 98 100 113
7 21 28 42 74 101 114 120
7 21 28 42 74 105 114 116
7 21 28 42 74 108 113 114
7 21 28 42 81 98 108 112
7 21 28 42 82 102 105 112
7 21 28 44 69 106 114 120
7 21 28 44 76 99 114 120
7 21 28 44 76 106 113 114
7 21 28 48 80 102 105 106
7 21 28 56 88 98 100 104
7 21 28 76 100 106 114 120
7 21 28 76 100 106 114 121
7 21 30 41 76 99 116 122
7 21 33 38 73 90 98 124
7 21 33 42 67 90 108 116
7 21 33 42 69 90 98 124
7 21 33 42 74 88 100 112
7 21 33 44 70 90 104 112
7 21 33 44 74 82 100 120
7 21 33 44 74 88 100 114
7 21 33 44 76 90 98 112
7 21 33 56 70 74 104 112
7 21 33 56 74 82 100 104
7 21 33 56 74 88 98 100
7 21 33 58 74 76 100 112
7 21 33 58 76 88 98 100
7 21 33 60 74 82 100 104
7 21 34 44 67 90 100 120
7 21 34 44 70 90 97 120
7 21 34 44 70 90 104 112
7 21 34 44 74 82 100 120
7 21 34 56 66 76 104 112
7 21 34 60 74 82 100 104
7 21 34 65 90 100 104 112
7 21 35 36 76 90 104 112
7 21 35 38 74 76 81 120
7 21 35 56 78 82 105 116
7 21 35 56 78 88 104 116
7 21 35 78 82 105 116 120
7 21 35 81 106 108 118 120
7 21 36 40 73 94 98 112
7 21 36 40 76 90 98 112
7 21 36 40 76 90 99 112
7 21 36 41 70 90 104 112
7 21 36 42 69 90 104 112
7 21 36 42 76 82 97 120
7 21 36 42 76 83 104 112
7 21 36 42 76 90 97 112
7 21 36 56 74 84 98 104
7 21 36 58 67 76 104 112
7 21 36 76 90 98 104 112
7 21 36 76 90 99 104 112
7 21 36 76 97 106 114 120
7 21 36 76 106 113 114 120
7 21 36 84 105 106 114 120
7 21 36 92 97 106 114 120
7 21 37 42 70 74 81 120
7 21 37 42 74 82 97 124
7 21 37 42 74 92 97 114
7 21 37 58 73 78 118 120
7 21 37 58 74 92 97 98
7 21 37 58 75 76 118 120
7 21 38 41 74 92 97 114
7 21 38 42 69 74 81 120
7 21 38 42 73 92 97 114
7 21 38 42 76 82 97 120
7 21 38 42 81 82 108 120
7 21 38 42 82 92 105 112
7 21 38 56 75 84 104 112
7 21 38 56 78 82 105 112
7 21 38 68 74 88 104 112
7 21 38 73 74 84 98 120
7 21 38 73 90 100 104 112
7 21 38 74 76 82 97 120
7 21 38 74 82 105 116 120
7 21 38 74 82 108 113 120
7 21 38 74 92 97 98 120
7 21 38 75 76 116 121 122
7 21 38 76 90 97 104 112
7 21 39 44 86 90 105 120
7 21 41 46 76 83 116 122
7 21 41 50 67 78 116 120
7 21 41 50 67 90 108 116
7 21 41 50 70 90 108 113
7 21 41 50 74 92 102 120
7 21 41 50 78 81 98 124
7 21 41 50 78 81 102 120
7 21 41 50 78 82 101 120
7 21 41 50 81 90 102 108
7 21 41 50 81 92 102 106
7 21 41 54 75 76 116 122
7 21 41 58 74 92 102 113
7 21 41 60 65 70 74 114
7 21 41 65 70 74 114 124
7 21 41 65 78 118 122 124
7 21 41 67 78 114 116 120
7 21 41 67 78 118 122 124
7 21 41 67 90 108 114 116
7 21 41 69 74 82 102 120
7 21 41 69 90 110 118 120
7 21 41 70 74 97 114 124
7 21 41 78 97 118 122 124
7 21 41 78 113 118 122 124
7 21 42 44 67 84 98 120
7 21 42 44 69 82 98 120
7 21 42 48 81 88 98 100
7 21 42 48 81 88 98 108
7 21 42 48 81 88 102 104
7 21 42 48 81 92 98 108
7 21 42 48 82 88 97 108
7 21 42 48 82 92 97 108
7 21 42 48 82 92 102 105
7 21 42 48 84 88 98 108
7 21 42 49 67 90 108 116
7 21 42 49 67 92 108 114
7 21 42 49 69 74 114 124
7 21 42 49 73 90 102 124
7 21 42 49 74 92 108 114
7 21 42 49 76 88 98 112
7 21 42 49 77 82 102 120
7 21 42 49 82 92 102 105
7 21 42 50 67 92 100 104
7 21 42 50 69 82 108 120
7 21 42 50 69 88 100 104
7 21 42 50 69 90 108 113
7 21 42 50 70 81 108 120
7 21 42 50 70 88 105 116
7 21 42 50 74 84 101 120
7 21 42 50 74 92 97 100
7 21 42 50 74 92 101 120
7 21 42 50 74 92 108 113
7 21 42 50 76 82 100 121
7 21 42 50 76 82 101 120
7 21 42 50 76 88 98 100
7 21 42 50 82 92 97 108
7 21 42 50 82 92 100 105
7 21 42 52 66 68 88 104
7 21 42 52 67 68 88 104
7 21 42 52 67 82 108 120
7 21 42 52 67 88 100 104
7 21 42 52 67 88 108 112
7 21 42 52 69 74 88 98
7 21 42 52 69 74 98 120
7 21 42 52 69 88 98 104
7 21 42 52 74 88 98 100
7 21 42 52 74 88 100 112
7 21 42 52 76 82 97 120
7 21 42 52 76 82 98 121
7 21 42 52 76 88 97 114
7 21 42 52 76 88 98 112
7 21 42 52 78 82 97 120
7 21 42 52 81 88 98 108
7 21 42 52 82 88 97 108
7 21 42 52 82 92 98 105
7 21 42 52 84 88 98 104
7 21 42 56 67 88 108 116
7 21 42 56 67 88 108 118
7 21 42 56 69 74 100 112
7 21 42 56 69 88 98 100
7 21 42 56 73 82 108 116
7 21 42 56 74 76 113 118
7 21 42 56 74 81 100 112
7 21 42 56 74 81 108 116
7 21 42 56 74 81 108 118
7 21 42 56 76 82 97 100
7 21 42 56 76 82 98 100
7 21 42 56 76 88 97 118
7 21 42 56 76 88 101 114
7 21 42 56 76 88 102 113
7 21 42 56 81 88 98 100
7 21 42 56 81 88 102 104
7 21 42 56 84 88 98 100
7 21 42 60 69 74 82 97
7 21 42 65 66 76 116 120
7 21 42 65 66 88 100 112
7 21 42 65 74 88 100 112
7 21 42 65 88 98 100 112
7 21 42 66 88 100 104 112
7 21 42 67 69 74 116 120
7 21 42 67 70 73 116 120
7 21 42 67 90 97 108 116
7 21 42 67 92 97 108 114
7 21 42 67 92 108 113 114
7 21 42 69 74 82 97 124
7 21 42 69 74 84 104 112
7 21 42 69 74 88 100 112
7 21 42 69 74 97 114 124
7 21 42 69 74 98 116 120
7 21 42 69 74 113 114 124
7 21 42 69 88 100 104 114
7 21 42 69 90 97 98 124
7 21 42 69 90 98 108 113
7 21 42 69 90 100 104 112
7 21 42 70 73 84 104 112
7 21 42 70 73 88 100 112
7 21 42 70 73 97 114 124
7 21 42 70 73 98 116 120
7 21 42 70 73 113 114 124
7 21 42 70 82 105 116 120
7 21 42 70 98 105 116 120
7 21 42 73 82 108 116 120
7 21 42 73 84 100 104 114
7 21 42 73 90 102 113 124
7 21 42 74 76 84 98 113
7 21 42 74 76 113 118 120
7 21 42 74 81 100 104 112
7 21 42 74 81 108 116 120
7 21 42 74 81 108 118 120
7 21 42 74 84 98 100 120
7 21 42 74 84 98 101 120
7 21 42 74 88 108 113 118
7 21 42 74 92 101 114 120
7 21 42 74 92 108 113 114
7 21 42 74 108 113 118 120
7 21 42 76 82 97 100 120
7 21 42 76 82 97 116 120
7 21 42 76 82 98 100 120
7 21 42 76 82 98 116 121
7 21 42 76 97 100 114 120
7 21 42 76 97 114 116 120
7 21 42 76 100 113 114 120
7 21 42 76 113 114 116 120
7 21 42 81 88 98 100 112
7 21 42 81 88 98 108 112
7 21 42 81 88 102 104 112
7 21 42 81 92 98 108 112
7 21 42 82 88 97 108 112
7 21 42 82 92 97 108 112
7 21 42 82 92 98 105 116
7 21 42 82 92 102 105 112
7 21 42 82 98 108 116 121
7 21 42 84 88 98 108 112
7 21 42 88 97 102 104 112
7 21 42 88 98 100 104 112
7 21 42 90 97 98 108 116
7 21 42 90 97 108 116 120
7 21 42 90 97 108 118 120
7 21 42 90 98 108 113 116
7 21 42 90 98 108 116 120
7 21 42 90 98 108 116 121
7 21 42 92 97 100 114 120
7 21 42 92 97 108 114 120
7 21 43 44 68 72 82 112
7 21 43 44 76 86 113 122
7 21 43 44 76 86 115 120
7 21 43 76 90 101 118 120
7 21 44 50 67 76 98 120
7 21 44 50 68 74 88 97
7 21 44 50 70 73 98 120
7 21 44 50 70 74 113 120
7 21 44 50 74 92 97 98
7 21 44 51 77 78 114 120
7 21 44 51 77 90 102 120
7 21 44 51 78 90 105 116
7 21 44 52 76 90 99 120
7 21 44 52 76 90 105 114
7 21 44 52 76 90 106 113
7 21 44 54 75 86 105 120
7 21 44 56 74 76 113 114
7 21 44 57 71 90 102 120
7 21 44 57 78 92 99 114
7 21 44 67 90 100 104 112
7 21 44 68 74 88 97 114
7 21 44 68 74 97 114 120
7 21 44 68 74 113 114 120
7 21 44 68 88 98 104 112
7 21 44 68 88 106 113 114
7 21 44 68 90 97 98 120
7 21 44 68 90 98 104 112
7 21 44 69 90 98 104 112
7 21 44 74 76 113 114 120
7 21 44 74 82 98 100 120
7 21 44 74 84 97 114 120
7 21 44 74 88 97 100 114
7 21 44 74 88 100 113 114
7 21 44 76 88 106 113 114
7 21 44 76 90 97 98 112
7 21 44 76 90 99 116 120
7 21 44 76 90 99 118 120
7 21 44 76 90 102 113 120
7 21 44 76 90 102 115 120
7 21 44 76 90 106 113 116
7 21 44 76 90 106 113 118
7 21 44 76 106 113 114 120
7 21 44 76 106 113 118 120
7 21 44 77 90 102 115 120
7 21 44 78 90 105 115 116
7 21 44 78 100 115 121 122
7 21 44 78 105 115 116 122
7 21 44 84 97 106 114 120
7 21 44 90 97 98 100 120
7 21 44 90 97 100 114 120
7 21 44 90 98 100 104 112
7 21 44 90 100 105 114 120
7 21 44 92 97 106 114 120
7 21 44 92 97 106 118 120
7 21 44 92 100 106 114 120
7 21 44 92 100 106 114 121
7 21 44 94 100 105 114 120
7 21 44 94 100 106 114 120
7 21 45 76 90 102 115 120
7 21 46 48 82 88 100 105
7 21 46 48 82 88 102 105
7 21 46 65 68 88 104 114
7 21 46 73 82 98 116 120
7 21 46 73 86 108 113 122
7 21 46 74 88 104 114 116
7 21 46 74 92 97 114 120
7 21 46 76 83 105 116 122
7 21 46 76 90 97 116 120
7 21 46 76 90 97 118 120
7 21 46 76 90 99 116 120
7 21 46 76 90 100 113 120
7 21 46 76 90 102 113 120
7 21 46 76 90 105 115 116
7 21 46 82 88 100 105 112
7 21 46 82 88 102 105 112
7 21 46 86 105 113 122 124
7 21 46 89 102 113 122 124
7 21 48 82 88 97 106 108
7 21 48 82 92 102 105 106
7 21 48 84 88 99 106 108
7 21 49 56 74 76 98 112
7 21 49 56 75 82 102 108
7 21 49 56 77 82 102 106
7 21 49 56 78 82 102 105
7 21 49 67 78 108 114 120
7 21 49 67 86 106 108 120
7 21 49 67 90 102 108 120
7 21 49 67 90 106 108 116
7 21 49 67 92 106 108 114
7 21 49 77 82 102 106 120
7 21 49 78 82 102 105 120
7 21 49 82 92 102 105 106
7 21 50 56 77 90 97 102
7 21 50 56 78 81 102 105
7 21 50 56 78 82 100 105
7 21 50 56 79 82 97 108
7 21 50 67 78 105 116 120
7 21 50 67 92 101 106 120
7 21 50 67 92 105 110 112
7 21 50 67 105 110 116 120
7 21 50 70 74 108 113 120
7 21 50 70 88 106 108 112
7 21 50 70 88 106 108 113
7 21 50 70 106 108 113 120
7 21 50 73 74 108 116 120
7 21 50 73 88 102 104 112
7 21 50 74 84 97 108 120
7 21 50 74 84 98 108 120
7 21 50 74 84 98 108 121
7 21 50 74 88 97 108 112
7 21 50 78 81 101 106 120
7 21 50 78 81 102 105 120
7 21 50 81 90 102 105 108
7 21 50 81 92 102 105 106
7 21 50 81 102 105 106 124
7 21 50 82 101 106 108 120
7 21 50 82 105 110 116 120
7 21 50 84 88 97 106 108
7 21 50 84 106 108 113 120
7 21 50 86 97 106 108 120
7 21 50 90 97 110 116 120
7 21 50 90 98 105 108 116
7 21 50 90 101 105 110 112
7 21 50 90 102 105 108 112
7 21 50 90 105 110 116 120
7 21 50 92 99 105 110 112
7 21 51 73 78 108 116 122
7 21 52 56 73 78 98 112
7 21 52 56 74 76 98 112
7 21 52 56 74 81 98 108
7 21 52 68 74 88 98 104
7 21 52 68 88 105 106 114
7 21 52 76 106 113 114 120
7 21 52 82 88 97 106 108
7 21 52 84 105 106 114 120
7 21 54 68 74 88 97 104
7 21 54 75 76 105 116 122
7 21 54 76 90 102 105 120
7 21 56 65 74 80 98 100
7 21 56 65 74 88 98 100
7 21 56 65 74 98 100 112
7 21 56 67 88 102 104 112
7 21 56 69 74 88 98 100
7 21 56 74 81 98 100 104
7 21 56 74 81 98 108 112
7 21 56 74 84 98 100 104
7 21 56 74 84 98 108 112
7 21 56 74 88 97 108 114
7 21 56 74 88 97 108 118
7 21 56 74 88 99 108 118
7 21 56 74 88 101 108 114
7 21 56 74 88 102 104 113
7 21 56 74 88 102 108 113
7 21 56 75 82 102 108 112
7 21 56 76 88 101 106 114
7 21 56 76 88 102 106 113
7 21 56 76 100 106 113 114
7 21 56 77 82 99 110 112
7 21 56 77 82 102 106 112
7 21 56 78 82 102 105 112
7 21 56 84 100 105 106 114
7 21 56 84 102 105 106 112
7 21 56 88 98 100 104 112
7 21 56 88 105 110 114 116
7 21 56 88 106 108 113 118
7 21 56 90 97 98 108 112
7 21 56 92 97 100 106 114
7 21 56 92 105 110 114 116
7 21 57 67 90 102 108 112
7 21 57 78 82 97 102 120
7 21 58 65 74 98 108 116
7 21 58 65 74 108 116 120
7 21 58 65 74 108 118 120
7 21 58 65 88 98 108 112
7 21 58 66 76 100 104 112
7 21 58 67 76 100 104 112
7 21 58 67 88 102 109 112
7 21 58 70 88 97 100 104
7 21 58 70 88 97 108 112
7 21 58 70 88 98 108 112
7 21 58 70 88 100 105 112
7 21 58 73 82 97 102 124
7 21 58 73 82 97 110 116
7 21 58 73 82 98 108 116
7 21 58 73 82 101 110 112
7 21 58 73 82 102 108 112
7 21 58 73 84 98 108 112
7 21 58 73 86 106 108 116
7 21 58 73 90 102 108 116
7 21 58 73 92 102 108 114
7 21 58 74 76 97 100 112
7 21 58 74 81 98 108 116
7 21 58 74 84 97 100 104
7 21 58 74 84 98 108 112
7 21 58 74 84 98 108 113
7 21 58 74 88 97 108 116
7 21 58 74 88 97 108 118
7 21 58 74 92 97 108 116
7 21 58 75 76 101 118 120
7 21 58 76 82 98 105 116
7 21 58 76 86 102 105 120
7 21 58 76 88 97 98 100
7 21 58 76 90 101 102 120
7 21 58 76 90 102 105 116
7 21 58 76 90 103 105 116
7 21 58 76 91 101 102 120
7 21 58 77 82 97 102 120
7 21 58 77 82 97 110 112
7 21 58 77 82 102 105 112
7 21 58 78 82 101 105 112
7 21 58 78 101 114 121 124
7 21 58 78 108 113 116 120
7 21 58 78 108 113 118 120
7 21 58 78 108 114 116 120
7 21 58 78 108 115 116 120
7 21 58 78 109 114 116 121
7 21 58 79 109 114 116 120
7 21 58 86 105 108 116 120
7 21 58 86 105 110 116 120
7 21 58 86 106 108 116 120
7 21 58 86 107 108 116 120
7 21 58 86 107 109 116 120
7 21 58 89 101 110 114 124
7 21 58 89 109 110 114 116
7 21 58 90 97 98 108 116
7 21 58 90 101 108 116 120
7 21 58 90 101 108 118 120
7 21 58 90 101 110 116 120
7 21 58 90 102 108 116 120
7 21 58 90 102 108 116 121
7 21 58 90 102 109 113 124
7 21 58 90 102 109 116 121
7 21 58 90 103 108 116 120
7 21 58 90 103 108 116 121
7 21 58 90 103 109 116 120
7 21 58 90 109 110 113 116
7 21 58 92 98 100 104 112
7 21 58 92 99 108 118 120
7 21 58 92 99 110 116 120
7 21 58 92 105 110 114 116
7 21 58 92 106 108 113 118
7 21 58 94 99 108 116 120
7 21 58 94 99 109 116 120
7 21 58 94 101 105 114 124
7 21 59 76 90 101 102 120
7 21 60 68 88 97 106 114
7 21 60 70 88 97 106 112
7 21 60 73 82 99 110 112
7 21 60 73 82 100 106 112
7 21 60 73 82 102 106 112
7 21 60 73 90 102 108 114
7 21 60 74 76 82 97 98
7 21 60 74 82 98 100 104
7 21 60 74 82 98 105 116
7 21 60 74 82 98 108 113
7 21 60 74 84 98 104 112
7 21 60 74 88 97 108 114
7 21 60 74 88 102 104 114
7 21 60 74 92 97 108 114
7 21 60 76 88 97 106 114
7 21 60 76 90 97 102 120
7 21 60 76 90 97 106 116
7 21 60 76 90 97 106 118
7 21 60 76 90 99 100 120
7 21 60 76 90 99 102 120
7 21 60 76 90 102 106 113
7 21 60 78 99 116 121 122
7 21 60 78 105 114 116 120
7 21 60 78 106 114 116 120
7 21 60 78 107 114 116 121
7 21 60 79 107 114 116 120
7 21 60 82 88 97 100 106
7 21 60 86 106 108 114 120
7 21 60 86 107 109 114 120
7 21 60 89 99 110 116 122
7 21 60 89 107 110 114 116
7 21 60 90 99 108 116 120
7 21 60 90 105 108 114 116
7 21 60 90 106 108 113 116
7 21 60 92 97 106 118 120
7 21 60 92 101 106 114 120
7 21 60 92 102 106 114 120
7 21 60 92 102 107 113 122
7 21 60 92 102 107 114 121
7 21 60 92 103 107 114 120
7 21 60 92 105 106 114 116
7 21 60 92 106 108 113 114
7 21 60 92 107 110 113 114
7 21 60 94 99 105 116 122
7 21 60 94 101 107 114 120
7 21 62 73 82 97 102 120
7 21 62 73 82 97 110 112
7 21 62 76 90 97 102 120
7 21 62 76 90 99 100 120
7 21 62 79 105 114 116 120
7 21 62 94 99 105 116 120
7 21 62 94 101 105 114 120
7 21 65 76 100 106 114 120
7 21 67 90 105 108 114 116
7 21 67 90 106 108 113 116
7 21 67 92 97 110 114 120
7 21 67 92 101 106 114 120
7 21 67 92 106 108 113 114
7 21 73 84 100 106 114 120
7 21 76 81 100 106 114 120
7 21 76 82 100 106 113 120
7 21 76 97 100 106 114 120
7 21 76 100 106 113 114 120
7 21 78 82 97 106 116 120
7 21 82 88 97 106 108 112
7 21 82 92 97 102 106 120
7 21 82 92 102 105 106 112
7 21 84 88 99 106 108 112
7 21 84 100 105 106 114 120
7 21 92 97 100 106 114 120
7 21 92 105 110 114 116 120
7 22 24 40 65 72 98 116
7 22 24 40 72 97 98 116
7 22 24 40 72 97 114 116
7 22 24 40 74 97 100 112
7 22 24 41 72 80 98 100
7 22 24 41 73 104 114 116
7 22 24 41 73 108 114 116
7 22 24 41 73 110 114 116
7 22 24 41 76 106 113 116
7 22 24 42 65 72 100 112
7 22 24 42 74 108 113 116
7 22 24 42 74 109 113 116
7 22 24 42 76 105 114 116
7 22 24 48 80 97 106 108
7 22 24 67 76 97 104 112
7 22 25 33 74 100 104 112
7 22 25 35 81 106 108 116
7 22 25 36 76 98 104 112
7 22 25 38 66 76 97 120
7 22 25 38 73 108 116 122
7 22 25 38 74 108 116 120
7 22 25 38 76 97 98 120
7 22 25 38 81 98 108 120
7 22 25 38 81 106 108 112
7 22 25 38 82 97 108 120
7 22 25 41 67 108 116 122
7 22 25 41 70 106 113 124
7 22 25 42 67 108 116 120
7 22 25 42 70 108 113 120
7 22 25 42 74 108 113 116
7 22 25 42 76 101 114 120
7 22 25 42 76 105 114 116
7 22 25 44 76 99 116 122
7 22 25 44 76 102 113 122
7 22 25 44 76 106 113 116
7 22 25 44 76 106 115 116
7 22 25 44 84 97 106 112
7 22 25 48 80 97 106 108
7 22 25 48 80 102 106 108
7 22 25 48 81 102 106 108
7 22 25 48 84 97 106 108
7 22 25 49 81 102 106 108
7 22 25 50 69 98 108 120
7 22 25 50 69 106 108 112
7 22 25 50 78 97 108 112
7 22 25 50 84 97 106 108
7 22 25 52 88 97 100 106
7 22 25 70 98 108 113 120
7 22 25 73 98 100 104 112
7 22 25 73 98 108 116 120
7 22 25 74 98 108 116 120
7 22 25 81 102 106 108 112
7 22 25 84 97 100 106 120
7 22 25 84 97 106 108 112
7 22 26 37 81 98 108 120
7 22 26 37 81 106 108 112
7 22 26 37 92 97 106 112
7 22 26 41 73 102 113 124
7 22 26 41 73 108 114 116
7 22 26 41 76 98 100 113
7 22 26 41 76 102 113 120
7 22 26 41 76 106 113 116
7 22 26 41 84 97 110 112
7 22 26 44 76 102 113 120
7 22 26 44 76 105 114 116
7 22 26 44 88 101 106 113
7 22 26 45 92 97 98 112
7 22 26 48 80 102 105 108
7 22 26 48 81 102 105 108
7 22 26 48 84 97 106 108
7 22 26 48 84 98 105 108
7 22 26 48 85 98 105 108
7 22 26 48 92 97 98 108
7 22 26 49 77 98 108 112
7 22 26 49 81 102 105 108
7 22 26 49 84 98 105 108
7 22 26 52 73 98 108 112
7 22 26 52 77 97 106 112
7 22 26 52 88 97 98 108
7 22 26 81 102 105 108 112
7 22 26 84 97 106 108 112
7 22 26 84 98 105 108 112
7 22 26 85 98 105 108 112
7 22 26 92 97 98 108 112
7 22 27 44 76 101 114 120
7 22 27 48 80 101 106 108
7 22 27 48 88 98 101 108
7 22 27 88 98 101 108 112
7 22 28 35 81 101 106 120
7 22 28 41 76 106 113 116
7 22 28 41 81 100 106 112
7 22 28 42 67 108 113 120
7 22 28 42 74 97 116 120
7 22 28 42 74 101 113 120
7 22 28 42 74 105 113 116
7 22 28 42 76 99 116 120
7 22 28 42 76 105 114 116
7 22 28 42 82 97 108 112
7 22 28 44 69 106 113 120
7 22 28 44 70 105 113 122
7 22 28 44 70 106 113 120
7 22 28 44 76 99 113 122
7 22 28 44 76 106 113 114
7 22 28 44 76 107 113 114
7 22 28 48 80 97 106 108
7 22 28 48 80 100 105 106
7 22 28 48 81 100 105 106
7 22 28 48 82 101 105 106
7 22 28 48 88 97 100 106
7 22 28 49 88 97 100 106
7 22 28 76 100 106 113 120
7 22 28 81 97 100 106 120
7 22 28 81 100 105 106 112
7 22 28 82 101 105 106 112
7 22 28 88 97 100 106 112
7 22 29 34 74 100 104 113
7 22 29 42 76 99 116 120
7 22 33 40 74 88 100 112
7 22 33 40 74 89 100 112
7 22 33 42 73 92 100 114
7 22 33 42 76 81 100 120
7 22 33 44 65 74 116 120
7 22 33 44 70 89 104 112
7 22 33 44 73 84 98 120
7 22 33 44 74 81 100 120
7 22 33 56 65 74 100 112
7 22 33 56 66 73 100 112
7 22 33 56 67 76 104 112
7 22 33 56 73 74 100 112
7 22 33 56 73 82 100 104
7 22 33 65 76 106 116 120
7 22 33 74 88 100 104 112
7 22 33 74 89 100 104 112
7 22 34 40 73 88 100 112
7 22 34 40 76 88 97 112
7 22 34 41 74 92 100 113
7 22 34 44 65 74 116 120
7 22 34 44 67 89 104 116
7 22 34 44 70 73 113 120
7 22 34 44 70 89 97 120
7 22 34 44 70 89 104 112
7 22 34 44 70 89 104 113
7 22 34 44 74 81 100 120
7 22 34 44 74 89 97 116
7 22 34 60 70 73 97 120
7 22 34 70 73 108 113 120
7 22 34 74 77 100 113 120
7 22 34 74 89 97 108 116
7 22 34 82 105 108 116 120
7 22 34 82 105 108 117 120
7 22 35 41 69 74 116 120
7 22 35 41 78 81 116 120
7 22 35 41 81 90 108 116
7 22 35 44 67 73 84 120
7 22 35 44 70 89 104 112
7 22 35 44 73 84 98 120
7 22 35 52 67 73 76 120
7 22 35 52 76 89 98 104
7 22 35 52 77 88 106 112
7 22 35 56 69 90 108 112
7 22 35 56 76 89 98 100
7 22 35 56 78 81 108 112
7 22 35 60 78 88 97 112
7 22 35 69 73 108 114 120
7 22 35 73 76 82 100 120
7 22 35 73 84 108 114 120
7 22 35 76 89 98 100 120
7 22 35 78 81 105 116 120
7 22 35 81 92 101 106 120
7 22 35 89 98 108 116 120
7 22 35 92 98 108 113 120
7 22 36 40 74 92 97 112
7 22 36 40 76 89 98 112
7 22 36 56 65 76 104 112
7 22 36 56 67 76 104 112
7 22 36 56 73 76 98 112
7 22 36 56 73 84 98 104
7 22 36 56 73 84 99 104
7 22 36 68 73 106 113 120
7 22 36 76 89 98 104 112
7 22 37 41 74 88 100 112
7 22 37 41 82 92 106 112
7 22 37 42 76 81 98 120
7 22 37 42 81 82 108 120
7 22 37 42 82 89 108 112
7 22 37 48 82 88 106 108
7 22 37 56 73 84 106 112
7 22 37 56 76 81 106 112
7 22 37 56 77 82 106 112
7 22 37 56 81 88 100 106
7 22 37 56 84 88 97 106
7 22 37 68 73 88 104 114
7 22 37 73 76 82 98 120
7 22 37 74 76 98 113 120
7 22 37 74 81 108 114 120
7 22 37 74 92 97 98 120
7 22 37 82 88 106 108 112
7 22 38 41 65 76 82 120
7 22 38 41 67 92 97 120
7 22 38 41 76 81 98 120
7 22 38 41 76 82 97 120
7 22 38 41 81 82 108 120
7 22 38 41 81 90 108 112
7 22 38 49 65 74 76 120
7 22 38 56 74 81 108 112
7 22 38 56 74 89 108 113
7 22 38 56 77 81 106 112
7 22 38 57 65 66 76 120
7 22 38 57 66 73 76 112
7 22 38 57 66 73 84 104
7 22 38 57 66 76 81 104
7 22 38 60 74 85 105 120
7 22 38 66 73 76 113 120
7 22 38 66 73 108 113 120
7 22 38 66 76 105 113 120
7 22 38 66 89 108 113 120
7 22 38 73 74 97 116 120
7 22 38 73 74 113 116 120
7 22 38 73 76 82 97 120
7 22 38 73 76 98 113 120
7 22 38 73 82 108 113 120
7 22 38 73 92 97 98 120
7 22 38 74 77 114 121 124
7 22 38 74 89 108 113 120
7 22 38 76 82 105 113 120
7 22 38 89 98 108 113 120
7 22 38 92 98 105 113 120
7 22 39 76 89 106 116 120
7 22 40 48 73 88 98 100
7 22 40 48 74 88 97 100
7 22 40 49 74 76 97 112
7 22 40 73 88 98 100 112
7 22 40 74 88 97 100 112
7 22 41 42 70 81 97 124
7 22 41 44 73 84 114 120
7 22 41 48 81 90 102 108
7 22 41 48 82 92 97 110
7 22 41 48 84 88 97 110
7 22 41 49 67 92 106 116
7 22 41 49 70 81 106 124
7 22 41 49 81 90 102 108
7 22 41 50 69 81 106 124
7 22 41 50 69 82 108 120
7 22 41 50 69 88 110 112
7 22 41 50 69 90 108 112
7 22 41 50 70 81 108 120
7 22 41 50 70 89 100 104
7 22 41 50 76 89 98 100
7 22 41 50 84 88 97 110
7 22 41 50 84 90 97 108
7 22 41 52 74 88 97 100
7 22 41 52 81 88 100 106
7 22 41 52 84 88 97 106
7 22 41 52 84 88 99 104
7 22 41 56 66 72 80 100
7 22 41 56 69 88 108 114
7 22 41 56 70 89 98 100
7 22 41 56 73 76 114 116
7 22 41 56 73 78 114 116
7 22 41 56 73 84 108 114
7 22 41 56 74 84 97 100
7 22 41 56 76 81 106 116
7 22 41 56 76 88 99 116
7 22 41 56 81 84 100 106
7 22 41 56 82 84 97 110
7 22 41 65 76 100 114 120
7 22 41 65 90 108 114 116
7 22 41 66 88 100 104 112
7 22 41 67 69 108 114 120
7 22 41 67 81 108 116 122
7 22 41 67 84 108 114 120
7 22 41 67 92 98 100 120
7 22 41 67 92 106 113 116
7 22 41 70 89 98 100 120
7 22 41 70 98 108 113 120
7 22 41 73 76 114 116 120
7 22 41 73 78 114 116 120
7 22 41 73 81 102 122 124
7 22 41 73 84 100 114 120
7 22 41 73 84 108 114 120
7 22 41 73 88 98 100 112
7 22 41 73 88 104 114 116
7 22 41 73 88 108 114 116
7 22 41 73 88 110 114 116
7 22 41 73 90 108 114 116
7 22 41 73 102 113 122 124
7 22 41 73 108 114 116 120
7 22 41 73 110 114 116 120
7 22 41 74 84 97 100 120
7 22 41 74 88 97 100 112
7 22 41 76 81 106 116 120
7 22 41 76 82 98 100 120
7 22 41 76 88 106 113 116
7 22 41 76 97 100 114 120
7 22 41 76 106 113 116 120
7 22 41 78 89 97 98 116
7 22 41 81 84 100 106 120
7 22 41 81 90 102 108 112
7 22 41 82 92 97 106 116
7 22 41 82 92 97 110 112
7 22 41 84 88 97 110 112
7 22 41 84 100 106 113 120
7 22 41 90 97 108 114 116
7 22 41 92 97 98 100 120
7 22 41 92 97 98 116 120
7 22 42 44 70 81 97 120
7 22 42 48 65 76 80 96
7 22 42 48 82 89 101 108
7 22 42 48 82 92 97 108
7 22 42 48 82 92 100 105
7 22 42 48 82 92 101 105
7 22 42 49 65 76 80 96
7 22 42 49 65 76 88 100
7 22 42 49 66 76 88 100
7 22 42 49 67 76 116 120
7 22 42 49 67 92 108 112
7 22 42 49 69 73 114 124
7 22 42 49 69 82 108 120
7 22 42 49 70 73 116 120
7 22 42 49 70 81 108 120
7 22 42 49 70 89 108 112
7 22 42 49 73 92 102 120
7 22 42 49 73 92 108 114
7 22 42 49 74 92 101 120
7 22 42 49 76 81 102 120
7 22 42 49 77 82 100 120
7 22 42 49 81 92 98 108
7 22 42 49 82 92 100 105
7 22 42 51 77 92 108 114
7 22 42 52 67 88 108 112
7 22 42 52 68 73 88 97
7 22 42 52 78 88 97 112
7 22 42 52 81 88 98 108
7 22 42 52 82 88 97 108
7 22 42 53 75 76 116 120
7 22 42 53 78 89 102 120
7 22 42 56 65 72 80 100
7 22 42 56 67 88 108 116
7 22 42 56 69 88 108 114
7 22 42 56 71 88 108 113
7 22 42 56 73 76 114 116
7 22 42 56 74 76 113 116
7 22 42 56 74 77 113 116
7 22 42 56 74 81 108 116
7 22 42 56 76 81 98 100
7 22 42 56 76 88 101 114
7 22 42 56 76 88 102 113
7 22 42 56 76 89 101 114
7 22 42 56 85 88 99 108
7 22 42 57 65 72 80 100
7 22 42 57 66 69 88 100
7 22 42 57 66 73 84 100
7 22 42 60 65 68 72 112
7 22 42 60 66 76 81 97
7 22 42 60 67 92 108 113
7 22 42 60 67 92 108 114
7 22 42 60 70 89 101 120
7 22 42 60 76 89 101 114
7 22 42 61 65 68 72 112
7 22 42 65 66 76 116 120
7 22 42 65 76 98 116 120
7 22 42 65 76 114 116 120
7 22 42 66 76 97 116 120
7 22 42 66 76 100 113 120
7 22 42 66 76 113 116 120
7 22 42 66 77 113 116 120
7 22 42 66 89 108 113 116
7 22 42 66 92 105 113 116
7 22 42 67 76 113 116 120
7 22 42 69 73 113 114 124
7 22 42 70 73 97 116 120
7 22 42 70 73 113 116 120
7 22 42 70 88 105 113 116
7 22 42 70 105 113 116 120
7 22 42 73 76 114 116 120
7 22 42 73 92 108 113 114
7 22 42 74 76 113 116 120
7 22 42 74 77 113 116 120
7 22 42 74 81 108 116 120
7 22 42 74 88 108 113 116
7 22 42 74 88 109 113 116
7 22 42 74 89 108 113 116
7 22 42 74 92 101 113 120
7 22 42 74 92 105 113 116
7 22 42 74 108 113 116 120
7 22 42 74 109 113 116 120
7 22 42 76 81 98 100 120
7 22 42 76 82 97 116 120
7 22 42 76 82 100 113 120
7 22 42 76 88 105 114 116
7 22 42 76 89 101 114 120
7 22 42 76 89 105 114 116
7 22 42 76 90 101 116 121
7 22 42 76 97 98 116 120
7 22 42 76 97 114 116 120
7 22 42 76 98 100 113 120
7 22 42 76 98 113 116 120
7 22 42 76 105 114 116 120
7 22 42 76 113 114 116 120
7 22 42 77 82 97 116 120
7 22 42 77 82 100 113 120
7 22 42 77 98 113 116 120
7 22 42 78 98 117 121 124
7 22 42 82 89 101 108 112
7 22 42 82 92 97 108 112
7 22 42 82 92 100 105 112
7 22 42 82 92 100 105 113
7 22 42 82 92 101 105 112
7 22 42 89 98 108 113 116
7 22 42 89 98 108 116 120
7 22 42 89 98 108 117 120
7 22 42 90 101 108 116 121
7 22 42 92 97 98 116 120
7 22 42 92 98 100 113 120
7 22 42 92 98 105 113 116
7 22 42 92 98 108 113 120
7 22 42 93 98 100 113 120
7 22 42 93 98 108 113 120
7 22 43 44 76 85 114 120
7 22 43 48 82 88 101 108
7 22 43 48 85 88 98 108
7 22 43 66 92 100 113 120
7 22 43 78 114 117 121 124
7 22 43 82 88 101 108 112
7 22 43 85 88 98 108 112
7 22 43 93 106 114 117 124
7 22 44 48 81 88 100 106
7 22 44 48 84 88 97 106
7 22 44 49 74 88 97 100
7 22 44 49 74 92 97 98
7 22 44 49 76 90 102 120
7 22 44 49 76 90 106 116
7 22 44 49 81 88 100 106
7 22 44 50 67 89 100 104
7 22 44 50 69 73 98 120
7 22 44 50 70 73 113 120
7 22 44 50 73 74 116 120
7 22 44 50 74 89 101 120
7 22 44 50 74 89 105 116
7 22 44 52 73 76 114 120
7 22 44 52 76 89 99 122
7 22 44 52 76 90 106 113
7 22 44 56 73 84 106 113
7 22 44 56 73 88 98 116
7 22 44 56 74 81 97 100
7 22 44 56 76 84 105 114
7 22 44 56 76 84 106 113
7 22 44 56 81 84 97 106
7 22 44 57 69 90 102 120
7 22 44 57 76 90 99 116
7 22 44 58 70 89 101 120
7 22 44 65 74 98 116 120
7 22 44 67 76 98 113 120
7 22 44 67 92 97 98 120
7 22 44 68 73 88 98 112
7 22 44 68 73 97 114 120
7 22 44 69 74 98 113 120
7 22 44 70 73 98 113 120
7 22 44 70 89 97 98 120
7 22 44 70 98 105 113 120
7 22 44 73 81 98 100 120
7 22 44 73 84 97 98 120
7 22 44 73 84 97 114 120
7 22 44 73 84 106 113 120
7 22 44 73 88 106 113 116
7 22 44 74 81 97 100 120
7 22 44 74 89 101 114 120
7 22 44 74 92 101 114 121
7 22 44 76 81 106 116 120
7 22 44 76 84 99 121 122
7 22 44 76 84 105 114 120
7 22 44 76 84 106 113 120
7 22 44 76 89 99 116 122
7 22 44 76 89 106 115 116
7 22 44 76 90 99 116 121
7 22 44 76 90 102 113 120
7 22 44 76 90 106 113 116
7 22 44 76 99 116 121 122
7 22 44 76 100 115 121 122
7 22 44 76 105 114 116 120
7 22 44 76 106 113 116 120
7 22 44 76 106 115 116 120
7 22 44 76 106 115 116 121
7 22 44 76 115 116 121 122
7 22 44 77 106 115 116 120
7 22 44 81 84 97 106 120
7 22 44 81 88 100 106 112
7 22 44 84 88 97 106 112
7 22 44 90 101 106 116 121
7 22 44 92 99 100 121 122
7 22 44 92 99 116 121 122
7 22 44 92 100 106 113 120
7 22 44 92 100 106 114 121
7 22 44 92 101 106 114 121
7 22 45 48 81 88 102 106
7 22 45 48 82 88 100 106
7 22 45 48 82 88 101 106
7 22 45 48 84 88 97 106
7 22 45 50 78 88 97 112
7 22 45 51 66 68 88 104
7 22 45 74 81 98 116 120
7 22 45 74 84 98 113 120
7 22 45 76 82 98 113 120
7 22 45 76 83 106 116 120
7 22 45 81 88 102 106 112
7 22 45 82 88 100 106 112
7 22 45 82 88 101 106 112
7 22 45 84 88 97 106 112
7 22 46 48 81 88 98 108
7 22 46 48 82 88 97 108
7 22 46 48 82 88 100 105
7 22 46 48 82 88 101 105
7 22 46 49 77 88 98 112
7 22 46 66 89 100 113 120
7 22 46 73 82 97 116 120
7 22 46 74 92 102 113 120
7 22 46 76 90 100 113 120
7 22 46 81 88 98 108 112
7 22 46 82 88 97 108 112
7 22 46 82 88 100 105 112
7 22 46 82 88 101 105 112
7 22 46 89 102 113 122 124
7 22 46 93 106 113 116 120
7 22 47 48 81 88 98 108
7 22 47 81 88 98 108 112
7 22 48 81 90 102 105 108
7 22 48 82 88 101 107 108
7 22 48 82 89 101 106 108
7 22 48 82 92 101 105 106
7 22 48 84 88 97 106 108
7 22 48 84 88 98 105 108
7 22 49 56 77 81 102 106
7 22 49 56 77 82 100 106
7 22 49 56 78 81 98 108
7 22 49 56 78 88 98 100
7 22 49 56 79 88 98 100
7 22 49 60 74 77 98 112
7 22 49 65 88 106 108 112
7 22 49 65 90 106 108 116
7 22 49 67 73 108 116 122
7 22 49 67 89 106 108 116
7 22 49 67 92 101 106 120
7 22 49 67 92 105 106 116
7 22 49 67 106 108 116 120
7 22 49 69 74 108 114 120
7 22 49 69 88 106 108 112
7 22 49 70 88 106 108 112
7 22 49 73 81 102 106 124
7 22 49 73 84 100 106 120
7 22 49 74 76 97 104 112
7 22 49 74 84 98 108 120
7 22 49 74 88 97 108 112
7 22 49 76 81 100 106 120
7 22 49 77 81 102 106 120
7 22 49 78 81 101 106 120
7 22 49 81 90 102 105 108
7 22 49 81 102 105 106 124
7 22 49 81 102 105 122 124
7 22 49 81 102 106 108 120
7 22 49 81 102 106 109 120
7 22 49 81 106 108 116 120
7 22 49 82 106 109 116 120
7 22 49 89 101 110 114 120
7 22 49 89 102 106 108 112
7 22 49 90 97 106 108 116
7 22 49 90 101 106 108 112
7 22 50 56 69 73 110 112
7 22 50 56 73 78 100 112
7 22 50 56 77 81 100 106
7 22 50 56 78 81 100 105
7 22 50 56 78 88 97 100
7 22 50 60 73 78 97 112
7 22 50 66 77 108 113 120
7 22 50 66 85 105 108 120
7 22 50 66 89 101 108 120
7 22 50 66 89 105 108 116
7 22 50 66 92 105 108 113
7 22 50 67 105 108 116 120
7 22 50 69 88 106 108 112
7 22 50 70 73 108 113 120
7 22 50 70 88 105 108 112
7 22 50 70 88 105 108 113
7 22 50 70 105 108 113 120
7 22 50 77 98 108 113 120
7 22 50 82 101 105 108 120
7 22 50 82 105 108 116 120
7 22 50 82 105 108 117 120
7 22 50 84 88 97 106 108
7 22 50 84 88 98 105 108
7 22 50 84 88 99 105 108
7 22 50 85 98 105 108 120
7 22 50 89 98 101 108 120
7 22 50 89 98 105 108 116
7 22 50 89 98 109 116 120
7 22 50 89 101 106 108 112
7 22 50 89 106 109 116 120
7 22 50 92 98 105 108 113
7 22 51 93 106 109 114 124
7 22 52 56 67 77 106 112
7 22 52 56 73 84 98 104
7 22 52 56 77 82 97 106
7 22 52 65 88 106 108 112
7 22 52 68 73 88 98 104
7 22 52 68 73 88 99 104
7 22 52 68 73 106 113 120
7 22 52 68 88 105 106 112
7 22 52 69 88 105 106 112
7 22 52 73 81 100 106 120
7 22 52 73 84 97 106 120
7 22 52 73 88 100 106 112
7 22 52 73 88 100 106 113
7 22 52 76 88 97 106 112
7 22 52 81 88 100 105 106
7 22 53 75 76 106 116 120
7 22 53 76 82 98 105 120
7 22 53 76 89 102 106 120
7 22 56 65 84 106 108 112
7 22 56 65 88 98 100 104
7 22 56 65 88 98 108 112
7 22 56 65 90 102 108 112
7 22 56 67 73 100 104 112
7 22 56 67 76 97 104 112
7 22 56 67 88 97 108 112
7 22 56 67 92 97 110 112
7 22 56 69 82 106 108 112
7 22 56 69 88 100 106 112
7 22 56 69 88 100 106 113
7 22 56 73 74 97 100 112
7 22 56 73 81 98 100 104
7 22 56 73 84 97 110 112
7 22 56 73 84 100 106 112
7 22 56 73 84 100 106 113
7 22 56 73 88 97 98 100
7 22 56 73 88 98 108 116
7 22 56 73 88 99 108 116
7 22 56 73 98 100 104 112
7 22 56 74 81 97 108 112
7 22 56 74 84 97 108 112
7 22 56 74 85 105 108 114
7 22 56 74 88 97 108 116
7 22 56 74 88 99 108 116
7 22 56 74 88 101 108 114
7 22 56 74 88 102 108 113
7 22 56 74 89 99 108 116
7 22 56 74 92 102 105 113
7 22 56 75 81 101 108 114
7 22 56 75 84 97 108 112
7 22 56 75 92 98 101 112
7 22 56 76 81 100 106 112
7 22 56 76 82 102 105 112
7 22 56 76 82 102 105 113
7 22 56 76 88 97 106 116
7 22 56 77 81 102 106 112
7 22 56 77 82 97 106 116
7 22 56 77 82 97 110 112
7 22 56 77 82 101 106 112
7 22 56 77 90 97 102 112
7 22 56 78 81 97 108 112
7 22 56 78 81 98 108 112
7 22 56 78 81 101 105 114
7 22 56 81 97 106 108 112
7 22 56 82 84 99 105 108
7 22 56 84 97 106 108 112
7 22 56 84 100 105 106 112
7 22 56 88 97 98 100 104
7 22 56 88 97 98 104 116
7 22 56 88 97 98 108 112
7 22 56 88 97 104 114 116
7 22 56 88 105 108 114 116
7 22 56 88 105 110 114 116
7 22 56 88 106 108 113 116
7 22 56 90 97 102 108 112
7 22 56 91 98 101 108 112
7 22 56 92 97 100 106 112
7 22 56 92 98 100 105 112
7 22 57 65 76 88 98 100
7 22 57 65 76 98 100 120
7 22 57 65 88 98 108 112
7 22 57 66 76 100 104 112
7 22 57 67 76 88 98 100
7 22 57 67 76 98 100 120
7 22 57 67 88 98 108 116
7 22 57 70 88 98 108 112
7 22 57 70 88 98 108 113
7 22 57 71 76 106 116 120
7 22 57 73 76 82 98 100
7 22 57 74 81 98 108 116
7 22 57 74 81 102 108 112
7 22 57 74 84 98 108 112
7 22 57 74 92 101 108 114
7 22 57 75 110 114 117 124
7 22 57 76 81 100 106 112
7 22 57 76 82 98 101 120
7 22 57 76 82 101 106 112
7 22 57 76 85 102 106 120
7 22 57 76 89 102 106 116
7 22 57 76 90 101 102 120
7 22 57 76 90 101 106 116
7 22 57 77 106 114 116 120
7 22 57 78 98 100 113 120
7 22 57 78 106 113 116 120
7 22 57 79 110 114 116 120
7 22 57 79 110 114 117 120
7 22 57 85 106 108 114 120
7 22 57 89 102 108 116 122
7 22 57 89 103 110 114 124
7 22 57 90 97 98 108 116
7 22 57 90 98 101 108 112
7 22 57 90 101 108 114 120
7 22 57 90 102 108 113 120
7 22 57 90 105 108 114 116
7 22 57 90 106 108 113 116
7 22 57 90 109 110 115 116
7 22 58 65 88 102 108 112
7 22 58 66 89 101 108 112
7 22 58 69 88 98 108 112
7 22 58 70 88 97 108 112
7 22 58 73 82 97 108 116
7 22 58 74 76 101 116 121
7 22 58 74 81 97 108 116
7 22 58 74 89 101 108 116
7 22 58 75 81 101 108 112
7 22 58 75 109 114 117 124
7 22 58 76 89 98 101 120
7 22 58 76 89 101 102 120
7 22 58 76 89 101 106 116
7 22 58 77 81 101 106 112
7 22 58 77 98 100 113 120
7 22 58 77 108 113 114 120
7 22 58 78 101 114 121 124
7 22 58 78 109 114 116 121
7 22 58 78 109 115 116 121
7 22 58 83 106 109 117 124
7 22 58 89 101 110 114 124
7 22 58 89 109 110 114 116
7 22 58 90 98 109 117 124
7 22 58 90 99 109 117 124
7 22 58 90 101 108 116 121
7 22 58 90 102 109 113 124
7 22 58 90 102 109 116 121
7 22 58 90 103 109 116 121
7 22 58 90 109 110 113 116
7 22 58 92 98 100 105 113
7 22 58 92 105 108 113 114
7 22 58 92 105 110 114 116
7 22 58 93 101 106 114 124
7 22 59 66 88 101 108 112
7 22 59 93 101 106 114 124
7 22 60 65 74 98 116 120
7 22 60 65 88 100 106 112
7 22 60 68 73 88 97 98
7 22 60 68 73 97 98 120
7 22 60 68 88 97 106 112
7 22 60 68 88 98 105 112
7 22 60 69 76 106 114 121
7 22 60 69 88 97 106 112
7 22 60 70 73 97 98 120
7 22 60 70 88 98 105 112
7 22 60 70 88 98 105 113
7 22 60 73 74 98 116 120
7 22 60 73 82 97 106 116
7 22 60 73 84 97 98 120
7 22 60 73 84 97 106 112
7 22 60 73 92 102 106 113
7 22 60 74 76 81 97 98
7 22 60 74 76 99 116 121
7 22 60 74 76 101 114 121
7 22 60 74 81 97 108 112
7 22 60 74 81 97 108 114
7 22 60 74 81 98 108 112
7 22 60 74 81 99 108 112
7 22 60 74 84 97 98 120
7 22 60 74 84 98 105 112
7 22 60 74 84 98 105 113
7 22 60 74 89 98 101 120
7 22 60 74 89 101 108 114
7 22 60 74 92 97 108 114
7 22 60 74 92 98 108 113
7 22 60 74 92 99 108 114
7 22 60 74 93 99 108 114
7 22 60 76 82 98 105 113
7 22 60 76 89 99 100 122
7 22 60 76 89 101 106 114
7 22 60 76 90 99 100 121
7 22 60 78 106 113 116 120
7 22 60 79 106 113 116 120
7 22 60 89 99 108 116 122
7 22 60 89 99 110 116 120
7 22 60 90 98 109 116 121
7 22 60 90 99 108 116 121
7 22 60 90 101 106 116 121
7 22 60 90 105 108 114 116
7 22 60 90 106 108 113 116
7 22 60 90 106 109 113 116
7 22 60 92 97 106 116 120
7 22 60 92 98 105 116 120
7 22 60 92 99 106 116 120
7 22 60 92 99 106 116 121
7 22 60 92 101 106 114 121
7 22 60 92 102 105 113 122
7 22 60 92 102 106 113 120
7 22 60 92 102 106 114 121
7 22 60 92 102 107 113 120
7 22 60 92 103 106 114 121
7 22 60 92 105 106 114 116
7 22 60 92 106 108 113 114
7 22 60 93 99 106 116 120
7 22 60 93 102 106 113 120
7 22 61 67 88 100 106 112
7 22 61 74 81 98 108 112
7 22 61 74 92 99 108 114
7 22 61 74 93 99 108 114
7 22 61 93 99 106 114 124
7 22 67 76 98 105 116 120
7 22 67 92 98 105 116 120
7 22 70 73 98 108 113 120
7 22 73 82 97 110 116 120
7 22 73 84 97 108 114 120
7 22 73 84 100 106 113 120
7 22 73 88 98 100 104 112
7 22 74 84 98 108 113 120
7 22 74 84 98 109 113 120
7 22 74 85 98 100 105 120
7 22 74 85 105 108 114 120
7 22 74 88 97 100 104 112
7 22 74 89 99 108 116 120
7 22 74 92 101 108 114 121
7 22 74 92 102 105 113 120
7 22 76 82 98 105 116 120
7 22 76 82 98 105 117 120
7 22 76 90 101 106 116 121
7 22 77 82 97 106 116 120
7 22 77 82 98 105 116 120
7 22 77 82 98 108 113 120
7 22 77 82 100 106 113 120
7 22 78 81 98 105 116 120
7 22 78 81 101 105 114 120
7 22 81 90 102 105 108 112
7 22 82 85 98 105 108 120
7 22 82 88 101 107 108 112
7 22 82 89 98 101 108 120
7 22 82 89 101 106 108 112
7 22 82 92 98 101 105 120
7 22 82 92 101 105 106 112
7 22 82 98 105 108 116 120
7 22 82 98 105 108 117 120
7 22 82 106 109 113 116 120
7 22 84 88 97 106 108 112
7 22 84 88 98 105 108 112
7 22 92 99 108 116 121 122
7 23 24 41 72 80 98 100
7 23 24 41 73 110 114 116
7 23 24 41 74 108 113 118
7 23 24 41 75 108 114 116
7 23 24 41 78 106 113 116
7 23 24 41 81 106 108 118
7 23 24 41 83 106 108 116
7 23 24 42 74 108 113 116
7 23 24 42 76 104 114 116
7 23 24 42 76 105 114 116
7 23 24 42 82 105 108 116
7 23 24 42 86 105 108 112
7 23 24 44 76 104 113 114
7 23 24 73 106 108 113 118
7 23 24 75 105 108 114 116
7 23 24 83 105 106 108 116
7 23 25 42 88 99 108 116
7 23 25 42 88 103 108 112
7 23 25 88 99 106 108 116
7 23 26 41 81 106 108 116
7 23 26 44 88 102 105 112
7 23 26 88 98 105 108 116
7 23 27 48 80 101 106 108
7 23 28 44 75 105 114 116
7 23 28 44 76 107 113 114
7 23 28 44 84 105 106 114
7 23 28 44 84 105 106 115
7 23 28 44 89 102 106 113
7 23 28 48 80 100 105 106
7 23 28 76 105 106 115 116
7 23 30 48 80 98 105 108
7 23 33 40 74 88 100 112
7 23 34 90 105 108 116 120
7 23 35 89 106 108 116 120
7 23 36 56 73 76 98 112
7 23 38 90 105 108 116 120
7 23 40 48 73 88 98 100
7 23 40 73 88 98 100 112
7 23 41 73 88 110 114 116
7 23 41 73 110 114 116 120
7 23 41 74 108 113 118 120
7 23 41 75 108 114 116 120
7 23 41 78 106 113 116 120
7 23 41 81 88 106 108 118
7 23 41 81 106 108 118 120
7 23 41 83 106 108 116 120
7 23 41 90 97 108 118 120
7 23 41 90 101 108 114 120
7 23 41 90 102 108 113 120
7 23 41 94 97 108 114 120
7 23 42 74 108 113 116 120
7 23 42 76 105 114 116 120
7 23 42 82 88 105 108 116
7 23 42 82 105 108 116 120
7 23 42 90 97 108 116 120
7 23 42 92 98 105 116 120
7 23 42 92 100 105 114 120
7 23 43 48 81 92 98 108
7 23 43 60 66 68 72 112
7 23 43 65 66 76 116 120
7 23 43 73 82 108 116 120
7 23 43 73 88 108 114 116
7 23 43 76 85 106 116 120
7 23 43 76 89 102 116 120
7 23 43 77 97 118 122 124
7 23 43 77 113 118 122 124
7 23 43 81 92 98 108 112
7 23 43 85 110 113 122 124
7 23 43 93 110 113 114 124
7 23 44 89 102 105 116 122
7 23 44 92 100 106 113 120
7 23 44 92 100 106 114 120
7 23 44 92 100 106 114 121
7 23 44 92 100 107 113 122
7 23 44 92 100 107 114 120
7 23 44 92 101 107 114 120
7 23 44 92 102 105 113 122
7 23 44 94 100 105 113 122
7 23 44 94 100 105 114 120
7 23 45 48 81 90 98 108
7 23 45 73 74 114 116 120
7 23 45 81 90 98 108 112
7 23 45 90 101 106 116 120
7 23 46 71 105 113 122 124
7 23 46 73 82 108 113 120
7 23 46 73 88 106 113 116
7 23 46 76 84 105 114 120
7 23 46 76 84 106 113 120
7 23 46 89 102 105 114 124
7 23 46 90 98 101 121 124
7 23 46 90 98 108 116 121
7 23 46 90 102 105 113 124
7 23 46 92 99 108 114 121
7 23 46 92 101 106 114 121
7 23 49 73 88 106 108 118
7 23 50 74 88 105 108 116
7 23 50 92 100 105 106 112
7 23 51 73 88 106 108 116
7 23 51 85 105 110 122 124
7 23 52 68 88 105 106 112
7 23 54 74 88 105 108 112
7 23 54 76 84 105 106 120
7 23 56 73 88 99 110 116
7 23 56 73 106 108 113 118
7 23 56 74 88 99 108 116
7 23 56 74 88 102 108 113
7 23 56 75 88 101 108 114
7 23 56 75 105 108 114 116
7 23 56 83 105 106 108 116
7 23 56 84 100 105 106 112
7 23 56 88 97 98 100 104
7 23 56 88 97 106 108 116
7 23 56 88 97 106 108 118
7 23 56 88 99 106 108 116
7 23 56 88 105 110 114 116
7 23 56 88 106 108 113 116
7 23 56 88 106 108 113 118
7 23 56 89 99 106 108 116
7 23 56 89 105 110 114 116
7 23 56 90 97 106 108 116
7 23 56 90 98 105 108 116
7 23 57 67 84 106 108 112
7 23 57 67 88 106 108 116
7 23 57 71 110 113 122 124
7 23 57 74 81 102 108 120
7 23 57 75 102 108 116 120
7 23 57 75 110 117 122 124
7 23 57 76 89 102 106 116
7 23 57 78 81 98 108 112
7 23 57 78 92 99 102 120
7 23 57 78 97 106 116 120
7 23 57 79 110 113 114 124
7 23 57 79 110 114 116 120
7 23 57 83 101 110 122 124
7 23 57 89 102 106 108 116
7 23 57 90 97 98 108 116
7 23 57 90 97 102 108 112
7 23 57 90 97 102 108 120
7 23 57 90 97 106 108 116
7 23 57 90 101 106 108 116
7 23 57 90 109 110 115 116
7 23 57 91 109 110 114 116
7 23 57 94 97 106 108 116
7 23 58 66 76 100 105 112
7 23 58 66 84 105 108 112
7 23 58 66 88 105 108 116
7 23 58 73 88 99 108 116
7 23 58 73 88 101 108 114
7 23 58 73 88 102 108 112
7 23 58 73 88 102 108 113
7 23 58 74 88 101 108 112
7 23 58 75 97 108 116 120
7 23 58 77 97 98 116 120
7 23 58 78 109 114 116 121
7 23 58 79 109 114 116 120
7 23 58 89 105 110 118 124
7 23 58 89 109 110 114 116
7 23 58 90 102 109 116 121
7 23 58 90 105 110 117 124
7 23 58 90 106 109 117 124
7 23 58 92 98 100 105 112
7 23 58 92 98 100 105 120
7 23 58 92 105 110 114 116
7 23 58 93 97 106 108 116
7 23 58 93 99 106 108 116
7 23 58 93 101 106 108 114
7 23 58 94 102 105 108 113
7 23 60 68 88 97 98 104
7 23 60 69 76 107 114 120
7 23 60 73 74 99 116 120
7 23 60 75 92 99 108 114
7 23 60 75 97 98 116 120
7 23 60 75 97 108 114 120
7 23 60 76 84 99 105 122
7 23 60 76 84 99 106 120
7 23 60 76 89 99 106 116
7 23 60 78 100 105 113 122
7 23 60 78 100 105 114 120
7 23 60 86 99 106 108 121
7 23 60 86 106 109 114 121
7 23 60 86 107 109 114 120
7 23 60 89 99 106 108 116
7 23 60 89 102 105 106 116
7 23 60 89 105 110 114 116
7 23 60 90 98 105 108 116
7 23 60 91 97 106 108 116
7 23 60 92 97 100 106 120
7 23 60 92 100 105 106 114
7 23 60 92 101 107 114 120
7 23 60 92 105 106 114 116
7 23 60 92 107 108 113 114
7 23 60 92 107 108 117 122
7 23 60 94 100 105 106 113
7 23 61 73 88 102 106 112
7 23 73 88 98 100 104 112
7 23 73 88 106 108 113 118
7 23 73 106 108 113 118 120
7 23 75 88 105 108 114 116
7 23 75 105 108 114 116 120
7 23 76 82 98 100 105 120
7 23 78 101 106 114 121 124
7 23 78 102 105 113 122 124
7 23 83 88 105 106 108 116
7 23 83 105 106 108 116 120
7 23 86 106 109 114 121 124
7 23 89 99 106 108 116 120
7 23 89 102 105 108 116 122
7 23 89 102 106 108 113 120
7 23 89 105 110 114 116 120
7 23 89 105 110 118 122 124
7 23 90 97 106 108 116 120
7 23 90 98 105 108 116 120
7 23 92 99 105 108 116 122
7 23 92 102 105 108 113 122
7 24 33 34 68 72 80 96
7 24 33 36 66 68 104 112
7 24 33 36 68 82 104 112
7 24 33 38 73 82 84 104
7 24 33 38 74 84 104 112
7 24 33 40 70 72 114 116
7 24 33 40 72 82 100 112
7 24 33 44 66 72 84 112
7 24 33 44 66 84 104 112
7 24 33 44 82 84 104 112
7 24 33 46 82 84 104 112
7 24 33 48 66 68 80 104
7 24 33 48 66 80 100 104
7 24 33 50 74 84 108 112
7 24 33 50 76 82 104 116
7 24 33 52 74 84 104 112
7 24 33 54 76 82 104 112
7 24 33 65 78 104 114 116
7 24 33 73 82 84 102 104
7 24 33 74 84 102 104 112
7 24 34 44 66 81 104 116
7 24 34 52 70 73 104 112
7 24 34 66 76 104 113 116
7 24 35 40 76 81 114 116
7 24 35 44 65 72 86 112
7 24 35 44 66 72 84 112
7 24 35 44 69 72 82 112
7 24 35 44 69 82 104 112
7 24 35 44 81 86 104 112
7 24 35 52 65 76 82 104
7 24 35 52 73 82 108 112
7 24 35 52 76 82 97 104
7 24 35 52 78 81 104 112
7 24 35 65 76 82 104 116
7 24 35 65 76 104 114 116
7 24 35 76 81 104 114 116
7 24 35 76 82 97 104 116
7 24 35 76 97 104 114 116
7 24 36 41 68 82 104 112
7 24 36 65 66 68 104 112
7 24 36 65 68 98 104 112
7 24 36 68 81 98 104 112
7 24 36 68 97 98 104 112
7 24 37 40 70 72 82 112
7 24 37 40 72 82 100 112
7 24 37 50 73 86 104 112
7 24 37 50 74 81 104 116
7 24 37 74 76 82 97 112
7 24 38 40 65 72 84 112
7 24 38 40 65 74 84 112
7 24 38 40 67 72 84 112
7 24 38 40 67 76 81 112
7 24 38 40 72 81 84 98
7 24 38 40 72 81 98 116
7 24 38 40 72 82 84 97
7 24 38 40 72 82 97 116
7 24 38 40 73 82 84 97
7 24 38 40 74 84 97 112
7 24 38 40 76 81 98 112
7 24 38 41 66 72 84 112
7 24 38 49 74 81 108 112
7 24 38 65 74 84 104 112
7 24 38 66 73 84 104 112
7 24 38 67 73 84 104 112
7 24 38 73 82 84 97 104
7 24 38 73 84 98 104 112
7 24 38 74 84 97 104 112
7 24 39 40 72 82 84 97
7 24 39 65 74 84 104 112
7 24 39 74 84 97 104 112
7 24 40 48 65 66 68 96
7 24 40 48 71 73 82 100
7 24 40 49 70 72 82 100
7 24 40 49 71 72 114 116
7 24 40 49 72 82 100 112
7 24 40 49 73 78 114 116
7 24 40 50 65 70 72 116
7 24 40 50 70 72 113 116
7 24 40 50 73 86 101 112
7 24 40 51 72 85 102 112
7 24 40 52 65 66 72 112
7 24 40 52 65 66 76 112
7 24 40 52 65 70 72 112
7 24 40 52 65 76 98 112
7 24 40 52 67 69 74 112
7 24 40 52 67 70 72 112
7 24 40 52 67 76 81 98
7 24 40 52 67 76 98 112
7 24 40 52 69 72 98 112
7 24 40 52 70 72 81 98
7 24 40 52 71 72 81 98
7 24 40 52 76 81 98 112
7 24 40 53 73 78 114 116
7 24 40 53 75 78 114 116
7 24 40 54 67 69 72 112
7 24 40 54 73 74 113 116
7 24 40 54 73 76 114 116
7 24 40 54 73 76 114 117
7 24 40 54 73 78 114 116
7 24 40 54 74 76 113 116
7 24 40 55 73 76 114 116
7 24 40 55 73 78 114 116
7 24 40 55 74 76 113 118
7 24 40 65 70 72 114 116
7 24 40 65 72 82 100 112
7 24 40 65 72 102 114 116
7 24 40 69 72 82 100 112
7 24 40 70 72 81 98 116
7 24 40 70 72 97 114 116
7 24 40 70 72 98 113 116
7 24 40 70 72 113 114 116
7 24 40 71 72 97 114 116
7 24 40 71 72 113 114 116
7 24 40 72 81 98 100 112
7 24 40 72 81 102 114 116
7 24 40 72 86 99 101 112
7 24 40 72 97 102 114 116
7 24 40 72 102 113 114 116
7 24 40 72 103 113 114 116
7 24 41 42 76 86 113 116
7 24 41 42 77 87 114 116
7 24 41 44 73 86 114 116
7 24 41 44 74 86 114 116
7 24 41 44 74 87 114 116
7 24 41 44 76 83 114 116
7 24 41 44 76 86 113 114
7 24 41 44 82 84 104 112
7 24 41 44 85 86 104 114
7 24 41 46 73 87 114 116
7 24 41 46 75 85 114 116
7 24 41 46 83 85 104 118
7 24 41 46 83 85 106 116
7 24 41 48 82 84 102 104
7 24 41 50 73 84 102 112
7 24 41 50 78 87 104 116
7 24 41 50 81 84 102 104
7 24 41 52 70 72 80 98
7 24 41 52 76 82 104 112
7 24 41 52 76 86 106 113
7 24 41 52 78 85 104 114
7 24 41 53 75 78 114 116
7 24 41 53 78 83 108 114
7 24 41 53 78 87 104 114
7 24 41 54 73 78 114 116
7 24 41 54 74 85 108 114
7 24 41 54 74 86 108 113
7 24 41 54 75 85 108 114
7 24 41 54 76 83 104 116
7 24 41 54 76 85 104 114
7 24 41 54 76 86 104 113
7 24 41 54 78 81 106 116
7 24 41 54 78 85 104 114
7 24 41 54 81 86 106 108
7 24 41 67 72 84 102 112
7 24 41 67 84 102 104 112
7 24 41 72 82 101 102 112
7 24 41 73 86 104 114 116
7 24 41 73 86 108 114 116
7 24 41 73 86 110 114 116
7 24 41 76 86 106 113 116
7 24 41 78 81 104 114 116
7 24 41 78 85 104 114 116
7 24 41 78 87 104 114 116
7 24 41 78 104 113 114 116
7 24 41 78 104 115 117 118
7 24 41 81 86 106 108 116
7 24 41 82 84 102 104 112
7 24 41 82 101 102 104 112
7 24 41 86 104 113 114 116
7 24 41 87 106 108 113 118
7 24 42 44 73 86 113 116
7 24 42 44 73 87 113 118
7 24 42 44 74 85 113 118
7 24 42 44 74 86 113 116
7 24 42 44 74 87 113 116
7 24 42 44 81 86 104 112
7 24 42 44 81 86 104 116
7 24 42 44 85 86 104 112
7 24 42 44 85 86 104 114
7 24 42 45 83 86 104 116
7 24 42 45 83 86 108 112
7 24 42 48 81 86 101 104
7 24 42 48 82 84 101 104
7 24 42 49 76 81 102 112
7 24 42 49 76 81 104 118
7 24 42 49 76 86 104 116
7 24 42 51 77 86 104 116
7 24 42 52 65 70 72 112
7 24 42 52 70 72 80 97
7 24 42 52 70 81 104 112
7 24 42 52 71 72 80 97
7 24 42 52 71 81 104 112
7 24 42 52 73 81 102 112
7 24 42 52 76 82 97 112
7 24 42 52 76 85 104 114
7 24 42 52 76 86 104 113
7 24 42 52 78 85 104 112
7 24 42 52 78 85 104 114
7 24 42 53 73 78 114 116
7 24 42 53 74 86 108 113
7 24 42 53 75 86 108 112
7 24 42 53 76 83 104 118
7 24 42 53 78 83 104 116
7 24 42 54 74 77 113 116
7 24 42 54 76 85 104 114
7 24 42 54 76 86 104 113
7 24 42 54 77 86 104 113
7 24 42 69 72 82 97 116
7 24 42 69 82 97 104 116
7 24 42 73 86 104 113 116
7 24 42 73 86 108 114 117
7 24 42 74 85 108 113 118
7 24 42 76 81 104 114 116
7 24 42 76 82 104 113 116
7 24 42 76 83 104 117 118
7 24 42 76 85 104 114 116
7 24 42 76 86 104 113 116
7 24 42 76 104 113 114 116
7 24 42 76 104 115 117 118
7 24 42 78 85 104 114 116
7 24 42 81 86 101 104 112
7 24 42 82 84 101 104 112
7 24 42 86 105 108 114 117
7 24 43 44 85 86 104 112
7 24 43 45 83 86 104 116
7 24 43 46 85 86 104 112
7 24 43 54 77 86 104 113
7 24 43 54 78 85 104 112
7 24 43 73 86 108 114 117
7 24 43 76 86 104 113 116
7 24 43 85 106 108 113 118
7 24 44 48 81 84 98 104
7 24 44 49 73 78 114 116
7 24 44 49 73 86 106 116
7 24 44 49 74 85 104 118
7 24 44 49 76 82 104 112
7 24 44 49 76 82 104 116
7 24 44 49 78 85 104 114
7 24 44 50 67 72 84 97
7 24 44 50 67 81 104 116
7 24 44 50 67 84 104 112
7 24 44 50 69 82 104 112
7 24 44 50 73 82 104 116
7 24 44 50 73 86 104 112
7 24 44 50 73 86 104 113
7 24 44 50 73 86 104 116
7 24 44 50 74 81 104 116
7 24 44 50 74 85 104 116
7 24 44 50 78 81 104 116
7 24 44 50 78 85 104 112
7 24 44 50 82 84 97 104
7 24 44 51 76 86 104 113
7 24 44 51 78 85 104 112
7 24 44 52 75 76 113 114
7 24 44 52 76 83 106 113
7 24 44 54 75 84 104 113
7 24 44 65 66 84 104 112
7 24 44 65 72 84 98 112
7 24 44 65 84 98 104 112
7 24 44 67 72 84 98 112
7 24 44 67 72 97 114 116
7 24 44 67 84 98 104 112
7 24 44 70 72 81 98 112
7 24 44 72 84 97 98 112
7 24 44 73 86 104 114 116
7 24 44 73 86 104 114 117
7 24 44 73 86 104 115 116
7 24 44 73 86 106 113 116
7 24 44 74 85 104 114 116
7 24 44 76 81 104 114 116
7 24 44 76 83 104 113 118
7 24 44 76 83 104 114 116
7 24 44 76 83 106 113 116
7 24 44 76 104 113 114 116
7 24 44 78 81 104 114 116
7 24 44 78 104 113 114 116
7 24 44 79 104 113 114 116
7 24 44 81 84 98 104 112
7 24 44 84 97 98 104 112
7 24 45 50 74 86 108 113
7 24 45 73 86 104 114 116
7 24 45 73 86 106 114 116
7 24 45 74 86 108 113 114
7 24 45 78 83 104 114 116
7 24 45 78 104 113 114 116
7 24 46 48 82 84 97 104
7 24 46 51 78 85 104 112
7 24 46 67 72 84 97 112
7 24 46 73 82 104 113 116
7 24 46 73 86 104 113 116
7 24 46 73 86 104 114 116
7 24 46 73 86 104 114 117
7 24 46 73 86 104 115 117
7 24 46 73 86 106 113 116
7 24 46 74 85 104 113 118
7 24 46 74 85 104 114 116
7 24 46 74 85 104 115 116
7 24 46 74 85 105 114 116
7 24 46 74 85 108 113 114
7 24 46 76 81 104 114 116
7 24 46 76 82 104 113 116
7 24 46 76 83 104 113 116
7 24 46 78 81 104 114 116
7 24 46 78 104 113 114 116
7 24 46 79 104 113 114 116
7 24 46 82 84 97 104 112
7 24 46 85 106 108 113 114
7 24 46 86 105 106 113 116
7 24 46 87 105 106 113 116
7 24 47 73 86 104 114 116
7 24 47 73 86 104 114 117
7 24 47 73 86 106 113 116
7 24 47 74 85 104 114 116
7 24 47 76 81 104 114 116
7 24 47 79 104 113 114 116
7 24 48 65 66 80 100 104
7 24 48 65 80 98 100 104
7 24 48 80 97 98 100 104
7 24 49 50 67 76 104 116
7 24 49 70 81 106 108 112
7 24 49 73 78 104 114 116
7 24 49 73 82 102 104 116
7 24 49 73 86 106 108 116
7 24 49 74 81 102 108 112
7 24 49 74 84 102 104 112
7 24 49 81 102 106 108 112
7 24 50 52 67 76 104 112
7 24 50 52 70 73 104 112
7 24 50 52 71 73 104 112
7 24 50 52 73 81 102 104
7 24 50 65 84 106 108 112
7 24 50 73 84 101 106 112
7 24 50 73 86 101 104 112
7 24 50 74 84 97 108 112
7 24 50 74 84 101 104 112
7 24 50 76 82 97 104 116
7 24 50 76 82 101 104 112
7 24 50 78 81 101 104 112
7 24 50 84 97 106 108 112
7 24 52 67 69 74 104 112
7 24 52 67 73 76 98 112
7 24 52 67 76 81 98 104
7 24 52 69 74 82 97 104
7 24 52 70 73 98 104 112
7 24 52 73 84 98 104 112
7 24 52 76 81 98 104 112
7 24 53 73 78 104 114 116
7 24 53 73 78 106 114 116
7 24 53 73 86 106 108 112
7 24 53 73 86 106 108 114
7 24 53 75 78 104 114 116
7 24 54 67 76 97 104 112
7 24 54 73 74 104 113 116
7 24 54 73 76 104 114 116
7 24 54 73 76 104 114 117
7 24 54 73 78 104 114 116
7 24 54 73 86 106 108 113
7 24 54 74 76 104 113 116
7 24 54 74 85 105 108 114
7 24 54 75 77 106 113 116
7 24 54 75 85 105 108 114
7 24 54 75 85 106 108 113
7 24 54 76 82 97 104 112
7 24 54 77 106 108 113 114
7 24 54 85 105 106 108 114
7 24 54 86 105 106 108 113
7 24 54 87 105 106 108 113
7 24 55 73 76 104 114 116
7 24 55 73 78 104 114 116
7 24 55 73 86 106 108 112
7 24 55 73 86 106 108 113
7 24 55 74 76 104 113 118
7 24 65 74 84 102 104 112
7 24 73 82 84 97 102 104
7 24 73 82 102 104 113 116
7 24 74 84 97 102 104 112
7 25 26 37 70 100 104 112
7 25 26 37 70 105 114 124
7 25 26 37 70 108 116 120
7 25 26 38 67 108 116 120
7 25 26 38 70 97 116 120
7 25 26 38 70 108 116 120
7 25 26 38 78 97 116 120
7 25 26 38 84 98 108 112
7 25 26 39 77 104 114 116
7 25 26 39 92 99 104 116
7 25 26 44 74 101 114 116
7 25 26 44 74 102 113 116
7 25 26 44 84 102 104 112
7 25 26 44 84 102 104 113
7 25 26 44 84 103 104 112
7 25 26 44 85 103 104 114
7 25 26 44 85 103 106 112
7 25 26 44 86 101 104 114
7 25 26 44 86 103 104 112
7 25 26 45 86 99 104 116
7 25 26 45 86 103 104 112
7 25 26 52 69 98 108 112
7 25 26 52 84 99 100 104
7 25 26 69 98 108 116 120
7 25 26 70 98 108 116 120
7 25 26 76 102 104 113 116
7 25 26 77 103 104 114 116
7 25 28 33 70 98 104 112
7 25 28 34 66 100 104 112
7 25 28 35 67 108 116 122
7 25 28 36 68 98 104 112
7 25 28 36 70 98 104 112
7 25 28 38 66 68 104 112
7 25 28 38 67 108 116 122
7 25 28 38 70 105 116 122
7 25 28 38 74 101 114 120
7 25 28 38 76 97 114 120
7 25 28 38 81 100 106 112
7 25 28 38 84 97 106 112
7 25 28 42 73 102 114 116
7 25 28 42 73 103 114 116
7 25 28 42 74 101 114 116
7 25 28 42 82 99 108 116
7 25 28 42 82 102 104 116
7 25 28 42 82 102 105 116
7 25 28 42 82 103 104 116
7 25 28 42 88 101 102 114
7 25 28 48 80 98 100 104
7 25 28 50 69 100 106 112
7 25 28 52 67 100 106 112
7 25 28 73 102 104 114 116
7 25 28 74 102 104 114 116
7 25 28 74 103 104 114 116
7 25 28 76 99 104 114 116
7 25 28 76 102 104 113 114
7 25 28 88 101 102 104 114
7 25 30 33 66 100 104 112
7 25 30 33 70 100 104 112
7 25 30 34 70 100 104 112
7 25 30 36 68 98 104 112
7 25 30 36 69 98 104 112
7 25 30 39 92 99 104 112
7 25 30 42 88 99 101 116
7 25 30 48 80 98 100 104
7 25 30 56 86 99 101 104
7 25 30 65 98 100 104 112
7 25 30 69 99 108 116 122
7 25 30 70 98 100 104 112
7 25 30 73 101 106 114 116
7 25 30 73 103 104 114 116
7 25 30 88 99 101 104 118
7 25 30 88 99 101 106 116
7 25 33 34 36 70 72 80
7 25 33 38 66 92 104 112
7 25 33 38 67 90 108 116
7 25 33 38 74 84 104 112
7 25 33 38 76 84 98 120
7 25 33 40 74 86 100 112
7 25 33 52 70 74 104 112
7 25 33 52 74 82 100 104
7 25 33 56 70 82 100 104
7 25 33 62 70 74 100 112
7 25 33 65 110 118 122 124
7 25 33 69 110 118 122 124
7 25 34 36 65 86 104 112
7 25 34 36 65 94 104 112
7 25 34 36 70 92 104 112
7 25 34 44 65 86 104 112
7 25 34 44 66 84 100 120
7 25 34 52 76 82 100 104
7 25 34 65 94 100 104 112
7 25 34 66 84 100 104 112
7 25 34 66 92 100 104 112
7 25 34 70 92 100 104 112
7 25 35 50 78 84 108 112
7 25 35 56 78 84 100 112
7 25 35 60 69 90 106 116
7 25 35 60 70 90 105 116
7 25 35 60 73 86 106 116
7 25 35 60 74 86 101 120
7 25 35 65 70 108 116 122
7 25 35 67 92 108 116 122
7 25 35 69 82 110 116 120
7 25 35 69 110 114 116 120
7 25 35 69 110 118 122 124
7 25 35 70 81 108 116 122
7 25 35 70 90 97 108 116
7 25 35 73 86 110 116 120
7 25 35 78 108 113 118 120
7 25 35 85 106 108 118 120
7 25 35 90 101 108 118 120
7 25 35 94 97 108 116 122
7 25 35 94 97 108 118 120
7 25 36 42 69 84 104 114
7 25 36 42 69 86 104 112
7 25 36 42 70 84 104 112
7 25 36 42 71 84 104 112
7 25 36 42 76 86 97 112
7 25 36 50 76 84 98 104
7 25 36 56 70 84 98 104
7 25 36 58 70 84 97 104
7 25 36 68 88 98 104 112
7 25 36 69 94 98 104 112
7 25 37 38 74 82 97 124
7 25 37 38 82 92 106 112
7 25 37 40 72 86 98 112
7 25 37 46 68 72 82 112
7 25 37 50 70 81 106 124
7 25 37 54 78 81 98 120
7 25 37 67 92 106 118 120
7 25 37 78 108 113 118 122
7 25 37 81 110 118 122 124
7 25 38 41 70 74 84 112
7 25 38 41 70 81 106 116
7 25 38 41 70 81 122 124
7 25 38 42 70 73 84 112
7 25 38 42 70 84 104 112
7 25 38 42 70 84 104 113
7 25 38 42 74 84 100 112
7 25 38 42 74 84 100 113
7 25 38 44 68 73 82 112
7 25 38 44 70 88 98 113
7 25 38 44 73 82 100 112
7 25 38 44 81 84 106 112
7 25 38 48 81 84 106 108
7 25 38 48 81 86 106 108
7 25 38 48 81 92 100 106
7 25 38 48 84 88 98 104
7 25 38 48 84 90 97 108
7 25 38 49 73 86 106 124
7 25 38 49 74 86 108 120
7 25 38 50 70 84 105 120
7 25 38 50 74 84 108 113
7 25 38 50 74 92 101 120
7 25 38 50 74 92 108 113
7 25 38 50 78 81 97 124
7 25 38 50 78 81 105 116
7 25 38 50 78 84 97 120
7 25 38 50 81 84 106 108
7 25 38 50 82 84 105 108
7 25 38 50 84 90 97 108
7 25 38 52 67 82 108 120
7 25 38 52 74 81 108 112
7 25 38 52 74 84 104 112
7 25 38 52 78 81 104 112
7 25 38 56 66 68 80 96
7 25 38 56 69 84 106 112
7 25 38 56 74 84 98 100
7 25 38 56 74 84 100 112
7 25 38 56 74 84 104 112
7 25 38 56 74 86 108 113
7 25 38 56 74 92 101 114
7 25 38 56 75 84 100 112
7 25 38 56 76 88 98 116
7 25 38 56 78 84 97 112
7 25 38 56 81 84 100 106
7 25 38 56 84 88 98 104
7 25 38 60 70 90 105 116
7 25 38 65 74 84 100 120
7 25 38 65 74 84 104 112
7 25 38 65 76 84 98 120
7 25 38 65 82 108 116 120
7 25 38 65 90 98 108 116
7 25 38 65 92 98 104 112
7 25 38 65 94 100 104 112
7 25 38 66 68 88 104 112
7 25 38 66 88 100 104 112
7 25 38 67 82 108 116 120
7 25 38 67 90 97 108 116
7 25 38 67 92 105 116 122
7 25 38 67 97 108 116 122
7 25 38 67 108 113 116 122
7 25 38 69 74 84 98 120
7 25 38 69 90 100 104 112
7 25 38 70 73 81 106 116
7 25 38 70 73 113 122 124
7 25 38 70 74 84 104 112
7 25 38 70 74 84 104 113
7 25 38 70 81 97 122 124
7 25 38 70 82 105 116 120
7 25 38 70 88 100 104 112
7 25 38 70 92 105 116 122
7 25 38 70 98 105 116 120
7 25 38 70 105 114 116 120
7 25 38 73 82 108 116 120
7 25 38 73 86 106 113 124
7 25 38 74 84 98 100 120
7 25 38 74 84 100 104 112
7 25 38 74 86 108 113 120
7 25 38 74 92 101 114 120
7 25 38 74 92 108 113 114
7 25 38 76 83 100 104 112
7 25 38 76 84 97 114 120
7 25 38 76 97 100 114 120
7 25 38 78 81 97 114 124
7 25 38 78 81 105 114 116
7 25 38 78 82 97 116 120
7 25 38 78 97 114 116 120
7 25 38 81 84 100 106 120
7 25 38 81 84 106 108 112
7 25 38 81 86 106 108 112
7 25 38 81 92 100 106 112
7 25 38 82 84 99 108 120
7 25 38 82 92 97 106 116
7 25 38 82 98 108 116 120
7 25 38 82 99 108 116 120
7 25 38 84 88 98 104 112
7 25 38 84 90 97 108 112
7 25 38 88 98 100 104 112
7 25 38 90 97 108 116 120
7 25 38 90 98 108 116 120
7 25 38 92 97 106 114 116
7 25 38 92 97 108 116 122
7 25 38 94 98 100 104 112
7 25 38 94 98 108 116 120
7 25 39 50 75 92 104 116
7 25 39 50 78 92 104 113
7 25 39 50 90 92 101 104
7 25 39 56 73 78 114 116
7 25 39 56 78 83 104 116
7 25 39 56 78 90 97 116
7 25 39 58 71 92 104 112
7 25 39 65 92 106 118 120
7 25 39 67 90 108 116 120
7 25 39 73 78 114 116 120
7 25 39 73 92 106 114 116
7 25 39 74 76 113 118 120
7 25 39 74 81 108 118 120
7 25 39 74 86 108 113 120
7 25 39 74 92 97 118 120
7 25 39 74 92 101 114 120
7 25 39 74 92 104 113 118
7 25 39 74 92 108 113 114
7 25 39 75 92 104 114 116
7 25 39 78 90 97 116 120
7 25 39 78 90 104 113 116
7 25 39 90 92 97 106 116
7 25 39 90 92 99 104 116
7 25 39 94 105 114 116 120
7 25 39 94 105 118 122 124
7 25 40 72 86 98 100 112
7 25 40 72 97 102 114 116
7 25 40 72 102 113 114 116
7 25 40 73 86 98 100 112
7 25 40 74 86 97 100 112
7 25 40 88 97 102 114 116
7 25 41 50 78 88 103 116
7 25 41 52 70 74 84 98
7 25 41 54 67 78 116 120
7 25 41 54 70 90 108 113
7 25 41 54 71 90 108 112
7 25 41 54 73 78 114 116
7 25 41 54 74 85 108 114
7 25 41 54 74 86 108 113
7 25 41 54 78 81 106 116
7 25 41 54 78 88 101 114
7 25 41 54 81 86 106 108
7 25 41 54 81 92 102 106
7 25 41 60 71 74 114 116
7 25 41 67 92 102 116 122
7 25 41 71 110 114 116 120
7 25 41 74 85 102 114 124
7 25 41 78 88 103 114 116
7 25 41 78 113 118 122 124
7 25 41 81 110 118 122 124
7 25 42 44 71 88 113 118
7 25 42 44 86 88 101 112
7 25 42 44 86 88 101 114
7 25 42 44 86 88 102 113
7 25 42 44 86 88 103 112
7 25 42 44 86 88 103 113
7 25 42 44 87 88 103 112
7 25 42 45 83 86 108 112
7 25 42 48 84 88 98 100
7 25 42 49 76 84 98 112
7 25 42 50 69 92 98 100
7 25 42 50 70 92 101 120
7 25 42 52 65 66 68 96
7 25 42 52 65 66 68 112
7 25 42 52 65 66 68 120
7 25 42 52 66 68 80 96
7 25 42 52 67 69 70 120
7 25 42 52 67 84 100 104
7 25 42 52 67 84 100 120
7 25 42 52 67 84 108 112
7 25 42 52 68 72 80 96
7 25 42 52 69 70 98 120
7 25 42 52 69 82 108 112
7 25 42 52 70 72 80 96
7 25 42 52 70 73 84 98
7 25 42 52 70 76 82 97
7 25 42 52 70 81 100 120
7 25 42 52 70 81 104 112
7 25 42 52 70 81 108 112
7 25 42 52 71 72 80 96
7 25 42 52 71 88 104 112
7 25 42 52 73 84 98 112
7 25 42 52 73 84 98 120
7 25 42 52 74 88 100 112
7 25 42 52 76 82 97 112
7 25 42 52 76 82 97 120
7 25 42 52 76 84 98 112
7 25 42 52 76 88 102 113
7 25 42 52 78 81 100 112
7 25 42 52 78 88 101 114
7 25 42 52 84 88 98 100
7 25 42 53 73 78 114 116
7 25 42 53 75 86 108 112
7 25 42 53 76 86 99 120
7 25 42 53 78 88 101 114
7 25 42 53 86 88 99 108
7 25 42 54 71 88 108 113
7 25 42 56 76 86 101 114
7 25 42 56 84 88 98 100
7 25 42 60 71 76 113 114
7 25 42 60 71 88 97 118
7 25 42 60 71 88 101 114
7 25 42 65 82 108 116 120
7 25 42 66 72 84 100 112
7 25 42 66 84 100 104 112
7 25 42 67 69 70 116 120
7 25 42 67 76 117 118 120
7 25 42 67 92 101 118 120
7 25 42 67 108 117 118 120
7 25 42 69 70 98 116 120
7 25 42 69 82 108 116 120
7 25 42 69 84 100 104 114
7 25 42 70 73 84 100 112
7 25 42 70 84 100 104 112
7 25 42 71 108 113 118 120
7 25 42 72 84 98 100 112
7 25 42 73 84 98 100 112
7 25 42 73 86 101 114 124
7 25 42 73 86 102 113 124
7 25 42 73 86 108 114 117
7 25 42 76 82 97 116 120
7 25 42 76 88 97 114 116
7 25 42 76 88 102 113 116
7 25 42 76 97 114 116 120
7 25 42 76 104 113 114 116
7 25 42 76 104 115 117 118
7 25 42 76 113 114 116 120
7 25 42 76 115 117 118 120
7 25 42 78 88 101 114 116
7 25 42 78 101 113 118 120
7 25 42 82 97 108 116 120
7 25 42 83 101 108 118 120
7 25 42 84 88 98 100 112
7 25 42 84 98 100 104 112
7 25 42 86 88 99 108 116
7 25 42 86 88 103 108 113
7 25 42 86 97 108 116 120
7 25 42 86 98 108 116 120
7 25 42 90 101 108 113 118
7 25 42 90 101 113 118 124
7 25 42 92 97 104 114 116
7 25 42 92 99 101 118 120
7 25 42 92 102 104 114 116
7 25 42 92 103 104 114 116
7 25 42 94 101 104 114 116
7 25 43 46 85 86 104 112
7 25 43 54 77 86 104 112
7 25 43 54 78 85 104 112
7 25 43 67 86 108 116 120
7 25 43 69 86 108 116 122
7 25 44 48 84 88 98 100
7 25 44 50 67 84 100 104
7 25 44 50 67 92 98 100
7 25 44 50 69 84 106 112
7 25 44 50 70 73 100 112
7 25 44 50 74 86 101 120
7 25 44 50 74 92 102 113
7 25 44 50 78 84 97 112
7 25 44 52 70 76 113 122
7 25 44 52 78 81 98 112
7 25 44 56 74 86 101 114
7 25 44 56 74 86 102 113
7 25 44 56 84 88 98 100
7 25 44 65 86 98 104 112
7 25 44 67 84 100 104 114
7 25 44 69 84 106 114 120
7 25 44 70 76 82 98 113
7 25 44 70 76 113 116 122
7 25 44 70 84 97 114 120
7 25 44 70 88 97 100 114
7 25 44 72 86 97 98 112
7 25 44 73 88 102 114 116
7 25 44 74 85 99 118 120
7 25 44 74 86 101 114 120
7 25 44 74 92 102 113 114
7 25 44 76 84 99 114 120
7 25 44 76 84 102 113 122
7 25 44 76 88 99 114 116
7 25 44 76 99 114 116 120
7 25 44 78 88 97 114 116
7 25 44 78 97 114 116 120
7 25 44 78 104 113 114 116
7 25 44 84 88 98 100 112
7 25 44 84 88 102 105 114
7 25 44 84 98 100 104 112
7 25 44 84 100 106 114 120
7 25 44 84 101 106 114 120
7 25 44 86 88 101 104 114
7 25 44 86 97 98 104 112
7 25 44 88 102 104 114 116
7 25 44 88 102 104 114 117
7 25 44 88 102 105 114 116
7 25 44 88 103 104 114 116
7 25 44 90 101 104 114 116
7 25 44 92 99 104 114 116
7 25 44 92 102 104 113 114
7 25 44 92 106 113 118 120
7 25 44 94 97 104 114 116
7 25 45 65 86 106 114 124
7 25 45 73 86 106 114 116
7 25 45 74 86 97 114 124
7 25 45 78 83 104 114 116
7 25 45 94 99 114 116 120
7 25 45 94 99 118 122 124
7 25 46 48 82 84 97 104
7 25 46 48 82 84 97 108
7 25 46 48 82 84 100 104
7 25 46 48 82 84 102 105
7 25 46 48 84 88 97 98
7 25 46 48 84 88 98 100
7 25 46 49 70 90 97 116
7 25 46 50 78 84 97 112
7 25 46 56 74 83 101 116
7 25 46 56 82 85 103 104
7 25 46 56 86 88 99 101
7 25 46 65 70 114 116 120
7 25 46 65 72 84 98 112
7 25 46 65 76 114 116 120
7 25 46 65 84 100 114 120
7 25 46 65 88 104 114 116
7 25 46 67 92 97 118 120
7 25 46 69 74 113 118 120
7 25 46 69 88 104 114 116
7 25 46 70 82 97 116 120
7 25 46 70 88 104 114 116
7 25 46 71 88 104 114 116
7 25 46 72 84 97 98 112
7 25 46 73 86 97 114 124
7 25 46 73 86 101 114 120
7 25 46 73 86 104 114 117
7 25 46 73 86 106 113 116
7 25 46 74 85 97 114 124
7 25 46 74 85 97 118 120
7 25 46 74 85 101 114 120
7 25 46 74 85 104 113 118
7 25 46 74 85 104 115 116
7 25 46 74 85 105 114 116
7 25 46 74 85 108 113 114
7 25 46 74 86 101 113 120
7 25 46 74 88 101 113 118
7 25 46 76 81 104 114 116
7 25 46 76 82 104 113 116
7 25 46 76 88 97 114 116
7 25 46 78 104 113 114 116
7 25 46 78 113 114 116 120
7 25 46 78 113 118 122 124
7 25 46 79 104 113 114 116
7 25 46 82 84 97 104 112
7 25 46 82 84 97 108 112
7 25 46 82 84 100 104 112
7 25 46 82 84 102 105 112
7 25 46 84 88 97 98 112
7 25 46 84 88 98 100 112
7 25 46 85 88 99 104 118
7 25 46 85 90 99 104 116
7 25 46 85 97 106 118 120
7 25 46 85 106 113 114 124
7 25 46 85 106 113 118 120
7 25 46 86 101 105 114 120
7 25 46 86 105 106 113 116
7 25 46 86 105 113 122 124
7 25 46 90 101 104 114 116
7 25 46 94 97 104 114 116
7 25 46 94 108 115 117 120
7 25 47 73 86 104 114 116
7 25 47 74 85 104 114 116
7 25 48 81 84 102 106 108
7 25 48 82 84 102 105 108
7 25 48 84 90 97 102 108
7 25 49 50 70 92 98 108
7 25 49 69 82 102 106 124
7 25 49 73 86 102 106 124
7 25 49 86 97 110 122 124
7 25 49 86 105 110 114 124
7 25 50 52 67 70 108 120
7 25 50 52 67 78 108 112
7 25 50 52 70 90 97 108
7 25 50 52 78 81 102 105
7 25 50 52 78 82 97 108
7 25 50 52 78 84 97 104
7 25 50 53 78 92 99 104
7 25 50 56 78 84 97 100
7 25 50 65 66 108 116 120
7 25 50 65 70 108 116 120
7 25 50 67 70 108 116 120
7 25 50 67 84 101 110 120
7 25 50 67 84 109 110 112
7 25 50 69 70 88 100 104
7 25 50 69 84 106 108 112
7 25 50 69 86 106 108 112
7 25 50 70 73 108 116 120
7 25 50 70 82 105 108 116
7 25 50 74 84 97 108 112
7 25 50 74 86 101 108 120
7 25 50 74 92 102 108 113
7 25 50 76 84 98 100 104
7 25 50 78 84 97 108 112
7 25 50 78 88 103 104 116
7 25 50 81 84 102 106 108
7 25 50 82 84 102 105 108
7 25 50 82 109 110 116 120
7 25 50 84 97 106 108 112
7 25 50 84 98 100 104 112
7 25 50 84 99 101 110 120
7 25 50 84 102 106 108 112
7 25 50 84 102 106 108 113
7 25 50 84 106 108 113 120
7 25 50 86 105 110 116 120
7 25 50 88 102 104 113 116
7 25 50 90 101 110 116 120
7 25 50 92 98 100 104 112
7 25 50 92 99 110 116 120
7 25 50 94 99 109 116 120
7 25 51 74 86 101 108 120
7 25 51 85 106 108 118 120
7 25 52 56 74 81 98 100
7 25 52 56 78 81 98 100
7 25 52 56 78 84 97 98
7 25 52 65 70 88 98 104
7 25 52 67 84 100 106 120
7 25 52 67 84 106 108 112
7 25 52 69 82 106 108 112
7 25 52 70 74 84 98 104
7 25 52 70 81 100 106 120
7 25 52 70 82 101 106 120
7 25 52 70 82 106 108 113
7 25 52 70 88 100 106 112
7 25 52 74 81 98 108 112
7 25 52 74 84 98 100 104
7 25 52 74 84 98 108 112
7 25 52 76 82 98 100 104
7 25 52 76 82 100 106 112
7 25 52 76 88 101 106 114
7 25 52 78 81 98 108 112
7 25 52 78 88 101 104 114
7 25 52 82 92 97 102 106
7 25 52 84 97 110 114 120
7 25 52 84 99 100 106 120
7 25 52 84 99 106 108 112
7 25 52 84 99 108 114 120
7 25 52 84 100 106 114 120
7 25 52 84 100 106 115 120
7 25 52 84 101 106 114 120
7 25 52 84 102 105 106 112
7 25 52 84 102 105 114 120
7 25 52 84 105 110 114 120
7 25 52 84 109 110 114 120
7 25 52 86 97 100 106 120
7 25 52 86 97 106 108 112
7 25 52 88 98 100 104 112
7 25 52 92 97 102 106 112
7 25 52 92 97 110 114 120
7 25 52 92 98 100 104 112
7 25 52 94 98 100 104 112
7 25 53 56 78 86 99 104
7 25 53 65 78 106 118 120
7 25 53 67 76 106 118 120
7 25 53 67 86 106 108 120
7 25 53 73 78 106 114 116
7 25 53 73 86 106 108 114
7 25 53 78 88 99 108 114
7 25 53 78 88 101 106 114
7 25 53 78 88 103 104 114
7 25 53 86 88 99 106 108
7 25 54 56 74 77 99 116
7 25 54 56 77 86 97 106
7 25 54 65 74 108 116 120
7 25 54 65 76 98 104 112
7 25 54 65 76 100 106 112
7 25 54 65 84 100 106 120
7 25 54 65 84 106 108 112
7 25 54 65 86 106 108 120
7 25 54 65 88 98 108 112
7 25 54 65 92 106 108 114
7 25 54 67 78 105 116 120
7 25 54 67 92 97 108 122
7 25 54 67 92 101 106 120
7 25 54 67 92 106 108 113
7 25 54 69 78 105 116 122
7 25 54 69 90 106 108 116
7 25 54 70 81 97 106 124
7 25 54 70 92 97 108 122
7 25 54 70 92 106 108 113
7 25 54 70 92 106 108 114
7 25 54 71 88 106 108 113
7 25 54 71 106 108 113 120
7 25 54 73 86 97 106 124
7 25 54 73 86 106 108 112
7 25 54 73 86 106 108 113
7 25 54 74 84 97 108 120
7 25 54 74 84 98 108 120
7 25 54 74 85 99 108 120
7 25 54 74 85 105 108 114
7 25 54 76 81 100 106 120
7 25 54 76 84 97 106 120
7 25 54 76 84 100 106 120
7 25 54 76 88 99 104 116
7 25 54 76 88 101 104 114
7 25 54 76 88 102 104 113
7 25 54 77 88 99 106 116
7 25 54 77 97 106 114 124
7 25 54 77 101 106 114 120
7 25 54 77 105 106 114 116
7 25 54 77 106 108 113 114
7 25 54 77 106 113 114 124
7 25 54 78 88 101 104 114
7 25 54 78 88 101 105 114
7 25 54 78 105 113 114 124
7 25 54 78 105 114 116 120
7 25 54 78 105 114 117 120
7 25 54 79 105 114 116 120
7 25 54 85 99 106 108 120
7 25 54 85 105 106 108 114
7 25 54 85 105 106 114 124
7 25 54 85 105 110 114 120
7 25 54 86 88 97 106 108
7 25 54 86 97 106 108 120
7 25 54 86 105 106 108 113
7 25 54 86 105 106 113 124
7 25 54 86 106 108 113 120
7 25 54 86 106 109 113 120
7 25 54 90 99 109 116 120
7 25 54 90 101 105 114 124
7 25 54 90 101 106 108 113
7 25 54 90 101 106 113 124
7 25 54 92 97 106 108 114
7 25 54 92 97 110 114 120
7 25 54 92 99 101 106 120
7 25 54 92 101 106 114 120
7 25 54 94 101 105 114 120
7 25 54 94 106 108 116 120
7 25 55 73 86 106 108 112
7 25 55 74 76 104 113 118
7 25 55 87 105 110 122 124
7 25 56 70 72 80 98 100
7 25 56 70 72 98 100 112
7 25 56 70 74 84 98 100
7 25 56 70 84 98 100 104
7 25 56 70 88 98 100 112
7 25 56 70 88 98 104 116
7 25 56 70 88 98 108 116
7 25 56 73 76 102 114 116
7 25 56 73 78 102 114 116
7 25 56 73 78 103 114 116
7 25 56 74 76 102 113 116
7 25 56 74 76 103 113 118
7 25 56 74 84 102 104 112
7 25 56 74 84 102 104 113
7 25 56 74 86 102 108 113
7 25 56 74 92 101 102 114
7 25 56 74 102 104 113 116
7 25 56 74 102 108 113 116
7 25 56 76 82 102 104 116
7 25 56 76 82 102 105 116
7 25 56 76 84 102 105 114
7 25 56 76 88 99 102 116
7 25 56 76 90 97 102 116
7 25 56 78 83 103 104 116
7 25 56 78 88 99 101 118
7 25 56 78 90 97 102 116
7 25 56 78 97 104 114 116
7 25 56 78 101 104 114 116
7 25 56 78 102 104 114 116
7 25 56 78 103 104 114 116
7 25 56 82 84 97 102 104
7 25 56 86 98 100 104 112
7 25 56 86 103 106 108 113
7 25 56 88 97 102 114 116
7 25 56 88 98 100 104 112
7 25 56 88 99 102 104 116
7 25 56 88 99 102 108 116
7 25 56 88 102 104 114 116
7 25 56 88 102 104 114 117
7 25 56 88 102 105 114 116
7 25 56 88 106 108 113 118
7 25 56 88 106 108 117 118
7 25 56 88 107 110 117 118
7 25 56 90 97 102 108 116
7 25 56 92 97 102 104 114
7 25 56 92 98 100 104 112
7 25 56 92 101 102 104 114
7 25 56 92 103 106 113 118
7 25 56 92 106 108 113 118
7 25 56 94 98 100 104 112
7 25 56 94 103 105 114 116
7 25 58 65 70 108 116 120
7 25 58 67 86 101 108 120
7 25 58 67 92 102 105 116
7 25 58 69 86 106 108 116
7 25 58 70 76 97 116 120
7 25 58 70 82 97 108 116
7 25 58 70 84 97 100 104
7 25 58 70 84 97 100 120
7 25 58 70 88 97 108 116
7 25 58 70 88 98 108 116
7 25 58 70 92 97 108 116
7 25 58 73 78 101 114 116
7 25 58 73 86 97 102 124
7 25 58 73 86 101 108 114
7 25 58 74 76 101 113 118
7 25 58 74 86 101 108 113
7 25 58 76 81 102 104 116
7 25 58 76 84 99 100 120
7 25 58 76 88 97 102 116
7 25 58 78 101 113 118 120
7 25 58 78 101 114 116 120
7 25 58 86 105 108 116 120
7 25 58 87 106 108 117 120
7 25 58 90 97 108 116 120
7 25 58 90 101 108 113 118
7 25 58 90 101 108 116 120
7 25 58 90 101 108 118 120
7 25 58 90 103 108 117 120
7 25 58 92 98 100 104 112
7 25 58 92 99 101 118 120
7 25 58 92 101 106 113 118
7 25 58 92 101 106 118 120
7 25 58 92 102 105 114 116
7 25 58 92 103 105 114 116
7 25 58 92 106 108 113 118
7 25 58 94 99 108 117 120
7 25 58 94 101 105 114 116
7 25 58 94 101 106 113 124
7 25 58 94 102 108 116 120
7 25 58 94 103 108 117 120
7 25 60 65 70 72 98 112
7 25 60 65 70 98 104 112
7 25 60 67 86 106 108 113
7 25 60 67 92 101 106 114
7 25 60 68 88 98 104 112
7 25 60 69 74 99 118 120
7 25 60 69 88 102 104 114
7 25 60 69 90 102 106 116
7 25 60 70 76 97 116 122
7 25 60 70 88 97 104 114
7 25 60 70 88 98 104 112
7 25 60 70 88 98 104 116
7 25 60 70 92 97 106 114
7 25 60 71 88 101 106 114
7 25 60 71 92 97 106 114
7 25 60 71 97 106 118 120
7 25 60 71 101 106 114 120
7 25 60 71 106 113 118 120
7 25 60 73 86 101 106 114
7 25 60 73 86 102 106 112
7 25 60 73 86 102 106 113
7 25 60 73 86 103 106 112
7 25 60 74 84 102 104 114
7 25 60 74 84 103 104 114
7 25 60 74 85 99 104 118
7 25 60 74 86 98 101 120
7 25 60 74 86 99 108 113
7 25 60 74 88 99 101 118
7 25 60 74 92 97 102 114
7 25 60 76 81 102 104 114
7 25 60 76 82 102 104 112
7 25 60 76 82 102 104 113
7 25 60 76 84 97 102 122
7 25 60 76 84 98 100 120
7 25 60 78 88 99 101 114
7 25 60 78 97 104 114 116
7 25 60 78 99 114 117 120
7 25 60 78 106 113 118 120
7 25 60 78 106 114 117 120
7 25 60 78 106 115 117 120
7 25 60 78 106 117 118 120
7 25 60 79 99 114 116 120
7 25 60 82 84 97 102 106
7 25 60 85 99 106 118 120
7 25 60 85 99 110 114 120
7 25 60 86 97 98 108 120
7 25 60 86 106 108 113 120
7 25 60 86 106 108 114 120
7 25 60 86 106 108 116 120
7 25 60 90 99 108 116 120
7 25 60 90 102 108 116 120
7 25 60 92 97 102 104 114
7 25 60 92 97 102 106 114
7 25 60 92 97 102 114 120
7 25 60 92 97 106 118 120
7 25 60 92 98 100 104 112
7 25 60 92 98 108 116 120
7 25 60 92 101 106 114 120
7 25 60 92 101 106 118 120
7 25 60 92 102 106 113 114
7 25 60 92 102 106 114 120
7 25 60 92 102 108 113 122
7 25 60 92 103 106 113 114
7 25 60 92 103 106 114 120
7 25 60 92 103 106 118 120
7 25 60 92 106 108 113 118
7 25 60 94 98 100 104 112
7 25 60 94 99 101 114 120
7 25 60 94 101 106 114 120
7 25 60 94 101 106 118 120
7 25 62 69 74 97 114 124
7 25 62 69 74 97 118 120
7 25 62 69 90 99 108 116
7 25 62 74 84 101 104 112
7 25 62 74 84 101 104 114
7 25 62 74 84 102 104 112
7 25 62 74 84 103 104 112
7 25 62 87 106 108 113 120
7 25 62 87 106 108 117 120
7 25 62 94 98 100 104 112
7 25 62 94 99 108 117 120
7 25 62 94 99 109 117 122
7 25 62 94 101 106 113 120
7 25 62 94 101 106 113 124
7 25 62 94 103 105 117 122
7 25 65 70 98 100 104 112
7 25 65 70 98 108 116 120
7 25 65 74 84 102 104 112
7 25 65 82 98 108 116 120
7 25 65 86 106 108 116 120
7 25 65 88 102 104 114 116
7 25 65 90 102 108 116 120
7 25 65 94 98 100 104 112
7 25 67 86 106 108 116 120
7 25 67 90 102 108 116 120
7 25 67 92 97 110 118 120
7 25 67 92 101 106 118 120
7 25 67 92 102 105 116 122
7 25 67 92 106 108 113 118
7 25 69 86 106 108 116 120
7 25 69 90 102 108 116 120
7 25 69 94 98 100 104 112
7 25 69 97 110 118 122 124
7 25 71 88 106 108 113 118
7 25 71 106 108 113 118 120
7 25 73 78 102 114 116 120
7 25 73 82 98 108 116 120
7 25 73 86 97 110 114 124
7 25 73 86 98 100 104 112
7 25 73 86 101 106 114 124
7 25 73 86 101 110 114 120
7 25 73 86 102 106 113 124
7 25 73 88 102 104 114 116
7 25 73 92 102 106 114 116
7 25 74 84 97 102 104 112
7 25 74 85 99 108 118 120
7 25 74 86 101 108 114 120
7 25 74 86 102 108 113 120
7 25 74 92 101 102 114 120
7 25 74 92 102 108 113 114
7 25 78 88 97 108 114 116
7 25 78 88 101 104 114 116
7 25 78 88 101 106 114 116
7 25 78 88 103 104 114 116
7 25 78 88 103 105 114 116
7 25 78 101 106 113 118 120
7 25 81 84 102 106 108 112
7 25 81 97 110 118 122 124
7 25 82 84 102 105 108 112
7 25 84 90 97 102 108 112
7 25 85 99 106 108 118 120
7 25 86 97 106 108 116 120
7 25 86 105 110 114 116 120
7 25 88 97 102 104 114 116
7 25 88 102 104 113 114 116
7 25 88 103 106 108 113 118
7 25 90 97 102 108 116 120
7 25 90 101 106 108 113 118
7 25 90 101 106 113 118 124
7 25 90 101 110 114 116 120
7 25 92 97 110 114 116 120
7 25 92 99 101 106 118 120
7 25 92 106 108 113 118 120
7 26 28 33 65 102 104 112
7 26 28 33 67 100 104 112
7 26 28 34 68 97 104 112
7 26 28 35 67 108 116 120
7 26 28 35 69 97 106 116
7 26 28 35 69 106 116 120
7 26 28 35 73 102 116 120
7 26 28 36 70 97 104 112
7 26 28 37 69 98 104 112
7 26 28 37 69 106 116 120
7 26 28 37 69 106 118 120
7 26 28 37 74 102 113 120
7 26 28 37 82 102 105 112
7 26 28 37 84 97 106 112
7 26 28 38 70 105 113 120
7 26 28 38 70 105 117 120
7 26 28 38 70 106 116 121
7 26 28 38 70 108 113 120
7 26 28 38 71 106 116 121
7 26 28 38 74 97 116 120
7 26 28 39 89 102 104 112
7 26 28 41 74 102 113 116
7 26 28 41 81 102 104 112
7 26 28 41 81 102 104 116
7 26 28 41 81 102 106 116
7 26 28 41 81 103 104 118
7 26 28 41 81 103 106 116
7 26 28 41 86 102 104 112
7 26 28 41 88 101 102 114
7 26 28 42 74 101 113 116
7 26 28 42 76 101 113 114
7 26 28 42 81 102 104 116
7 26 28 42 86 101 104 112
7 26 28 42 88 97 102 116
7 26 28 42 88 101 102 112
7 26 28 42 88 101 102 113
7 26 28 43 85 102 104 112
7 26 28 44 81 102 104 112
7 26 28 44 88 97 102 112
7 26 28 46 86 97 104 112
7 26 28 48 80 97 102 104
7 26 28 48 81 97 102 104
7 26 28 49 88 97 102 104
7 26 28 49 88 101 102 104
7 26 28 52 67 97 108 112
7 26 28 52 84 97 98 104
7 26 28 56 67 102 104 116
7 26 28 56 69 102 104 112
7 26 28 56 71 102 104 112
7 26 28 56 71 102 104 113
7 26 28 56 83 101 102 104
7 26 28 56 86 97 102 104
7 26 28 67 97 100 104 112
7 26 28 73 102 104 113 116
7 26 28 73 103 104 113 118
7 26 28 74 101 104 113 118
7 26 28 74 102 104 113 116
7 26 28 74 103 104 113 116
7 26 28 81 97 102 104 112
7 26 28 88 97 102 104 112
7 26 28 88 97 102 104 116
7 26 28 88 101 102 104 112
7 26 28 88 101 102 104 114
7 26 29 44 88 99 102 112
7 26 29 88 99 102 104 116
7 26 33 34 65 76 84 96
7 26 33 34 69 92 104 112
7 26 33 36 66 92 104 112
7 26 33 36 68 88 104 112
7 26 33 36 70 92 104 112
7 26 33 36 70 93 104 112
7 26 33 36 76 84 98 120
7 26 33 38 65 92 104 112
7 26 33 38 76 84 98 120
7 26 33 40 67 92 100 112
7 26 33 40 69 88 98 116
7 26 33 40 74 85 100 112
7 26 33 40 76 81 98 116
7 26 33 44 65 84 98 120
7 26 33 44 65 88 98 116
7 26 33 44 66 84 104 112
7 26 33 44 74 84 100 112
7 26 33 44 76 84 98 112
7 26 33 52 65 82 100 104
7 26 33 52 69 74 104 112
7 26 33 52 70 73 104 112
7 26 33 52 73 82 100 104
7 26 33 52 76 81 98 104
7 26 33 56 76 84 98 100
7 26 33 65 66 108 116 120
7 26 33 65 70 108 116 120
7 26 33 65 76 98 116 120
7 26 33 65 76 104 114 116
7 26 33 65 84 98 108 112
7 26 33 65 98 108 116 120
7 26 33 65 108 114 116 120
7 26 33 66 69 100 104 112
7 26 33 66 69 108 116 120
7 26 33 66 84 100 104 112
7 26 33 66 92 100 104 112
7 26 33 67 92 100 104 112
7 26 33 69 98 108 116 120
7 26 33 70 92 100 104 112
7 26 33 70 93 100 104 112
7 26 33 70 98 108 116 120
7 26 33 74 84 100 104 112
7 26 33 74 85 100 104 112
7 26 33 76 81 98 104 116
7 26 33 76 84 98 100 120
7 26 33 81 98 108 116 120
7 26 33 92 98 108 116 120
7 26 34 36 65 84 104 112
7 26 34 36 73 84 104 112
7 26 34 36 76 84 97 120
7 26 34 37 66 89 108 116
7 26 34 37 70 89 104 116
7 26 34 37 74 85 100 120
7 26 34 44 69 84 104 112
7 26 34 44 75 85 100 112
7 26 34 44 76 84 97 112
7 26 34 45 66 85 100 120
7 26 34 65 70 108 116 120
7 26 34 66 69 108 116 120
7 26 34 66 69 108 116 121
7 26 34 70 97 108 116 120
7 26 34 70 108 113 116 120
7 26 34 70 109 113 116 120
7 26 34 86 105 108 117 120
7 26 35 37 67 76 84 120
7 26 35 37 67 76 116 120
7 26 35 37 69 74 116 120
7 26 35 44 65 72 84 112
7 26 35 44 66 69 84 120
7 26 35 44 67 69 84 120
7 26 35 44 69 74 84 112
7 26 35 44 69 84 98 120
7 26 35 52 69 82 108 120
7 26 35 52 69 88 108 114
7 26 35 52 70 81 108 120
7 26 35 52 77 82 100 120
7 26 35 52 77 82 108 112
7 26 35 52 77 84 98 120
7 26 35 52 77 84 106 112
7 26 35 52 81 92 102 105
7 26 35 52 82 84 105 108
7 26 35 60 65 76 84 98
7 26 35 60 66 69 76 112
7 26 35 60 66 76 84 97
7 26 35 60 69 74 84 97
7 26 35 60 73 92 102 113
7 26 35 60 77 84 98 112
7 26 35 66 69 76 116 120
7 26 35 66 69 108 116 120
7 26 35 66 76 84 100 120
7 26 35 66 92 108 116 120
7 26 35 66 92 108 116 121
7 26 35 67 69 76 116 120
7 26 35 67 69 108 116 120
7 26 35 67 92 108 116 120
7 26 35 69 76 98 116 120
7 26 35 69 82 108 116 120
7 26 35 70 81 108 116 120
7 26 35 70 89 108 116 120
7 26 35 70 92 108 116 120
7 26 35 76 85 98 100 120
7 26 35 92 98 108 116 120
7 26 35 92 98 108 116 121
7 26 35 93 98 108 116 120
7 26 36 41 66 84 104 112
7 26 36 41 69 84 104 114
7 26 36 41 70 84 104 112
7 26 36 49 76 84 98 104
7 26 36 49 76 84 99 104
7 26 36 56 69 84 98 104
7 26 36 56 69 84 99 104
7 26 36 56 76 84 97 98
7 26 36 66 92 97 104 112
7 26 36 70 92 97 104 112
7 26 36 76 84 97 98 120
7 26 37 38 67 73 116 120
7 26 37 38 73 82 116 120
7 26 37 38 81 92 106 112
7 26 37 38 82 92 105 112
7 26 37 40 72 81 98 116
7 26 37 41 74 84 100 112
7 26 37 42 65 72 84 112
7 26 37 42 65 76 84 112
7 26 37 42 66 76 84 112
7 26 37 42 69 82 97 124
7 26 37 42 69 92 97 114
7 26 37 42 76 84 98 113
7 26 37 42 78 81 116 120
7 26 37 42 81 92 102 120
7 26 37 44 74 84 98 113
7 26 37 48 81 84 106 108
7 26 37 48 82 84 105 110
7 26 37 48 82 88 97 108
7 26 37 48 82 92 102 105
7 26 37 48 84 88 98 108
7 26 37 48 84 88 99 108
7 26 37 49 67 76 106 116
7 26 37 49 69 82 106 124
7 26 37 49 70 81 106 124
7 26 37 49 70 88 100 104
7 26 37 49 74 92 102 120
7 26 37 50 69 74 116 120
7 26 37 50 70 73 116 120
7 26 37 50 74 84 108 113
7 26 37 50 78 84 97 120
7 26 37 50 81 84 106 108
7 26 37 50 82 84 105 108
7 26 37 50 82 92 97 108
7 26 37 52 67 88 100 104
7 26 37 52 67 88 108 112
7 26 37 52 69 88 98 104
7 26 37 52 69 88 104 114
7 26 37 52 69 88 106 112
7 26 37 52 73 82 110 112
7 26 37 52 73 84 98 104
7 26 37 52 73 84 104 114
7 26 37 52 73 84 106 112
7 26 37 52 77 82 98 120
7 26 37 52 77 82 106 112
7 26 37 52 81 82 106 108
7 26 37 52 82 88 97 108
7 26 37 52 82 92 97 106
7 26 37 52 82 92 98 105
7 26 37 52 84 88 97 106
7 26 37 52 84 88 99 104
7 26 37 56 65 76 84 98
7 26 37 56 67 88 104 116
7 26 37 56 67 88 108 116
7 26 37 56 67 88 108 118
7 26 37 56 67 92 106 116
7 26 37 56 68 72 80 96
7 26 37 56 69 70 104 112
7 26 37 56 69 74 100 112
7 26 37 56 73 76 114 116
7 26 37 56 73 78 114 116
7 26 37 56 73 84 98 100
7 26 37 56 73 84 100 114
7 26 37 56 73 86 108 114
7 26 37 56 73 92 102 114
7 26 37 56 74 88 97 116
7 26 37 56 74 92 102 113
7 26 37 56 76 81 106 116
7 26 37 56 76 84 97 98
7 26 37 56 76 84 97 114
7 26 37 56 76 84 106 113
7 26 37 56 76 88 97 118
7 26 37 56 76 88 99 116
7 26 37 56 78 88 97 116
7 26 37 56 78 88 97 118
7 26 37 56 81 92 102 104
7 26 37 60 65 74 84 98
7 26 37 60 69 86 106 120
7 26 37 60 70 92 106 113
7 26 37 65 66 100 104 112
7 26 37 65 66 108 116 120
7 26 37 65 76 84 98 120
7 26 37 65 76 98 116 120
7 26 37 65 92 106 116 120
7 26 37 65 92 106 118 120
7 26 37 66 88 100 104 112
7 26 37 66 92 100 104 112
7 26 37 67 76 98 116 120
7 26 37 67 85 108 114 120
7 26 37 67 92 97 106 116
7 26 37 67 92 106 116 120
7 26 37 67 98 108 116 120
7 26 37 67 106 108 113 116
7 26 37 67 108 114 116 120
7 26 37 69 70 88 104 112
7 26 37 69 74 97 114 124
7 26 37 69 74 98 116 120
7 26 37 69 76 88 98 112
7 26 37 69 82 106 113 124
7 26 37 69 88 100 104 114
7 26 37 69 92 106 116 120
7 26 37 69 92 106 118 120
7 26 37 70 73 98 116 120
7 26 37 70 81 105 114 124
7 26 37 70 88 100 104 112
7 26 37 70 89 98 104 116
7 26 37 73 76 114 116 120
7 26 37 73 78 114 116 120
7 26 37 73 84 98 100 120
7 26 37 73 84 100 104 114
7 26 37 73 84 100 114 120
7 26 37 73 86 108 114 120
7 26 37 73 92 102 114 120
7 26 37 73 108 114 116 120
7 26 37 73 110 114 116 120
7 26 37 74 81 108 118 120
7 26 37 74 84 97 104 112
7 26 37 74 84 98 108 113
7 26 37 74 84 100 104 112
7 26 37 74 85 98 100 120
7 26 37 74 92 102 113 120
7 26 37 76 81 106 116 120
7 26 37 76 82 98 116 120
7 26 37 76 84 97 98 120
7 26 37 76 84 106 113 120
7 26 37 76 88 104 114 116
7 26 37 76 97 98 116 120
7 26 37 77 82 98 116 120
7 26 37 78 81 105 114 116
7 26 37 78 88 104 114 116
7 26 37 81 84 98 108 120
7 26 37 81 84 106 108 112
7 26 37 81 92 102 105 114
7 26 37 81 98 108 116 120
7 26 37 81 102 105 114 124
7 26 37 82 84 105 110 112
7 26 37 82 88 97 108 112
7 26 37 82 92 97 106 116
7 26 37 82 92 98 105 116
7 26 37 82 92 102 105 112
7 26 37 82 98 108 116 121
7 26 37 84 88 98 108 112
7 26 37 84 88 99 108 112
7 26 37 92 97 98 104 112
7 26 37 92 97 106 116 120
7 26 37 92 97 106 118 120
7 26 37 92 98 108 116 120
7 26 38 41 65 72 84 112
7 26 38 41 70 81 97 124
7 26 38 44 68 72 81 112
7 26 38 48 81 84 106 108
7 26 38 48 82 84 105 108
7 26 38 49 81 84 106 108
7 26 38 49 82 84 105 108
7 26 38 52 67 92 105 112
7 26 38 52 73 81 100 104
7 26 38 52 73 82 108 112
7 26 38 52 76 82 97 120
7 26 38 52 77 82 97 120
7 26 38 52 78 81 105 112
7 26 38 52 81 82 105 108
7 26 38 52 81 92 98 105
7 26 38 56 74 92 101 112
7 26 38 56 74 92 101 113
7 26 38 57 71 86 108 120
7 26 38 57 74 92 101 112
7 26 38 65 66 108 116 120
7 26 38 65 82 108 116 120
7 26 38 66 76 84 97 120
7 26 38 66 81 108 116 120
7 26 38 66 84 108 113 120
7 26 38 66 84 109 113 120
7 26 38 66 92 105 117 120
7 26 38 66 92 108 113 120
7 26 38 67 84 108 113 120
7 26 38 67 92 108 113 120
7 26 38 67 108 113 116 120
7 26 38 70 73 97 116 120
7 26 38 70 92 105 113 120
7 26 38 70 92 105 117 120
7 26 38 70 92 106 116 121
7 26 38 70 92 108 113 120
7 26 38 70 105 113 116 120
7 26 38 71 92 106 116 121
7 26 38 74 81 108 116 120
7 26 38 74 84 108 113 120
7 26 38 74 92 101 113 120
7 26 38 74 108 113 116 120
7 26 38 74 109 113 116 120
7 26 38 76 82 105 117 120
7 26 38 76 84 97 98 120
7 26 38 81 84 98 108 120
7 26 38 81 84 106 108 112
7 26 38 81 92 98 105 116
7 26 38 81 98 108 116 120
7 26 38 82 84 97 108 120
7 26 38 82 84 105 108 112
7 26 38 82 97 108 116 120
7 26 38 85 106 108 116 121
7 26 38 89 98 108 113 116
7 26 38 89 98 108 116 120
7 26 38 92 98 105 113 116
7 26 38 92 98 105 117 120
7 26 38 92 98 108 113 120
7 26 38 92 105 114 117 120
7 26 39 66 89 108 116 120
7 26 39 70 92 106 116 121
7 26 39 73 92 104 113 118
7 26 39 74 92 104 113 116
7 26 39 76 88 104 114 116
7 26 39 76 89 98 116 120
7 26 39 76 89 104 114 116
7 26 39 89 92 102 104 112
7 26 40 52 65 76 98 112
7 26 40 52 70 72 97 112
7 26 40 52 70 73 97 112
7 26 40 72 85 97 102 112
7 26 40 72 85 98 100 112
7 26 41 44 71 88 114 116
7 26 41 44 85 88 102 114
7 26 41 44 86 88 102 112
7 26 41 44 86 88 102 113
7 26 41 52 69 76 114 120
7 26 41 52 70 73 100 112
7 26 41 52 70 76 98 113
7 26 41 52 70 81 108 114
7 26 41 52 70 84 97 104
7 26 41 52 70 88 97 100
7 26 41 52 76 81 102 120
7 26 41 52 76 84 99 112
7 26 41 52 76 88 102 113
7 26 41 52 84 88 99 100
7 26 41 53 73 86 108 114
7 26 41 53 78 88 99 116
7 26 41 60 71 81 108 114
7 26 41 65 92 102 116 120
7 26 41 66 84 100 104 112
7 26 41 67 92 102 116 120
7 26 41 69 70 98 116 120
7 26 41 69 76 114 116 120
7 26 41 69 78 114 116 120
7 26 41 69 84 100 104 114
7 26 41 69 88 108 114 116
7 26 41 69 88 110 114 116
7 26 41 70 84 100 104 112
7 26 41 71 88 108 114 116
7 26 41 73 86 108 114 116
7 26 41 73 102 114 117 124
7 26 41 76 81 102 116 120
7 26 41 76 88 99 117 118
7 26 41 76 88 102 113 116
7 26 41 76 99 117 118 120
7 26 41 78 88 101 114 116
7 26 41 81 86 106 108 116
7 26 41 81 102 108 116 120
7 26 41 85 88 99 108 118
7 26 41 85 99 108 118 120
7 26 41 85 106 108 113 118
7 26 41 86 88 99 108 116
7 26 41 92 97 98 116 120
7 26 41 92 97 102 116 120
7 26 41 92 99 117 118 120
7 26 41 92 102 104 113 116
7 26 42 44 71 88 113 116
7 26 42 44 81 88 102 116
7 26 42 44 85 88 102 113
7 26 42 44 86 88 101 112
7 26 42 44 86 88 101 113
7 26 42 49 69 92 102 120
7 26 42 52 66 69 76 112
7 26 42 52 66 69 76 113
7 26 42 52 67 69 76 112
7 26 42 52 69 76 82 97
7 26 42 52 69 76 98 112
7 26 42 52 69 82 108 112
7 26 42 52 69 92 97 98
7 26 42 52 70 76 113 120
7 26 42 52 76 85 105 114
7 26 42 52 76 88 101 114
7 26 42 52 76 88 102 113
7 26 42 52 77 88 102 113
7 26 42 56 69 76 114 116
7 26 42 56 71 76 113 116
7 26 42 56 76 83 101 116
7 26 42 56 76 85 102 113
7 26 42 66 92 101 116 120
7 26 42 66 92 101 116 121
7 26 42 67 92 101 116 120
7 26 42 69 76 114 116 120
7 26 42 69 76 114 116 121
7 26 42 69 82 108 116 120
7 26 42 69 82 108 116 121
7 26 42 70 76 113 116 120
7 26 42 70 77 113 116 120
7 26 42 70 81 108 116 120
7 26 42 74 85 108 113 116
7 26 42 76 82 101 116 120
7 26 42 76 82 101 116 121
7 26 42 76 83 101 116 120
7 26 42 76 85 105 114 116
7 26 42 76 88 101 114 116
7 26 42 76 88 102 113 116
7 26 42 77 88 102 113 116
7 26 42 82 85 105 108 116
7 26 42 82 101 108 116 120
7 26 42 82 101 108 116 121
7 26 42 85 98 108 116 120
7 26 42 85 98 108 116 121
7 26 42 92 98 101 116 120
7 26 42 92 98 101 116 121
7 26 43 66 85 108 116 120
7 26 43 70 85 108 116 120
7 26 43 76 85 98 116 120
7 26 44 48 84 88 97 98
7 26 44 49 65 72 84 98
7 26 44 49 66 68 72 112
7 26 44 49 67 92 102 120
7 26 44 49 69 74 84 98
7 26 44 49 69 74 118 120
7 26 44 49 70 81 104 112
7 26 44 49 71 88 104 118
7 26 44 49 71 88 106 116
7 26 44 49 73 78 114 116
7 26 44 49 73 86 102 120
7 26 44 49 73 86 106 116
7 26 44 49 74 85 102 120
7 26 44 49 76 84 99 112
7 26 44 49 76 84 99 120
7 26 44 49 76 88 99 116
7 26 44 49 81 84 98 104
7 26 44 49 85 88 102 104
7 26 44 49 86 88 101 106
7 26 44 50 69 74 116 120
7 26 44 50 69 74 116 121
7 26 44 50 69 84 98 120
7 26 44 50 70 73 116 120
7 26 44 50 74 77 113 116
7 26 44 50 74 85 105 116
7 26 44 50 74 92 101 113
7 26 44 50 86 88 101 104
7 26 44 51 66 69 84 104
7 26 44 51 71 88 104 116
7 26 44 51 77 88 98 116
7 26 44 51 85 88 102 104
7 26 44 51 86 88 101 104
7 26 44 52 65 68 88 98
7 26 44 52 67 69 98 120
7 26 44 52 67 76 97 112
7 26 44 52 67 81 100 104
7 26 44 52 67 88 97 100
7 26 44 52 67 92 97 98
7 26 44 52 69 74 98 112
7 26 44 52 69 76 114 120
7 26 44 52 69 81 98 104
7 26 44 52 69 82 97 120
7 26 44 52 69 82 98 120
7 26 44 52 69 88 98 112
7 26 44 52 73 84 98 112
7 26 44 52 76 81 102 120
7 26 44 52 76 88 97 114
7 26 44 52 81 88 102 104
7 26 44 52 84 88 97 98
7 26 44 53 75 84 102 120
7 26 44 53 78 88 99 112
7 26 44 54 71 88 104 113
7 26 44 54 77 88 98 113
7 26 44 56 67 88 102 116
7 26 44 56 69 74 114 116
7 26 44 56 69 88 98 116
7 26 44 56 71 73 114 116
7 26 44 56 71 88 98 116
7 26 44 56 71 88 99 116
7 26 44 56 73 86 101 114
7 26 44 56 73 86 102 113
7 26 44 56 74 81 102 116
7 26 44 56 74 85 99 116
7 26 44 56 74 85 101 114
7 26 44 56 74 85 102 113
7 26 44 56 81 84 102 104
7 26 44 56 84 88 97 98
7 26 44 56 84 88 97 102
7 26 44 56 85 88 97 102
7 26 44 56 85 88 99 102
7 26 44 56 86 88 97 102
7 26 44 56 86 88 98 101
7 26 44 56 86 88 99 101
7 26 44 57 71 88 98 116
7 26 44 65 72 84 98 112
7 26 44 65 76 84 98 112
7 26 44 65 76 114 116 120
7 26 44 65 84 98 104 112
7 26 44 65 84 100 104 112
7 26 44 66 84 97 104 112
7 26 44 67 84 97 104 112
7 26 44 67 84 100 104 112
7 26 44 67 92 102 113 120
7 26 44 69 72 82 97 112
7 26 44 69 74 84 98 112
7 26 44 69 74 84 98 113
7 26 44 69 74 113 118 120
7 26 44 69 74 114 116 120
7 26 44 69 74 114 116 121
7 26 44 69 76 114 116 120
7 26 44 69 84 98 104 112
7 26 44 69 84 106 113 120
7 26 44 69 88 104 113 118
7 26 44 69 88 106 113 116
7 26 44 69 106 113 116 120
7 26 44 70 72 81 97 112
7 26 44 70 73 114 116 120
7 26 44 70 105 114 116 120
7 26 44 70 105 114 117 120
7 26 44 71 88 104 113 118
7 26 44 71 88 106 113 116
7 26 44 72 84 97 98 112
7 26 44 73 84 102 113 120
7 26 44 73 86 102 113 120
7 26 44 73 86 106 113 116
7 26 44 73 88 102 113 116
7 26 44 73 88 102 114 117
7 26 44 73 102 113 116 120
7 26 44 74 84 97 100 112
7 26 44 74 84 101 114 120
7 26 44 74 84 101 114 121
7 26 44 74 85 99 116 120
7 26 44 74 85 101 114 120
7 26 44 74 85 102 113 120
7 26 44 74 85 105 114 116
7 26 44 74 88 101 113 118
7 26 44 74 88 101 114 116
7 26 44 74 92 101 113 114
7 26 44 74 101 114 116 120
7 26 44 74 101 114 116 121
7 26 44 76 81 97 118 120
7 26 44 76 81 99 116 120
7 26 44 76 84 97 98 112
7 26 44 76 84 97 114 120
7 26 44 76 84 98 113 120
7 26 44 76 84 101 114 120
7 26 44 76 84 102 113 120
7 26 44 76 84 102 115 120
7 26 44 76 88 97 114 116
7 26 44 76 88 98 113 116
7 26 44 76 97 114 116 120
7 26 44 76 98 113 116 120
7 26 44 76 104 113 114 116
7 26 44 76 113 114 116 120
7 26 44 77 84 102 115 120
7 26 44 78 88 97 114 116
7 26 44 78 104 113 114 116
7 26 44 79 104 113 114 116
7 26 44 81 88 102 104 116
7 26 44 84 88 97 98 112
7 26 44 84 97 98 104 112
7 26 44 85 88 102 105 114
7 26 44 86 88 97 106 116
7 26 44 86 88 101 104 112
7 26 44 86 88 101 104 114
7 26 44 86 88 101 106 113
7 26 44 86 98 105 117 120
7 26 44 86 105 114 117 120
7 26 44 88 101 106 113 118
7 26 44 88 102 104 113 116
7 26 44 92 97 98 116 120
7 26 44 92 98 104 113 116
7 26 44 92 99 104 114 117
7 26 44 92 99 114 117 120
7 26 44 92 102 104 113 114
7 26 44 92 103 104 113 114
7 26 45 49 73 86 106 116
7 26 45 56 83 84 102 104
7 26 45 65 72 84 98 112
7 26 45 73 86 104 114 116
7 26 45 74 85 98 116 120
7 26 45 74 85 104 114 116
7 26 45 76 83 98 116 120
7 26 45 76 83 104 114 116
7 26 45 76 84 102 115 120
7 26 45 78 104 113 114 116
7 26 45 78 113 114 116 120
7 26 45 83 88 102 104 116
7 26 45 83 108 114 116 120
7 26 45 86 88 99 104 116
7 26 46 48 81 84 102 105
7 26 46 49 73 92 101 114
7 26 46 73 85 102 113 120
7 26 46 73 85 108 113 114
7 26 46 73 86 104 113 116
7 26 46 74 85 104 113 116
7 26 46 76 81 104 114 116
7 26 46 76 82 104 113 116
7 26 46 78 114 117 121 124
7 26 46 81 84 102 105 112
7 26 47 76 81 104 114 116
7 26 47 76 82 104 113 116
7 26 48 81 84 102 106 109
7 26 48 82 84 101 105 110
7 26 48 82 84 102 105 108
7 26 48 84 88 97 98 108
7 26 49 50 69 92 98 108
7 26 49 52 67 92 98 108
7 26 49 52 69 76 106 112
7 26 49 52 70 77 98 120
7 26 49 52 70 77 106 112
7 26 49 52 70 89 98 108
7 26 49 52 70 92 98 105
7 26 49 52 76 84 99 104
7 26 49 52 77 82 98 108
7 26 49 52 78 81 102 105
7 26 49 52 78 84 98 105
7 26 49 65 76 98 104 116
7 26 49 65 84 98 108 112
7 26 49 65 84 98 108 120
7 26 49 65 88 98 108 116
7 26 49 67 84 102 108 120
7 26 49 69 74 108 118 120
7 26 49 69 76 88 98 100
7 26 49 69 82 102 105 124
7 26 49 69 84 98 108 120
7 26 49 69 88 98 108 112
7 26 49 69 92 102 105 114
7 26 49 69 108 114 116 120
7 26 49 70 81 106 108 116
7 26 49 70 88 97 108 112
7 26 49 73 86 101 106 124
7 26 49 73 86 102 108 120
7 26 49 73 86 106 108 116
7 26 49 73 92 102 108 114
7 26 49 73 108 114 116 120
7 26 49 74 85 102 108 120
7 26 49 76 84 98 100 104
7 26 49 76 84 99 100 104
7 26 49 76 88 102 104 116
7 26 49 77 110 114 116 120
7 26 49 81 84 102 106 109
7 26 49 81 98 108 116 120
7 26 49 81 106 108 116 120
7 26 49 82 84 102 105 108
7 26 49 82 109 110 116 120
7 26 49 84 88 97 98 108
7 26 49 84 97 98 108 112
7 26 49 84 97 98 108 120
7 26 49 84 99 109 110 112
7 26 49 85 105 110 114 124
7 26 49 92 99 110 116 120
7 26 50 52 69 73 104 112
7 26 50 52 69 73 108 112
7 26 50 52 69 76 104 112
7 26 50 52 69 78 105 112
7 26 50 52 70 73 108 112
7 26 50 65 70 108 116 120
7 26 50 66 69 108 116 120
7 26 50 66 69 108 116 121
7 26 50 66 84 101 108 120
7 26 50 66 84 101 108 121
7 26 50 67 84 101 108 120
7 26 50 69 82 105 108 116
7 26 50 69 84 98 108 120
7 26 50 69 84 98 108 121
7 26 50 69 84 106 108 112
7 26 50 69 84 106 108 113
7 26 50 69 98 108 116 120
7 26 50 70 84 97 108 120
7 26 50 70 84 105 108 112
7 26 50 70 85 105 108 112
7 26 50 70 108 113 116 120
7 26 50 70 109 113 116 120
7 26 50 71 84 105 108 112
7 26 50 74 85 101 108 120
7 26 50 74 85 105 108 116
7 26 50 74 89 101 108 116
7 26 50 74 92 101 108 113
7 26 50 75 84 101 108 112
7 26 50 77 84 98 108 112
7 26 50 77 84 98 108 113
7 26 50 77 84 99 108 112
7 26 50 78 84 97 108 112
7 26 50 78 109 113 116 120
7 26 50 81 84 101 106 108
7 26 50 82 84 101 105 108
7 26 50 84 89 98 101 108
7 26 50 85 106 109 116 120
7 26 50 86 105 108 117 120
7 26 50 89 102 109 116 120
7 26 50 92 102 109 113 120
7 26 51 77 84 98 108 112
7 26 51 77 88 98 108 116
7 26 51 77 88 102 104 116
7 26 52 56 67 69 108 112
7 26 52 56 67 84 98 108
7 26 52 56 69 74 97 112
7 26 52 56 69 76 98 112
7 26 52 56 69 76 99 112
7 26 52 56 69 82 97 104
7 26 52 56 69 82 98 108
7 26 52 56 69 84 98 104
7 26 52 56 73 84 98 100
7 26 52 65 84 98 108 120
7 26 52 65 84 106 108 112
7 26 52 66 68 80 97 104
7 26 52 66 68 97 104 112
7 26 52 67 84 98 108 120
7 26 52 67 84 98 108 121
7 26 52 67 88 97 108 112
7 26 52 67 92 102 105 112
7 26 52 69 73 84 98 104
7 26 52 69 74 97 104 112
7 26 52 69 82 97 108 120
7 26 52 69 82 97 110 120
7 26 52 69 82 98 108 120
7 26 52 69 82 98 108 121
7 26 52 69 82 106 108 112
7 26 52 69 82 106 108 113
7 26 52 69 88 97 108 114
7 26 52 69 88 98 100 104
7 26 52 69 88 99 100 104
7 26 52 69 88 100 105 114
7 26 52 69 88 102 105 112
7 26 52 69 100 105 114 120
7 26 52 70 73 97 104 112
7 26 52 70 81 97 108 120
7 26 52 70 81 98 108 120
7 26 52 70 81 105 108 114
7 26 52 70 81 106 108 112
7 26 52 70 98 108 113 120
7 26 52 70 98 109 113 120
7 26 52 70 101 106 113 120
7 26 52 73 84 97 102 120
7 26 52 73 84 97 110 112
7 26 52 73 84 98 100 104
7 26 52 73 84 98 108 112
7 26 52 73 84 99 100 104
7 26 52 73 84 99 100 120
7 26 52 73 84 99 108 112
7 26 52 76 81 97 98 104
7 26 52 76 81 102 105 112
7 26 52 76 82 102 105 112
7 26 52 76 84 97 98 120
7 26 52 76 88 101 104 114
7 26 52 76 88 102 104 113
7 26 52 77 82 98 108 112
7 26 52 77 82 98 108 113
7 26 52 77 82 99 108 112
7 26 52 77 82 101 106 112
7 26 52 78 81 102 105 112
7 26 52 78 88 101 104 114
7 26 52 81 82 101 106 108
7 26 52 81 82 102 105 108
7 26 52 81 102 105 108 112
7 26 52 82 84 101 105 106
7 26 52 82 85 98 105 108
7 26 52 82 89 98 101 108
7 26 52 82 92 98 101 105
7 26 52 82 98 101 108 120
7 26 52 82 98 101 108 121
7 26 52 82 99 101 108 120
7 26 52 82 101 106 108 112
7 26 52 82 101 106 108 113
7 26 52 82 102 105 108 112
7 26 52 82 102 109 113 120
7 26 52 84 88 97 98 108
7 26 52 84 97 98 108 120
7 26 52 84 97 106 108 112
7 26 52 84 97 108 114 120
7 26 52 84 98 100 105 120
7 26 52 84 98 105 108 112
7 26 52 84 98 108 113 120
7 26 52 84 100 105 114 120
7 26 52 84 105 108 114 120
7 26 52 84 106 108 113 120
7 26 52 84 109 110 114 120
7 26 52 84 109 110 115 120
7 26 52 86 98 105 108 112
7 26 52 92 97 98 104 112
7 26 52 92 97 98 108 112
7 26 53 65 76 98 104 112
7 26 53 65 92 98 108 120
7 26 53 67 92 98 108 120
7 26 53 69 82 98 108 120
7 26 53 70 76 106 116 121
7 26 53 70 89 98 108 120
7 26 53 70 89 106 108 116
7 26 53 73 86 106 108 112
7 26 53 74 84 98 108 120
7 26 53 74 84 98 108 121
7 26 53 75 84 98 108 112
7 26 53 75 98 108 116 120
7 26 53 75 108 114 116 120
7 26 53 76 88 99 104 118
7 26 53 77 106 114 116 120
7 26 53 78 88 99 104 116
7 26 53 78 106 113 116 120
7 26 53 83 106 108 116 120
7 26 53 85 106 108 114 120
7 26 53 86 98 105 108 120
7 26 53 86 105 108 114 120
7 26 54 56 71 76 104 112
7 26 54 56 71 76 104 113
7 26 54 65 92 98 108 120
7 26 54 66 76 105 117 120
7 26 54 66 84 105 108 112
7 26 54 66 85 105 108 120
7 26 54 66 92 97 108 120
7 26 54 67 84 105 108 112
7 26 54 70 81 105 108 112
7 26 54 73 76 104 114 116
7 26 54 74 85 105 108 112
7 26 54 76 88 101 104 114
7 26 54 76 88 102 104 113
7 26 54 77 88 98 108 113
7 26 54 77 88 102 104 113
7 26 54 85 88 98 105 108
7 26 54 93 105 108 114 120
7 26 55 73 76 104 114 116
7 26 56 65 76 84 98 100
7 26 56 65 88 100 104 112
7 26 56 69 73 84 98 100
7 26 56 69 74 84 97 100
7 26 56 69 84 98 100 104
7 26 56 69 84 99 100 104
7 26 56 69 88 97 108 118
7 26 56 69 88 97 110 118
7 26 56 69 88 99 108 116
7 26 56 69 88 100 104 112
7 26 56 69 92 102 104 114
7 26 56 71 73 108 114 116
7 26 56 71 88 99 108 116
7 26 56 71 92 102 104 113
7 26 56 73 76 102 114 117
7 26 56 73 78 101 114 116
7 26 56 73 85 103 108 114
7 26 56 73 86 101 108 114
7 26 56 73 92 101 102 114
7 26 56 73 101 110 114 116
7 26 56 73 102 104 113 116
7 26 56 73 103 108 114 116
7 26 56 74 76 101 113 118
7 26 56 74 76 102 113 116
7 26 56 74 76 103 113 116
7 26 56 74 77 102 113 116
7 26 56 74 92 101 102 113
7 26 56 76 81 101 104 118
7 26 56 76 81 101 106 118
7 26 56 76 81 102 104 116
7 26 56 76 81 103 104 116
7 26 56 76 83 101 104 118
7 26 56 76 84 97 98 100
7 26 56 76 85 102 105 114
7 26 56 76 86 101 106 113
7 26 56 76 88 97 98 116
7 26 56 76 88 97 102 116
7 26 56 76 88 98 101 116
7 26 56 76 88 99 102 117
7 26 56 78 88 99 101 116
7 26 56 78 89 98 101 116
7 26 56 83 92 101 102 104
7 26 56 85 88 99 102 108
7 26 56 88 97 108 114 116
7 26 56 88 99 101 108 118
7 26 56 88 101 104 114 116
7 26 56 88 101 108 114 116
7 26 56 88 101 110 114 116
7 26 56 88 103 108 114 116
7 26 56 88 106 108 113 116
7 26 56 88 106 108 117 118
7 26 56 88 107 108 117 118
7 26 56 89 103 108 114 116
7 26 56 92 101 102 104 114
7 26 56 92 102 105 114 117
7 26 56 92 103 106 113 116
7 26 57 67 84 102 108 112
7 26 57 67 92 98 108 116
7 26 57 69 82 98 108 116
7 26 57 70 81 98 108 116
7 26 57 70 88 98 108 116
7 26 57 70 89 98 108 116
7 26 57 70 92 98 108 116
7 26 57 71 88 98 108 116
7 26 57 71 98 108 116 120
7 26 57 71 108 114 116 120
7 26 57 74 85 102 108 112
7 26 57 76 81 102 104 116
7 26 57 76 82 102 104 116
7 26 57 76 82 103 104 116
7 26 57 76 84 98 100 120
7 26 57 77 102 114 116 120
7 26 57 78 102 113 116 120
7 26 57 83 102 108 116 120
7 26 57 89 102 108 114 116
7 26 60 65 76 98 116 120
7 26 60 65 84 98 108 112
7 26 60 65 92 102 104 114
7 26 60 67 76 98 116 120
7 26 60 67 76 98 116 121
7 26 60 67 84 98 108 112
7 26 60 67 84 98 108 113
7 26 60 67 84 102 105 112
7 26 60 67 92 98 108 113
7 26 60 67 92 102 104 113
7 26 60 69 72 80 97 98
7 26 60 69 72 97 98 112
7 26 60 69 74 84 97 98
7 26 60 69 74 97 116 120
7 26 60 69 74 97 118 120
7 26 60 69 74 98 116 120
7 26 60 69 74 98 116 121
7 26 60 69 76 97 98 112
7 26 60 69 76 98 116 120
7 26 60 69 82 98 108 113
7 26 60 69 86 97 106 120
7 26 60 69 88 97 98 112
7 26 60 69 88 97 104 114
7 26 60 69 88 97 104 118
7 26 60 69 88 97 106 116
7 26 60 69 88 97 106 118
7 26 60 69 88 102 104 113
7 26 60 69 88 102 104 114
7 26 60 69 92 97 106 114
7 26 60 69 92 97 108 114
7 26 60 70 73 98 116 120
7 26 60 70 88 101 104 112
7 26 60 70 88 101 104 114
7 26 60 70 89 99 108 116
7 26 60 70 89 101 106 116
7 26 60 70 92 98 105 113
7 26 60 71 88 102 104 113
7 26 60 71 106 113 116 120
7 26 60 72 84 97 98 112
7 26 60 73 84 97 98 112
7 26 60 73 84 102 104 113
7 26 60 73 85 99 102 120
7 26 60 73 86 97 102 120
7 26 60 73 86 99 108 113
7 26 60 73 86 101 106 113
7 26 60 73 86 103 104 113
7 26 60 74 84 98 101 120
7 26 60 74 84 98 101 121
7 26 60 74 85 98 101 120
7 26 60 74 85 98 105 116
7 26 60 74 85 102 105 112
7 26 60 74 92 98 101 113
7 26 60 75 102 113 116 120
7 26 60 76 81 97 98 120
7 26 60 76 81 97 102 120
7 26 60 76 81 99 104 116
7 26 60 76 81 102 104 112
7 26 60 76 81 102 104 114
7 26 60 76 81 103 104 112
7 26 60 76 81 103 104 114
7 26 60 76 82 102 104 113
7 26 60 76 82 103 104 113
7 26 60 76 84 97 98 112
7 26 60 76 84 97 98 120
7 26 60 76 88 97 98 116
7 26 60 77 106 113 118 120
7 26 60 77 106 117 118 120
7 26 60 77 108 115 118 120
7 26 60 78 99 113 116 120
7 26 60 78 105 114 117 120
7 26 60 78 105 117 118 120
7 26 60 78 106 113 116 120
7 26 60 78 106 117 118 120
7 26 60 85 99 106 116 120
7 26 60 85 99 108 114 120
7 26 60 85 102 105 114 120
7 26 60 85 102 106 113 120
7 26 60 85 105 110 118 120
7 26 60 86 97 98 108 120
7 26 60 86 97 108 114 120
7 26 60 86 98 109 113 120
7 26 60 86 102 105 113 120
7 26 60 86 106 109 117 120
7 26 60 87 105 108 114 120
7 26 60 87 105 108 118 120
7 26 60 87 109 110 115 120
7 26 60 89 99 102 116 120
7 26 60 89 99 108 118 120
7 26 60 89 102 106 113 116
7 26 60 89 103 108 118 120
7 26 60 92 97 102 104 114
7 26 60 92 97 102 114 120
7 26 60 92 97 106 118 120
7 26 60 92 97 108 114 120
7 26 60 92 97 108 118 120
7 26 60 92 97 110 118 120
7 26 60 92 98 108 113 120
7 26 60 92 99 102 113 120
7 26 60 92 99 106 113 116
7 26 60 92 99 108 114 120
7 26 60 92 99 108 114 121
7 26 60 92 99 108 118 120
7 26 60 92 99 110 118 120
7 26 60 92 101 106 113 114
7 26 60 92 101 106 114 120
7 26 60 92 101 106 114 121
7 26 60 92 101 106 118 120
7 26 60 92 101 108 114 120
7 26 60 92 102 105 113 114
7 26 60 92 102 105 115 120
7 26 60 92 102 106 113 120
7 26 60 92 102 108 113 120
7 26 60 92 103 106 118 120
7 26 60 92 103 106 118 121
7 26 60 92 106 109 115 118
7 26 60 93 99 108 114 120
7 26 60 93 99 108 118 120
7 26 60 93 102 105 114 120
7 26 61 67 76 98 116 120
7 26 61 67 84 98 108 112
7 26 61 67 88 98 108 116
7 26 61 93 102 106 114 124
7 26 61 93 102 106 115 124
7 26 61 93 103 106 114 124
7 26 65 70 98 108 116 120
7 26 66 84 97 100 104 112
7 26 66 92 97 100 104 112
7 26 67 76 84 98 101 120
7 26 67 92 97 100 104 112
7 26 67 92 101 106 116 120
7 26 67 92 102 108 113 120
7 26 69 74 84 98 108 113
7 26 69 82 97 108 116 120
7 26 69 82 98 108 116 120
7 26 69 82 98 108 116 121
7 26 69 88 97 98 104 116
7 26 69 97 98 108 116 120
7 26 70 81 97 108 116 120
7 26 70 81 98 108 116 120
7 26 70 81 98 109 116 120
7 26 70 89 99 108 116 120
7 26 70 92 97 100 104 112
7 26 70 97 98 108 116 120
7 26 70 98 108 113 116 120
7 26 70 98 109 113 116 120
7 26 71 88 106 108 113 116
7 26 73 86 101 106 113 124
7 26 73 86 101 108 114 120
7 26 73 86 102 108 113 120
7 26 73 88 102 104 113 116
7 26 73 92 101 102 114 120
7 26 73 92 102 108 113 114
7 26 73 99 108 117 118 120
7 26 74 84 97 100 104 112
7 26 74 85 98 109 116 120
7 26 74 85 99 108 116 120
7 26 74 85 101 108 114 120
7 26 74 85 102 108 113 120
7 26 74 92 101 102 113 120
7 26 74 92 101 108 113 114
7 26 76 81 97 98 104 116
7 26 76 84 97 98 100 120
7 26 76 88 97 104 114 116
7 26 76 88 99 104 117 118
7 26 76 88 101 104 114 116
7 26 76 88 102 104 113 116
7 26 78 88 97 108 114 116
7 26 78 88 101 104 114 116
7 26 81 84 102 106 109 112
7 26 81 97 98 108 116 120
7 26 82 84 101 105 110 112
7 26 82 84 102 105 108 112
7 26 84 88 97 98 108 112
7 26 86 98 105 108 117 120
7 26 86 105 108 114 117 120
7 26 88 103 106 108 113 116
7 26 92 97 98 108 116 120
7 26 92 99 108 114 117 120
7 26 92 102 105 114 117 120
7 27 28 36 68 98 104 112
7 27 28 36 69 98 104 112
7 27 28 69 102 105 116 122
7 27 28 75 101 102 116 120
7 27 28 77 102 108 113 114
7 27 28 88 101 102 104 112
7 27 28 89 101 102 106 116
7 27 29 39 71 106 116 120
7 27 33 36 70 92 104 112
7 27 33 36 76 84 98 120
7 27 33 38 71 92 104 112
7 27 33 44 70 84 104 112
7 27 33 44 76 84 98 112
7 27 33 67 102 108 116 120
7 27 33 71 98 108 116 120
7 27 34 36 71 92 104 112
7 27 34 36 77 86 104 112
7 27 34 37 70 92 104 112
7 27 34 44 69 86 104 112
7 27 34 44 70 85 104 112
7 27 34 60 69 70 104 112
7 27 34 66 101 108 116 120
7 27 34 70 97 108 116 120
7 27 34 70 108 113 116 120
7 27 34 82 101 108 116 120
7 27 34 86 97 108 116 120
7 27 34 86 105 108 116 120
7 27 34 90 101 108 116 120
7 27 34 94 97 108 116 120
7 27 35 65 70 108 116 120
7 27 35 86 97 108 116 120
7 27 35 86 105 108 116 120
7 27 35 89 102 108 116 120
7 27 35 94 97 108 116 120
7 27 36 40 69 92 98 112
7 27 36 40 76 86 97 112
7 27 36 41 70 84 104 112
7 27 36 41 76 84 98 112
7 27 36 56 69 70 104 112
7 27 36 56 69 84 98 104
7 27 36 56 76 84 97 98
7 27 36 69 92 98 104 112
7 27 36 76 84 97 98 120
7 27 37 70 108 116 121 122
7 27 37 85 106 108 118 120
7 27 37 86 105 108 116 122
7 27 37 89 102 108 116 122
7 27 37 92 102 105 116 122
7 27 38 66 92 100 104 112
7 27 38 66 92 101 104 112
7 27 38 67 97 108 116 120
7 27 38 74 108 113 116 120
7 27 38 78 98 117 121 124
7 27 38 78 105 114 117 124
7 27 38 82 97 108 116 120
7 27 38 86 101 106 121 124
7 27 38 86 105 108 116 120
7 27 38 90 98 109 117 124
7 27 38 90 101 108 116 120
7 27 38 92 98 101 104 112
7 27 38 92 98 105 116 120
7 27 38 93 101 106 114 124
7 27 38 94 97 108 116 120
7 27 38 94 98 105 117 124
7 27 38 94 98 108 116 120
7 27 38 94 98 108 117 120
7 27 38 94 98 109 117 120
7 27 38 94 101 106 113 124
7 27 39 65 66 108 116 120
7 27 39 65 82 108 116 120
7 27 39 65 92 106 116 120
7 27 39 69 92 106 116 120
7 27 39 73 82 108 116 120
7 27 41 60 71 88 102 112
7 27 42 82 101 108 116 120
7 27 42 86 97 108 116 120
7 27 42 92 98 101 116 120
7 27 42 92 101 104 114 116
7 27 43 53 78 83 108 116
7 27 43 76 85 102 116 120
7 27 44 57 84 90 101 102
7 27 44 69 84 98 104 112
7 27 44 76 84 97 98 112
7 27 44 76 102 113 116 120
7 27 44 76 102 113 116 122
7 27 44 76 102 115 116 120
7 27 44 77 102 115 116 120
7 27 44 78 101 114 116 120
7 27 44 78 102 113 116 120
7 27 44 86 101 106 116 120
7 27 44 86 102 105 116 120
7 27 44 90 101 102 116 120
7 27 44 92 97 98 100 112
7 27 44 92 97 102 116 120
7 27 44 92 97 102 116 122
7 27 44 92 99 102 116 120
7 27 44 92 102 105 114 116
7 27 44 92 102 106 113 116
7 27 44 94 97 102 116 120
7 27 45 54 65 66 68 120
7 27 45 56 86 88 97 102
7 27 45 65 70 98 116 120
7 27 45 65 70 104 114 116
7 27 45 65 70 114 116 120
7 27 45 70 73 114 116 120
7 27 45 71 118 121 122 124
7 27 45 76 84 102 115 120
7 27 45 76 86 102 113 120
7 27 45 76 86 106 113 116
7 27 45 78 104 113 114 116
7 27 45 78 113 114 116 120
7 27 45 85 102 106 114 124
7 27 45 85 110 118 122 124
7 27 45 86 88 99 104 116
7 27 45 86 97 106 116 120
7 27 45 86 101 106 116 120
7 27 45 86 106 108 113 116
7 27 45 89 102 108 114 116
7 27 46 48 82 84 101 104
7 27 46 66 76 113 116 120
7 27 46 70 76 113 116 120
7 27 46 70 92 105 114 117
7 27 46 78 114 117 121 124
7 27 46 82 84 101 104 112
7 27 46 85 88 102 104 113
7 27 46 86 97 108 116 120
7 27 46 86 98 108 116 120
7 27 46 86 109 117 122 124
7 27 46 92 101 106 114 116
7 27 48 84 88 97 102 108
7 27 49 67 102 108 116 120
7 27 49 71 98 108 116 120
7 27 50 66 84 101 108 120
7 27 50 74 84 101 108 112
7 27 50 82 101 108 116 120
7 27 50 84 88 98 101 108
7 27 50 92 98 101 108 112
7 27 51 69 92 102 108 120
7 27 51 77 86 102 105 124
7 27 52 76 100 104 113 114
7 27 52 82 98 101 108 120
7 27 52 84 102 108 121 122
7 27 52 84 103 108 121 122
7 27 52 84 105 108 114 120
7 27 52 84 109 110 114 120
7 27 52 84 109 110 115 120
7 27 52 85 109 110 114 120
7 27 52 92 97 100 104 114
7 27 52 92 97 102 104 112
7 27 52 92 98 100 104 112
7 27 52 92 101 110 114 120
7 27 53 65 92 102 106 120
7 27 53 69 92 102 106 120
7 27 53 70 81 106 108 112
7 27 53 71 110 113 122 124
7 27 53 71 110 114 121 124
7 27 53 75 102 108 116 120
7 27 53 76 86 105 106 116
7 27 53 77 110 114 116 120
7 27 53 78 97 106 116 120
7 27 53 79 110 114 116 121
7 27 53 85 99 110 122 124
7 27 53 85 107 110 114 124
7 27 53 86 97 106 108 120
7 27 53 86 105 106 108 116
7 27 53 90 101 102 108 120
7 27 53 94 97 98 108 120
7 27 54 66 76 100 104 112
7 27 54 66 84 105 108 112
7 27 54 69 76 105 116 122
7 27 54 69 92 105 106 116
7 27 54 69 92 105 108 114
7 27 54 70 74 109 113 124
7 27 54 74 84 101 108 120
7 27 54 74 88 101 108 112
7 27 54 76 84 101 106 120
7 27 54 76 84 102 105 120
7 27 54 78 86 101 105 120
7 27 54 78 109 114 116 120
7 27 54 83 101 110 121 124
7 27 54 83 109 110 113 124
7 27 54 83 109 110 116 120
7 27 54 85 105 110 114 124
7 27 54 86 106 109 113 124
7 27 54 86 109 110 113 120
7 27 54 90 106 109 117 124
7 27 54 92 97 98 108 112
7 27 54 94 99 109 116 120
7 27 55 70 92 105 108 114
7 27 56 76 84 97 98 100
7 27 56 88 106 108 117 118
7 27 56 92 101 102 104 112
7 27 57 67 69 110 118 124
7 27 57 69 76 102 116 122
7 27 57 69 92 102 106 116
7 27 57 76 85 102 106 116
7 27 57 90 101 102 108 116
7 27 57 93 101 110 118 122
7 27 58 66 76 101 116 120
7 27 58 66 84 101 108 112
7 27 58 70 76 101 116 120
7 27 58 70 92 99 108 117
7 27 58 71 76 101 116 120
7 27 58 71 101 108 116 120
7 27 58 76 84 101 102 120
7 27 58 76 85 101 102 120
7 27 58 90 101 108 116 120
7 27 58 90 102 109 117 124
7 27 58 94 103 108 117 120
7 27 60 69 76 99 118 120
7 27 60 69 92 102 105 114
7 27 60 70 76 99 116 120
7 27 60 70 88 101 104 114
7 27 60 70 92 101 106 114
7 27 60 71 88 101 104 114
7 27 60 71 97 106 116 120
7 27 60 71 105 108 114 116
7 27 60 74 84 103 104 112
7 27 60 76 84 99 102 120
7 27 60 76 84 102 105 114
7 27 60 76 84 103 105 114
7 27 60 77 86 99 108 114
7 27 60 77 102 104 113 114
7 27 60 77 102 105 114 116
7 27 60 77 102 108 113 114
7 27 60 83 101 102 108 120
7 27 60 85 88 99 102 104
7 27 60 85 97 102 106 120
7 27 60 85 97 102 108 122
7 27 60 85 99 110 116 120
7 27 60 85 102 105 108 114
7 27 60 85 105 110 118 120
7 27 60 86 97 98 108 120
7 27 60 86 97 102 108 120
7 27 60 87 97 98 108 120
7 27 60 87 109 110 115 120
7 27 60 89 101 102 106 116
7 27 60 89 101 110 114 116
7 27 60 89 101 110 118 120
7 27 60 89 103 108 118 120
7 27 60 90 102 109 114 116
7 27 60 92 97 98 104 112
7 27 60 92 97 102 104 112
7 27 60 92 97 102 108 114
7 27 60 92 98 100 104 112
7 27 60 92 99 102 116 120
7 27 60 92 101 102 105 114
7 27 60 92 101 102 106 114
7 27 60 92 101 106 114 120
7 27 60 92 101 106 118 120
7 27 60 92 101 110 118 121
7 27 60 92 101 110 118 122
7 27 60 93 97 102 104 114
7 27 60 93 97 102 108 114
7 27 60 93 99 102 108 114
7 27 60 93 101 102 106 114
7 27 60 94 103 105 117 122
7 27 61 65 70 98 104 116
7 27 61 70 92 99 108 114
7 27 61 70 92 101 106 114
7 27 62 67 92 101 106 116
7 27 62 70 92 101 106 113
7 27 62 77 86 102 105 113
7 27 62 94 101 102 105 113
7 27 62 94 101 110 118 121
7 27 65 70 98 108 116 120
7 27 67 97 102 108 116 120
7 27 69 92 98 100 104 112
7 27 70 88 97 98 108 116
7 27 70 97 98 108 116 120
7 27 70 98 108 113 116 120
7 27 71 97 98 108 116 120
7 27 76 84 97 98 100 120
7 27 82 98 101 108 116 120
7 27 84 88 97 102 108 112
7 27 85 109 110 114 116 120
7 27 86 97 98 108 116 120
7 27 86 98 105 108 116 120
7 27 86 101 106 108 116 120
7 27 86 102 105 108 116 120
7 27 86 109 110 114 116 120
7 27 90 98 101 108 116 120
7 27 90 101 102 108 116 120
7 27 92 97 98 108 116 120
7 27 92 97 102 108 116 120
7 27 92 97 102 108 116 122
7 27 92 99 102 108 116 120
7 27 92 101 110 114 116 120
7 27 92 102 105 108 114 116
7 27 93 101 102 106 114 124
7 27 94 97 98 108 116 120
7 27 94 97 102 108 116 120
7 27 94 101 102 106 113 124
7 28 33 34 36 66 72 80
7 28 33 34 66 68 104 112
7 28 33 34 66 76 116 120
7 28 33 34 66 84 104 112
7 28 33 34 66 88 104 116
7 28 33 34 67 68 104 112
7 28 33 34 67 84 104 112
7 28 33 34 68 72 80 96
7 28 33 34 68 73 82 96
7 28 33 34 68 82 104 112
7 28 33 34 68 88 104 112
7 28 33 34 69 82 104 112
7 28 33 34 69 90 104 112
7 28 33 34 70 88 104 112
7 28 33 34 73 82 100 120
7 28 33 34 76 82 100 120
7 28 33 34 76 82 104 112
7 28 33 34 76 83 104 112
7 28 33 36 68 90 104 112
7 28 33 36 70 90 104 112
7 28 33 36 76 82 104 112
7 28 33 38 68 90 104 112
7 28 33 38 69 90 104 112
7 28 33 40 66 88 100 112
7 28 33 40 72 82 100 112
7 28 33 42 76 82 100 112
7 28 33 44 66 84 104 112
7 28 33 44 68 82 104 112
7 28 33 44 74 82 100 112
7 28 33 48 66 80 100 104
7 28 33 48 67 84 98 104
7 28 33 48 69 82 98 104
7 28 33 50 67 88 100 104
7 28 33 50 76 82 100 104
7 28 33 52 76 82 98 104
7 28 33 56 66 72 80 100
7 28 33 56 67 70 104 112
7 28 33 56 67 76 98 112
7 28 33 56 73 82 98 100
7 28 33 65 70 98 104 112
7 28 33 65 78 100 114 120
7 28 33 65 82 98 100 120
7 28 33 65 110 114 116 120
7 28 33 66 88 100 104 112
7 28 33 67 84 98 104 112
7 28 33 67 98 100 104 112
7 28 33 68 88 98 104 112
7 28 33 69 82 98 104 112
7 28 33 70 81 98 104 112
7 28 33 70 88 98 104 112
7 28 33 70 89 98 104 112
7 28 33 73 82 98 100 120
7 28 33 74 84 100 104 114
7 28 33 76 82 98 100 120
7 28 33 76 82 100 104 112
7 28 33 78 81 100 104 114
7 28 33 82 98 100 104 112
7 28 33 84 100 106 114 120
7 28 33 88 98 100 104 112
7 28 34 36 66 81 104 112
7 28 34 36 66 89 104 112
7 28 34 36 70 89 104 112
7 28 34 36 76 82 97 120
7 28 34 37 74 82 100 120
7 28 34 37 74 82 100 121
7 28 34 37 74 83 100 120
7 28 34 40 67 88 100 112
7 28 34 40 70 88 97 112
7 28 34 40 73 82 100 112
7 28 34 40 74 81 100 112
7 28 34 40 76 82 97 112
7 28 34 44 66 81 100 120
7 28 34 44 66 84 97 120
7 28 34 48 65 82 100 104
7 28 34 49 66 76 104 112
7 28 34 49 76 82 100 104
7 28 34 52 73 82 100 104
7 28 34 52 76 82 97 104
7 28 34 56 65 82 100 104
7 28 34 56 66 69 104 112
7 28 34 56 66 76 97 112
7 28 34 56 66 81 100 104
7 28 34 65 66 68 104 112
7 28 34 65 66 100 104 112
7 28 34 65 66 108 116 120
7 28 34 65 82 100 104 112
7 28 34 66 68 97 104 112
7 28 34 66 76 97 116 120
7 28 34 66 76 100 113 120
7 28 34 66 81 100 104 112
7 28 34 66 84 97 104 112
7 28 34 66 88 97 104 116
7 28 34 66 97 100 104 112
7 28 34 66 97 108 116 120
7 28 34 66 108 113 116 120
7 28 34 68 82 97 104 112
7 28 34 70 88 97 104 112
7 28 34 70 89 100 104 112
7 28 34 73 82 100 104 112
7 28 34 76 82 97 100 120
7 28 34 76 82 97 104 112
7 28 34 76 82 100 104 113
7 28 34 82 97 100 104 112
7 28 35 36 68 90 104 112
7 28 35 36 69 90 104 112
7 28 35 37 67 74 116 120
7 28 35 37 67 76 82 120
7 28 35 37 70 73 82 120
7 28 35 38 73 82 100 120
7 28 35 38 76 82 97 120
7 28 35 40 70 88 97 112
7 28 35 40 73 82 100 112
7 28 35 41 67 84 108 114
7 28 35 42 69 90 97 116
7 28 35 42 74 84 100 113
7 28 35 44 65 66 88 112
7 28 35 44 66 68 88 112
7 28 35 44 67 69 82 120
7 28 35 44 67 82 84 104
7 28 35 44 67 82 100 120
7 28 35 44 67 84 98 120
7 28 35 44 68 72 82 112
7 28 35 44 68 73 82 112
7 28 35 44 69 74 82 112
7 28 35 44 70 89 98 112
7 28 35 44 73 82 100 112
7 28 35 44 74 84 98 113
7 28 35 44 78 81 116 122
7 28 35 44 78 84 114 120
7 28 35 48 70 80 97 104
7 28 35 48 81 84 106 108
7 28 35 48 81 88 102 104
7 28 35 48 82 88 97 108
7 28 35 48 82 88 100 104
7 28 35 48 84 88 97 110
7 28 35 48 84 88 98 104
7 28 35 48 84 88 98 108
7 28 35 48 84 88 101 106
7 28 35 48 84 90 97 108
7 28 35 48 84 90 100 105
7 28 35 50 67 76 116 120
7 28 35 50 67 84 108 120
7 28 35 50 69 82 108 120
7 28 35 50 69 90 108 112
7 28 35 50 70 81 108 120
7 28 35 50 70 89 100 104
7 28 35 50 74 84 108 113
7 28 35 50 76 82 105 116
7 28 35 50 78 81 105 116
7 28 35 50 78 88 104 116
7 28 35 50 82 84 105 108
7 28 35 52 65 66 80 104
7 28 35 52 65 76 82 104
7 28 35 52 67 76 82 104
7 28 35 52 70 74 104 113
7 28 35 52 70 82 105 120
7 28 35 52 73 76 114 120
7 28 35 52 73 82 100 120
7 28 35 52 73 82 108 112
7 28 35 52 73 84 106 112
7 28 35 52 76 82 97 104
7 28 35 52 76 82 97 120
7 28 35 52 77 82 98 120
7 28 35 52 77 82 106 112
7 28 35 52 78 81 104 112
7 28 35 52 82 88 97 108
7 28 35 52 82 88 101 106
7 28 35 52 84 88 97 106
7 28 35 56 65 72 82 100
7 28 35 56 66 72 80 100
7 28 35 56 67 76 84 98
7 28 35 56 69 74 82 100
7 28 35 56 69 88 104 118
7 28 35 56 69 88 108 114
7 28 35 56 69 90 108 116
7 28 35 56 70 82 105 116
7 28 35 56 70 88 97 112
7 28 35 56 70 88 104 112
7 28 35 56 73 76 114 116
7 28 35 56 73 82 100 112
7 28 35 56 73 82 104 116
7 28 35 56 73 82 108 116
7 28 35 56 73 88 102 116
7 28 35 56 74 81 108 118
7 28 35 56 74 88 97 116
7 28 35 56 74 88 101 118
7 28 35 56 76 88 97 118
7 28 35 56 76 88 98 112
7 28 35 56 76 88 101 114
7 28 35 56 78 88 101 114
7 28 35 56 81 84 100 106
7 28 35 56 81 88 102 104
7 28 35 56 82 88 97 100
7 28 35 56 84 88 97 98
7 28 35 56 86 88 97 108
7 28 35 56 86 88 101 104
7 28 35 57 67 90 108 116
7 28 35 65 66 68 104 112
7 28 35 65 66 100 104 112
7 28 35 65 70 88 104 112
7 28 35 65 76 82 100 120
7 28 35 65 76 100 114 120
7 28 35 65 82 100 104 112
7 28 35 65 90 108 116 120
7 28 35 66 68 88 104 112
7 28 35 67 69 74 116 120
7 28 35 67 69 108 114 120
7 28 35 67 73 84 108 114
7 28 35 67 76 82 100 120
7 28 35 67 76 84 98 120
7 28 35 67 76 98 116 120
7 28 35 67 76 105 114 116
7 28 35 67 76 114 116 120
7 28 35 67 81 108 116 122
7 28 35 67 82 108 116 120
7 28 35 67 84 108 114 120
7 28 35 67 89 108 116 122
7 28 35 67 90 97 108 116
7 28 35 67 90 108 116 120
7 28 35 67 97 108 116 122
7 28 35 67 98 108 116 120
7 28 35 67 105 108 114 116
7 28 35 67 108 113 116 122
7 28 35 67 108 114 116 120
7 28 35 67 108 116 121 122
7 28 35 69 74 81 108 114
7 28 35 69 74 82 100 120
7 28 35 69 74 105 114 116
7 28 35 69 74 114 116 120
7 28 35 69 82 106 116 120
7 28 35 69 90 100 104 112
7 28 35 69 90 108 116 120
7 28 35 69 90 108 118 120
7 28 35 70 82 105 116 120
7 28 35 70 88 97 104 112
7 28 35 70 89 98 104 116
7 28 35 70 89 108 116 122
7 28 35 73 76 114 116 120
7 28 35 73 82 100 104 112
7 28 35 73 82 108 116 120
7 28 35 73 84 100 114 120
7 28 35 73 84 108 114 120
7 28 35 74 81 108 118 120
7 28 35 74 84 98 108 113
7 28 35 76 81 100 104 114
7 28 35 76 82 97 100 120
7 28 35 76 82 98 100 120
7 28 35 76 82 98 100 121
7 28 35 76 82 98 116 120
7 28 35 76 82 100 104 112
7 28 35 76 84 100 121 122
7 28 35 76 86 106 116 120
7 28 35 76 88 104 114 116
7 28 35 76 97 100 114 120
7 28 35 76 100 104 113 114
7 28 35 76 100 113 114 120
7 28 35 77 82 98 116 120
7 28 35 81 84 100 106 120
7 28 35 81 84 106 108 112
7 28 35 81 88 102 104 112
7 28 35 82 84 102 105 120
7 28 35 82 88 97 108 112
7 28 35 82 88 100 104 112
7 28 35 82 97 100 104 112
7 28 35 84 88 97 110 112
7 28 35 84 88 98 104 112
7 28 35 84 88 98 108 112
7 28 35 84 88 101 106 112
7 28 35 84 90 97 108 112
7 28 35 84 90 100 105 112
7 28 35 88 97 102 104 112
7 28 35 90 97 108 116 120
7 28 36 40 76 81 98 112
7 28 36 40 76 83 98 112
7 28 36 41 68 82 104 112
7 28 36 42 65 86 104 112
7 28 36 42 68 82 97 120
7 28 36 42 76 82 97 112
7 28 36 42 76 83 97 112
7 28 36 50 67 76 104 112
7 28 36 50 70 73 104 112
7 28 36 50 73 84 98 104
7 28 36 56 65 70 104 112
7 28 36 56 65 76 98 112
7 28 36 56 67 70 104 112
7 28 36 56 67 76 98 112
7 28 36 65 68 106 114 120
7 28 36 68 75 104 113 114
7 28 36 68 83 97 106 120
7 28 36 68 90 97 104 112
7 28 36 68 97 106 114 120
7 28 36 68 106 113 114 120
7 28 36 68 107 113 114 120
7 28 36 69 106 113 114 120
7 28 36 70 89 98 104 112
7 28 36 70 90 97 104 112
7 28 36 76 81 98 104 112
7 28 36 76 83 97 106 112
7 28 36 76 83 98 104 112
7 28 36 76 99 104 113 114
7 28 36 76 99 113 114 120
7 28 36 76 106 113 114 120
7 28 36 76 107 113 114 120
7 28 36 84 97 106 114 120
7 28 37 42 65 76 82 112
7 28 37 42 68 72 82 112
7 28 37 42 69 82 98 120
7 28 37 42 74 82 100 113
7 28 37 42 76 82 97 112
7 28 37 42 76 82 98 113
7 28 37 48 81 82 106 108
7 28 37 48 82 84 105 106
7 28 37 48 82 88 100 106
7 28 37 50 65 66 80 104
7 28 37 50 66 68 88 104
7 28 37 50 67 68 88 104
7 28 37 50 67 74 116 120
7 28 37 50 69 88 106 112
7 28 37 50 70 82 105 120
7 28 37 50 73 74 116 120
7 28 37 50 73 82 106 116
7 28 37 50 73 82 110 112
7 28 37 50 73 84 106 112
7 28 37 50 74 81 100 104
7 28 37 50 74 82 105 116
7 28 37 50 74 82 108 113
7 28 37 50 75 84 104 112
7 28 37 50 78 82 105 112
7 28 37 50 81 82 106 108
7 28 37 51 78 89 102 120
7 28 37 54 71 89 106 120
7 28 37 54 75 85 106 120
7 28 37 56 69 74 82 98
7 28 37 56 70 88 104 112
7 28 37 56 73 74 114 116
7 28 37 56 74 81 108 114
7 28 37 56 74 82 97 100
7 28 37 56 81 82 100 106
7 28 37 56 82 84 97 106
7 28 37 56 82 88 100 104
7 28 37 58 65 66 72 112
7 28 37 58 65 66 80 96
7 28 37 58 66 72 80 96
7 28 37 58 67 68 72 112
7 28 37 58 67 86 108 120
7 28 37 58 69 86 106 120
7 28 37 58 70 89 106 116
7 28 37 58 70 90 108 113
7 28 37 58 71 89 106 116
7 28 37 58 73 86 106 116
7 28 37 58 73 90 102 116
7 28 37 58 75 85 102 120
7 28 37 58 76 83 102 120
7 28 37 58 76 86 99 120
7 28 37 58 76 90 102 113
7 28 37 65 74 84 104 114
7 28 37 67 68 88 104 114
7 28 37 67 74 114 116 120
7 28 37 67 76 82 98 120
7 28 37 68 74 104 113 114
7 28 37 68 81 106 114 120
7 28 37 68 88 98 104 112
7 28 37 68 89 106 114 120
7 28 37 69 74 82 98 120
7 28 37 69 90 106 116 120
7 28 37 69 90 106 118 120
7 28 37 73 74 114 116 120
7 28 37 73 86 106 116 120
7 28 37 73 110 114 116 120
7 28 37 74 81 100 104 114
7 28 37 74 81 108 114 120
7 28 37 74 82 98 100 120
7 28 37 74 82 98 100 121
7 28 37 74 84 97 104 114
7 28 37 74 88 104 114 116
7 28 37 74 100 104 113 114
7 28 37 74 100 113 114 120
7 28 37 75 108 113 118 122
7 28 37 76 81 106 114 120
7 28 37 76 81 106 118 120
7 28 37 76 90 102 113 120
7 28 37 78 100 115 121 122
7 28 37 78 105 115 116 122
7 28 37 81 82 100 106 120
7 28 37 81 82 106 108 112
7 28 37 82 84 105 106 112
7 28 37 82 88 100 106 112
7 28 37 89 100 106 114 120
7 28 37 90 100 104 113 114
7 28 37 91 102 105 116 122
7 28 38 41 70 82 97 120
7 28 38 42 81 82 108 112
7 28 38 44 74 81 116 120
7 28 38 48 81 90 100 105
7 28 38 48 82 89 101 106
7 28 38 49 70 82 105 120
7 28 38 49 74 81 108 112
7 28 38 49 74 84 97 120
7 28 38 49 76 81 106 112
7 28 38 49 77 82 106 112
7 28 38 52 76 90 99 120
7 28 38 56 65 66 72 112
7 28 38 56 65 72 80 96
7 28 38 56 67 88 104 116
7 28 38 56 69 81 106 112
7 28 38 56 74 81 100 112
7 28 38 56 74 81 104 116
7 28 38 56 74 82 108 113
7 28 38 56 74 89 101 114
7 28 38 56 75 81 100 112
7 28 38 56 78 81 97 112
7 28 38 57 66 68 72 112
7 28 38 57 70 90 105 116
7 28 38 57 76 90 99 116
7 28 38 58 74 85 105 116
7 28 38 65 68 88 104 112
7 28 38 65 90 100 104 112
7 28 38 67 68 88 104 112
7 28 38 67 73 106 113 116
7 28 38 67 82 108 113 120
7 28 38 68 73 82 97 120
7 28 38 68 73 97 114 120
7 28 38 68 90 97 104 112
7 28 38 69 90 97 104 112
7 28 38 69 90 106 116 121
7 28 38 70 73 82 97 120
7 28 38 70 82 105 113 120
7 28 38 70 89 105 116 122
7 28 38 73 82 97 100 120
7 28 38 73 84 97 114 120
7 28 38 74 81 97 116 120
7 28 38 74 82 97 116 120
7 28 38 74 82 108 113 120
7 28 38 74 84 108 113 120
7 28 38 74 89 101 114 120
7 28 38 74 108 113 116 120
7 28 38 74 108 114 117 121
7 28 38 76 84 105 114 120
7 28 38 76 90 99 116 120
7 28 38 76 100 115 121 122
7 28 38 76 105 115 116 122
7 28 38 76 106 115 116 121
7 28 38 81 84 97 106 120
7 28 38 81 90 100 105 112
7 28 38 82 89 101 106 112
7 28 38 83 106 108 116 121
7 28 38 85 106 108 114 121
7 28 38 90 97 100 104 112
7 28 38 90 101 106 116 121
7 28 39 44 77 90 113 114
7 28 39 44 84 90 105 115
7 28 39 44 85 90 105 114
7 28 39 44 89 90 101 114
7 28 39 53 75 90 100 120
7 28 39 53 89 90 100 106
7 28 39 58 77 90 100 113
7 28 39 68 73 82 104 112
7 28 39 68 88 104 113 114
7 28 39 69 90 106 116 120
7 28 39 69 90 106 116 121
7 28 39 75 89 108 114 116
7 28 39 76 83 100 121 122
7 28 39 76 83 105 116 122
7 28 39 76 88 104 113 114
7 28 39 76 90 100 113 120
7 28 39 78 89 100 114 120
7 28 39 83 105 108 116 122
7 28 39 86 105 108 113 122
7 28 39 89 102 105 116 122
7 28 39 91 101 106 116 120
7 28 39 91 108 116 121 122
7 28 40 48 65 88 98 100
7 28 40 48 67 88 98 100
7 28 40 50 65 88 98 100
7 28 40 50 67 72 100 112
7 28 40 50 67 88 97 100
7 28 40 50 69 73 98 112
7 28 40 65 88 98 100 112
7 28 40 67 88 98 100 112
7 28 40 72 81 98 100 112
7 28 40 74 81 98 100 112
7 28 40 88 97 98 100 112
7 28 41 42 86 88 101 112
7 28 41 42 86 88 101 114
7 28 41 44 82 84 104 112
7 28 41 48 81 82 102 104
7 28 41 48 82 88 97 102
7 28 41 48 82 88 98 100
7 28 41 48 84 88 98 100
7 28 41 50 65 66 88 100
7 28 41 50 66 72 80 100
7 28 41 50 67 72 80 100
7 28 41 50 67 76 82 100
7 28 41 50 67 76 116 120
7 28 41 50 69 74 116 120
7 28 41 50 70 73 116 120
7 28 41 50 70 89 98 100
7 28 41 50 71 88 104 116
7 28 41 50 73 84 102 120
7 28 41 50 73 88 98 116
7 28 41 50 73 88 102 112
7 28 41 50 73 88 102 116
7 28 41 50 75 84 100 112
7 28 41 50 82 88 97 100
7 28 41 50 86 88 101 104
7 28 41 52 67 76 82 98
7 28 41 52 67 76 114 120
7 28 41 52 70 73 114 120
7 28 41 52 76 82 104 112
7 28 41 52 76 86 106 113
7 28 41 54 65 68 74 112
7 28 41 56 74 81 102 116
7 28 41 56 76 82 102 113
7 28 41 56 81 82 102 104
7 28 41 56 82 88 97 102
7 28 41 56 82 88 101 102
7 28 41 65 70 100 114 120
7 28 41 65 72 82 102 112
7 28 41 65 82 102 104 112
7 28 41 67 76 114 116 120
7 28 41 67 84 100 104 114
7 28 41 67 84 100 114 120
7 28 41 67 84 108 114 120
7 28 41 67 88 104 114 116
7 28 41 67 88 108 114 116
7 28 41 67 108 114 116 120
7 28 41 69 74 114 116 120
7 28 41 69 78 114 116 120
7 28 41 69 86 106 116 120
7 28 41 69 88 106 114 116
7 28 41 69 106 114 116 120
7 28 41 70 73 114 116 120
7 28 41 70 81 108 116 122
7 28 41 70 88 104 114 116
7 28 41 70 97 100 114 120
7 28 41 71 88 104 114 116
7 28 41 72 82 97 102 112
7 28 41 72 82 98 100 112
7 28 41 73 82 98 100 112
7 28 41 73 82 98 116 120
7 28 41 73 82 102 116 120
7 28 41 73 84 102 114 120
7 28 41 73 88 102 114 116
7 28 41 73 102 114 116 120
7 28 41 74 84 100 114 120
7 28 41 74 88 101 114 116
7 28 41 76 82 98 100 112
7 28 41 76 82 98 116 120
7 28 41 76 84 100 114 120
7 28 41 76 88 99 114 116
7 28 41 78 104 113 114 116
7 28 41 81 82 102 104 112
7 28 41 82 88 97 102 112
7 28 41 82 88 98 100 112
7 28 41 82 97 102 104 112
7 28 41 84 88 98 100 112
7 28 41 86 88 101 104 114
7 28 41 89 102 104 114 116
7 28 42 48 81 88 97 102
7 28 42 48 81 88 98 100
7 28 42 49 70 82 105 116
7 28 42 49 74 88 101 118
7 28 42 49 76 81 104 118
7 28 42 49 78 88 101 114
7 28 42 50 69 74 100 112
7 28 42 50 69 88 98 100
7 28 42 50 69 89 98 100
7 28 42 50 70 89 101 120
7 28 42 50 71 88 108 113
7 28 42 50 73 88 102 116
7 28 42 50 74 85 105 116
7 28 42 50 74 88 101 116
7 28 42 50 77 88 102 113
7 28 42 50 78 88 97 116
7 28 42 50 86 88 101 104
7 28 42 51 77 88 102 112
7 28 42 52 65 66 80 96
7 28 42 52 67 81 108 112
7 28 42 52 67 82 108 112
7 28 42 52 67 84 104 112
7 28 42 52 69 74 82 97
7 28 42 52 69 82 98 104
7 28 42 52 70 76 113 120
7 28 42 52 74 81 100 112
7 28 42 52 76 81 98 112
7 28 42 52 76 82 97 112
7 28 42 52 76 82 97 120
7 28 42 52 76 86 99 120
7 28 42 52 81 88 98 100
7 28 42 52 82 84 97 104
7 28 42 52 82 88 97 100
7 28 42 56 67 82 108 116
7 28 42 56 69 88 100 114
7 28 42 56 76 82 97 116
7 28 42 56 77 82 102 113
7 28 42 56 82 85 102 105
7 28 42 56 82 88 101 102
7 28 42 65 82 108 116 120
7 28 42 66 72 81 100 112
7 28 42 67 72 81 100 112
7 28 42 67 74 84 100 113
7 28 42 67 82 108 116 120
7 28 42 67 82 108 116 121
7 28 42 67 88 108 113 118
7 28 42 67 108 113 118 120
7 28 42 69 81 98 104 112
7 28 42 69 82 100 104 112
7 28 42 69 82 108 116 120
7 28 42 69 88 97 100 114
7 28 42 70 76 113 116 120
7 28 42 70 82 105 113 116
7 28 42 70 88 104 113 116
7 28 42 70 89 101 114 120
7 28 42 72 81 97 102 112
7 28 42 72 81 98 100 112
7 28 42 73 88 102 114 116
7 28 42 74 81 101 118 120
7 28 42 74 82 101 116 120
7 28 42 74 82 101 116 121
7 28 42 74 84 100 113 120
7 28 42 74 85 105 114 116
7 28 42 74 88 101 113 118
7 28 42 74 88 101 114 116
7 28 42 74 88 101 115 116
7 28 42 74 101 113 118 120
7 28 42 74 101 114 116 120
7 28 42 74 101 114 116 121
7 28 42 74 101 115 116 120
7 28 42 76 82 97 100 112
7 28 42 76 82 97 116 120
7 28 42 76 83 97 100 112
7 28 42 76 88 97 114 116
7 28 42 76 97 114 116 120
7 28 42 76 100 113 114 120
7 28 42 76 104 113 114 116
7 28 42 81 88 97 102 112
7 28 42 81 88 98 100 112
7 28 42 81 88 102 104 116
7 28 42 82 97 108 116 120
7 28 42 82 99 108 116 120
7 28 42 82 99 108 116 121
7 28 42 86 88 101 104 112
7 28 42 86 88 101 104 114
7 28 42 88 103 104 113 118
7 28 42 88 103 108 113 114
7 28 42 90 101 104 113 118
7 28 43 52 65 66 80 96
7 28 43 56 78 85 100 114
7 28 43 56 78 86 100 113
7 28 43 56 85 86 100 106
7 28 43 69 86 108 113 122
7 28 43 69 90 108 113 118
7 28 43 76 81 104 114 116
7 28 43 76 83 102 116 120
7 28 43 76 86 100 113 120
7 28 43 76 86 100 113 122
7 28 43 76 86 100 115 120
7 28 43 76 86 101 115 120
7 28 43 76 86 102 113 120
7 28 43 76 86 106 113 116
7 28 43 77 86 100 115 120
7 28 43 77 86 108 113 114
7 28 43 78 101 115 116 120
7 28 43 83 102 108 116 120
7 28 44 48 81 84 98 104
7 28 44 48 84 88 97 98
7 28 44 49 67 76 114 120
7 28 44 49 67 76 116 122
7 28 44 49 69 74 114 120
7 28 44 49 69 78 114 120
7 28 44 49 69 90 102 120
7 28 44 49 70 73 114 120
7 28 44 49 70 73 116 122
7 28 44 50 65 66 68 120
7 28 44 50 65 66 72 112
7 28 44 50 65 66 84 104
7 28 44 50 65 68 72 112
7 28 44 50 66 68 73 112
7 28 44 50 66 68 88 97
7 28 44 50 67 68 88 97
7 28 44 50 67 69 98 120
7 28 44 50 67 70 113 120
7 28 44 50 67 73 82 100
7 28 44 50 67 74 116 120
7 28 44 50 67 74 116 121
7 28 44 50 67 76 116 120
7 28 44 50 67 81 100 104
7 28 44 50 67 82 100 104
7 28 44 50 67 82 100 120
7 28 44 50 67 84 98 104
7 28 44 50 67 84 104 112
7 28 44 50 67 89 98 100
7 28 44 50 69 74 116 120
7 28 44 50 69 81 106 112
7 28 44 50 73 82 100 112
7 28 44 50 73 82 100 120
7 28 44 50 73 82 104 116
7 28 44 50 73 88 102 112
7 28 44 50 75 84 97 112
7 28 44 50 82 84 97 104
7 28 44 50 84 88 97 98
7 28 44 51 65 66 72 112
7 28 44 51 65 68 74 112
7 28 44 51 66 68 72 112
7 28 44 51 69 78 114 120
7 28 44 51 71 89 106 116
7 28 44 51 76 86 106 113
7 28 44 51 77 86 106 112
7 28 44 51 77 86 106 113
7 28 44 51 78 84 105 114
7 28 44 52 67 76 113 122
7 28 44 52 67 76 114 120
7 28 44 52 69 90 99 120
7 28 44 52 70 73 114 120
7 28 44 52 70 89 99 122
7 28 44 52 70 90 99 120
7 28 44 52 75 76 113 114
7 28 44 52 76 81 98 120
7 28 44 52 76 83 106 113
7 28 44 54 70 75 113 120
7 28 44 54 71 75 113 120
7 28 44 54 75 76 113 114
7 28 44 54 75 84 104 113
7 28 44 54 75 85 106 113
7 28 44 56 67 76 113 114
7 28 44 56 67 88 98 116
7 28 44 56 69 88 98 112
7 28 44 56 76 81 98 112
7 28 44 56 81 88 98 100
7 28 44 56 84 88 97 98
7 28 44 57 71 84 106 114
7 28 44 58 71 77 113 114
7 28 44 58 71 84 106 113
7 28 44 65 66 84 104 112
7 28 44 65 68 88 98 112
7 28 44 65 74 114 116 120
7 28 44 65 76 114 116 120
7 28 44 65 82 100 104 112
7 28 44 65 84 98 104 112
7 28 44 65 84 106 114 120
7 28 44 67 68 72 113 114
7 28 44 67 68 88 97 114
7 28 44 67 68 88 98 112
7 28 44 67 68 97 114 120
7 28 44 67 68 104 113 114
7 28 44 67 68 113 114 120
7 28 44 67 74 84 98 113
7 28 44 67 76 113 114 120
7 28 44 67 76 113 116 122
7 28 44 67 76 113 118 122
7 28 44 67 76 114 116 120
7 28 44 67 81 100 104 114
7 28 44 67 82 100 104 112
7 28 44 67 84 97 104 114
7 28 44 67 84 97 114 120
7 28 44 67 84 98 104 112
7 28 44 67 84 104 113 114
7 28 44 68 72 81 98 112
7 28 44 68 72 99 113 114
7 28 44 68 74 113 114 120
7 28 44 68 75 113 114 120
7 28 44 68 81 98 104 112
7 28 44 68 81 106 114 120
7 28 44 68 88 97 98 112
7 28 44 68 88 99 113 114
7 28 44 69 74 81 98 112
7 28 44 69 74 113 114 120
7 28 44 69 74 114 116 120
7 28 44 69 74 115 116 120
7 28 44 69 84 106 114 120
7 28 44 69 84 106 114 121
7 28 44 69 84 106 115 120
7 28 44 69 90 99 116 120
7 28 44 69 90 99 118 120
7 28 44 69 90 102 113 120
7 28 44 69 90 102 115 120
7 28 44 69 106 113 114 120
7 28 44 69 106 113 118 120
7 28 44 69 106 115 116 120
7 28 44 69 106 115 118 120
7 28 44 70 73 113 116 122
7 28 44 70 73 115 116 122
7 28 44 70 84 105 114 120
7 28 44 70 84 105 115 122
7 28 44 70 89 99 116 122
7 28 44 70 89 106 115 116
7 28 44 70 105 114 116 120
7 28 44 71 89 106 115 116
7 28 44 71 100 115 121 122
7 28 44 71 105 115 116 122
7 28 44 73 88 102 113 114
7 28 44 74 82 97 100 112
7 28 44 74 84 97 114 120
7 28 44 74 84 98 113 120
7 28 44 74 84 104 113 114
7 28 44 74 88 97 114 116
7 28 44 75 84 104 113 114
7 28 44 75 100 113 114 120
7 28 44 75 102 115 116 120
7 28 44 75 104 113 114 116
7 28 44 76 81 98 116 120
7 28 44 76 83 102 113 122
7 28 44 76 83 106 113 116
7 28 44 76 84 97 114 120
7 28 44 76 84 99 113 122
7 28 44 76 84 99 114 120
7 28 44 76 88 99 113 114
7 28 44 76 97 114 116 120
7 28 44 76 99 113 114 120
7 28 44 76 99 113 116 122
7 28 44 76 99 113 118 122
7 28 44 76 99 114 116 120
7 28 44 76 100 113 114 120
7 28 44 76 113 114 116 120
7 28 44 76 115 116 121 122
7 28 44 78 84 97 114 120
7 28 44 78 84 99 114 120
7 28 44 78 100 113 114 120
7 28 44 79 100 113 114 120
7 28 44 81 84 98 104 112
7 28 44 81 98 100 104 112
7 28 44 81 100 106 114 120
7 28 44 83 100 104 113 114
7 28 44 84 88 97 98 112
7 28 44 84 97 98 104 112
7 28 44 84 97 106 114 120
7 28 44 85 106 115 116 120
7 28 44 86 101 107 115 120
7 28 44 86 105 106 115 116
7 28 44 86 105 115 116 122
7 28 44 89 102 106 115 116
7 28 44 89 106 115 116 120
7 28 44 90 97 100 114 120
7 28 44 90 102 105 115 116
7 28 44 91 101 102 115 120
7 28 45 48 81 82 102 106
7 28 45 51 78 83 100 120
7 28 45 69 90 102 115 120
7 28 45 70 90 108 113 114
7 28 45 74 83 104 114 116
7 28 45 74 86 104 113 114
7 28 45 76 83 102 113 122
7 28 45 78 113 114 116 120
7 28 45 78 115 116 121 122
7 28 45 81 82 102 106 112
7 28 45 86 105 106 115 116
7 28 45 86 108 116 121 122
7 28 45 91 108 117 118 122
7 28 46 48 81 82 100 104
7 28 46 48 81 82 100 105
7 28 46 48 82 84 97 104
7 28 46 68 72 82 97 112
7 28 46 69 90 100 113 120
7 28 46 69 90 100 115 120
7 28 46 69 90 100 115 121
7 28 46 69 90 102 113 120
7 28 46 69 90 105 115 116
7 28 46 69 90 108 113 114
7 28 46 70 89 100 115 120
7 28 46 73 82 104 113 116
7 28 46 73 84 104 113 114
7 28 46 74 85 104 113 114
7 28 46 76 81 100 114 120
7 28 46 76 82 100 113 120
7 28 46 76 83 100 113 120
7 28 46 76 83 100 113 122
7 28 46 76 83 100 114 121
7 28 46 76 83 102 113 120
7 28 46 76 83 105 114 116
7 28 46 78 100 113 114 120
7 28 46 78 113 114 116 120
7 28 46 81 82 100 104 112
7 28 46 81 82 100 105 112
7 28 46 82 84 97 104 112
7 28 46 83 102 108 113 120
7 28 46 83 105 108 114 116
7 28 46 83 108 113 116 120
7 28 46 83 108 113 116 122
7 28 46 86 105 108 113 114
7 28 46 86 108 116 121 122
7 28 46 87 108 116 121 122
7 28 46 90 101 105 115 116
7 28 46 91 108 117 118 122
7 28 47 48 81 82 100 104
7 28 47 76 83 100 113 122
7 28 47 76 83 100 114 120
7 28 47 76 83 101 114 120
7 28 47 79 113 114 116 120
7 28 47 81 82 100 104 112
7 28 47 87 108 116 121 122
7 28 47 91 108 117 118 122
7 28 48 65 66 80 100 104
7 28 48 65 80 98 100 104
7 28 48 65 82 98 100 104
7 28 48 67 69 80 98 104
7 28 48 67 80 98 100 104
7 28 48 80 97 98 100 104
7 28 48 81 82 101 106 108
7 28 48 81 82 102 106 108
7 28 48 81 84 99 106 108
7 28 48 81 84 102 105 106
7 28 48 82 97 98 100 104
7 28 48 83 84 100 105 106
7 28 48 84 88 97 98 104
7 28 48 84 88 97 98 108
7 28 48 84 88 99 101 106
7 28 48 84 90 99 100 105
7 28 49 50 67 70 108 120
7 28 49 50 69 74 108 112
7 28 49 50 70 82 105 108
7 28 49 50 75 84 100 104
7 28 49 50 77 81 102 106
7 28 49 50 77 82 100 106
7 28 49 50 78 81 100 104
7 28 49 52 67 76 106 112
7 28 49 52 70 73 106 112
7 28 49 52 70 74 104 112
7 28 49 52 70 88 97 106
7 28 49 56 73 74 102 116
7 28 49 56 74 86 102 104
7 28 49 65 82 98 100 104
7 28 49 67 84 100 106 120
7 28 49 67 108 114 116 120
7 28 49 69 74 108 114 120
7 28 49 69 82 100 106 120
7 28 49 69 100 106 114 120
7 28 49 69 106 114 116 120
7 28 49 70 81 100 106 120
7 28 49 70 81 106 108 112
7 28 49 70 82 105 106 116
7 28 49 70 88 100 106 112
7 28 49 71 82 105 110 112
7 28 49 73 82 102 104 112
7 28 49 74 81 102 104 112
7 28 49 74 84 98 100 120
7 28 49 74 84 98 108 112
7 28 49 74 88 101 104 118
7 28 49 76 82 98 100 104
7 28 49 76 82 100 106 112
7 28 49 76 86 102 106 120
7 28 49 76 88 98 104 116
7 28 49 77 82 102 106 112
7 28 49 77 110 114 116 120
7 28 49 78 88 101 104 114
7 28 49 81 82 102 106 108
7 28 49 81 102 106 108 112
7 28 49 81 106 108 118 120
7 28 49 82 97 98 100 104
7 28 49 82 97 98 100 120
7 28 49 82 101 106 116 120
7 28 49 82 109 110 116 120
7 28 49 84 99 108 114 120
7 28 49 84 100 107 114 120
7 28 49 84 102 105 106 112
7 28 49 84 102 105 114 120
7 28 49 84 107 108 114 120
7 28 49 86 97 100 106 120
7 28 49 86 100 105 106 112
7 28 49 86 105 110 116 120
7 28 49 86 105 110 116 122
7 28 50 52 67 70 105 120
7 28 50 52 67 73 108 112
7 28 50 52 67 76 104 112
7 28 50 52 67 88 100 104
7 28 50 52 69 73 106 112
7 28 50 52 69 74 104 112
7 28 50 52 73 82 100 104
7 28 50 52 73 84 98 104
7 28 50 52 73 88 102 104
7 28 50 52 78 81 97 104
7 28 50 56 67 88 100 104
7 28 50 56 69 74 100 112
7 28 50 56 69 75 100 112
7 28 50 56 69 81 100 106
7 28 50 56 71 74 108 113
7 28 50 56 73 74 102 116
7 28 50 56 73 82 100 104
7 28 50 56 73 88 98 100
7 28 50 56 74 85 99 108
7 28 50 56 75 84 97 100
7 28 50 65 66 80 100 104
7 28 50 65 66 88 100 104
7 28 50 65 66 100 104 112
7 28 50 65 76 82 100 104
7 28 50 65 76 100 104 112
7 28 50 65 80 98 100 104
7 28 50 65 84 100 106 120
7 28 50 65 84 106 108 112
7 28 50 65 88 98 100 104
7 28 50 65 88 102 104 112
7 28 50 66 73 84 100 104
7 28 50 66 73 100 104 112
7 28 50 66 80 97 100 104
7 28 50 66 84 100 105 120
7 28 50 66 88 97 100 104
7 28 50 66 88 97 104 116
7 28 50 67 70 105 116 120
7 28 50 67 70 108 113 120
7 28 50 67 73 84 100 104
7 28 50 67 73 100 104 112
7 28 50 67 76 82 100 104
7 28 50 67 76 100 104 112
7 28 50 67 80 97 100 104
7 28 50 67 82 105 108 116
7 28 50 67 84 97 108 120
7 28 50 67 84 101 106 120
7 28 50 67 84 102 105 120
7 28 50 67 88 97 100 104
7 28 50 67 88 97 104 116
7 28 50 67 88 97 108 112
7 28 50 67 101 106 116 120
7 28 50 69 82 102 105 120
7 28 50 69 82 105 106 116
7 28 50 69 82 105 110 112
7 28 50 69 82 106 108 112
7 28 50 69 82 106 108 113
7 28 50 69 88 97 106 116
7 28 50 69 90 97 108 112
7 28 50 69 90 100 105 112
7 28 50 70 74 105 113 116
7 28 50 70 74 108 113 120
7 28 50 70 81 101 106 120
7 28 50 70 81 106 109 112
7 28 50 70 82 101 105 120
7 28 50 70 82 105 108 113
7 28 50 70 89 101 106 112
7 28 50 70 101 106 113 120
7 28 50 73 81 98 100 104
7 28 50 73 82 97 100 120
7 28 50 73 82 97 108 112
7 28 50 73 84 97 110 112
7 28 50 73 84 98 100 104
7 28 50 73 84 100 106 112
7 28 50 73 84 101 106 112
7 28 50 73 88 102 104 112
7 28 50 73 88 102 104 113
7 28 50 73 88 102 104 116
7 28 50 73 88 102 108 113
7 28 50 73 98 100 104 112
7 28 50 74 84 97 100 120
7 28 50 74 84 97 108 112
7 28 50 74 85 99 108 120
7 28 50 74 85 102 105 120
7 28 50 74 88 97 104 116
7 28 50 74 88 97 108 116
7 28 50 74 88 99 108 116
7 28 50 74 88 101 104 116
7 28 50 74 88 102 108 113
7 28 50 74 89 99 108 116
7 28 50 74 108 113 116 120
7 28 50 75 82 101 108 112
7 28 50 75 84 97 100 120
7 28 50 75 84 97 108 112
7 28 50 76 82 97 100 104
7 28 50 76 82 97 100 120
7 28 50 77 81 102 106 112
7 28 50 77 82 100 106 112
7 28 50 77 82 100 106 113
7 28 50 77 82 101 106 112
7 28 50 78 81 100 105 112
7 28 50 78 82 101 105 112
7 28 50 78 88 97 104 116
7 28 50 81 82 101 106 108
7 28 50 81 98 100 104 112
7 28 50 81 102 105 106 116
7 28 50 81 102 106 108 112
7 28 50 81 102 106 109 112
7 28 50 82 84 101 105 106
7 28 50 82 88 97 100 104
7 28 50 82 97 100 104 112
7 28 50 82 97 108 116 120
7 28 50 82 97 110 116 120
7 28 50 82 99 105 108 116
7 28 50 82 99 108 116 120
7 28 50 82 99 108 116 121
7 28 50 82 101 105 106 116
7 28 50 82 101 105 110 112
7 28 50 82 101 106 108 112
7 28 50 82 101 106 108 113
7 28 50 82 101 106 116 120
7 28 50 82 101 106 116 121
7 28 50 82 101 107 108 112
7 28 50 82 105 108 116 120
7 28 50 82 105 110 116 120
7 28 50 82 106 109 113 116
7 28 50 82 106 109 116 120
7 28 50 82 106 109 116 121
7 28 50 82 109 110 116 120
7 28 50 83 106 109 116 120
7 28 50 84 97 100 106 120
7 28 50 84 97 106 108 112
7 28 50 84 98 100 105 120
7 28 50 84 100 105 106 112
7 28 50 84 100 106 113 120
7 28 50 84 106 108 113 120
7 28 50 85 102 105 106 112
7 28 50 86 101 105 106 112
7 28 50 88 97 98 100 104
7 28 50 88 97 98 104 116
7 28 50 88 97 102 104 112
7 28 50 90 102 109 113 120
7 28 51 65 74 84 100 104
7 28 51 65 84 100 106 120
7 28 51 69 74 100 104 112
7 28 51 69 78 108 114 120
7 28 51 69 90 102 108 120
7 28 51 70 89 106 108 116
7 28 51 71 89 106 108 116
7 28 51 73 84 100 106 120
7 28 51 73 88 102 104 116
7 28 51 74 84 97 100 104
7 28 51 76 84 100 105 122
7 28 51 76 84 100 106 120
7 28 51 76 88 102 104 113
7 28 51 77 78 101 114 120
7 28 51 77 86 101 106 120
7 28 51 77 86 106 108 113
7 28 51 77 102 108 113 122
7 28 51 78 86 101 105 120
7 28 51 78 88 101 104 112
7 28 51 83 109 110 116 120
7 28 51 89 102 106 108 116
7 28 51 89 102 108 116 122
7 28 51 91 101 102 108 120
7 28 52 56 67 69 106 112
7 28 52 56 67 73 98 112
7 28 52 56 67 74 100 112
7 28 52 56 67 76 98 112
7 28 52 56 67 78 97 112
7 28 52 56 67 81 98 108
7 28 52 56 67 84 98 104
7 28 52 56 73 82 98 100
7 28 52 65 68 106 114 120
7 28 52 65 76 82 98 104
7 28 52 65 82 100 106 120
7 28 52 65 82 106 108 112
7 28 52 67 76 81 98 104
7 28 52 67 76 82 98 104
7 28 52 67 84 97 106 120
7 28 52 67 84 105 106 112
7 28 52 68 73 82 98 104
7 28 52 68 82 97 106 120
7 28 52 68 82 98 105 120
7 28 52 68 82 105 106 112
7 28 52 68 83 105 106 112
7 28 52 69 82 105 106 112
7 28 52 69 106 113 114 120
7 28 52 70 81 97 106 120
7 28 52 73 82 98 100 104
7 28 52 73 82 100 106 112
7 28 52 73 84 98 104 112
7 28 52 75 100 104 113 114
7 28 52 76 82 97 98 104
7 28 52 76 82 97 98 120
7 28 52 76 82 97 106 112
7 28 52 76 99 104 113 114
7 28 52 76 99 113 114 120
7 28 52 76 106 113 114 120
7 28 52 76 107 113 114 120
7 28 52 81 100 106 114 120
7 28 52 82 88 97 100 106
7 28 52 83 97 100 106 120
7 28 52 83 100 105 106 112
7 28 52 84 88 97 98 104
7 28 52 84 97 106 114 120
7 28 52 84 99 105 106 112
7 28 52 84 99 108 121 122
7 28 52 84 100 107 121 122
7 28 52 84 105 106 114 120
7 28 52 84 105 106 115 120
7 28 52 84 105 108 114 120
7 28 52 84 105 110 114 120
7 28 52 84 107 108 113 122
7 28 52 84 107 108 114 120
7 28 52 84 107 110 114 120
7 28 52 86 100 107 121 122
7 28 52 86 107 108 113 120
7 28 52 86 107 108 113 122
7 28 52 89 100 107 114 120
7 28 52 90 99 100 104 113
7 28 53 69 90 100 106 120
7 28 53 69 90 102 106 120
7 28 53 70 82 105 106 112
7 28 53 70 89 106 108 114
7 28 53 73 88 102 104 114
7 28 53 74 88 102 104 114
7 28 53 75 86 100 106 120
7 28 53 83 106 108 116 120
7 28 53 85 107 110 114 120
7 28 53 86 100 105 106 120
7 28 53 86 100 107 121 122
7 28 53 86 105 106 116 120
7 28 53 89 102 106 108 114
7 28 53 90 101 106 116 120
7 28 53 90 102 105 116 120
7 28 53 91 101 106 118 120
7 28 53 91 102 105 116 122
7 28 54 65 68 74 104 112
7 28 54 67 68 88 97 104
7 28 54 68 74 81 97 104
7 28 54 68 74 97 104 112
7 28 54 68 81 97 106 120
7 28 54 68 81 105 106 112
7 28 54 68 88 99 104 113
7 28 54 69 75 108 113 122
7 28 54 69 90 99 108 120
7 28 54 69 90 100 106 120
7 28 54 69 90 100 106 121
7 28 54 70 89 100 105 122
7 28 54 70 89 101 106 120
7 28 54 70 89 105 106 116
7 28 54 71 89 105 106 116
7 28 54 73 74 104 113 116
7 28 54 73 86 100 106 120
7 28 54 73 88 102 104 113
7 28 54 74 81 100 105 112
7 28 54 74 88 97 104 116
7 28 54 75 89 101 106 116
7 28 54 75 108 113 116 120
7 28 54 75 108 113 116 122
7 28 54 76 81 97 106 120
7 28 54 76 83 101 107 120
7 28 54 76 83 105 106 116
7 28 54 76 86 97 106 120
7 28 54 76 88 99 104 113
7 28 54 76 90 97 106 116
7 28 54 78 105 113 116 120
7 28 54 78 105 113 116 122
7 28 54 78 105 115 116 120
7 28 54 83 105 106 108 116
7 28 54 83 105 108 116 122
7 28 54 83 105 110 116 120
7 28 54 86 105 106 108 113
7 28 54 86 105 106 116 120
7 28 54 86 105 108 113 122
7 28 54 86 107 108 113 120
7 28 54 87 100 105 106 120
7 28 54 89 102 105 106 116
7 28 54 89 102 105 116 122
7 28 54 90 97 108 116 120
7 28 54 90 97 110 116 120
7 28 54 90 99 108 116 120
7 28 54 90 101 106 116 121
7 28 54 90 102 105 116 120
7 28 54 91 101 102 105 120
7 28 54 91 101 105 106 116
7 28 54 91 101 106 116 120
7 28 54 91 102 105 116 120
7 28 55 69 90 100 106 120
7 28 55 69 90 100 106 121
7 28 55 69 90 100 107 120
7 28 55 69 90 102 105 120
7 28 55 69 90 105 106 116
7 28 55 70 89 100 106 120
7 28 55 73 84 100 106 120
7 28 55 87 100 105 106 120
7 28 55 91 101 106 116 120
7 28 55 91 109 110 117 122
7 28 56 65 66 72 100 112
7 28 56 65 66 100 104 112
7 28 56 65 72 80 98 100
7 28 56 65 72 82 98 100
7 28 56 65 72 98 100 112
7 28 56 65 82 98 100 104
7 28 56 65 82 102 104 112
7 28 56 65 88 98 100 112
7 28 56 65 88 98 104 116
7 28 56 65 88 98 108 116
7 28 56 65 88 102 104 116
7 28 56 65 90 102 104 116
7 28 56 67 69 98 104 112
7 28 56 67 72 80 97 102
7 28 56 67 72 80 98 100
7 28 56 67 72 81 98 100
7 28 56 67 72 84 97 98
7 28 56 67 72 97 102 112
7 28 56 67 72 98 100 112
7 28 56 67 76 84 97 98
7 28 56 67 76 97 98 112
7 28 56 67 81 98 100 104
7 28 56 67 88 97 102 112
7 28 56 67 88 97 104 118
7 28 56 67 88 97 108 114
7 28 56 67 88 97 108 118
7 28 56 67 88 98 100 112
7 28 56 67 88 98 104 116
7 28 56 67 88 98 108 116
7 28 56 67 88 101 104 114
7 28 56 67 88 101 104 118
7 28 56 67 88 101 106 118
7 28 56 67 88 101 108 114
7 28 56 67 88 102 104 116
7 28 56 67 98 100 104 112
7 28 56 69 74 82 98 100
7 28 56 69 88 98 104 116
7 28 56 71 74 108 113 114
7 28 56 71 88 101 104 114
7 28 56 72 80 97 98 100
7 28 56 72 82 97 98 100
7 28 56 72 82 97 98 116
7 28 56 72 82 97 102 112
7 28 56 73 74 101 114 116
7 28 56 73 74 102 114 116
7 28 56 73 74 103 114 116
7 28 56 73 76 99 114 116
7 28 56 73 76 102 113 114
7 28 56 73 82 97 98 100
7 28 56 73 82 97 102 112
7 28 56 73 82 99 108 116
7 28 56 73 82 102 104 112
7 28 56 73 82 102 104 113
7 28 56 73 82 102 104 116
7 28 56 73 82 102 108 113
7 28 56 73 82 103 104 112
7 28 56 73 82 103 104 116
7 28 56 73 86 99 104 116
7 28 56 73 88 99 102 116
7 28 56 73 88 101 102 114
7 28 56 73 99 108 114 116
7 28 56 73 101 106 114 116
7 28 56 73 102 104 114 116
7 28 56 73 102 104 114 117
7 28 56 73 103 104 114 116
7 28 56 74 81 101 104 118
7 28 56 74 81 102 104 116
7 28 56 74 81 103 104 118
7 28 56 74 81 103 108 114
7 28 56 74 82 102 108 113
7 28 56 74 82 103 108 113
7 28 56 74 83 103 104 116
7 28 56 74 85 99 108 114
7 28 56 74 85 103 104 114
7 28 56 74 86 103 104 113
7 28 56 74 88 99 101 118
7 28 56 74 88 101 102 114
7 28 56 74 102 104 113 116
7 28 56 76 88 97 98 112
7 28 56 76 88 97 98 116
7 28 56 76 88 99 101 114
7 28 56 76 90 99 100 113
7 28 56 81 88 98 100 104
7 28 56 81 98 100 104 112
7 28 56 82 88 97 98 100
7 28 56 83 88 101 102 104
7 28 56 86 88 99 101 104
7 28 56 88 97 98 100 112
7 28 56 88 97 98 104 116
7 28 56 88 97 98 108 116
7 28 56 88 97 102 104 116
7 28 56 88 97 104 114 116
7 28 56 88 97 108 114 116
7 28 56 88 97 110 114 116
7 28 56 88 99 101 104 118
7 28 56 88 99 101 108 114
7 28 56 88 99 102 104 116
7 28 56 88 99 104 117 118
7 28 56 88 99 108 113 118
7 28 56 88 99 108 114 116
7 28 56 88 101 104 114 116
7 28 56 88 101 106 114 116
7 28 56 88 103 108 113 114
7 28 56 88 105 108 114 116
7 28 56 88 106 108 113 118
7 28 56 88 106 108 117 118
7 28 56 88 107 108 117 118
7 28 56 88 109 110 115 118
7 28 56 90 97 102 104 116
7 28 56 90 107 108 117 118
7 28 57 67 76 82 98 100
7 28 57 69 74 82 98 100
7 28 57 69 86 102 106 120
7 28 57 69 88 100 106 114
7 28 57 69 90 102 104 116
7 28 57 69 90 102 106 116
7 28 57 70 88 100 104 114
7 28 57 73 82 102 104 112
7 28 57 73 82 102 104 116
7 28 57 73 84 102 104 114
7 28 57 76 82 98 100 120
7 28 57 76 83 102 106 116
7 28 57 76 84 99 100 122
7 28 57 83 106 108 116 120
7 28 57 85 107 108 118 122
7 28 57 86 105 106 116 120
7 28 57 87 106 108 118 120
7 28 57 87 107 108 118 120
7 28 57 89 102 108 116 122
7 28 57 89 103 108 118 122
7 28 57 90 102 105 116 120
7 28 57 90 107 108 117 118
7 28 57 91 103 108 116 122
7 28 58 65 70 100 104 112
7 28 58 65 76 100 114 120
7 28 58 65 88 102 104 116
7 28 58 65 90 102 108 116
7 28 58 67 76 97 100 112
7 28 58 67 76 97 116 120
7 28 58 67 84 97 100 120
7 28 58 67 88 97 108 116
7 28 58 69 76 100 114 120
7 28 58 69 76 100 114 121
7 28 58 69 82 100 105 112
7 28 58 69 88 102 104 113
7 28 58 69 90 102 108 113
7 28 58 70 73 100 113 120
7 28 58 70 76 100 113 120
7 28 58 70 81 97 100 104
7 28 58 70 81 97 100 120
7 28 58 70 81 100 105 112
7 28 58 70 88 97 100 112
7 28 58 70 88 97 104 116
7 28 58 70 88 100 104 113
7 28 58 70 89 99 108 116
7 28 58 70 89 101 106 116
7 28 58 70 90 97 108 116
7 28 58 71 76 105 115 116
7 28 58 71 77 108 113 114
7 28 58 71 83 105 108 116
7 28 58 71 86 105 108 113
7 28 58 71 88 100 104 113
7 28 58 71 89 101 106 116
7 28 58 71 89 102 105 116
7 28 58 73 84 102 104 113
7 28 58 74 81 101 104 118
7 28 58 74 84 97 100 120
7 28 58 75 86 101 108 113
7 28 58 75 108 117 118 120
7 28 58 76 81 97 102 120
7 28 58 76 82 97 100 112
7 28 58 76 83 102 105 116
7 28 58 76 84 97 100 120
7 28 58 76 84 99 100 120
7 28 58 76 86 99 100 120
7 28 58 77 83 102 108 113
7 28 58 77 102 108 113 114
7 28 58 78 108 113 116 120
7 28 58 78 108 113 118 120
7 28 58 78 108 115 116 120
7 28 58 86 105 108 113 120
7 28 58 86 107 108 117 120
7 28 58 87 105 110 117 120
7 28 58 89 101 102 106 116
7 28 58 90 97 102 108 116
7 28 58 90 97 108 116 120
7 28 58 90 101 108 113 116
7 28 58 90 101 108 116 120
7 28 58 90 101 108 118 120
7 28 58 90 102 108 113 116
7 28 58 90 102 108 116 121
7 28 58 90 103 108 116 120
7 28 58 90 103 108 116 121
7 28 58 91 101 102 105 116
7 28 58 91 101 102 116 120
7 28 59 69 76 100 114 120
7 28 59 69 90 102 104 116
7 28 59 69 90 102 105 116
7 28 59 70 76 100 113 122
7 28 59 76 83 101 102 120
7 28 59 91 101 102 116 120
7 28 65 82 98 100 104 112
7 28 65 84 100 106 114 120
7 28 65 88 98 100 104 112
7 28 67 74 84 98 108 113
7 28 67 76 84 97 98 120
7 28 67 84 97 98 104 112
7 28 67 84 97 108 114 120
7 28 67 88 97 104 114 116
7 28 67 88 98 100 104 112
7 28 67 97 98 100 104 112
7 28 68 88 97 98 104 112
7 28 69 82 97 98 104 112
7 28 69 82 100 106 113 120
7 28 69 88 97 106 114 116
7 28 69 88 100 106 113 114
7 28 69 90 99 108 116 120
7 28 69 90 99 108 118 120
7 28 69 100 106 113 114 120
7 28 70 88 97 98 104 112
7 28 70 89 99 108 116 122
7 28 73 82 97 98 100 120
7 28 73 82 98 100 104 112
7 28 73 84 100 106 115 120
7 28 73 88 102 104 114 116
7 28 73 88 102 104 114 117
7 28 73 88 102 104 115 116
7 28 74 84 97 100 104 114
7 28 74 84 97 100 114 120
7 28 74 84 98 100 113 120
7 28 74 84 98 108 113 120
7 28 74 85 99 108 114 120
7 28 74 85 102 105 114 120
7 28 74 88 101 104 114 116
7 28 75 84 97 100 114 120
7 28 76 81 82 99 100 104
7 28 76 81 97 106 118 120
7 28 76 81 98 100 104 112
7 28 76 81 99 100 114 120
7 28 76 81 100 106 114 120
7 28 76 82 97 98 100 120
7 28 76 82 97 98 116 120
7 28 76 82 100 106 113 120
7 28 76 83 101 106 116 120
7 28 76 83 102 105 116 122
7 28 76 84 99 100 121 122
7 28 76 84 100 105 114 120
7 28 76 86 97 106 116 120
7 28 76 86 99 106 116 120
7 28 76 86 102 106 113 120
7 28 76 88 97 104 114 116
7 28 76 88 99 104 113 118
7 28 76 88 99 104 114 116
7 28 76 90 102 105 115 116
7 28 76 99 100 104 113 114
7 28 76 99 100 113 114 120
7 28 76 100 106 113 114 120
7 28 76 100 107 113 114 120
7 28 76 101 106 115 116 120
7 28 76 102 105 115 116 122
7 28 77 86 100 107 115 120
7 28 77 86 101 106 115 120
7 28 78 88 97 104 114 116
7 28 81 82 101 106 108 112
7 28 81 82 102 106 108 112
7 28 81 84 99 106 108 112
7 28 81 84 102 105 106 112
7 28 82 97 98 100 104 112
7 28 83 84 100 105 106 112
7 28 84 88 97 98 104 112
7 28 84 88 97 98 108 112
7 28 84 88 99 101 106 112
7 28 84 90 99 100 105 112
7 28 84 97 100 106 114 120
7 28 84 100 106 113 114 120
7 28 84 100 107 113 114 120
7 28 84 107 108 113 114 120
7 28 88 97 98 100 104 112
7 28 90 107 108 117 118 120
7 28 91 103 108 116 121 122
7 29 30 33 66 100 104 112
7 29 30 34 66 100 104 112
7 29 30 34 67 100 104 112
7 29 30 35 67 100 104 112
7 29 30 48 80 98 100 104
7 29 30 48 80 99 100 104
7 29 30 67 98 100 104 112
7 29 33 34 75 86 100 120
7 29 33 36 70 90 104 112
7 29 33 38 67 90 104 116
7 29 33 38 70 90 104 112
7 29 33 38 74 82 100 120
7 29 33 44 74 82 100 112
7 29 33 58 70 74 100 112
7 29 33 65 102 106 114 124
7 29 33 65 110 118 122 124
7 29 33 67 110 114 116 120
7 29 33 67 110 118 122 124
7 29 33 71 106 114 116 120
7 29 33 81 102 106 114 124
7 29 33 83 106 108 118 120
7 29 33 85 102 106 114 120
7 29 33 89 102 106 114 124
7 29 33 91 102 108 116 122
7 29 34 36 67 94 104 112
7 29 34 36 70 90 104 112
7 29 34 36 70 90 104 113
7 29 34 37 74 82 100 120
7 29 34 44 67 82 100 120
7 29 34 44 67 90 100 112
7 29 34 44 70 90 97 112
7 29 34 44 74 82 100 112
7 29 34 44 74 82 100 113
7 29 34 52 70 74 104 113
7 29 34 52 74 83 100 104
7 29 34 60 74 82 97 100
7 29 34 65 94 100 104 112
7 29 34 66 92 100 104 112
7 29 34 67 94 100 104 112
7 29 34 71 90 100 104 112
7 29 35 36 68 90 104 112
7 29 35 65 78 100 114 120
7 29 35 65 82 110 116 120
7 29 35 65 94 100 104 114
7 29 35 67 94 100 104 112
7 29 35 69 90 102 104 112
7 29 35 69 106 114 116 120
7 29 35 71 90 100 104 112
7 29 35 73 110 114 116 120
7 29 35 77 110 113 118 122
7 29 35 78 97 100 114 120
7 29 35 78 97 114 116 120
7 29 35 78 100 104 113 114
7 29 35 78 100 113 114 120
7 29 35 78 108 113 114 120
7 29 35 81 110 118 122 124
7 29 35 86 97 106 116 120
7 29 35 86 105 108 116 122
7 29 35 89 102 108 116 122
7 29 35 90 97 108 118 120
7 29 35 90 102 105 116 120
7 29 35 91 97 110 118 124
7 29 35 91 102 108 116 122
7 29 35 94 97 100 104 114
7 29 35 94 97 100 114 120
7 29 35 94 97 108 114 120
7 29 35 94 97 108 116 122
7 29 36 68 97 106 114 120
7 29 36 84 97 106 114 120
7 29 36 92 97 106 114 120
7 29 37 83 106 108 118 120
7 29 37 86 105 106 114 124
7 29 37 89 102 106 114 124
7 29 37 94 97 106 114 124
7 29 38 42 69 82 104 112
7 29 38 42 76 82 97 112
7 29 38 65 90 100 104 112
7 29 38 67 90 100 104 112
7 29 38 69 90 98 104 112
7 29 38 70 90 97 104 112
7 29 38 70 106 114 121 124
7 29 38 74 82 97 100 120
7 29 38 86 105 106 114 124
7 29 38 86 106 108 113 120
7 29 38 90 98 100 104 112
7 29 38 90 98 108 116 120
7 29 38 90 99 108 116 120
7 29 38 90 101 106 114 124
7 29 38 91 97 108 116 122
7 29 38 92 97 106 114 120
7 29 38 92 100 106 114 120
7 29 38 92 100 106 115 120
7 29 38 92 101 106 114 120
7 29 38 94 97 106 114 124
7 29 38 94 100 105 114 120
7 29 39 48 81 82 106 108
7 29 39 65 82 106 116 120
7 29 39 67 90 100 104 112
7 29 39 69 90 106 116 120
7 29 39 70 90 106 116 121
7 29 39 73 82 106 116 120
7 29 39 81 82 100 106 120
7 29 39 81 82 106 108 112
7 29 41 71 106 114 116 120
7 29 41 75 102 114 116 120
7 29 41 78 102 113 114 120
7 29 41 81 102 106 114 124
7 29 41 81 110 118 122 124
7 29 41 85 102 106 114 120
7 29 41 89 102 106 114 116
7 29 41 90 97 102 114 124
7 29 41 90 101 102 114 120
7 29 41 90 102 108 113 114
7 29 41 94 97 102 114 120
7 29 42 50 67 76 100 112
7 29 42 50 69 74 100 112
7 29 42 52 67 82 100 104
7 29 42 65 82 100 104 112
7 29 42 70 105 114 116 120
7 29 42 74 101 114 116 120
7 29 42 76 99 114 116 120
7 29 42 78 97 114 116 120
7 29 42 78 100 113 114 120
7 29 42 78 104 113 114 116
7 29 42 82 98 108 116 120
7 29 42 82 98 108 116 121
7 29 42 82 99 108 116 120
7 29 42 83 97 108 118 120
7 29 42 86 100 105 114 120
7 29 42 90 98 108 113 116
7 29 42 90 101 104 114 116
7 29 42 90 102 104 113 116
7 29 42 92 99 100 114 120
7 29 42 92 99 104 114 116
7 29 42 94 97 100 114 120
7 29 42 94 97 104 114 116
7 29 43 73 82 102 116 120
7 29 43 73 88 102 114 116
7 29 43 75 117 118 122 124
7 29 43 76 86 99 116 120
7 29 43 83 102 108 116 120
7 29 43 89 102 108 114 116
7 29 44 50 67 82 100 104
7 29 44 70 90 97 98 112
7 29 44 78 97 114 116 120
7 29 44 78 99 114 116 120
7 29 44 78 100 113 114 120
7 29 44 84 97 106 114 120
7 29 44 86 100 106 113 120
7 29 44 86 100 106 114 120
7 29 44 86 100 106 115 120
7 29 44 86 100 107 114 120
7 29 44 90 102 105 114 116
7 29 44 92 102 106 113 114
7 29 44 94 97 100 114 120
7 29 44 94 99 100 114 120
7 29 45 65 86 106 114 124
7 29 45 67 78 113 118 122
7 29 45 67 86 106 114 124
7 29 46 48 82 84 97 104
7 29 46 67 84 104 113 114
7 29 46 68 72 82 97 112
7 29 46 69 74 113 114 120
7 29 46 69 74 113 114 124
7 29 46 69 74 115 116 120
7 29 46 70 74 113 114 124
7 29 46 73 88 102 113 114
7 29 46 74 84 100 115 120
7 29 46 74 84 104 113 114
7 29 46 76 83 99 116 120
7 29 46 76 83 101 114 120
7 29 46 76 84 99 114 120
7 29 46 78 113 114 116 120
7 29 46 79 113 114 116 120
7 29 46 82 84 97 104 112
7 29 46 83 97 108 116 122
7 29 46 83 99 108 116 120
7 29 46 83 101 108 114 120
7 29 46 85 101 106 114 120
7 29 46 85 106 113 114 124
7 29 46 86 97 106 114 124
7 29 46 86 100 105 113 122
7 29 46 86 100 105 114 120
7 29 46 86 100 105 115 120
7 29 46 86 109 115 122 124
7 29 46 90 99 108 113 116
7 29 46 90 101 106 114 116
7 29 46 90 101 108 113 114
7 29 46 92 99 100 114 120
7 29 46 92 107 117 118 122
7 29 46 94 97 100 114 120
7 29 46 94 97 102 114 120
7 29 47 48 81 82 100 106
7 29 47 81 82 100 106 112
7 29 48 81 82 102 106 108
7 29 48 81 86 99 106 108
7 29 48 82 84 102 105 106
7 29 49 50 71 88 100 106
7 29 49 65 82 102 106 124
7 29 49 67 110 114 116 120
7 29 49 69 82 102 106 120
7 29 49 75 110 114 116 120
7 29 49 79 110 114 116 120
7 29 49 81 82 102 106 108
7 29 49 81 102 106 108 114
7 29 49 81 102 106 114 124
7 29 49 83 102 106 108 112
7 29 49 86 97 102 106 120
7 29 49 86 99 106 108 112
7 29 49 90 99 110 116 120
7 29 49 90 101 102 106 112
7 29 49 94 99 110 116 120
7 29 50 66 76 100 104 112
7 29 50 67 97 110 116 120
7 29 50 70 98 108 113 120
7 29 50 70 100 106 113 120
7 29 50 74 84 99 108 112
7 29 50 74 88 99 108 116
7 29 50 74 88 102 108 113
7 29 50 81 97 102 106 124
7 29 50 81 99 110 116 120
7 29 50 82 97 110 116 120
7 29 50 82 98 101 108 120
7 29 50 82 99 108 116 120
7 29 50 82 101 106 108 112
7 29 50 82 101 106 116 120
7 29 50 82 105 110 116 120
7 29 50 82 106 109 116 120
7 29 50 82 107 110 117 124
7 29 50 82 109 110 116 120
7 29 50 84 99 106 108 112
7 29 50 86 97 100 106 120
7 29 50 86 97 106 108 112
7 29 50 86 100 105 106 112
7 29 50 86 107 110 116 120
7 29 50 86 107 110 117 120
7 29 50 90 97 98 108 116
7 29 50 90 101 110 116 120
7 29 50 92 98 100 104 112
7 29 50 92 99 100 106 112
7 29 50 92 99 110 116 120
7 29 50 94 97 100 104 112
7 29 50 94 97 100 106 112
7 29 50 94 98 100 104 112
7 29 50 94 99 100 104 112
7 29 51 65 70 74 108 112
7 29 51 69 90 102 108 120
7 29 51 70 90 101 106 124
7 29 51 77 110 114 116 120
7 29 51 77 110 118 122 124
7 29 51 78 83 101 106 124
7 29 51 85 99 110 122 124
7 29 51 92 97 102 106 120
7 29 52 82 88 97 102 106
7 29 52 85 107 110 114 120
7 29 52 86 107 108 113 122
7 29 52 90 98 100 104 112
7 29 52 94 101 107 114 120
7 29 53 65 82 102 106 120
7 29 53 65 90 102 106 120
7 29 53 69 90 102 106 120
7 29 53 75 110 114 116 120
7 29 54 67 76 97 106 112
7 29 54 67 92 106 108 113
7 29 54 69 74 105 114 124
7 29 54 69 76 107 114 120
7 29 54 69 82 105 106 112
7 29 54 69 90 105 106 116
7 29 54 69 90 105 108 114
7 29 54 70 90 105 106 116
7 29 54 70 90 105 108 114
7 29 54 76 84 99 105 122
7 29 54 77 97 106 114 120
7 29 54 77 97 106 114 124
7 29 54 78 107 114 117 120
7 29 54 83 105 106 108 116
7 29 54 86 99 106 108 121
7 29 54 86 100 105 106 120
7 29 54 86 105 106 113 124
7 29 54 86 105 106 114 124
7 29 54 86 105 106 116 120
7 29 54 86 107 108 113 120
7 29 54 86 107 109 114 120
7 29 54 87 100 105 106 120
7 29 54 89 102 105 106 116
7 29 54 90 97 100 104 112
7 29 54 90 98 100 104 112
7 29 54 90 101 106 108 113
7 29 54 90 102 105 106 116
7 29 54 90 102 106 108 113
7 29 54 92 99 106 108 114
7 29 54 92 99 106 116 120
7 29 56 74 82 102 105 116
7 29 56 74 88 101 102 114
7 29 56 78 99 104 114 116
7 29 56 88 106 108 113 118
7 29 56 88 106 108 117 118
7 29 56 88 109 110 115 118
7 29 56 89 99 110 114 116
7 29 56 90 97 102 104 112
7 29 56 90 97 102 104 116
7 29 56 90 98 100 104 112
7 29 56 90 99 102 104 116
7 29 56 90 107 110 117 118
7 29 56 94 98 100 104 112
7 29 56 94 99 102 104 113
7 29 57 65 74 102 114 124
7 29 57 65 90 102 106 116
7 29 57 69 90 102 106 116
7 29 57 71 90 102 106 116
7 29 57 73 82 102 106 116
7 29 57 75 86 102 106 116
7 29 57 78 102 113 114 120
7 29 57 86 97 102 106 120
7 29 57 89 102 106 114 124
7 29 57 92 97 102 106 114
7 29 58 65 66 100 104 112
7 29 58 65 70 100 104 112
7 29 58 67 70 100 104 112
7 29 58 67 78 101 114 124
7 29 58 67 84 102 105 112
7 29 58 67 88 102 105 116
7 29 58 70 73 98 100 112
7 29 58 70 74 97 100 112
7 29 58 70 74 101 114 124
7 29 58 70 88 99 108 116
7 29 58 70 90 101 106 116
7 29 58 71 101 106 116 120
7 29 58 71 105 108 114 116
7 29 58 73 82 101 102 120
7 29 58 73 88 99 102 116
7 29 58 73 88 101 102 114
7 29 58 74 81 102 105 116
7 29 58 74 84 97 98 100
7 29 58 74 84 102 108 113
7 29 58 75 103 118 121 124
7 29 58 75 110 117 118 120
7 29 58 78 97 104 114 116
7 29 58 78 109 115 118 120
7 29 58 83 101 102 106 124
7 29 58 83 101 110 116 120
7 29 58 83 102 105 108 116
7 29 58 83 105 110 118 124
7 29 58 85 97 102 106 120
7 29 58 85 99 110 116 120
7 29 58 89 97 102 106 116
7 29 58 89 99 110 118 124
7 29 58 89 101 110 114 116
7 29 58 89 101 110 118 120
7 29 58 89 103 108 118 120
7 29 58 89 103 110 118 120
7 29 58 89 107 110 117 118
7 29 58 90 97 98 108 116
7 29 58 90 97 102 104 116
7 29 58 90 97 102 108 116
7 29 58 90 101 102 105 116
7 29 58 90 101 102 106 116
7 29 58 90 101 102 113 120
7 29 58 90 101 106 116 120
7 29 58 90 101 108 118 120
7 29 58 90 102 105 113 124
7 29 58 90 102 105 116 120
7 29 58 90 102 107 117 124
7 29 58 90 102 109 114 116
7 29 58 90 102 109 115 116
7 29 58 90 103 108 116 120
7 29 58 90 103 108 118 120
7 29 58 90 103 108 118 121
7 29 58 90 107 108 117 118
7 29 58 91 97 102 108 116
7 29 58 92 98 100 104 112
7 29 58 92 101 102 106 114
7 29 58 94 98 100 104 112
7 29 59 65 82 102 108 112
7 29 59 67 88 102 104 116
7 29 59 74 81 102 104 116
7 29 60 70 74 105 114 116
7 29 60 70 90 101 106 114
7 29 60 71 90 101 106 114
7 29 60 71 97 106 114 120
7 29 60 74 82 97 98 100
7 29 60 74 82 98 101 120
7 29 60 74 82 99 100 120
7 29 60 74 84 99 104 114
7 29 60 76 82 102 106 113
7 29 60 76 83 102 106 113
7 29 60 78 97 100 114 120
7 29 60 78 99 114 116 120
7 29 60 83 99 110 116 120
7 29 60 83 102 106 108 113
7 29 60 89 99 110 114 116
7 29 60 92 97 100 106 114
7 29 60 92 97 102 106 114
7 29 60 92 99 102 106 114
7 29 60 92 102 105 115 122
7 29 60 92 102 106 114 121
7 29 60 92 102 108 113 122
7 29 60 92 103 106 114 120
7 29 60 92 105 106 115 118
7 29 60 94 97 102 106 114
7 29 60 94 98 100 104 112
7 29 62 67 70 97 104 112
7 29 62 67 88 102 104 113
7 29 62 67 92 101 106 114
7 29 62 74 81 99 104 116
7 29 62 76 82 99 100 120
7 29 62 94 98 100 104 112
7 29 62 94 99 109 117 122
7 29 62 94 101 107 115 124
7 29 62 94 101 110 115 121
7 29 65 82 98 100 104 112
7 29 65 90 98 100 104 112
7 29 65 94 98 100 104 112
7 29 67 77 110 113 118 122
7 29 67 84 97 110 114 120
7 29 67 92 97 100 106 114
7 29 67 94 98 100 104 112
7 29 67 97 110 114 116 120
7 29 67 97 110 118 122 124
7 29 69 74 97 102 114 120
7 29 69 90 98 100 104 112
7 29 71 90 98 100 104 112
7 29 71 97 106 114 116 120
7 29 75 102 105 114 116 120
7 29 76 102 105 115 116 122
7 29 77 110 113 118 122 124
7 29 78 97 108 114 116 120
7 29 78 99 108 114 116 120
7 29 79 110 113 114 116 120
7 29 81 82 102 106 108 112
7 29 81 86 99 106 108 112
7 29 81 97 102 106 114 124
7 29 81 97 110 118 122 124
7 29 81 99 110 114 116 120
7 29 82 84 102 105 106 112
7 29 83 97 106 108 118 120
7 29 83 102 105 108 116 122
7 29 83 105 110 114 116 120
7 29 83 105 110 118 122 124
7 29 84 97 100 106 114 120
7 29 85 97 102 106 114 120
7 29 85 107 110 114 116 120
7 29 86 97 106 108 114 120
7 29 86 99 105 108 116 122
7 29 86 102 105 108 113 122
7 29 86 107 110 114 117 120
7 29 89 97 102 106 114 124
7 29 89 99 102 108 116 122
7 29 89 99 110 114 116 120
7 29 89 99 110 118 122 124
7 29 90 101 102 106 114 124
7 29 90 101 110 114 116 120
7 29 90 102 105 108 114 116
7 29 90 107 110 117 118 120
7 29 91 97 102 108 116 122
7 29 92 97 100 106 114 120
7 29 92 97 102 106 114 120
7 29 92 99 102 108 113 122
7 29 92 99 110 114 116 120
7 29 92 102 106 108 113 114
7 29 92 107 108 117 118 122
7 29 94 97 102 106 114 124
7 30 33 34 36 65 72 80
7 30 33 34 67 89 108 116
7 30 33 36 67 92 104 112
7 30 33 36 70 89 104 112
7 30 33 36 76 81 98 120
7 30 33 38 65 92 104 112
7 30 33 38 66 92 104 112
7 30 33 38 67 73 116 120
7 30 33 38 67 92 104 112
7 30 33 38 73 81 98 124
7 30 33 38 73 81 106 116
7 30 33 38 74 84 104 112
7 30 33 38 75 85 104 112
7 30 33 40 67 88 100 112
7 30 33 40 74 81 100 112
7 30 33 42 69 89 98 116
7 30 33 44 65 84 98 120
7 30 33 44 67 89 98 116
7 30 33 44 70 81 104 112
7 30 33 52 76 81 98 104
7 30 33 56 65 74 100 112
7 30 33 65 66 100 104 112
7 30 33 65 66 108 116 120
7 30 33 65 78 98 116 120
7 30 33 65 82 100 104 112
7 30 33 65 98 100 104 112
7 30 33 65 98 108 116 120
7 30 33 65 108 114 116 120
7 30 33 65 110 114 116 120
7 30 33 65 110 118 122 124
7 30 33 66 81 100 104 112
7 30 33 66 88 100 104 112
7 30 33 66 89 100 104 112
7 30 33 66 92 100 104 112
7 30 33 67 69 106 116 120
7 30 33 67 89 98 108 116
7 30 33 67 92 100 104 112
7 30 33 67 98 108 116 120
7 30 33 67 108 114 116 120
7 30 33 69 90 100 104 112
7 30 33 70 88 100 104 112
7 30 33 70 89 100 104 112
7 30 33 73 86 98 100 120
7 30 33 73 108 114 116 120
7 30 33 73 110 114 116 120
7 30 33 74 81 100 104 112
7 30 33 74 84 98 100 120
7 30 33 75 85 98 100 120
7 30 33 78 108 114 116 120
7 30 33 81 98 100 104 112
7 30 33 81 98 108 116 120
7 30 33 82 98 108 116 120
7 30 33 88 98 100 104 112
7 30 33 89 98 100 104 112
7 30 33 89 98 108 116 120
7 30 33 90 98 108 116 120
7 30 33 92 98 100 104 112
7 30 33 92 98 108 116 120
7 30 34 36 70 89 104 112
7 30 34 36 73 86 104 112
7 30 34 37 70 89 104 112
7 30 34 44 65 90 100 112
7 30 34 44 70 81 104 112
7 30 34 65 66 108 116 120
7 30 34 66 93 100 104 112
7 30 34 66 97 108 116 120
7 30 34 66 108 113 116 120
7 30 34 66 109 113 116 120
7 30 34 67 93 100 104 112
7 30 34 67 97 108 116 120
7 30 34 67 108 113 116 120
7 30 34 69 90 100 104 112
7 30 34 70 89 100 104 112
7 30 34 70 100 105 113 120
7 30 34 70 105 113 116 120
7 30 34 74 108 113 116 120
7 30 34 74 109 113 116 120
7 30 34 78 108 113 116 120
7 30 34 82 97 108 116 120
7 30 34 83 105 108 116 120
7 30 34 86 100 105 113 120
7 30 34 86 105 108 113 120
7 30 34 90 97 108 116 120
7 30 34 90 101 108 116 121
7 30 35 37 70 89 104 112
7 30 35 37 74 81 100 120
7 30 35 44 69 89 98 112
7 30 35 48 84 88 98 108
7 30 35 56 69 88 106 116
7 30 35 65 66 108 116 120
7 30 35 65 76 98 116 120
7 30 35 65 82 108 116 120
7 30 35 66 92 100 104 112
7 30 35 66 93 100 104 112
7 30 35 67 92 100 104 112
7 30 35 67 97 108 116 120
7 30 35 67 108 113 116 120
7 30 35 77 102 113 122 124
7 30 35 78 98 117 121 124
7 30 35 78 101 114 121 124
7 30 35 78 108 113 116 120
7 30 35 78 108 113 116 122
7 30 35 78 108 114 116 120
7 30 35 78 108 114 116 121
7 30 35 78 108 114 117 121
7 30 35 83 105 108 116 120
7 30 35 84 88 98 108 112
7 30 35 86 105 108 113 120
7 30 35 89 98 108 116 120
7 30 35 89 102 105 116 120
7 30 35 89 102 108 116 120
7 30 35 89 102 108 116 122
7 30 35 90 97 108 116 120
7 30 35 92 98 100 104 112
7 30 35 92 98 108 116 120
7 30 35 93 98 100 104 112
7 30 35 93 98 108 116 120
7 30 35 93 101 106 114 124
7 30 36 40 65 92 98 112
7 30 36 40 76 81 98 112
7 30 36 41 68 81 98 120
7 30 36 41 76 81 98 112
7 30 36 49 67 76 104 112
7 30 36 56 65 76 98 112
7 30 36 56 67 69 104 112
7 30 36 65 92 98 104 112
7 30 36 68 89 98 104 112
7 30 36 68 105 113 114 120
7 30 36 69 89 98 104 112
7 30 36 76 81 98 104 112
7 30 36 76 105 113 114 120
7 30 36 92 97 98 104 112
7 30 37 41 70 81 98 120
7 30 37 49 69 74 98 120
7 30 37 50 73 82 108 112
7 30 37 65 82 106 116 120
7 30 37 67 108 116 121 122
7 30 37 68 88 98 104 112
7 30 37 68 89 98 104 112
7 30 37 69 106 114 121 124
7 30 37 70 89 98 104 112
7 30 37 70 105 113 122 124
7 30 37 73 102 113 122 124
7 30 37 73 108 113 118 122
7 30 37 73 108 114 116 120
7 30 37 73 110 114 116 120
7 30 37 74 81 98 100 120
7 30 37 75 108 113 116 122
7 30 37 77 106 113 114 124
7 30 37 77 106 115 116 120
7 30 37 78 105 113 114 124
7 30 37 78 105 113 116 122
7 30 37 78 106 113 116 120
7 30 37 83 106 108 116 120
7 30 37 83 106 108 116 121
7 30 37 85 106 108 114 120
7 30 37 85 106 108 114 121
7 30 37 86 98 105 113 120
7 30 37 89 98 100 104 112
7 30 37 89 98 108 116 120
7 30 37 89 99 108 116 122
7 30 37 89 102 105 114 124
7 30 37 89 102 105 116 122
7 30 37 90 98 108 116 120
7 30 37 92 97 106 118 120
7 30 37 92 97 108 114 120
7 30 37 92 99 108 114 120
7 30 37 92 100 106 113 120
7 30 37 92 100 106 114 120
7 30 37 92 100 106 115 120
7 30 37 92 100 107 115 120
7 30 37 92 102 105 113 122
7 30 37 92 102 105 115 120
7 30 37 92 102 106 113 120
7 30 37 93 100 106 114 120
7 30 37 93 100 106 114 121
7 30 37 93 100 106 115 120
7 30 38 41 74 81 100 112
7 30 38 49 74 81 108 112
7 30 38 56 73 81 98 100
7 30 38 65 92 98 104 112
7 30 38 66 68 105 113 120
7 30 38 66 89 100 104 112
7 30 38 66 92 97 104 112
7 30 38 67 92 97 104 112
7 30 38 67 108 116 121 122
7 30 38 69 89 98 104 112
7 30 38 70 105 113 122 124
7 30 38 73 81 98 100 120
7 30 38 74 81 100 104 112
7 30 38 74 84 97 104 112
7 30 38 74 108 113 116 120
7 30 38 74 109 113 116 120
7 30 38 75 85 97 104 112
7 30 38 75 98 117 121 124
7 30 38 75 108 114 117 121
7 30 38 77 106 113 114 124
7 30 38 78 105 113 114 124
7 30 38 78 105 114 117 120
7 30 38 78 105 115 117 120
7 30 38 83 101 106 121 124
7 30 38 83 105 108 116 120
7 30 38 85 106 108 114 121
7 30 38 86 105 108 113 120
7 30 38 86 106 108 113 120
7 30 38 89 98 100 104 112
7 30 38 89 98 108 116 120
7 30 38 90 97 108 116 120
7 30 38 92 97 98 104 112
7 30 38 92 98 105 113 120
7 30 38 93 99 108 114 121
7 30 39 66 68 88 104 112
7 30 39 66 89 100 104 112
7 30 39 67 92 108 114 121
7 30 39 70 89 105 114 124
7 30 39 71 105 113 122 124
7 30 39 73 81 106 116 120
7 30 39 76 84 106 113 120
7 30 39 78 105 113 114 124
7 30 39 85 106 108 114 121
7 30 39 89 98 100 104 112
7 30 39 89 102 105 114 124
7 30 39 89 110 118 122 124
7 30 39 92 99 108 114 121
7 30 40 48 65 88 98 100
7 30 40 49 67 72 100 112
7 30 40 65 88 98 100 112
7 30 40 72 81 98 100 112
7 30 40 88 97 98 100 112
7 30 40 89 97 98 100 112
7 30 41 49 67 92 98 100
7 30 41 49 70 89 98 100
7 30 41 50 69 89 98 100
7 30 41 56 83 88 101 102
7 30 41 65 70 98 116 120
7 30 41 65 84 100 104 114
7 30 41 65 88 108 114 116
7 30 41 65 88 110 114 116
7 30 41 67 88 108 114 116
7 30 41 67 108 113 118 120
7 30 41 67 108 114 116 120
7 30 41 67 108 114 117 120
7 30 41 70 81 98 100 120
7 30 41 70 81 100 104 112
7 30 41 71 106 113 116 120
7 30 41 72 81 98 100 112
7 30 41 73 82 102 116 120
7 30 41 73 88 102 114 116
7 30 41 73 102 113 114 124
7 30 41 73 102 114 116 120
7 30 41 73 102 114 117 120
7 30 41 74 88 101 114 116
7 30 41 74 101 113 114 124
7 30 41 74 101 113 118 120
7 30 41 76 81 98 100 112
7 30 41 77 102 113 114 120
7 30 41 78 97 114 116 120
7 30 41 78 98 113 116 120
7 30 41 78 101 113 114 120
7 30 41 78 104 113 114 116
7 30 41 79 104 113 114 116
7 30 41 81 88 101 106 118
7 30 41 81 98 100 104 112
7 30 41 81 98 108 116 120
7 30 41 81 101 106 114 124
7 30 41 81 101 106 118 120
7 30 41 81 110 118 122 124
7 30 41 83 98 108 116 120
7 30 41 83 101 108 114 120
7 30 41 85 101 106 114 120
7 30 41 85 102 106 113 120
7 30 41 89 101 102 114 120
7 30 41 89 101 106 114 116
7 30 41 89 102 104 114 116
7 30 41 89 102 104 114 117
7 30 41 89 102 106 113 116
7 30 41 89 103 104 114 116
7 30 41 90 97 108 114 116
7 30 41 90 98 101 113 124
7 30 41 90 101 102 113 120
7 30 41 90 101 104 114 116
7 30 41 90 101 108 113 114
7 30 41 93 99 104 114 116
7 30 42 67 108 113 116 120
7 30 42 70 89 97 100 112
7 30 42 70 105 113 116 120
7 30 42 74 101 113 116 120
7 30 42 77 98 113 116 120
7 30 42 77 100 113 114 120
7 30 42 77 104 113 114 116
7 30 42 81 98 108 116 120
7 30 42 82 97 108 116 120
7 30 42 86 100 105 113 120
7 30 42 89 101 104 114 116
7 30 42 90 101 104 113 116
7 30 42 93 98 100 113 120
7 30 43 69 76 114 116 120
7 30 43 77 113 118 122 124
7 30 44 65 84 98 104 112
7 30 44 67 81 100 104 112
7 30 44 68 81 98 104 112
7 30 44 68 88 97 98 112
7 30 44 68 89 97 98 112
7 30 44 69 106 113 116 120
7 30 44 69 106 113 118 120
7 30 44 69 106 115 116 120
7 30 44 73 81 98 100 112
7 30 44 75 102 113 116 120
7 30 44 76 84 99 114 120
7 30 44 76 99 113 116 120
7 30 44 76 99 113 116 122
7 30 44 78 97 114 116 120
7 30 44 78 98 113 116 120
7 30 44 78 99 113 116 120
7 30 44 78 100 113 114 120
7 30 44 79 100 113 114 120
7 30 44 81 98 100 104 112
7 30 44 84 97 98 104 112
7 30 44 85 100 106 113 120
7 30 44 85 100 106 114 120
7 30 44 85 100 106 115 120
7 30 44 85 100 107 114 120
7 30 44 85 100 107 115 120
7 30 44 85 102 107 113 120
7 30 44 89 97 98 100 112
7 30 44 89 99 102 116 120
7 30 44 89 101 106 115 116
7 30 44 89 102 106 113 116
7 30 44 92 99 100 113 120
7 30 44 92 99 100 113 122
7 30 44 92 99 106 113 116
7 30 44 92 100 105 113 114
7 30 44 92 100 106 113 114
7 30 44 92 100 107 113 114
7 30 44 92 101 107 113 114
7 30 44 92 102 105 113 114
7 30 45 48 82 84 98 104
7 30 45 48 84 88 97 98
7 30 45 67 76 114 116 120
7 30 45 67 77 113 118 122
7 30 45 67 81 100 114 120
7 30 45 67 88 104 114 116
7 30 45 67 92 102 113 122
7 30 45 69 74 114 116 120
7 30 45 69 88 106 115 116
7 30 45 71 118 121 122 124
7 30 45 73 88 102 113 114
7 30 45 74 81 104 114 116
7 30 45 74 84 104 113 114
7 30 45 77 113 118 122 124
7 30 45 77 115 118 122 124
7 30 45 82 84 98 104 112
7 30 45 83 98 108 116 120
7 30 45 84 88 97 98 112
7 30 45 85 100 106 114 120
7 30 45 85 101 106 114 120
7 30 45 86 99 108 114 121
7 30 45 92 101 106 113 114
7 30 46 48 82 84 97 104
7 30 46 49 66 68 72 112
7 30 46 51 78 85 105 113
7 30 46 65 76 114 116 120
7 30 46 65 78 114 116 120
7 30 46 66 73 113 116 120
7 30 46 66 76 113 116 120
7 30 46 67 73 113 116 120
7 30 46 67 76 113 116 120
7 30 46 67 76 114 117 121
7 30 46 67 85 105 114 124
7 30 46 67 92 101 114 121
7 30 46 67 92 102 113 120
7 30 46 69 73 113 114 124
7 30 46 69 74 114 116 121
7 30 46 70 73 113 114 124
7 30 46 70 73 113 116 120
7 30 46 70 73 114 116 120
7 30 46 70 89 99 117 120
7 30 46 71 117 121 122 124
7 30 46 71 118 121 122 124
7 30 46 73 82 104 113 116
7 30 46 73 88 101 113 114
7 30 46 76 82 100 113 120
7 30 46 76 84 97 114 120
7 30 46 76 84 99 113 120
7 30 46 78 97 114 116 120
7 30 46 78 98 113 116 120
7 30 46 78 105 113 114 116
7 30 46 78 113 114 116 120
7 30 46 78 113 118 122 124
7 30 46 78 114 117 121 124
7 30 46 78 115 117 121 124
7 30 46 79 113 114 116 120
7 30 46 82 84 97 104 112
7 30 46 86 101 105 113 120
7 30 46 86 105 106 113 116
7 30 46 86 105 113 122 124
7 30 46 86 107 117 122 124
7 30 46 90 99 101 116 121
7 30 46 90 102 105 113 116
7 30 47 48 81 82 100 104
7 30 47 73 82 104 113 116
7 30 47 79 113 114 116 120
7 30 47 81 82 100 104 112
7 30 47 91 110 117 118 121
7 30 48 65 80 98 100 104
7 30 48 80 97 98 100 104
7 30 48 81 82 101 107 108
7 30 48 81 82 102 105 108
7 30 48 81 97 98 100 104
7 30 48 82 84 101 105 106
7 30 48 82 92 98 101 105
7 30 48 84 88 97 98 108
7 30 49 50 70 73 108 112
7 30 49 65 66 80 100 104
7 30 49 65 66 100 104 112
7 30 49 65 74 100 104 112
7 30 49 65 80 98 100 104
7 30 49 65 88 98 100 104
7 30 49 66 76 100 104 112
7 30 49 67 76 100 104 112
7 30 49 67 81 102 108 120
7 30 49 67 92 98 100 104
7 30 49 67 98 108 116 120
7 30 49 67 102 105 116 120
7 30 49 69 82 102 105 120
7 30 49 69 82 105 110 112
7 30 49 70 88 98 100 104
7 30 49 71 98 105 116 120
7 30 49 73 110 114 116 120
7 30 49 77 81 102 106 112
7 30 49 77 82 101 106 112
7 30 49 77 110 114 116 120
7 30 49 79 109 114 116 120
7 30 49 79 110 114 116 120
7 30 49 81 82 102 105 108
7 30 49 81 97 102 106 124
7 30 49 81 98 100 104 112
7 30 49 81 102 105 106 116
7 30 49 81 102 105 114 124
7 30 49 81 102 105 122 124
7 30 49 81 102 106 108 112
7 30 49 81 102 106 109 112
7 30 49 81 105 110 114 116
7 30 49 81 105 110 114 124
7 30 49 81 106 108 116 120
7 30 49 81 106 108 118 120
7 30 49 82 84 101 105 106
7 30 49 82 98 109 116 120
7 30 49 82 101 102 105 120
7 30 49 82 101 105 110 112
7 30 49 82 102 105 116 120
7 30 49 82 105 110 116 120
7 30 49 82 106 109 116 120
7 30 49 82 109 110 116 120
7 30 49 83 106 109 116 120
7 30 49 83 109 110 116 120
7 30 49 84 105 108 114 120
7 30 49 85 102 105 106 112
7 30 49 85 105 110 114 120
7 30 49 85 105 110 114 124
7 30 49 86 97 98 108 120
7 30 49 86 98 100 105 120
7 30 49 86 98 101 105 120
7 30 49 86 98 105 108 112
7 30 49 86 101 105 106 112
7 30 49 86 102 105 122 124
7 30 49 86 105 110 114 124
7 30 49 86 105 110 116 120
7 30 49 86 106 109 116 120
7 30 49 86 107 109 116 120
7 30 49 88 97 98 100 104
7 30 49 89 98 100 104 112
7 30 49 89 101 110 114 120
7 30 49 90 99 109 116 120
7 30 49 91 98 101 108 112
7 30 49 92 97 98 100 104
7 30 49 92 97 100 104 114
7 30 49 92 98 100 104 112
7 30 49 92 99 100 104 112
7 30 49 92 99 108 116 120
7 30 49 92 99 108 116 122
7 30 49 92 99 110 116 120
7 30 49 93 99 110 116 120
7 30 50 52 67 73 108 112
7 30 50 67 97 108 116 120
7 30 50 70 100 105 113 120
7 30 50 74 109 113 116 120
7 30 50 78 81 101 105 112
7 30 50 78 109 113 116 120
7 30 50 81 84 101 105 106
7 30 50 82 97 108 116 120
7 30 50 82 101 105 108 112
7 30 50 82 105 108 116 120
7 30 50 82 105 108 117 120
7 30 50 82 109 110 116 120
7 30 50 83 109 110 116 120
7 30 50 84 88 97 98 108
7 30 50 85 98 100 105 120
7 30 50 85 98 105 108 112
7 30 50 85 100 105 106 112
7 30 50 85 106 109 116 120
7 30 50 86 101 106 121 124
7 30 50 86 105 108 116 120
7 30 50 86 105 110 116 120
7 30 50 86 106 109 113 124
7 30 50 86 106 109 116 120
7 30 50 86 106 109 116 121
7 30 50 89 97 98 108 116
7 30 51 66 76 100 104 112
7 30 51 66 84 105 108 112
7 30 51 67 92 106 108 116
7 30 51 73 84 102 108 120
7 30 51 73 88 101 108 114
7 30 51 74 88 101 108 112
7 30 51 78 101 106 116 121
7 30 51 79 109 114 116 120
7 30 51 83 101 110 121 124
7 30 51 83 109 110 116 120
7 30 51 85 102 105 106 124
7 30 51 86 101 106 108 121
7 30 51 86 106 109 116 121
7 30 51 93 99 106 108 116
7 30 51 93 101 106 108 114
7 30 52 76 81 97 98 104
7 30 52 84 105 106 113 120
7 30 52 84 105 108 114 120
7 30 52 84 105 110 114 120
7 30 52 84 107 108 114 120
7 30 52 85 107 108 114 120
7 30 52 86 105 108 114 120
7 30 52 86 106 109 113 120
7 30 52 86 107 108 113 120
7 30 52 89 97 100 104 114
7 30 52 89 98 100 104 112
7 30 52 89 99 100 104 112
7 30 52 92 97 98 104 112
7 30 52 92 99 108 114 120
7 30 52 92 102 105 113 120
7 30 52 92 102 105 113 122
7 30 52 92 102 105 114 120
7 30 52 92 102 105 115 120
7 30 52 92 102 107 113 120
7 30 53 67 73 106 116 120
7 30 53 68 73 98 104 112
7 30 53 68 88 97 98 104
7 30 53 69 73 106 114 124
7 30 53 69 76 107 114 120
7 30 53 69 82 105 106 112
7 30 53 73 81 102 106 120
7 30 53 73 82 101 106 120
7 30 53 73 84 100 106 120
7 30 53 73 88 101 106 114
7 30 53 76 84 99 106 120
7 30 53 86 100 105 106 120
7 30 53 86 107 109 114 120
7 30 53 89 99 109 118 122
7 30 53 89 99 110 116 120
7 30 53 89 102 106 108 114
7 30 53 89 102 106 113 124
7 30 53 92 99 105 108 114
7 30 53 92 102 107 113 120
7 30 53 93 99 106 108 114
7 30 54 66 81 105 108 112
7 30 54 67 81 105 108 112
7 30 54 67 92 106 108 113
7 30 54 69 76 105 114 120
7 30 54 69 89 105 106 116
7 30 54 69 89 105 108 114
7 30 54 70 74 109 113 120
7 30 54 70 89 105 108 114
7 30 54 71 89 105 108 114
7 30 54 74 81 101 105 120
7 30 54 77 102 106 113 120
7 30 54 78 105 113 114 124
7 30 54 78 105 114 116 120
7 30 54 83 106 109 116 120
7 30 54 85 102 105 106 120
7 30 54 85 105 106 114 124
7 30 54 85 105 110 114 120
7 30 54 86 105 106 113 124
7 30 54 86 105 108 114 120
7 30 54 86 106 109 113 120
7 30 54 86 107 109 113 120
7 30 54 89 102 105 108 114
7 30 54 90 101 106 116 121
7 30 54 90 102 105 113 124
7 30 54 92 101 106 114 121
7 30 54 92 102 105 114 120
7 30 55 70 89 105 108 114
7 30 55 73 84 100 106 120
7 30 56 65 72 80 98 100
7 30 56 65 72 98 100 112
7 30 56 72 80 97 98 100
7 30 56 72 81 97 98 100
7 30 56 73 74 101 114 116
7 30 56 73 74 103 113 116
7 30 56 73 81 103 106 116
7 30 56 73 88 99 102 117
7 30 56 73 88 101 102 114
7 30 56 73 97 104 114 116
7 30 56 73 97 108 114 116
7 30 56 73 97 110 114 116
7 30 56 73 101 104 114 116
7 30 56 73 101 106 114 116
7 30 56 73 102 104 114 116
7 30 56 73 103 104 114 116
7 30 56 74 88 99 101 116
7 30 56 74 88 101 102 113
7 30 56 75 88 101 102 113
7 30 56 75 101 104 114 116
7 30 56 81 98 100 104 112
7 30 56 83 88 101 102 104
7 30 56 86 88 99 101 104
7 30 56 88 97 98 100 112
7 30 56 88 97 108 114 116
7 30 56 88 97 110 114 116
7 30 56 88 99 101 104 112
7 30 56 88 99 101 104 116
7 30 56 88 99 101 104 118
7 30 56 88 99 101 106 116
7 30 56 88 101 104 114 116
7 30 56 88 101 106 114 116
7 30 56 88 103 104 114 116
7 30 56 88 105 106 113 116
7 30 56 88 105 110 115 117
7 30 56 88 106 108 113 116
7 30 56 88 106 108 113 118
7 30 56 88 106 108 117 118
7 30 56 88 107 108 117 118
7 30 56 88 107 110 117 118
7 30 56 89 97 98 100 112
7 30 56 89 97 98 104 116
7 30 56 89 97 98 108 116
7 30 56 89 98 100 104 112
7 30 56 89 99 101 104 118
7 30 56 89 99 101 106 116
7 30 56 89 103 105 114 116
7 30 56 89 103 106 113 116
7 30 56 89 107 108 117 118
7 30 56 89 107 110 117 118
7 30 56 90 97 98 108 116
7 30 56 90 97 102 104 116
7 30 56 90 98 101 104 116
7 30 56 90 99 101 104 116
7 30 56 90 103 105 113 116
7 30 56 90 107 108 117 118
7 30 56 90 109 110 115 117
7 30 56 91 98 101 104 116
7 30 56 92 97 100 104 112
7 30 56 92 97 100 104 114
7 30 56 92 105 110 115 117
7 30 57 65 72 80 98 100
7 30 57 65 72 98 100 112
7 30 57 65 76 98 100 112
7 30 57 67 69 102 104 112
7 30 57 67 73 102 116 120
7 30 57 67 76 102 116 120
7 30 57 67 92 102 108 114
7 30 57 69 74 98 100 112
7 30 57 69 74 102 113 120
7 30 57 69 74 102 114 124
7 30 57 69 82 102 105 112
7 30 57 70 73 98 100 112
7 30 57 71 110 114 116 120
7 30 57 72 80 97 98 100
7 30 57 73 81 102 106 116
7 30 57 73 82 99 108 116
7 30 57 73 82 103 104 116
7 30 57 73 84 102 108 114
7 30 57 73 88 101 102 114
7 30 57 74 84 97 98 100
7 30 57 74 84 103 104 112
7 30 57 75 110 115 117 124
7 30 57 75 110 117 118 120
7 30 57 76 84 99 102 120
7 30 57 83 106 109 118 124
7 30 57 85 107 108 118 120
7 30 57 86 98 100 105 120
7 30 57 86 101 105 106 116
7 30 57 89 101 110 114 116
7 30 57 89 102 105 114 124
7 30 57 89 102 106 113 116
7 30 57 89 103 106 118 124
7 30 57 89 103 108 116 122
7 30 57 89 103 108 118 120
7 30 57 89 103 109 118 122
7 30 57 89 107 110 117 118
7 30 57 90 97 98 108 116
7 30 57 90 98 101 104 116
7 30 57 90 98 101 108 116
7 30 57 90 99 101 104 116
7 30 57 90 99 101 108 116
7 30 57 90 101 102 105 116
7 30 57 90 107 108 117 118
7 30 57 93 103 106 114 124
7 30 58 65 88 102 104 116
7 30 58 66 69 100 104 112
7 30 58 66 76 97 100 112
7 30 58 66 88 97 108 116
7 30 58 66 88 101 104 116
7 30 58 67 69 108 118 120
7 30 58 67 70 109 117 120
7 30 58 67 88 97 108 116
7 30 58 67 88 101 104 116
7 30 58 69 73 108 114 116
7 30 58 70 81 101 105 112
7 30 58 70 88 97 108 116
7 30 58 73 81 97 102 124
7 30 58 73 81 98 101 124
7 30 58 73 81 101 102 120
7 30 58 73 81 101 106 116
7 30 58 73 82 101 104 116
7 30 58 73 88 101 102 113
7 30 58 75 109 117 118 120
7 30 58 77 110 115 117 120
7 30 58 78 101 114 116 121
7 30 58 81 84 98 101 105
7 30 58 83 105 110 117 124
7 30 58 83 106 109 117 124
7 30 58 85 98 100 105 120
7 30 58 85 102 105 106 116
7 30 58 86 101 106 121 124
7 30 58 90 99 109 117 124
7 30 58 90 101 108 116 120
7 30 58 90 101 108 118 120
7 30 58 90 102 105 117 124
7 30 58 90 103 105 117 124
7 30 58 90 105 108 117 118
7 30 58 91 98 101 108 116
7 30 58 92 98 100 105 113
7 30 58 92 102 105 114 116
7 30 58 92 105 110 115 117
7 30 58 93 99 101 106 116
7 30 59 66 69 100 104 112
7 30 59 67 92 101 106 116
7 30 59 91 98 101 108 116
7 30 60 65 68 98 104 112
7 30 60 65 70 98 104 112
7 30 60 67 81 98 100 104
7 30 60 68 72 80 97 98
7 30 60 68 72 97 98 112
7 30 60 68 81 97 98 104
7 30 60 69 73 106 114 116
7 30 60 69 73 106 115 116
7 30 60 69 76 99 114 120
7 30 60 69 76 107 113 114
7 30 60 69 88 100 107 115
7 30 60 70 81 97 98 104
7 30 60 71 89 102 105 114
7 30 60 73 84 100 106 115
7 30 60 73 84 101 106 115
7 30 60 75 101 108 113 114
7 30 60 76 81 97 102 122
7 30 60 76 81 97 106 116
7 30 60 76 81 99 100 120
7 30 60 76 81 99 100 122
7 30 60 76 81 99 106 116
7 30 60 76 81 102 105 114
7 30 60 76 84 99 106 113
7 30 60 77 99 113 116 122
7 30 60 77 102 106 113 114
7 30 60 77 105 115 118 120
7 30 60 77 107 117 118 122
7 30 60 77 110 115 116 120
7 30 60 77 110 115 116 121
7 30 60 77 110 115 116 122
7 30 60 78 99 113 116 120
7 30 60 78 101 105 113 114
7 30 60 78 107 117 118 121
7 30 60 79 99 113 116 120
7 30 60 85 103 108 121 122
7 30 60 85 105 110 115 120
7 30 60 85 107 108 115 120
7 30 60 86 103 108 121 122
7 30 60 89 97 98 108 116
7 30 60 89 99 102 116 120
7 30 60 90 97 98 108 116
7 30 60 92 97 100 104 112
7 30 60 92 97 100 106 114
7 30 60 92 99 106 113 116
7 30 60 92 99 108 114 120
7 30 60 92 99 108 116 120
7 30 60 92 99 108 116 122
7 30 60 92 99 108 118 122
7 30 60 92 101 105 115 122
7 30 60 92 101 106 114 120
7 30 60 92 101 106 114 121
7 30 60 92 101 107 113 114
7 30 60 92 101 110 115 121
7 30 60 92 102 105 113 114
7 30 60 92 102 105 113 120
7 30 60 92 102 105 113 122
7 30 60 92 102 105 115 120
7 30 60 92 102 106 113 120
7 30 60 92 102 108 113 122
7 30 60 92 102 108 115 122
7 30 60 92 102 109 115 122
7 30 60 92 103 105 113 122
7 30 60 92 103 105 115 120
7 30 60 92 106 108 113 116
7 30 60 92 107 110 115 117
7 30 60 93 99 101 106 114
7 30 60 93 102 109 115 122
7 30 61 67 92 101 106 114
7 30 61 76 82 99 100 120
7 30 65 88 98 100 104 112
7 30 65 92 98 100 104 112
7 30 66 88 97 100 104 112
7 30 66 92 97 100 104 112
7 30 67 69 97 106 116 120
7 30 67 88 97 100 104 112
7 30 67 89 97 98 108 116
7 30 67 92 97 100 104 112
7 30 67 92 98 100 104 112
7 30 67 97 98 108 116 120
7 30 67 97 108 114 116 120
7 30 67 98 108 113 116 120
7 30 69 82 97 106 116 120
7 30 69 90 99 108 116 120
7 30 69 99 108 116 121 122
7 30 69 102 105 113 122 124
7 30 70 88 97 100 104 112
7 30 70 98 100 105 113 120
7 30 70 98 105 113 116 120
7 30 70 101 106 114 121 124
7 30 71 88 105 106 113 116
7 30 71 105 106 113 116 120
7 30 73 84 98 100 104 113
7 30 73 97 108 114 116 120
7 30 73 97 110 114 116 120
7 30 73 101 106 113 118 120
7 30 74 81 97 100 104 112
7 30 74 84 97 98 100 120
7 30 74 88 101 104 114 116
7 30 74 98 108 113 116 120
7 30 74 98 109 113 116 120
7 30 75 85 97 98 100 120
7 30 76 81 97 98 100 120
7 30 76 81 98 100 104 112
7 30 76 100 105 113 114 120
7 30 76 102 105 115 116 120
7 30 77 101 106 113 114 124
7 30 77 101 106 115 116 120
7 30 77 102 106 113 114 124
7 30 78 97 108 114 116 120
7 30 78 98 108 113 116 120
7 30 78 99 108 113 116 120
7 30 78 99 108 114 117 121
7 30 78 101 105 113 114 124
7 30 78 101 106 114 116 121
7 30 78 102 105 113 114 124
7 30 79 110 113 114 116 120
7 30 81 82 101 107 108 112
7 30 81 82 102 105 108 112
7 30 81 97 98 100 104 112
7 30 81 97 98 108 116 120
7 30 81 105 110 114 116 120
7 30 82 84 101 105 106 112
7 30 82 92 98 101 105 112
7 30 82 97 98 108 116 120
7 30 82 98 109 113 116 120
7 30 82 106 109 113 116 120
7 30 83 98 105 108 116 120
7 30 83 102 105 108 116 120
7 30 83 109 110 113 116 120
7 30 83 109 110 114 116 120
7 30 84 88 97 98 108 112
7 30 85 101 105 106 114 120
7 30 85 102 105 106 113 120
7 30 86 98 100 105 113 120
7 30 86 98 105 108 113 120
7 30 86 101 105 106 113 120
7 30 86 101 106 114 121 124
7 30 86 102 105 108 113 120
7 30 86 102 105 113 122 124
7 30 86 102 106 108 113 120
7 30 86 105 108 114 116 120
7 30 86 105 110 114 116 120
7 30 86 106 109 113 116 120
7 30 88 97 98 100 104 112
7 30 88 103 105 106 113 116
7 30 89 97 98 100 104 112
7 30 89 97 98 108 116 120
7 30 89 99 101 106 116 120
7 30 89 99 102 108 116 120
7 30 89 101 102 105 114 120
7 30 89 101 105 106 114 116
7 30 89 102 105 106 113 116
7 30 89 102 105 108 114 116
7 30 89 107 108 117 118 120
7 30 89 107 110 117 118 120
7 30 90 97 98 108 116 120
7 30 90 98 101 108 116 121
7 30 90 101 102 105 113 120
7 30 90 101 105 106 113 116
7 30 90 107 108 117 118 120
7 30 90 109 110 115 117 120
7 30 92 97 98 100 104 112
7 30 92 97 98 108 116 120
7 30 92 99 106 108 113 116
7 30 92 99 108 113 116 120
7 30 92 99 108 113 116 122
7 30 92 99 108 114 116 120
7 30 92 99 108 114 116 121
7 30 92 99 108 116 121 122
7 30 92 101 105 106 115 116
7 30 92 101 106 114 116 121
7 30 92 102 105 108 113 114
7 30 92 102 105 113 116 120
7 30 92 102 105 113 116 122
7 30 92 102 105 114 116 120
7 30 92 102 105 115 116 120
7 30 92 103 108 116 121 122
7 30 92 105 110 115 117 120
7 30 92 107 108 117 118 122
7 31 33 65 110 114 116 120
7 31 33 65 110 118 122 124
7 31 33 67 98 108 116 120
7 31 33 67 108 114 116 120
7 31 33 73 110 114 116 120
7 31 33 83 98 108 116 120
7 31 33 83 106 108 116 120
7 31 33 89 102 108 116 122
7 31 33 91 98 108 116 120
7 31 33 91 102 108 116 120
7 31 33 93 102 106 114 124
7 31 34 66 97 108 116 120
7 31 34 66 108 113 116 120
7 31 34 74 108 113 116 120
7 31 34 82 97 108 116 120
7 31 34 90 97 108 116 120
7 31 34 90 101 108 116 120
7 31 34 94 97 100 104 112
7 31 34 94 97 108 116 120
7 31 35 65 66 108 116 120
7 31 35 65 94 100 104 112
7 31 35 71 108 116 121 122
7 31 35 77 108 114 116 120
7 31 35 89 102 108 116 122
7 31 35 90 97 108 116 120
7 31 35 91 101 108 118 120
7 31 35 91 102 108 116 120
7 31 35 94 97 100 104 112
7 31 35 94 97 108 116 120
7 31 36 92 97 98 104 112
7 31 37 67 92 98 104 112
7 31 37 73 110 114 116 120
7 31 37 83 106 108 116 120
7 31 37 85 106 108 114 120
7 31 37 91 98 108 116 120
7 31 37 93 100 106 114 120
7 31 38 66 92 97 104 112
7 31 38 74 84 97 104 112
7 31 38 74 108 113 116 120
7 31 38 78 105 114 117 120
7 31 38 86 106 108 113 120
7 31 38 87 106 108 113 120
7 31 38 90 97 108 116 120
7 31 38 92 97 98 104 112
7 31 38 94 98 105 117 120
7 31 38 94 98 108 113 120
7 31 38 94 101 106 113 120
7 31 39 76 84 105 114 120
7 31 39 77 106 113 114 124
7 31 39 94 105 106 113 116
7 31 40 88 97 98 100 112
7 31 41 67 108 114 116 120
7 31 41 73 102 114 116 120
7 31 41 83 98 108 116 120
7 31 41 89 102 104 114 116
7 31 42 82 97 108 116 120
7 31 44 68 88 97 98 112
7 31 44 79 97 114 116 120
7 31 44 79 100 113 114 120
7 31 44 84 97 98 104 112
7 31 44 92 100 104 113 114
7 31 44 92 100 106 113 114
7 31 44 92 100 107 113 114
7 31 44 92 101 106 113 114
7 31 44 94 100 105 113 114
7 31 45 76 84 99 114 120
7 31 45 85 100 106 114 120
7 31 45 85 102 106 114 120
7 31 45 94 101 106 113 114
7 31 46 78 97 114 116 120
7 31 46 83 97 108 116 120
7 31 46 86 98 108 113 120
7 31 46 86 107 117 122 124
7 31 46 90 98 101 116 121
7 31 46 90 102 105 113 116
7 31 46 94 97 98 116 120
7 31 46 94 101 105 113 114
7 31 47 48 81 82 100 104
7 31 47 65 76 114 116 120
7 31 47 67 76 114 116 120
7 31 47 69 74 113 114 124
7 31 47 79 113 114 116 120
7 31 47 81 82 100 104 112
7 31 47 87 107 117 122 124
7 31 48 80 97 98 100 104
7 31 48 81 82 101 106 108
7 31 49 67 98 108 116 120
7 31 49 81 102 106 108 112
7 31 49 81 106 108 118 120
7 31 50 82 105 108 116 120
7 31 50 83 109 110 116 120
7 31 50 94 97 100 104 112
7 31 51 65 92 98 100 104
7 31 51 83 109 110 116 120
7 31 51 92 97 98 100 104
7 31 52 92 97 98 104 112
7 31 53 86 100 105 106 120
7 31 54 90 99 109 116 120
7 31 56 72 80 97 98 100
7 31 56 73 88 99 102 116
7 31 56 88 97 98 100 112
7 31 56 88 105 108 114 116
7 31 56 88 106 108 113 118
7 31 56 88 106 108 117 118
7 31 56 88 107 108 117 118
7 31 56 88 107 110 117 118
7 31 56 89 107 110 117 118
7 31 56 91 97 98 108 116
7 31 56 93 97 102 104 114
7 31 56 94 98 100 104 112
7 31 56 94 98 100 104 113
7 31 57 90 97 98 108 116
7 31 57 90 97 102 104 116
7 31 57 90 97 102 108 116
7 31 57 94 97 98 108 116
7 31 58 66 76 97 100 112
7 31 58 90 98 101 108 116
7 31 58 91 98 101 108 116
7 31 58 92 97 98 100 112
7 31 58 92 98 100 104 112
7 31 58 92 98 100 104 113
7 31 60 68 72 80 97 98
7 31 60 68 72 97 98 112
7 31 60 69 74 97 98 112
7 31 60 76 84 99 105 114
7 31 60 77 100 106 113 114
7 31 60 77 102 106 113 114
7 31 60 77 107 117 118 122
7 31 60 91 97 98 108 116
7 31 60 92 97 98 104 112
7 31 60 92 97 100 104 114
7 31 60 92 97 100 106 114
7 31 60 92 98 100 104 112
7 31 60 92 107 109 115 118
7 31 60 93 97 100 106 114
7 31 60 93 97 102 106 114
7 31 60 94 98 100 104 112
7 31 61 65 70 98 104 112
7 31 61 93 97 102 106 114
7 31 62 66 68 97 104 112
7 31 62 74 84 102 105 113
7 31 62 94 98 100 104 112
7 31 65 88 98 100 104 112
7 31 65 92 98 100 104 112
7 31 65 94 98 100 104 112
7 31 67 92 98 100 104 112
7 31 67 97 98 108 116 120
7 31 67 97 108 114 116 120
7 31 69 88 98 100 104 112
7 31 70 101 106 114 121 124
7 31 71 102 105 113 122 124
7 31 73 97 110 114 116 120
7 31 74 84 97 98 100 120
7 31 74 98 108 113 116 120
7 31 76 101 106 115 116 120
7 31 77 99 108 114 116 120
7 31 77 102 106 113 114 124
7 31 78 97 108 114 116 120
7 31 78 101 106 114 116 121
7 31 78 102 105 113 114 124
7 31 81 82 101 106 108 112
7 31 81 105 110 114 116 120
7 31 82 97 98 108 116 120
7 31 83 97 98 108 116 120
7 31 83 97 106 108 116 120
7 31 83 101 106 108 116 120
7 31 83 109 110 114 116 120
7 31 85 101 106 108 114 120
7 31 86 102 106 108 113 120
7 31 88 97 98 100 104 112
7 31 89 97 102 108 116 122
7 31 89 107 110 117 118 120
7 31 90 97 98 108 116 120
7 31 90 98 101 108 116 120
7 31 91 97 98 108 116 120
7 31 91 97 102 108 116 120
7 31 92 97 98 100 104 112
7 31 92 97 98 108 116 120
7 31 92 99 105 108 114 116
7 31 92 101 106 108 113 114
7 31 93 97 102 106 114 124
7 31 93 101 102 106 114 120
7 31 94 97 98 100 104 112
7 31 94 97 98 108 116 120
7 31 94 99 101 106 116 121
7 31 94 102 105 106 113 116
7 33 34 36 73 86 88 96
7 33 34 36 74 84 88 96
7 33 34 44 66 84 88 112
7 33 34 48 68 72 80 96
7 33 34 48 76 84 88 96
7 33 34 48 76 84 90 96
7 33 34 48 76 84 91 96
7 33 34 48 76 85 90 96
7 33 34 52 78 86 89 104
7 33 34 56 66 76 84 96
7 33 34 56 66 76 84 112
7 33 34 56 67 76 84 96
7 33 34 56 67 76 84 112
7 33 34 56 73 82 92 100
7 33 34 56 76 82 84 96
7 33 34 56 76 82 84 104
7 33 34 56 76 83 84 96
7 33 34 56 76 83 84 104
7 33 34 56 76 84 88 96
7 33 34 56 76 84 88 100
7 33 34 56 76 84 90 96
7 33 34 56 76 84 91 96
7 33 34 56 78 86 89 100
7 33 34 60 76 84 88 96
7 33 34 60 78 86 89 96
7 33 34 66 76 84 88 96
7 33 34 66 84 88 108 112
7 33 34 66 92 100 104 112
7 33 34 66 92 108 116 120
7 33 34 67 76 84 88 96
7 33 34 67 92 100 104 112
7 33 34 67 94 108 116 120
7 33 34 69 82 92 104 112
7 33 34 69 90 92 104 112
7 33 34 73 82 92 100 120
7 33 34 82 92 100 104 112
7 33 36 48 74 84 88 96
7 33 36 56 76 82 84 104
7 33 36 56 76 84 90 96
7 33 36 56 76 84 90 98
7 33 36 56 78 83 92 96
7 33 36 56 78 86 89 96
7 33 36 58 67 76 84 120
7 33 36 58 70 73 84 120
7 33 36 66 68 88 104 112
7 33 36 68 82 88 104 112
7 33 36 68 88 98 104 112
7 33 36 70 90 92 104 112
7 33 36 70 90 93 104 112
7 33 36 76 84 90 98 120
7 33 38 50 69 90 92 104
7 33 38 52 65 76 90 120
7 33 38 52 76 81 90 104
7 33 38 56 73 82 84 104
7 33 38 56 73 82 92 96
7 33 38 56 73 84 90 100
7 33 38 56 74 82 92 100
7 33 38 56 76 84 90 96
7 33 38 56 77 85 90 98
7 33 38 58 73 86 92 96
7 33 38 60 69 74 82 120
7 33 38 60 74 76 82 112
7 33 38 60 74 82 92 96
7 33 38 65 90 92 104 112
7 33 38 65 90 92 106 116
7 33 38 66 68 88 104 112
7 33 38 67 89 108 116 122
7 33 38 69 90 92 104 112
7 33 38 70 90 92 104 112
7 33 38 73 92 100 114 120
7 33 38 74 82 92 100 120
7 33 38 74 84 88 104 112
7 33 38 77 85 90 98 120
7 33 38 85 90 98 108 120
7 33 38 90 92 100 104 112
7 33 40 48 66 68 88 96
7 33 40 48 66 84 88 96
7 33 40 48 70 90 92 96
7 33 40 48 70 90 93 96
7 33 40 48 71 90 92 96
7 33 40 48 74 84 88 96
7 33 40 48 78 85 90 96
7 33 40 52 66 76 88 112
7 33 40 52 76 82 88 96
7 33 40 54 67 76 88 112
7 33 40 54 74 76 81 112
7 33 40 74 86 88 100 112
7 33 40 74 86 89 100 112
7 33 40 89 94 98 100 112
7 33 42 44 65 86 88 112
7 33 42 50 69 90 92 100
7 33 42 52 69 82 92 104
7 33 42 52 69 90 92 96
7 33 42 52 69 90 92 98
7 33 42 52 70 90 92 96
7 33 42 52 76 82 88 96
7 33 42 52 76 82 88 100
7 33 42 52 78 86 89 96
7 33 42 56 76 82 84 100
7 33 42 60 69 86 89 98
7 33 42 65 82 92 100 112
7 33 42 65 84 98 100 120
7 33 42 66 84 88 100 112
7 33 42 67 86 92 100 120
7 33 42 69 86 89 98 124
7 33 42 76 81 84 98 112
7 33 42 84 88 98 100 112
7 33 44 48 66 84 88 96
7 33 44 48 67 84 88 98
7 33 44 48 69 82 88 98
7 33 44 50 65 84 88 98
7 33 44 50 67 84 88 96
7 33 44 50 67 84 88 104
7 33 44 50 70 73 84 120
7 33 44 50 76 84 88 96
7 33 44 50 76 84 88 98
7 33 44 52 65 70 90 120
7 33 44 52 66 76 88 112
7 33 44 52 67 90 92 96
7 33 44 52 68 82 88 104
7 33 44 52 70 81 90 104
7 33 44 52 70 82 89 104
7 33 44 52 70 89 90 96
7 33 44 52 73 86 90 96
7 33 44 52 76 82 88 96
7 33 44 52 76 82 88 98
7 33 44 56 65 74 86 112
7 33 44 56 66 84 88 96
7 33 44 56 72 82 84 96
7 33 44 56 73 82 84 98
7 33 44 56 74 81 86 96
7 33 44 56 74 82 84 96
7 33 44 56 74 82 84 100
7 33 44 56 74 82 85 96
7 33 44 58 70 84 88 96
7 33 44 65 82 84 98 120
7 33 44 65 90 102 116 120
7 33 44 67 88 104 114 116
7 33 44 67 92 100 114 120
7 33 44 69 82 88 98 112
7 33 44 69 90 98 116 120
7 33 44 69 90 104 114 116
7 33 44 70 82 89 104 116
7 33 44 73 86 90 100 112
7 33 44 74 84 88 100 114
7 33 44 74 84 100 114 120
7 33 44 74 86 89 100 112
7 33 44 76 82 84 98 120
7 33 44 76 82 98 116 120
7 33 44 81 86 100 106 120
7 33 44 82 92 100 104 112
7 33 44 84 90 100 114 120
7 33 44 85 90 98 104 112
7 33 44 86 89 98 100 120
7 33 46 48 67 84 88 96
7 33 46 54 65 90 92 96
7 33 46 71 89 114 116 120
7 33 46 73 94 114 116 120
7 33 46 82 92 98 116 120
7 33 46 83 93 98 116 120
7 33 46 85 89 102 114 120
7 33 48 66 68 72 80 96
7 33 48 78 81 82 100 104
7 33 48 81 94 98 100 104
7 33 50 56 73 76 84 98
7 33 50 65 70 92 104 112
7 33 50 65 74 92 100 120
7 33 50 65 76 98 116 120
7 33 50 65 92 98 116 120
7 33 50 65 92 106 116 120
7 33 50 65 92 110 116 120
7 33 50 66 76 88 104 116
7 33 50 66 92 100 104 112
7 33 50 66 92 108 116 120
7 33 50 67 92 100 104 112
7 33 50 67 94 108 116 120
7 33 50 70 73 92 104 112
7 33 50 73 92 102 104 112
7 33 50 74 76 84 100 120
7 33 50 74 81 92 100 104
7 33 50 74 92 100 104 112
7 33 50 74 92 108 116 120
7 33 50 76 81 98 116 120
7 33 50 76 88 98 104 116
7 33 50 81 92 98 100 104
7 33 50 81 92 98 100 120
7 33 50 81 92 100 106 112
7 33 50 81 92 100 106 120
7 33 50 82 92 100 104 112
7 33 50 83 92 100 104 112
7 33 50 84 88 98 108 112
7 33 50 84 88 106 108 112
7 33 50 86 92 106 108 112
7 33 50 89 94 98 108 116
7 33 50 90 92 100 104 112
7 33 50 91 93 102 108 112
7 33 52 56 65 74 82 100
7 33 52 56 65 78 82 96
7 33 52 56 69 74 82 96
7 33 52 56 69 74 82 104
7 33 52 56 70 73 82 104
7 33 52 58 70 76 81 104
7 33 52 65 74 82 100 120
7 33 52 65 76 82 98 120
7 33 52 65 76 90 102 120
7 33 52 66 68 88 104 112
7 33 52 66 76 88 104 112
7 33 52 66 88 100 104 112
7 33 52 68 74 88 104 112
7 33 52 70 74 88 104 112
7 33 52 70 74 89 104 112
7 33 52 70 76 90 104 112
7 33 52 73 74 82 100 120
7 33 52 73 86 100 106 120
7 33 52 74 76 81 98 120
7 33 52 74 76 82 100 120
7 33 52 74 81 98 100 120
7 33 52 74 82 88 100 104
7 33 52 74 82 89 100 104
7 33 52 74 82 92 100 104
7 33 52 74 82 93 100 104
7 33 52 74 84 88 98 104
7 33 52 74 88 100 104 112
7 33 52 76 83 100 106 120
7 33 52 76 84 90 98 104
7 33 52 76 88 98 104 112
7 33 52 78 89 100 104 114
7 33 52 78 89 100 114 120
7 33 52 82 88 100 104 112
7 33 52 83 92 100 106 120
7 33 52 84 88 98 104 112
7 33 52 84 88 106 108 112
7 33 52 89 94 98 100 104
7 33 52 89 94 100 104 114
7 33 52 90 92 100 104 112
7 33 54 56 74 76 81 96
7 33 54 66 68 88 104 112
7 33 54 66 76 88 104 112
7 33 54 67 89 106 108 116
7 33 54 67 89 108 116 122
7 33 54 67 92 106 116 120
7 33 54 69 90 98 108 120
7 33 54 74 92 108 114 120
7 33 54 75 93 108 114 120
7 33 54 76 81 100 106 120
7 33 54 76 88 98 104 112
7 33 54 77 89 106 114 124
7 33 54 81 92 100 106 120
7 33 54 91 93 102 108 120
7 33 56 65 70 82 100 104
7 33 56 65 74 84 98 100
7 33 56 65 78 104 114 116
7 33 56 66 68 72 80 96
7 33 56 66 68 88 104 112
7 33 56 66 88 100 104 112
7 33 56 66 92 100 104 112
7 33 56 67 70 84 104 112
7 33 56 67 70 92 104 112
7 33 56 67 76 84 98 112
7 33 56 67 92 102 104 112
7 33 56 70 73 82 104 116
7 33 56 70 74 81 100 112
7 33 56 70 74 84 104 112
7 33 56 70 74 85 104 112
7 33 56 70 81 82 100 104
7 33 56 70 81 98 100 104
7 33 56 70 82 88 100 104
7 33 56 70 82 89 100 104
7 33 56 70 88 98 100 112
7 33 56 70 88 98 104 116
7 33 56 70 88 100 104 112
7 33 56 70 88 104 114 116
7 33 56 73 74 86 100 112
7 33 56 73 86 98 108 112
7 33 56 73 94 104 114 116
7 33 56 73 94 108 114 116
7 33 56 73 94 110 114 116
7 33 56 74 82 84 100 104
7 33 56 74 82 85 100 104
7 33 56 74 84 88 98 100
7 33 56 74 84 98 100 112
7 33 56 74 84 100 104 112
7 33 56 74 84 102 104 112
7 33 56 75 85 94 98 100
7 33 56 76 81 86 100 106
7 33 56 76 82 84 100 104
7 33 56 76 82 98 104 116
7 33 56 76 84 88 98 100
7 33 56 76 88 104 114 116
7 33 56 78 81 104 114 116
7 33 56 78 86 89 98 100
7 33 56 78 88 104 114 116
7 33 56 78 89 104 114 116
7 33 56 78 92 104 114 116
7 33 56 81 86 106 108 112
7 33 56 81 94 98 100 104
7 33 56 82 88 100 104 112
7 33 56 82 92 100 104 112
7 33 56 84 88 98 108 112
7 33 56 84 90 102 108 112
7 33 56 86 88 106 108 116
7 33 56 86 89 98 108 112
7 33 56 86 92 100 106 112
7 33 56 89 94 98 100 112
7 33 56 89 94 98 104 116
7 33 56 89 94 98 108 116
7 33 56 90 92 100 104 112
7 33 56 90 92 102 104 112
7 33 56 90 92 102 104 116
7 33 58 60 70 74 84 96
7 33 58 65 76 84 102 120
7 33 58 65 92 102 104 112
7 33 58 65 92 102 106 116
7 33 58 65 92 106 116 120
7 33 58 65 92 110 118 120
7 33 58 66 76 84 100 120
7 33 58 67 76 84 100 120
7 33 58 67 92 108 116 120
7 33 58 67 92 108 118 120
7 33 58 67 94 108 116 120
7 33 58 70 88 98 108 116
7 33 58 70 89 98 108 116
7 33 58 70 92 100 104 112
7 33 58 70 92 108 116 120
7 33 58 71 89 98 108 116
7 33 58 73 94 108 114 116
7 33 58 74 76 84 100 112
7 33 58 76 81 102 116 120
7 33 58 76 84 88 98 100
7 33 58 76 84 98 100 120
7 33 58 76 84 100 114 120
7 33 58 77 85 102 114 120
7 33 58 78 92 108 114 116
7 33 58 79 93 104 114 116
7 33 58 81 92 102 106 116
7 33 58 81 94 98 108 116
7 33 58 82 92 100 104 112
7 33 58 84 88 102 108 112
7 33 58 85 89 102 108 114
7 33 58 86 89 98 108 116
7 33 58 86 92 100 104 112
7 33 58 89 94 98 108 116
7 33 58 90 92 102 108 116
7 33 58 91 93 102 108 116
7 33 60 65 70 90 104 112
7 33 60 65 70 90 106 116
7 33 60 65 74 82 100 112
7 33 60 65 74 82 100 120
7 33 60 65 78 114 116 120
7 33 60 65 86 100 106 120
7 33 60 65 86 106 116 120
7 33 60 65 90 108 118 120
7 33 60 66 68 72 80 96
7 33 60 66 68 88 104 112
7 33 60 66 92 100 104 112
7 33 60 66 92 108 116 120
7 33 60 67 69 106 118 120
7 33 60 67 81 108 118 122
7 33 60 69 70 90 104 112
7 33 60 69 74 82 100 120
7 33 60 69 82 106 116 120
7 33 60 69 90 98 104 112
7 33 60 69 90 98 104 116
7 33 60 69 90 98 116 120
7 33 60 69 90 106 116 120
7 33 60 69 90 108 118 120
7 33 60 69 90 110 118 120
7 33 60 69 94 106 118 120
7 33 60 69 94 108 114 120
7 33 60 70 73 82 104 112
7 33 60 70 73 90 98 116
7 33 60 70 73 106 114 116
7 33 60 70 74 81 108 114
7 33 60 70 74 84 104 114
7 33 60 70 76 90 98 112
7 33 60 70 82 89 100 104
7 33 60 70 88 98 104 112
7 33 60 70 89 106 114 116
7 33 60 70 89 108 116 122
7 33 60 71 89 106 114 116
7 33 60 71 91 108 116 122
7 33 60 73 82 98 116 120
7 33 60 73 86 106 116 120
7 33 60 73 90 98 116 120
7 33 60 73 90 102 116 120
7 33 60 74 76 82 100 112
7 33 60 74 81 82 100 104
7 33 60 74 81 108 114 120
7 33 60 74 81 108 118 120
7 33 60 74 84 100 104 114
7 33 60 74 84 100 114 120
7 33 60 74 85 108 114 120
7 33 60 74 86 108 114 120
7 33 60 74 88 104 114 116
7 33 60 74 92 102 114 120
7 33 60 75 85 108 118 122
7 33 60 75 87 108 114 120
7 33 60 76 82 84 98 104
7 33 60 76 82 98 100 120
7 33 60 76 82 98 104 112
7 33 60 76 82 98 116 120
7 33 60 76 82 100 104 112
7 33 60 76 86 106 116 120
7 33 60 76 88 104 114 116
7 33 60 77 82 98 116 120
7 33 60 77 83 106 118 120
7 33 60 78 81 98 116 120
7 33 60 78 81 100 104 114
7 33 60 78 81 100 114 120
7 33 60 78 81 102 114 120
7 33 60 78 82 98 116 120
7 33 60 78 88 104 114 116
7 33 60 78 89 108 114 116
7 33 60 78 90 104 114 116
7 33 60 78 90 108 114 116
7 33 60 78 92 100 114 120
7 33 60 79 83 98 116 120
7 33 60 81 94 98 100 104
7 33 60 81 94 100 104 114
7 33 60 82 84 98 104 112
7 33 60 82 88 100 104 112
7 33 60 82 88 100 106 112
7 33 60 82 92 100 104 112
7 33 60 82 92 102 106 112
7 33 60 83 93 102 106 112
7 33 60 83 93 102 106 120
7 33 60 84 88 98 104 112
7 33 60 84 88 98 108 112
7 33 60 85 90 98 108 120
7 33 60 85 91 102 108 122
7 33 60 86 88 106 108 114
7 33 60 86 89 106 108 114
7 33 60 86 90 98 108 112
7 33 60 86 90 98 108 120
7 33 60 86 92 106 108 114
7 33 60 87 89 106 108 114
7 33 60 87 91 98 108 112
7 33 60 87 91 98 108 120
7 33 60 87 91 106 108 116
7 33 60 89 94 98 108 116
7 33 60 90 92 98 104 112
7 33 60 90 92 100 104 112
7 33 60 90 92 102 104 112
7 33 60 90 92 102 104 114
7 33 60 91 93 102 104 114
7 33 60 91 93 102 108 114
7 33 62 66 68 72 80 96
7 33 62 66 68 88 104 112
7 33 62 67 69 106 116 120
7 33 62 67 81 108 116 122
7 33 62 67 89 98 108 116
7 33 62 67 89 108 114 116
7 33 62 67 89 108 116 122
7 33 62 70 74 84 104 112
7 33 62 70 88 100 104 112
7 33 62 71 89 108 116 122
7 33 62 73 81 102 122 124
7 33 62 74 84 98 100 120
7 33 62 75 85 98 100 120
7 33 62 75 85 102 122 124
7 33 62 75 85 108 114 120
7 33 62 76 82 98 116 120
7 33 62 76 86 106 116 120
7 33 62 76 88 104 114 116
7 33 62 77 83 98 116 120
7 33 62 78 86 106 116 120
7 33 62 78 88 104 114 116
7 33 62 78 92 100 114 120
7 33 62 79 89 104 114 116
7 33 62 82 88 100 104 112
7 33 62 82 92 100 104 112
7 33 62 83 93 102 106 124
7 33 62 84 88 98 108 112
7 33 62 85 89 106 108 114
7 33 62 85 91 102 108 120
7 33 62 87 93 100 106 120
7 33 62 90 92 100 104 112
7 33 62 90 92 102 104 112
7 33 62 91 93 102 104 112
7 33 62 91 93 102 106 116
7 33 65 70 74 84 104 112
7 33 65 74 84 98 100 120
7 33 65 76 82 98 116 120
7 33 65 76 86 106 116 120
7 33 65 78 86 106 116 120
7 33 65 78 88 104 114 116
7 33 65 78 92 100 114 120
7 33 65 82 98 108 116 120
7 33 65 90 92 102 104 112
7 33 65 90 98 108 116 120
7 33 65 90 102 108 116 120
7 33 65 90 108 114 116 120
7 33 65 92 110 114 116 120
7 33 65 94 98 100 104 112
7 33 65 94 98 108 116 120
7 33 65 94 108 114 116 120
7 33 65 94 110 114 116 120
7 33 65 94 110 118 122 124
7 33 67 69 94 106 116 120
7 33 67 89 94 98 108 116
7 33 67 90 92 100 104 112
7 33 67 92 98 100 104 112
7 33 67 94 98 108 116 120
7 33 67 94 108 114 116 120
7 33 69 78 90 98 116 120
7 33 69 90 98 108 116 120
7 33 73 94 108 114 116 120
7 33 73 94 110 114 116 120
7 33 75 85 94 98 100 120
7 33 76 81 86 100 106 120
7 33 78 81 92 100 104 114
7 33 78 86 89 98 100 120
7 33 81 90 98 108 116 120
7 33 81 94 98 100 104 112
7 33 81 94 98 108 116 120
7 33 89 94 98 100 104 112
7 33 89 94 98 108 116 120
7 34 36 40 70 81 88 96
7 34 36 48 73 86 88 96
7 34 36 56 65 74 84 96
7 34 36 56 65 74 84 112
7 34 36 56 74 81 84 96
7 34 36 56 74 81 84 104
7 34 36 56 74 84 89 96
7 34 36 56 75 85 94 96
7 34 36 56 77 83 86 104
7 34 36 56 78 81 86 104
7 34 36 56 78 86 89 96
7 34 36 65 74 84 88 96
7 34 36 70 89 92 104 112
7 34 37 44 74 86 89 112
7 34 37 56 74 82 92 100
7 34 37 56 74 83 92 100
7 34 37 56 74 86 89 100
7 34 37 56 78 86 89 96
7 34 37 57 74 82 92 100
7 34 37 60 70 73 82 120
7 34 37 60 70 82 89 104
7 34 37 60 74 82 89 100
7 34 37 60 74 86 89 96
7 34 37 67 90 108 116 120
7 34 37 74 82 92 100 120
7 34 37 74 82 92 100 121
7 34 37 74 83 92 100 120
7 34 37 78 90 97 116 120
7 34 37 91 94 100 104 112
7 34 40 48 69 90 92 96
7 34 40 52 67 76 88 112
7 34 40 52 70 73 88 112
7 34 40 52 73 76 82 112
7 34 40 74 81 92 100 112
7 34 41 56 76 82 84 96
7 34 41 66 84 88 100 112
7 34 41 83 94 108 116 120
7 34 44 48 67 84 88 96
7 34 44 48 70 81 88 96
7 34 44 52 65 70 90 120
7 34 44 52 65 86 90 104
7 34 44 52 67 86 89 104
7 34 44 52 67 89 90 100
7 34 44 52 67 89 94 96
7 34 44 52 70 81 90 104
7 34 44 52 70 82 89 104
7 34 44 52 70 89 90 96
7 34 44 52 71 89 90 96
7 34 44 52 73 86 90 96
7 34 44 56 66 81 84 104
7 34 44 57 74 82 85 100
7 34 44 66 81 88 104 116
7 34 44 66 84 88 97 112
7 34 44 67 85 90 100 120
7 34 44 70 82 89 104 116
7 34 44 70 83 105 116 120
7 34 44 70 85 90 97 120
7 34 44 73 86 90 100 112
7 34 44 74 82 85 100 121
7 34 44 74 84 100 113 120
7 34 44 74 86 89 100 112
7 34 44 75 86 100 113 120
7 34 44 78 83 97 116 120
7 34 44 81 82 100 104 112
7 34 44 81 94 100 104 112
7 34 44 83 94 100 104 112
7 34 44 85 90 100 104 112
7 34 44 86 91 100 113 120
7 34 45 83 94 108 116 120
7 34 48 65 82 92 100 104
7 34 48 82 92 97 100 104
7 34 49 56 66 76 84 96
7 34 49 56 66 76 84 104
7 34 49 66 76 88 104 116
7 34 49 66 92 100 104 112
7 34 49 66 92 108 116 120
7 34 49 67 94 108 116 120
7 34 49 74 92 100 104 112
7 34 49 82 92 100 104 112
7 34 52 56 65 76 82 96
7 34 52 56 65 76 82 104
7 34 52 56 66 76 81 96
7 34 52 56 66 76 81 104
7 34 52 56 73 76 82 96
7 34 52 56 73 76 82 100
7 34 52 56 74 77 83 100
7 34 52 65 66 88 108 112
7 34 52 65 90 100 104 112
7 34 52 66 76 89 100 120
7 34 52 66 88 97 108 112
7 34 52 70 73 88 104 112
7 34 52 70 77 90 104 113
7 34 52 70 90 93 97 104
7 34 52 73 76 82 100 120
7 34 52 73 82 92 100 104
7 34 52 73 90 100 104 112
7 34 52 74 77 83 100 120
7 34 52 74 89 100 104 112
7 34 52 76 82 89 100 104
7 34 52 77 83 90 100 104
7 34 52 78 86 89 97 104
7 34 52 81 90 100 104 112
7 34 52 82 89 100 104 112
7 34 52 82 92 100 105 120
7 34 52 86 90 105 108 112
7 34 52 87 90 105 108 112
7 34 52 89 90 100 104 112
7 34 52 89 94 100 104 112
7 34 52 90 93 100 104 112
7 34 52 91 94 100 104 112
7 34 52 91 94 101 104 112
7 34 53 67 90 108 116 120
7 34 53 75 90 108 116 120
7 34 53 78 90 105 116 120
7 34 53 86 90 105 108 120
7 34 53 91 94 100 104 112
7 34 56 65 66 76 84 96
7 34 56 65 70 100 104 112
7 34 56 65 74 84 100 112
7 34 56 65 76 82 104 116
7 34 56 65 82 92 100 104
7 34 56 65 94 100 104 112
7 34 56 66 69 84 104 112
7 34 56 66 69 100 104 112
7 34 56 66 73 84 100 112
7 34 56 66 76 81 104 116
7 34 56 66 76 84 97 112
7 34 56 66 76 104 113 116
7 34 56 67 92 100 104 112
7 34 56 69 74 84 104 112
7 34 56 69 82 100 104 112
7 34 56 69 90 100 104 112
7 34 56 70 81 100 104 112
7 34 56 70 89 100 104 112
7 34 56 73 86 100 104 112
7 34 56 74 84 97 100 112
7 34 56 74 85 100 104 112
7 34 56 76 81 82 100 104
7 34 56 76 82 84 97 104
7 34 56 76 82 97 104 116
7 34 56 76 82 100 104 113
7 34 56 76 82 104 113 116
7 34 56 79 94 104 113 116
7 34 56 81 94 100 104 112
7 34 56 82 92 97 100 104
7 34 56 82 92 97 104 116
7 34 56 85 90 100 104 112
7 34 56 86 89 100 104 112
7 34 56 87 90 105 108 116
7 34 56 89 94 100 104 112
7 34 56 90 93 100 104 112
7 34 56 91 94 101 104 116
7 34 56 93 94 100 104 112
7 34 57 60 69 74 82 100
7 34 57 66 76 84 100 120
7 34 57 67 70 108 116 120
7 34 57 67 94 108 116 120
7 34 57 70 74 108 113 116
7 34 57 70 90 97 108 116
7 34 57 70 90 108 113 116
7 34 57 71 90 108 116 120
7 34 57 71 94 100 104 112
7 34 57 74 86 108 117 120
7 34 57 75 86 108 116 120
7 34 57 78 82 101 116 120
7 34 57 78 86 97 100 120
7 34 57 78 86 97 116 120
7 34 57 78 86 100 113 120
7 34 57 78 86 105 116 120
7 34 57 86 90 97 108 116
7 34 57 86 90 101 108 112
7 34 57 86 90 101 108 120
7 34 57 86 90 105 108 116
7 34 60 65 90 100 104 112
7 34 60 65 90 108 116 120
7 34 60 65 94 100 104 112
7 34 60 65 94 108 116 120
7 34 60 66 89 100 104 112
7 34 60 66 89 108 116 120
7 34 60 67 70 108 113 120
7 34 60 67 82 108 116 120
7 34 60 67 82 108 116 121
7 34 60 67 90 97 108 116
7 34 60 67 90 108 113 116
7 34 60 67 90 108 116 120
7 34 60 67 90 108 116 121
7 34 60 67 94 100 104 112
7 34 60 67 94 108 116 120
7 34 60 69 70 90 104 112
7 34 60 69 74 82 100 120
7 34 60 69 74 82 100 121
7 34 60 69 74 82 108 113
7 34 60 69 90 100 104 112
7 34 60 69 90 108 116 120
7 34 60 70 74 89 97 116
7 34 60 70 74 105 113 116
7 34 60 70 82 89 100 104
7 34 60 70 82 105 116 120
7 34 60 70 82 105 117 120
7 34 60 70 83 100 105 120
7 34 60 70 83 105 116 120
7 34 60 70 89 100 104 112
7 34 60 70 89 108 116 120
7 34 60 70 90 100 105 113
7 34 60 70 90 105 113 116
7 34 60 70 90 108 116 121
7 34 60 71 90 108 116 121
7 34 60 73 82 100 104 112
7 34 60 73 82 108 116 120
7 34 60 74 77 82 100 113
7 34 60 74 82 93 97 100
7 34 60 74 86 108 113 120
7 34 60 75 86 100 104 113
7 34 60 75 86 100 113 120
7 34 60 75 86 108 113 120
7 34 60 78 82 97 116 120
7 34 60 78 83 97 100 120
7 34 60 78 83 97 116 120
7 34 60 78 83 100 104 112
7 34 60 78 83 108 116 120
7 34 60 78 90 104 113 116
7 34 60 78 90 108 113 116
7 34 60 79 90 104 113 116
7 34 60 81 82 100 104 112
7 34 60 81 90 100 104 112
7 34 60 81 94 100 104 112
7 34 60 82 89 100 104 112
7 34 60 82 93 100 104 112
7 34 60 83 90 105 108 116
7 34 60 83 94 100 104 112
7 34 60 85 90 100 104 112
7 34 60 86 90 97 108 112
7 34 60 86 90 97 108 120
7 34 60 86 90 105 108 113
7 34 60 86 91 101 108 120
7 34 60 87 94 100 105 120
7 34 60 89 90 100 104 112
7 34 60 89 94 100 104 112
7 34 60 90 93 100 104 112
7 34 60 91 94 100 104 112
7 34 60 91 94 101 104 112
7 34 60 93 94 100 104 112
7 34 61 67 82 108 116 120
7 34 61 67 90 108 116 120
7 34 61 67 94 100 104 112
7 34 61 67 94 108 116 120
7 34 61 70 82 105 116 120
7 34 61 70 90 108 116 121
7 34 61 71 90 100 104 112
7 34 61 74 86 108 113 120
7 34 61 78 82 97 116 120
7 34 61 78 83 108 116 120
7 34 61 78 90 104 113 116
7 34 61 83 94 100 104 112
7 34 61 86 90 97 108 112
7 34 61 86 90 97 108 120
7 34 61 86 90 105 108 116
7 34 61 91 94 100 104 112
7 34 65 66 92 100 104 112
7 34 65 66 92 108 116 120
7 34 65 82 92 100 104 112
7 34 66 69 88 100 104 112
7 34 66 76 88 104 113 116
7 34 66 81 92 100 104 112
7 34 66 84 88 97 108 112
7 34 66 89 92 100 104 112
7 34 66 92 97 100 104 112
7 34 66 92 97 108 116 120
7 34 66 92 108 113 116 120
7 34 67 93 94 100 104 112
7 34 70 89 92 100 104 112
7 34 71 90 93 100 104 112
7 34 73 82 92 100 104 112
7 34 82 92 97 100 104 112
7 35 36 40 76 85 90 112
7 35 36 49 76 84 90 104
7 35 36 56 69 84 90 104
7 35 36 56 76 84 90 96
7 35 36 56 76 84 90 97
7 35 36 56 76 85 90 96
7 35 36 57 76 84 90 96
7 35 37 56 78 86 89 96
7 35 37 65 78 90 116 120
7 35 37 67 90 108 116 120
7 35 37 67 92 108 114 120
7 35 37 78 90 97 116 120
7 35 37 81 92 106 118 120
7 35 37 81 94 106 116 120
7 35 37 89 94 106 116 120
7 35 38 69 90 92 104 112
7 35 38 82 89 108 116 120
7 35 38 82 92 105 116 120
7 35 38 82 92 108 113 120
7 35 38 90 93 100 104 112
7 35 38 90 93 108 116 120
7 35 40 48 77 86 88 96
7 35 40 52 69 74 88 112
7 35 40 52 73 76 82 112
7 35 40 76 88 97 114 116
7 35 41 52 78 84 88 112
7 35 41 69 92 106 114 116
7 35 41 83 94 108 116 120
7 35 41 85 94 106 116 120
7 35 41 89 94 102 116 120
7 35 41 89 94 108 114 116
7 35 44 48 82 84 88 97
7 35 44 48 82 84 88 104
7 35 44 49 76 84 90 96
7 35 44 50 70 84 89 104
7 35 44 50 76 84 89 98
7 35 44 52 70 82 89 104
7 35 44 52 73 82 88 100
7 35 44 52 76 81 90 96
7 35 44 52 76 82 88 97
7 35 44 52 76 82 89 98
7 35 44 52 78 81 88 112
7 35 44 56 69 82 88 96
7 35 44 56 69 84 90 96
7 35 44 56 70 84 89 98
7 35 44 56 73 82 84 96
7 35 44 56 73 82 84 100
7 35 44 56 76 81 82 100
7 35 44 65 84 88 98 112
7 35 44 70 82 89 104 116
7 35 44 76 81 82 100 120
7 35 44 76 82 84 98 120
7 35 44 76 82 84 98 121
7 35 44 76 82 89 98 116
7 35 44 76 84 88 97 114
7 35 44 82 84 88 97 112
7 35 44 82 84 88 104 112
7 35 44 85 90 100 104 112
7 35 44 86 88 97 104 112
7 35 44 89 94 102 116 120
7 35 44 90 93 98 116 120
7 35 45 48 81 86 90 108
7 35 45 77 94 113 118 122
7 35 45 78 81 82 116 120
7 35 45 81 86 90 108 112
7 35 45 81 94 98 116 120
7 35 45 83 94 108 116 120
7 35 45 85 94 105 118 122
7 35 46 48 82 84 88 108
7 35 46 69 81 90 116 120
7 35 46 82 84 88 108 112
7 35 46 86 89 97 116 120
7 35 48 76 84 88 97 98
7 35 48 81 86 92 106 108
7 35 48 82 84 88 97 108
7 35 48 82 92 97 100 104
7 35 48 84 88 97 98 108
7 35 49 67 92 108 116 122
7 35 49 67 94 108 116 120
7 35 49 73 94 108 116 122
7 35 49 73 94 108 118 120
7 35 49 77 78 82 116 120
7 35 49 78 81 86 108 120
7 35 49 78 81 108 116 122
7 35 49 81 86 92 106 108
7 35 49 81 92 102 108 122
7 35 49 81 92 108 118 122
7 35 49 81 94 102 108 120
7 35 49 86 92 97 108 122
7 35 49 93 94 98 100 104
7 35 50 52 70 76 89 104
7 35 50 60 73 78 84 112
7 35 50 60 78 84 88 97
7 35 50 67 92 108 116 120
7 35 50 70 76 89 104 116
7 35 50 70 89 92 100 104
7 35 50 70 89 108 116 120
7 35 50 70 92 108 113 120
7 35 50 74 92 108 116 120
7 35 50 74 92 108 116 121
7 35 50 74 93 108 116 120
7 35 50 77 82 108 116 120
7 35 50 78 81 92 105 116
7 35 50 78 84 88 108 112
7 35 50 82 92 105 108 116
7 35 50 82 92 108 116 120
7 35 50 82 92 108 116 121
7 35 50 89 92 98 108 116
7 35 50 93 94 100 104 112
7 35 52 56 69 74 84 104
7 35 52 56 69 74 88 112
7 35 52 56 73 76 82 112
7 35 52 56 73 78 84 112
7 35 52 56 76 82 88 97
7 35 52 56 77 78 82 112
7 35 52 56 78 81 82 108
7 35 52 56 79 81 82 108
7 35 52 65 76 82 88 104
7 35 52 65 76 90 100 120
7 35 52 65 82 88 108 112
7 35 52 66 68 88 104 112
7 35 52 69 74 88 104 112
7 35 52 69 89 94 98 104
7 35 52 73 74 84 88 100
7 35 52 73 76 82 100 120
7 35 52 73 76 82 104 112
7 35 52 73 76 100 114 120
7 35 52 73 82 88 108 112
7 35 52 73 84 88 110 112
7 35 52 73 84 90 108 112
7 35 52 74 84 88 108 112
7 35 52 76 81 90 100 104
7 35 52 76 82 88 97 104
7 35 52 76 82 88 104 112
7 35 52 76 90 97 100 120
7 35 52 76 90 100 104 113
7 35 52 76 90 100 113 120
7 35 52 77 81 90 102 120
7 35 52 78 81 88 104 112
7 35 52 78 84 88 105 112
7 35 52 81 92 108 114 120
7 35 52 82 92 101 106 120
7 35 52 84 88 97 98 104
7 35 52 85 90 98 108 120
7 35 52 85 90 105 110 112
7 35 52 87 89 106 108 112
7 35 52 89 94 100 104 112
7 35 52 89 94 101 106 112
7 35 52 90 92 97 100 104
7 35 52 90 92 100 104 112
7 35 52 90 92 100 104 113
7 35 52 90 93 98 108 112
7 35 52 93 94 98 104 112
7 35 53 67 90 108 116 120
7 35 53 73 94 108 114 120
7 35 53 78 90 105 116 120
7 35 53 86 90 105 108 120
7 35 53 89 90 102 108 120
7 35 54 74 81 92 108 120
7 35 54 75 89 108 116 120
7 35 54 77 90 108 113 120
7 35 54 78 89 108 113 120
7 35 54 78 89 108 116 120
7 35 54 78 89 108 116 122
7 35 54 89 94 97 108 120
7 35 54 89 94 102 108 120
7 35 54 89 94 106 108 116
7 35 54 90 92 97 108 120
7 35 54 90 93 97 108 120
7 35 54 91 93 102 108 120
7 35 56 65 76 82 104 116
7 35 56 69 74 84 88 100
7 35 56 69 82 88 108 112
7 35 56 69 84 90 108 112
7 35 56 69 88 102 104 112
7 35 56 70 76 84 88 97
7 35 56 70 76 89 98 116
7 35 56 70 89 98 108 116
7 35 56 73 76 82 84 100
7 35 56 73 76 84 100 114
7 35 56 73 82 84 108 112
7 35 56 73 84 88 102 112
7 35 56 73 92 104 114 116
7 35 56 73 92 108 114 116
7 35 56 73 92 110 114 116
7 35 56 73 94 108 114 116
7 35 56 74 92 108 113 118
7 35 56 76 81 82 104 116
7 35 56 76 81 88 104 118
7 35 56 76 81 104 114 116
7 35 56 76 82 84 100 104
7 35 56 76 82 88 104 116
7 35 56 76 82 97 104 116
7 35 56 76 84 88 97 98
7 35 56 76 84 88 98 100
7 35 56 76 84 88 98 112
7 35 56 76 84 90 97 100
7 35 56 76 88 97 98 116
7 35 56 76 88 97 114 116
7 35 56 77 82 84 110 112
7 35 56 77 90 104 117 118
7 35 56 77 90 108 113 118
7 35 56 77 94 104 113 118
7 35 56 77 94 104 114 116
7 35 56 78 81 84 108 112
7 35 56 78 92 104 114 116
7 35 56 78 93 104 114 116
7 35 56 79 94 104 113 116
7 35 56 81 84 106 108 112
7 35 56 82 84 88 97 108
7 35 56 82 92 97 100 104
7 35 56 86 88 106 108 116
7 35 56 86 93 100 106 112
7 35 56 87 89 106 108 116
7 35 56 89 94 101 104 118
7 35 56 89 94 101 106 116
7 35 56 90 92 97 104 116
7 35 56 90 92 97 108 116
7 35 56 90 92 97 108 118
7 35 56 90 92 102 104 116
7 35 56 91 94 101 104 116
7 35 56 93 94 100 104 112
7 35 56 93 94 100 104 114
7 35 56 93 94 101 104 114
7 35 57 65 70 90 108 116
7 35 57 67 94 108 116 120
7 35 57 69 78 82 116 120
7 35 57 69 94 108 116 122
7 35 57 70 81 90 108 116
7 35 57 70 90 97 108 116
7 35 57 71 90 108 116 120
7 35 57 73 94 108 114 116
7 35 57 75 86 108 116 120
7 35 57 77 94 108 114 116
7 35 57 78 86 97 116 120
7 35 57 78 86 105 116 120
7 35 57 81 94 98 108 116
7 35 57 86 89 106 108 116
7 35 57 86 90 97 108 116
7 35 57 86 90 101 108 112
7 35 57 86 90 101 108 120
7 35 57 86 90 105 108 116
7 35 58 66 76 84 88 100
7 35 58 66 76 84 100 120
7 35 58 66 76 84 100 121
7 35 58 66 81 92 108 116
7 35 58 67 81 92 108 116
7 35 58 69 74 81 108 116
7 35 58 70 81 92 105 116
7 35 58 70 93 100 104 112
7 35 58 70 93 108 116 120
7 35 58 73 85 108 118 120
7 35 58 74 81 92 108 116
7 35 58 77 81 102 116 120
7 35 58 78 92 108 114 116
7 35 58 78 93 108 114 116
7 35 58 85 90 97 108 116
7 35 58 86 89 97 108 116
7 35 58 86 93 100 104 112
7 35 58 89 92 98 108 116
7 35 58 89 94 97 108 116
7 35 58 89 94 102 108 116
7 35 58 90 92 97 108 116
7 35 58 90 92 102 108 116
7 35 58 90 93 97 108 116
7 35 58 91 93 102 108 116
7 35 58 93 94 97 108 116
7 35 58 93 94 98 108 116
7 35 58 93 94 100 104 112
7 35 60 65 66 68 104 112
7 35 60 65 70 88 104 112
7 35 60 65 76 82 84 104
7 35 60 65 76 82 100 120
7 35 60 65 76 82 104 112
7 35 60 65 76 84 88 98
7 35 60 65 82 84 104 112
7 35 60 65 82 88 108 112
7 35 60 65 84 88 98 112
7 35 60 65 84 88 106 112
7 35 60 65 84 88 110 112
7 35 60 65 84 90 108 112
7 35 60 66 68 72 80 96
7 35 60 66 68 88 104 112
7 35 60 66 84 88 104 112
7 35 60 66 84 88 108 112
7 35 60 67 89 108 116 122
7 35 60 67 90 97 108 116
7 35 60 67 90 108 113 116
7 35 60 67 90 108 116 120
7 35 60 69 70 73 82 120
7 35 60 69 70 90 104 112
7 35 60 69 74 81 108 114
7 35 60 69 74 82 88 100
7 35 60 69 74 82 100 120
7 35 60 69 74 82 116 120
7 35 60 69 76 82 98 120
7 35 60 69 78 81 114 120
7 35 60 69 81 90 102 120
7 35 60 69 81 90 106 116
7 35 60 69 81 90 108 114
7 35 60 69 82 88 104 112
7 35 60 69 82 88 106 116
7 35 60 69 83 106 116 120
7 35 60 69 84 88 106 112
7 35 60 69 86 97 106 120
7 35 60 69 89 106 114 116
7 35 60 69 90 97 106 116
7 35 60 69 90 100 104 112
7 35 60 69 90 106 113 116
7 35 60 69 90 106 116 120
7 35 60 69 90 106 116 121
7 35 60 69 90 108 116 120
7 35 60 69 90 108 118 120
7 35 60 69 90 110 118 120
7 35 60 69 92 97 106 114
7 35 60 69 92 106 113 114
7 35 60 69 92 106 114 120
7 35 60 69 92 106 114 121
7 35 60 69 92 106 118 120
7 35 60 69 94 106 118 120
7 35 60 69 94 108 114 120
7 35 60 70 73 81 116 122
7 35 60 70 81 90 105 116
7 35 60 70 82 89 100 104
7 35 60 70 89 108 116 122
7 35 60 70 90 108 116 121
7 35 60 70 91 108 116 122
7 35 60 71 89 108 116 122
7 35 60 71 91 108 116 122
7 35 60 71 94 108 114 121
7 35 60 73 76 82 84 98
7 35 60 73 76 82 116 120
7 35 60 73 78 114 116 120
7 35 60 73 81 92 102 122
7 35 60 73 81 94 98 100
7 35 60 73 82 84 100 120
7 35 60 73 82 84 104 112
7 35 60 73 82 84 108 112
7 35 60 73 82 84 110 112
7 35 60 73 86 106 116 120
7 35 60 73 86 108 113 122
7 35 60 73 90 102 116 120
7 35 60 73 90 108 113 118
7 35 60 73 90 108 114 116
7 35 60 73 92 102 113 122
7 35 60 73 92 106 114 116
7 35 60 73 94 104 114 116
7 35 60 74 76 81 118 120
7 35 60 74 76 82 100 112
7 35 60 74 76 82 100 113
7 35 60 74 76 84 98 113
7 35 60 74 82 84 100 120
7 35 60 74 82 84 100 121
7 35 60 74 82 92 97 100
7 35 60 74 82 92 101 120
7 35 60 74 82 92 108 113
7 35 60 74 84 88 97 112
7 35 60 74 84 88 100 112
7 35 60 74 85 108 114 120
7 35 60 74 86 108 113 120
7 35 60 75 81 86 108 112
7 35 60 75 85 108 118 122
7 35 60 75 86 108 113 120
7 35 60 76 81 82 100 104
7 35 60 76 81 82 100 120
7 35 60 76 81 82 104 112
7 35 60 76 81 88 104 114
7 35 60 76 81 88 104 118
7 35 60 76 82 84 98 104
7 35 60 76 82 84 98 120
7 35 60 76 82 84 98 121
7 35 60 76 82 88 104 112
7 35 60 76 82 88 104 116
7 35 60 76 82 89 98 100
7 35 60 76 84 88 97 98
7 35 60 76 84 88 98 112
7 35 60 76 84 90 102 120
7 35 60 77 81 86 106 112
7 35 60 77 82 98 116 120
7 35 60 77 86 100 121 122
7 35 60 77 86 108 113 122
7 35 60 77 90 104 113 118
7 35 60 77 94 100 113 122
7 35 60 77 94 102 113 122
7 35 60 78 81 82 105 116
7 35 60 78 81 97 116 122
7 35 60 78 81 105 114 116
7 35 60 78 81 114 116 120
7 35 60 78 82 113 116 120
7 35 60 78 83 97 116 120
7 35 60 78 83 108 116 120
7 35 60 78 83 108 116 122
7 35 60 78 84 88 97 112
7 35 60 78 86 108 113 122
7 35 60 78 86 108 114 121
7 35 60 78 89 97 114 116
7 35 60 78 89 104 114 116
7 35 60 78 89 108 114 116
7 35 60 78 90 104 113 116
7 35 60 78 90 108 113 116
7 35 60 78 90 108 114 116
7 35 60 78 91 108 114 116
7 35 60 78 91 108 114 117
7 35 60 78 92 97 114 120
7 35 60 78 92 97 118 122
7 35 60 78 92 100 114 120
7 35 60 79 81 114 116 120
7 35 60 79 89 104 114 116
7 35 60 81 82 92 101 106
7 35 60 81 86 97 108 122
7 35 60 81 90 102 105 116
7 35 60 81 90 102 108 112
7 35 60 81 92 97 102 122
7 35 60 81 92 101 106 114
7 35 60 81 94 98 100 104
7 35 60 81 94 100 104 112
7 35 60 81 94 110 116 120
7 35 60 81 94 110 116 122
7 35 60 82 89 98 108 116
7 35 60 82 92 97 100 104
7 35 60 82 93 110 116 120
7 35 60 83 89 106 108 116
7 35 60 83 94 106 108 116
7 35 60 85 90 97 98 108
7 35 60 85 90 97 108 114
7 35 60 85 90 98 108 112
7 35 60 85 90 98 108 120
7 35 60 85 90 100 104 112
7 35 60 85 90 102 105 112
7 35 60 85 90 102 105 120
7 35 60 85 91 102 108 120
7 35 60 85 91 102 108 122
7 35 60 85 94 105 108 114
7 35 60 86 89 97 108 122
7 35 60 86 89 105 106 116
7 35 60 86 89 106 108 113
7 35 60 86 90 97 108 112
7 35 60 86 90 97 108 120
7 35 60 86 90 105 108 113
7 35 60 86 92 97 108 122
7 35 60 86 92 106 108 113
7 35 60 86 92 106 108 114
7 35 60 86 93 106 108 114
7 35 60 87 91 105 110 116
7 35 60 87 91 106 108 116
7 35 60 87 94 100 105 120
7 35 60 89 90 102 105 116
7 35 60 89 94 97 108 114
7 35 60 89 94 98 100 112
7 35 60 89 94 100 104 112
7 35 60 89 94 101 104 114
7 35 60 89 94 102 108 114
7 35 60 90 92 97 108 114
7 35 60 90 92 97 108 116
7 35 60 90 92 100 104 112
7 35 60 90 92 102 104 112
7 35 60 90 92 102 105 113
7 35 60 91 93 97 110 118
7 35 60 91 93 102 108 114
7 35 60 91 94 98 108 116
7 35 60 91 94 98 108 117
7 35 60 91 94 101 104 112
7 35 60 91 94 101 106 116
7 35 60 93 94 100 104 112
7 35 60 93 94 100 105 114
7 35 60 93 94 100 106 114
7 35 60 93 94 101 106 114
7 35 61 65 78 82 116 120
7 35 61 67 94 100 104 112
7 35 61 67 94 108 116 120
7 35 61 77 94 102 113 122
7 35 61 78 85 105 118 122
7 35 61 83 94 100 104 112
7 35 61 86 90 97 108 112
7 35 61 86 90 97 108 120
7 35 61 91 94 100 104 112
7 35 62 66 84 88 108 112
7 35 62 69 70 89 104 112
7 35 62 69 94 106 116 120
7 35 62 70 73 81 116 120
7 35 62 71 89 100 104 112
7 35 62 71 89 108 116 122
7 35 62 76 82 88 104 116
7 35 62 77 83 108 116 120
7 35 62 77 85 102 121 122
7 35 62 77 85 105 118 122
7 35 62 77 89 104 114 116
7 35 62 77 89 108 114 116
7 35 62 77 94 101 113 122
7 35 62 78 85 101 121 122
7 35 62 78 89 108 114 116
7 35 62 85 91 102 108 120
7 35 62 87 93 100 106 120
7 35 62 89 94 98 108 116
7 35 62 90 93 100 104 112
7 35 62 93 94 100 104 112
7 35 62 93 94 102 105 113
7 35 65 66 84 88 108 112
7 35 65 66 92 100 104 112
7 35 65 66 92 108 116 120
7 35 65 76 82 88 104 116
7 35 65 76 84 88 98 112
7 35 65 76 88 104 114 116
7 35 65 82 92 100 104 112
7 35 65 82 92 108 116 120
7 35 65 82 92 110 116 120
7 35 65 84 88 98 108 112
7 35 65 90 102 108 116 120
7 35 65 92 98 100 104 112
7 35 65 92 98 108 116 120
7 35 65 92 108 114 116 120
7 35 65 92 110 114 116 120
7 35 65 94 98 108 116 120
7 35 65 94 108 114 116 120
7 35 67 69 90 108 116 120
7 35 67 69 92 108 114 120
7 35 67 81 92 108 116 122
7 35 67 82 92 108 116 120
7 35 67 90 92 97 108 116
7 35 67 92 97 108 116 122
7 35 67 92 98 108 116 120
7 35 67 92 105 108 114 116
7 35 67 92 108 113 116 122
7 35 67 92 108 114 116 120
7 35 67 92 108 116 121 122
7 35 67 93 94 100 104 112
7 35 69 73 92 106 114 116
7 35 69 74 81 92 108 114
7 35 69 74 92 108 113 114
7 35 69 81 92 106 118 120
7 35 69 82 92 106 116 120
7 35 69 90 92 100 104 112
7 35 69 90 98 108 116 120
7 35 69 92 106 108 113 114
7 35 69 92 106 114 116 120
7 35 69 92 106 114 116 121
7 35 70 81 92 105 116 122
7 35 70 82 92 105 116 120
7 35 70 89 90 97 108 116
7 35 70 89 97 108 116 122
7 35 70 89 98 108 116 120
7 35 73 76 82 84 100 120
7 35 73 76 84 100 114 120
7 35 73 82 92 100 104 112
7 35 73 82 92 108 116 120
7 35 73 92 108 114 116 120
7 35 73 92 110 114 116 120
7 35 73 94 108 114 116 120
7 35 74 81 92 108 118 120
7 35 74 92 108 113 118 120
7 35 76 81 88 104 114 116
7 35 76 82 88 97 104 116
7 35 76 84 88 97 98 112
7 35 76 84 90 97 100 120
7 35 76 88 97 104 114 116
7 35 77 81 86 106 116 120
7 35 77 94 102 113 122 124
7 35 78 81 92 105 114 116
7 35 78 81 108 114 116 120
7 35 78 89 97 108 114 116
7 35 78 92 97 114 116 120
7 35 81 86 92 106 108 112
7 35 81 90 92 102 105 116
7 35 81 90 102 108 116 120
7 35 81 92 102 105 116 122
7 35 81 92 108 114 116 120
7 35 81 94 98 108 116 120
7 35 82 84 88 97 108 112
7 35 82 92 97 100 104 112
7 35 82 92 97 108 116 120
7 35 82 92 97 110 116 120
7 35 82 92 101 106 116 120
7 35 84 88 97 98 108 112
7 35 85 90 98 108 116 120
7 35 86 89 97 108 116 122
7 35 86 92 97 106 116 120
7 35 89 94 97 108 114 116
7 35 89 94 97 108 116 122
7 35 89 94 98 108 116 120
7 35 89 94 102 108 116 120
7 35 89 94 102 108 116 122
7 35 89 97 102 108 116 122
7 35 90 92 97 108 116 120
7 35 90 92 97 108 118 120
7 35 90 93 98 108 116 120
7 35 90 97 102 108 116 120
7 35 90 98 101 108 116 120
7 35 91 93 97 110 118 124
7 35 91 97 102 108 116 120
7 35 92 97 98 100 104 112
7 35 92 97 98 108 116 120
7 35 92 97 108 114 116 120
7 35 92 97 110 114 116 120
7 35 93 94 98 100 104 112
7 35 93 94 98 108 116 120
7 35 93 94 101 106 114 124
7 35 93 97 110 114 116 120
7 35 93 97 110 118 122 124
7 35 94 97 98 108 116 120
7 35 94 97 108 114 116 120
7 35 94 98 108 113 116 120
7 35 95 97 98 108 116 120
7 35 95 97 108 114 116 120
7 36 40 48 65 66 92 96
7 36 40 48 65 70 88 96
7 36 40 48 65 82 92 96
7 36 40 48 65 90 92 96
7 36 40 48 67 93 94 96
7 36 40 48 69 82 88 96
7 36 40 48 69 90 92 96
7 36 40 48 71 89 94 96
7 36 40 48 73 82 92 96
7 36 40 48 76 81 82 96
7 36 40 48 78 83 92 96
7 36 40 49 71 76 90 112
7 36 40 49 75 86 92 96
7 36 40 50 65 78 92 112
7 36 40 50 78 81 92 96
7 36 40 76 85 90 98 112
7 36 40 76 85 90 99 112
7 36 41 42 76 83 84 112
7 36 41 49 70 84 90 104
7 36 41 49 70 90 92 96
7 36 41 50 67 76 84 120
7 36 41 50 69 84 90 104
7 36 41 56 76 82 84 96
7 36 41 56 78 83 84 96
7 36 41 58 76 83 84 96
7 36 41 69 84 90 104 114
7 36 41 85 94 98 104 112
7 36 42 49 76 83 84 104
7 36 42 56 65 76 86 112
7 36 42 56 65 86 92 96
7 36 42 56 69 76 83 112
7 36 42 56 69 83 84 104
7 36 42 56 69 83 92 96
7 36 42 56 76 81 86 96
7 36 42 56 76 83 84 96
7 36 42 56 76 83 84 97
7 36 42 65 86 92 104 112
7 36 42 69 84 89 104 114
7 36 42 69 86 89 104 112
7 36 42 76 84 98 113 120
7 36 42 76 86 89 97 112
7 36 42 85 92 98 104 112
7 36 42 86 92 97 104 112
7 36 43 76 84 113 114 120
7 36 49 58 67 76 84 104
7 36 49 58 70 73 84 104
7 36 49 69 92 106 114 120
7 36 49 70 76 90 104 112
7 36 49 71 76 90 104 112
7 36 49 76 84 90 98 104
7 36 49 76 84 90 99 104
7 36 49 76 86 97 106 120
7 36 49 78 84 105 114 120
7 36 49 78 92 97 104 114
7 36 49 78 92 97 114 120
7 36 49 86 92 97 106 120
7 36 49 86 92 105 106 112
7 36 49 93 94 98 104 112
7 36 50 56 67 76 84 104
7 36 50 56 69 74 84 104
7 36 50 56 70 73 84 104
7 36 50 56 73 76 84 98
7 36 50 65 68 88 104 112
7 36 50 68 73 88 104 112
7 36 50 70 73 92 104 112
7 36 50 70 76 89 104 112
7 36 50 73 76 84 98 120
7 36 50 76 84 89 98 104
7 36 51 56 69 74 84 104
7 36 51 76 84 97 106 120
7 36 51 76 84 106 113 120
7 36 51 78 92 97 104 112
7 36 56 65 66 68 104 112
7 36 56 65 66 84 104 112
7 36 56 65 66 92 104 112
7 36 56 65 68 82 104 112
7 36 56 65 70 92 104 112
7 36 56 65 74 84 104 112
7 36 56 65 84 98 104 112
7 36 56 65 92 98 104 112
7 36 56 67 69 94 104 112
7 36 56 67 70 92 104 112
7 36 56 67 77 86 104 112
7 36 56 68 73 82 104 112
7 36 56 68 81 98 104 112
7 36 56 69 74 84 104 112
7 36 56 69 74 84 104 114
7 36 56 69 74 84 104 115
7 36 56 69 75 86 104 112
7 36 56 69 76 83 106 112
7 36 56 69 84 90 98 104
7 36 56 69 84 90 99 104
7 36 56 69 92 98 104 112
7 36 56 69 94 98 104 112
7 36 56 70 73 84 104 114
7 36 56 70 76 83 104 112
7 36 56 70 84 89 98 104
7 36 56 71 76 104 113 114
7 36 56 71 92 97 104 114
7 36 56 71 92 98 104 112
7 36 56 71 92 104 113 114
7 36 56 73 76 86 98 112
7 36 56 73 84 98 104 112
7 36 56 76 81 84 98 104
7 36 56 76 83 84 97 106
7 36 56 76 83 84 98 104
7 36 56 76 84 90 97 98
7 36 56 76 84 91 97 98
7 36 56 76 86 99 104 113
7 36 56 77 86 98 104 112
7 36 56 77 86 99 104 112
7 36 56 78 85 97 104 114
7 36 56 78 92 104 113 114
7 36 56 79 92 104 113 114
7 36 56 81 84 98 104 112
7 36 56 81 92 98 104 112
7 36 56 84 90 97 104 112
7 36 56 85 94 98 104 112
7 36 56 86 92 97 104 112
7 36 56 86 92 97 106 112
7 36 56 90 92 97 104 112
7 36 56 93 94 98 104 112
7 36 56 93 94 99 104 112
7 36 57 58 67 76 84 96
7 36 57 69 84 106 114 120
7 36 57 69 92 106 114 120
7 36 57 69 94 98 104 112
7 36 57 76 86 106 113 120
7 36 57 78 84 97 114 120
7 36 57 78 92 104 113 114
7 36 57 86 92 97 106 112
7 36 57 86 92 97 106 120
7 36 58 65 70 92 104 112
7 36 58 65 76 84 98 120
7 36 58 69 84 106 113 120
7 36 58 69 92 98 104 112
7 36 58 70 73 84 97 120
7 36 58 70 73 84 104 112
7 36 58 70 73 84 104 113
7 36 58 70 84 89 97 104
7 36 58 70 92 97 104 112
7 36 58 71 92 97 104 112
7 36 58 76 81 84 98 104
7 36 58 76 84 97 98 120
7 36 58 76 84 97 114 120
7 36 58 76 84 98 113 120
7 36 58 76 84 99 113 120
7 36 58 76 84 106 113 120
7 36 58 78 85 97 104 112
7 36 58 85 92 98 104 112
7 36 58 86 92 97 104 112
7 36 58 86 93 97 104 112
7 36 58 93 94 97 104 112
7 36 59 70 92 97 104 112
7 36 59 76 84 97 98 120
7 36 59 76 84 97 114 120
7 36 59 76 84 105 114 120
7 36 59 86 92 97 104 112
7 36 65 66 68 88 104 112
7 36 65 68 88 98 104 112
7 36 68 81 88 98 104 112
7 36 68 88 97 98 104 112
7 36 69 89 94 98 104 112
7 36 69 91 92 98 104 112
7 36 70 90 92 97 104 112
7 36 76 83 84 97 106 120
7 36 76 84 90 97 98 120
7 36 76 84 91 97 98 120
7 37 38 56 73 82 88 100
7 37 38 58 73 81 92 98
7 37 38 58 74 81 92 96
7 37 38 58 74 81 92 97
7 37 38 73 82 92 98 120
7 37 38 74 82 92 97 120
7 37 38 90 92 97 104 112
7 37 38 90 92 98 104 112
7 37 40 49 74 86 88 96
7 37 40 50 73 86 88 96
7 37 40 90 92 97 98 112
7 37 41 50 67 70 92 120
7 37 41 52 74 82 88 100
7 37 41 52 78 82 88 112
7 37 41 56 70 82 88 96
7 37 41 56 70 82 88 100
7 37 41 56 74 82 84 96
7 37 41 56 74 82 84 100
7 37 41 58 70 81 92 98
7 37 41 67 92 106 114 116
7 37 41 85 94 106 114 124
7 37 42 48 67 84 88 96
7 37 42 48 81 82 92 108
7 37 42 49 74 82 92 100
7 37 42 50 70 89 92 96
7 37 42 50 74 81 92 100
7 37 42 50 81 82 92 108
7 37 42 52 69 82 88 104
7 37 42 52 76 82 88 97
7 37 42 52 76 82 89 98
7 37 42 52 76 83 88 96
7 37 42 56 67 82 92 100
7 37 42 56 70 81 88 100
7 37 42 56 73 82 84 100
7 37 42 56 76 82 84 97
7 37 42 60 70 82 89 96
7 37 42 67 81 92 108 114
7 37 42 67 90 108 113 116
7 37 42 67 92 108 113 114
7 37 42 69 84 88 104 114
7 37 42 73 84 88 100 114
7 37 42 74 82 92 100 113
7 37 42 76 82 89 98 116
7 37 42 76 86 89 98 112
7 37 42 78 89 97 114 116
7 37 42 81 82 92 108 112
7 37 42 81 92 108 114 120
7 37 42 82 92 97 116 120
7 37 42 82 92 98 116 120
7 37 42 82 92 98 116 121
7 37 42 83 92 100 104 112
7 37 42 89 94 97 114 116
7 37 42 89 94 97 114 124
7 37 42 89 94 102 114 124
7 37 42 89 94 104 114 116
7 37 44 49 74 82 92 96
7 37 44 50 74 86 89 96
7 37 44 50 74 86 89 97
7 37 44 50 75 84 88 112
7 37 44 56 74 82 84 96
7 37 44 56 74 82 84 97
7 37 44 74 84 88 97 114
7 37 44 85 90 98 104 112
7 37 44 89 94 104 114 116
7 37 44 91 92 100 114 120
7 37 46 83 92 106 116 120
7 37 46 83 92 108 114 120
7 37 46 90 92 97 118 120
7 37 49 56 70 74 88 112
7 37 49 67 92 106 118 120
7 37 49 67 94 106 116 120
7 37 49 75 94 98 116 120
7 37 50 56 73 74 84 100
7 37 50 56 73 78 84 112
7 37 50 56 75 76 84 112
7 37 50 60 73 78 82 112
7 37 50 65 66 88 100 104
7 37 50 66 76 88 104 112
7 37 50 67 74 92 100 120
7 37 50 67 90 108 116 120
7 37 50 67 92 106 116 120
7 37 50 69 74 92 98 120
7 37 50 70 74 92 97 120
7 37 50 70 90 92 97 104
7 37 50 73 82 92 106 116
7 37 50 74 76 81 100 120
7 37 50 74 76 84 98 120
7 37 50 74 76 84 98 121
7 37 50 74 81 88 104 116
7 37 50 74 82 92 105 116
7 37 50 74 89 98 108 116
7 37 50 74 92 97 100 120
7 37 50 75 84 88 108 112
7 37 50 76 82 88 104 112
7 37 50 77 81 86 106 120
7 37 50 78 81 106 116 120
7 37 50 78 89 98 116 120
7 37 50 78 90 97 116 120
7 37 50 81 90 92 102 105
7 37 50 81 90 102 105 124
7 37 50 81 92 102 106 120
7 37 50 81 92 106 116 120
7 37 50 82 92 105 106 116
7 37 50 82 92 106 116 120
7 37 50 82 92 106 116 121
7 37 50 85 90 98 108 120
7 37 50 86 89 97 106 124
7 37 50 86 89 98 108 120
7 37 50 86 89 106 108 112
7 37 50 86 90 97 108 120
7 37 50 86 92 105 106 112
7 37 50 89 90 98 108 116
7 37 50 89 92 102 106 112
7 37 50 89 94 97 106 116
7 37 50 89 94 98 100 104
7 37 50 89 94 98 108 112
7 37 50 90 92 97 100 104
7 37 50 90 92 100 104 112
7 37 50 90 92 100 104 113
7 37 51 77 94 106 116 120
7 37 51 78 92 105 116 122
7 37 51 93 94 100 106 120
7 37 52 56 69 74 82 104
7 37 52 68 74 88 104 112
7 37 52 68 74 88 104 114
7 37 52 68 74 88 104 115
7 37 52 74 76 82 98 120
7 37 52 74 76 82 98 121
7 37 52 74 82 88 100 104
7 37 52 74 88 100 104 112
7 37 52 74 88 100 104 115
7 37 52 76 81 90 98 104
7 37 52 76 82 88 106 112
7 37 52 76 89 106 114 120
7 37 52 76 90 98 104 112
7 37 52 76 90 98 104 113
7 37 52 76 90 98 113 120
7 37 52 76 90 104 113 114
7 37 52 76 90 106 113 120
7 37 52 81 90 108 114 120
7 37 52 84 89 106 114 120
7 37 52 84 90 106 113 120
7 37 52 89 90 100 104 114
7 37 52 90 92 97 98 104
7 37 52 90 92 98 104 112
7 37 52 90 92 98 104 113
7 37 54 68 74 88 104 112
7 37 54 68 74 88 104 113
7 37 54 75 89 108 116 122
7 37 54 75 92 108 113 122
7 37 54 75 93 108 114 120
7 37 54 76 84 89 106 120
7 37 54 76 84 90 106 120
7 37 54 76 91 106 116 120
7 37 54 77 89 106 114 124
7 37 54 77 91 106 116 120
7 37 54 78 89 106 113 124
7 37 54 78 89 106 116 120
7 37 54 78 89 108 113 122
7 37 54 89 92 100 106 120
7 37 54 89 92 102 106 120
7 37 54 89 94 97 106 124
7 37 54 90 92 97 108 120
7 37 54 91 92 100 106 120
7 37 56 65 76 82 98 112
7 37 56 69 74 84 104 114
7 37 56 70 73 88 100 114
7 37 56 70 74 82 88 100
7 37 56 70 82 88 104 112
7 37 56 70 88 100 105 114
7 37 56 73 74 84 100 114
7 37 56 73 82 84 110 112
7 37 56 73 86 98 104 112
7 37 56 73 90 108 114 116
7 37 56 73 92 106 114 116
7 37 56 73 94 104 114 116
7 37 56 74 81 92 108 114
7 37 56 74 82 84 97 104
7 37 56 74 82 84 97 112
7 37 56 74 82 84 100 104
7 37 56 74 82 88 97 116
7 37 56 74 82 92 97 100
7 37 56 74 84 88 98 100
7 37 56 74 84 88 99 100
7 37 56 74 84 88 100 112
7 37 56 74 84 88 100 114
7 37 56 74 84 88 100 115
7 37 56 74 84 88 104 112
7 37 56 74 84 100 104 112
7 37 56 74 84 100 104 115
7 37 56 74 84 100 105 114
7 37 56 74 86 88 108 114
7 37 56 74 86 89 98 100
7 37 56 74 92 104 113 114
7 37 56 74 92 104 113 118
7 37 56 75 82 92 102 112
7 37 56 76 82 88 98 112
7 37 56 76 82 88 104 116
7 37 56 76 82 97 98 112
7 37 56 76 84 90 97 98
7 37 56 76 84 90 106 113
7 37 56 76 90 104 113 118
7 37 56 76 90 106 113 116
7 37 56 77 82 84 106 112
7 37 56 77 94 106 115 116
7 37 56 78 82 84 105 112
7 37 56 78 82 88 97 112
7 37 56 78 86 89 97 98
7 37 56 78 88 104 114 116
7 37 56 78 89 104 114 116
7 37 56 78 92 104 113 114
7 37 56 81 90 108 114 116
7 37 56 81 92 106 114 116
7 37 56 82 84 105 110 112
7 37 56 82 92 97 106 112
7 37 56 82 92 97 106 116
7 37 56 84 89 100 106 114
7 37 56 84 90 100 105 114
7 37 56 84 90 102 105 112
7 37 56 85 90 98 100 104
7 37 56 85 90 100 104 114
7 37 56 86 89 100 106 112
7 37 56 89 94 98 100 112
7 37 56 89 94 98 104 112
7 37 56 89 94 98 104 116
7 37 56 89 94 98 108 116
7 37 56 90 92 97 98 112
7 37 56 90 92 97 104 118
7 37 56 90 92 97 106 116
7 37 56 90 92 98 104 112
7 37 56 90 92 98 104 113
7 37 56 90 92 100 104 112
7 37 56 90 92 102 104 112
7 37 56 90 92 102 104 113
7 37 56 93 94 98 104 112
7 37 56 93 94 100 106 114
7 37 56 93 94 100 106 115
7 37 57 65 78 86 98 120
7 37 57 67 90 108 114 116
7 37 57 67 94 108 116 122
7 37 57 69 94 106 114 124
7 37 57 71 94 98 104 112
7 37 57 73 78 86 98 112
7 37 57 75 86 108 116 122
7 37 57 77 86 106 114 124
7 37 57 78 86 97 98 120
7 37 57 78 86 97 122 124
7 37 57 78 86 98 113 120
7 37 57 78 86 105 114 124
7 37 57 78 86 105 116 122
7 37 57 83 94 106 108 116
7 37 57 85 94 106 108 114
7 37 57 91 94 98 108 116
7 37 57 93 94 100 106 114
7 37 58 65 66 76 84 120
7 37 58 65 66 84 104 112
7 37 58 65 66 92 104 112
7 37 58 65 70 84 88 104
7 37 58 65 70 92 104 112
7 37 58 65 74 76 84 112
7 37 58 65 74 84 88 100
7 37 58 65 76 84 88 98
7 37 58 65 76 84 98 120
7 37 58 65 82 92 102 120
7 37 58 65 82 92 106 116
7 37 58 65 82 92 108 112
7 37 58 65 82 92 110 112
7 37 58 65 84 88 110 112
7 37 58 66 84 88 104 112
7 37 58 66 84 88 108 112
7 37 58 67 84 88 108 112
7 37 58 67 85 98 108 120
7 37 58 67 94 108 116 120
7 37 58 69 92 98 104 112
7 37 58 69 92 106 118 120
7 37 58 70 73 81 98 124
7 37 58 70 73 84 104 112
7 37 58 70 74 81 97 124
7 37 58 70 81 88 100 104
7 37 58 70 84 88 97 104
7 37 58 70 84 88 104 112
7 37 58 70 84 88 104 113
7 37 58 70 92 97 104 112
7 37 58 71 92 106 116 120
7 37 58 71 92 106 116 121
7 37 58 73 76 82 98 116
7 37 58 73 76 84 114 120
7 37 58 73 78 81 98 116
7 37 58 73 78 85 98 112
7 37 58 73 82 84 100 120
7 37 58 73 82 84 108 112
7 37 58 73 82 92 102 112
7 37 58 73 92 110 114 116
7 37 58 73 94 108 114 116
7 37 58 74 76 81 116 120
7 37 58 74 81 84 100 104
7 37 58 74 81 84 100 120
7 37 58 74 81 92 102 120
7 37 58 74 81 92 108 114
7 37 58 74 82 92 97 100
7 37 58 74 82 92 108 113
7 37 58 74 84 88 97 100
7 37 58 74 84 88 100 112
7 37 58 74 84 88 100 113
7 37 58 75 85 108 118 120
7 37 58 75 92 108 113 118
7 37 58 76 81 84 98 104
7 37 58 76 81 84 98 120
7 37 58 76 82 88 98 116
7 37 58 76 82 88 104 116
7 37 58 76 84 88 98 112
7 37 58 76 84 89 102 120
7 37 58 76 84 90 102 120
7 37 58 76 85 106 118 120
7 37 58 76 87 106 116 120
7 37 58 76 87 106 116 121
7 37 58 76 91 102 116 120
7 37 58 77 86 98 104 113
7 37 58 77 86 98 113 120
7 37 58 77 86 106 113 124
7 37 58 77 86 106 116 121
7 37 58 77 87 106 116 120
7 37 58 77 92 102 115 120
7 37 58 77 94 106 113 116
7 37 58 78 81 98 116 120
7 37 58 78 85 97 98 120
7 37 58 78 85 106 116 120
7 37 58 78 86 98 121 124
7 37 58 78 92 97 118 120
7 37 58 78 92 100 113 120
7 37 58 78 92 100 115 120
7 37 58 78 92 100 115 121
7 37 58 78 92 102 113 120
7 37 58 78 92 105 115 116
7 37 58 78 92 106 113 116
7 37 58 78 92 108 113 114
7 37 58 79 93 104 114 116
7 37 58 81 86 98 108 120
7 37 58 81 90 98 108 116
7 37 58 81 92 98 100 104
7 37 58 81 94 98 108 112
7 37 58 81 94 110 116 120
7 37 58 82 89 98 108 116
7 37 58 83 92 100 104 112
7 37 58 83 92 102 108 120
7 37 58 85 91 102 108 120
7 37 58 85 92 98 104 112
7 37 58 85 92 100 106 120
7 37 58 85 92 102 106 120
7 37 58 85 94 102 105 120
7 37 58 86 89 98 108 112
7 37 58 86 89 98 108 120
7 37 58 86 89 102 108 120
7 37 58 86 89 106 108 116
7 37 58 86 92 97 108 120
7 37 58 86 92 99 108 120
7 37 58 86 92 100 106 120
7 37 58 86 92 100 106 121
7 37 58 86 92 106 108 113
7 37 58 86 93 100 106 121
7 37 58 86 93 106 108 113
7 37 58 87 89 106 108 116
7 37 58 87 92 100 106 120
7 37 58 87 92 100 106 121
7 37 58 87 92 100 107 120
7 37 58 87 92 102 105 120
7 37 58 87 92 105 106 116
7 37 58 87 93 100 106 120
7 37 58 87 94 100 105 120
7 37 58 89 90 98 108 116
7 37 58 89 92 102 104 116
7 37 58 89 92 102 106 116
7 37 58 89 94 98 104 116
7 37 58 89 94 98 108 116
7 37 58 89 94 99 108 116
7 37 58 89 94 102 104 116
7 37 58 90 92 97 108 116
7 37 58 90 92 97 108 118
7 37 58 90 92 100 104 112
7 37 58 90 92 102 108 113
7 37 58 91 92 102 104 116
7 37 58 91 92 102 105 116
7 37 58 91 93 102 104 116
7 37 58 93 94 98 104 112
7 37 58 93 94 100 106 113
7 37 60 65 74 84 104 114
7 37 60 67 78 81 114 120
7 37 60 67 81 92 106 114
7 37 60 67 92 108 114 120
7 37 60 68 74 81 104 114
7 37 60 68 74 81 114 120
7 37 60 68 81 90 98 104
7 37 60 68 82 88 104 112
7 37 60 68 82 88 106 112
7 37 60 69 74 82 98 120
7 37 60 69 90 106 116 120
7 37 60 70 73 82 98 120
7 37 60 70 74 81 114 120
7 37 60 70 81 90 98 104
7 37 60 70 82 88 106 112
7 37 60 73 78 83 98 112
7 37 60 73 78 114 116 120
7 37 60 73 82 84 106 112
7 37 60 73 86 106 116 120
7 37 60 73 90 102 116 120
7 37 60 73 90 108 114 116
7 37 60 73 90 110 114 116
7 37 60 73 92 106 114 116
7 37 60 73 94 106 114 116
7 37 60 74 76 81 114 120
7 37 60 74 76 82 98 112
7 37 60 74 76 82 98 113
7 37 60 74 81 84 104 114
7 37 60 74 82 84 98 120
7 37 60 74 82 84 98 121
7 37 60 74 82 88 98 100
7 37 60 74 82 89 98 100
7 37 60 74 82 92 97 98
7 37 60 74 84 88 104 114
7 37 60 74 92 108 113 114
7 37 60 75 86 108 113 122
7 37 60 75 86 108 114 121
7 37 60 75 87 108 114 120
7 37 60 75 94 108 113 114
7 37 60 76 81 90 102 120
7 37 60 76 82 88 104 112
7 37 60 76 83 106 116 120
7 37 60 76 83 106 118 120
7 37 60 76 84 90 106 113
7 37 60 76 90 106 113 116
7 37 60 77 83 106 118 120
7 37 60 78 83 106 116 120
7 37 60 78 89 104 114 116
7 37 60 79 91 104 114 116
7 37 60 81 90 98 100 104
7 37 60 81 90 100 104 114
7 37 60 83 92 100 106 120
7 37 60 83 92 102 106 120
7 37 60 83 93 102 106 120
7 37 60 85 90 98 108 120
7 37 60 86 89 100 106 120
7 37 60 86 89 106 108 114
7 37 60 86 90 98 108 120
7 37 60 86 90 106 108 113
7 37 60 86 91 106 108 113
7 37 60 87 89 106 108 114
7 37 60 89 92 100 106 114
7 37 60 89 94 98 104 112
7 37 60 89 94 98 104 116
7 37 60 89 94 100 104 114
7 37 60 89 94 100 106 114
7 37 60 90 92 97 106 118
7 37 60 90 92 97 108 114
7 37 60 90 92 98 104 112
7 37 60 90 92 100 104 112
7 37 60 90 92 102 106 113
7 37 60 91 93 102 104 114
7 37 60 91 94 98 108 113
7 37 62 66 68 88 104 112
7 37 62 68 82 88 104 112
7 37 62 70 73 81 98 120
7 37 62 73 76 84 114 120
7 37 62 74 84 88 104 112
7 37 62 75 85 108 114 120
7 37 62 78 90 98 116 120
7 37 62 79 89 104 114 116
7 37 62 83 89 106 108 116
7 37 62 83 92 100 106 120
7 37 62 85 89 106 108 114
7 37 62 86 89 98 104 112
7 37 62 89 92 98 104 112
7 37 62 89 94 98 104 112
7 37 62 90 92 98 104 112
7 37 62 90 92 100 104 112
7 37 62 91 93 102 104 112
7 37 65 78 90 98 116 120
7 37 65 82 92 106 116 120
7 37 65 84 90 108 114 120
7 37 65 90 92 98 104 112
7 37 65 90 98 108 116 120
7 37 65 90 108 114 116 120
7 37 65 92 100 106 114 120
7 37 65 92 106 114 116 120
7 37 67 73 92 106 114 116
7 37 67 78 92 97 114 120
7 37 67 90 92 97 106 116
7 37 67 90 92 100 104 112
7 37 67 90 98 108 116 120
7 37 67 92 97 106 118 120
7 37 67 92 106 108 113 114
7 37 67 92 106 114 116 120
7 37 67 92 106 114 116 121
7 37 69 90 92 98 104 112
7 37 70 90 92 97 104 112
7 37 73 74 84 100 114 120
7 37 73 84 100 106 114 120
7 37 73 90 108 114 116 120
7 37 73 92 106 114 116 120
7 37 74 76 82 88 97 112
7 37 74 81 92 108 114 120
7 37 74 82 92 97 100 120
7 37 74 84 100 105 114 120
7 37 75 92 108 113 118 122
7 37 76 81 90 106 116 120
7 37 76 84 90 97 98 120
7 37 76 84 90 106 113 120
7 37 76 90 106 113 116 120
7 37 77 94 106 115 116 120
7 37 78 85 90 97 98 120
7 37 78 86 89 97 98 120
7 37 78 90 97 98 116 120
7 37 78 92 100 115 121 122
7 37 78 92 105 115 116 122
7 37 81 90 98 108 116 120
7 37 81 90 108 114 116 120
7 37 81 92 100 106 114 120
7 37 81 92 106 114 116 120
7 37 82 92 97 106 116 120
7 37 83 94 106 108 116 120
7 37 84 89 100 106 114 120
7 37 84 90 97 108 114 120
7 37 84 90 100 105 114 120
7 37 85 94 106 108 114 120
7 37 89 92 100 106 114 120
7 37 89 94 98 100 104 112
7 37 89 94 98 108 116 120
7 37 89 94 99 108 116 122
7 37 89 97 110 118 122 124
7 37 90 92 97 98 104 112
7 37 90 92 97 106 116 120
7 37 90 92 97 108 118 120
7 37 90 92 97 110 118 120
7 37 90 97 98 108 116 120
7 37 90 97 108 114 116 120
7 37 91 92 102 105 116 122
7 37 92 97 100 106 114 120
7 37 92 97 106 114 116 120
7 37 92 100 106 113 114 120
7 37 93 94 100 106 114 120
7 37 93 94 100 106 115 120
7 37 94 99 108 116 121 122
7 37 94 102 105 113 122 124
7 38 40 48 65 90 92 96
7 38 40 76 81 88 98 112
7 38 41 48 82 84 88 104
7 38 41 49 69 90 92 98
7 38 41 49 70 90 92 96
7 38 41 49 70 90 92 97
7 38 41 50 74 81 92 100
7 38 41 52 73 82 88 100
7 38 41 52 76 81 90 96
7 38 41 56 73 82 84 96
7 38 41 56 78 81 84 112
7 38 41 56 78 82 84 112
7 38 41 58 70 81 92 96
7 38 41 58 70 81 92 97
7 38 41 70 81 97 122 124
7 38 41 73 82 84 104 112
7 38 41 78 89 97 114 116
7 38 41 81 92 106 114 116
7 38 41 82 84 88 104 112
7 38 41 83 94 108 116 120
7 38 41 84 90 100 113 120
7 38 42 49 69 90 92 96
7 38 42 49 69 90 92 97
7 38 42 49 81 82 92 108
7 38 42 52 73 81 94 96
7 38 42 60 69 81 90 96
7 38 42 76 86 89 97 112
7 38 42 82 89 108 113 116
7 38 42 82 92 105 113 116
7 38 42 82 92 108 113 120
7 38 42 90 93 108 113 116
7 38 44 50 74 81 92 96
7 38 44 56 74 81 84 112
7 38 44 56 75 81 84 112
7 38 44 85 90 106 116 121
7 38 44 91 92 100 113 122
7 38 45 74 82 84 113 120
7 38 45 91 94 98 117 120
7 38 48 81 88 98 100 104
7 38 48 82 89 92 101 106
7 38 49 56 74 76 81 112
7 38 49 56 77 82 84 106
7 38 49 56 78 82 84 105
7 38 49 65 74 76 84 120
7 38 49 65 74 92 104 112
7 38 49 66 68 88 104 112
7 38 49 66 76 88 104 112
7 38 49 67 89 108 116 122
7 38 49 67 90 108 116 120
7 38 49 67 92 105 116 122
7 38 49 69 73 90 98 124
7 38 49 69 74 92 98 120
7 38 49 69 76 90 104 112
7 38 49 69 90 92 98 104
7 38 49 70 73 90 97 124
7 38 49 70 74 92 97 120
7 38 49 73 82 92 106 116
7 38 49 73 86 90 97 108
7 38 49 73 86 97 106 124
7 38 49 73 86 97 122 124
7 38 49 73 90 98 108 116
7 38 49 73 92 100 114 120
7 38 49 73 92 106 114 116
7 38 49 73 92 108 116 122
7 38 49 74 76 84 97 120
7 38 49 74 76 84 98 120
7 38 49 74 81 88 108 112
7 38 49 74 84 88 104 112
7 38 49 74 92 97 104 112
7 38 49 76 84 90 97 104
7 38 49 76 90 97 100 120
7 38 49 76 90 97 116 120
7 38 49 77 90 98 116 120
7 38 49 78 82 105 116 120
7 38 49 78 90 97 116 120
7 38 49 81 92 106 108 114
7 38 49 82 92 101 106 120
7 38 49 82 92 105 106 116
7 38 49 82 92 106 109 112
7 38 49 85 90 98 108 120
7 38 49 85 90 106 108 112
7 38 49 86 89 97 106 124
7 38 49 86 89 98 108 120
7 38 49 86 90 97 108 120
7 38 49 86 90 105 108 112
7 38 49 89 90 98 108 116
7 38 49 90 92 97 100 104
7 38 49 90 92 97 104 112
7 38 49 90 92 97 106 116
7 38 49 90 92 100 104 112
7 38 49 90 92 101 106 112
7 38 49 90 93 98 108 112
7 38 49 91 92 100 104 112
7 38 50 65 90 92 100 104
7 38 50 66 89 92 100 104
7 38 50 67 89 92 100 104
7 38 50 67 92 105 116 120
7 38 50 69 73 92 98 120
7 38 50 70 73 92 97 120
7 38 50 70 89 92 97 104
7 38 50 70 89 105 116 120
7 38 50 70 92 105 113 120
7 38 50 74 77 84 113 120
7 38 50 74 81 92 105 116
7 38 50 74 84 89 101 120
7 38 50 74 84 89 108 113
7 38 50 74 89 97 108 116
7 38 50 74 89 101 116 120
7 38 50 74 89 108 113 116
7 38 50 74 92 105 113 116
7 38 50 74 93 105 116 120
7 38 50 77 82 105 116 120
7 38 50 77 84 106 113 120
7 38 50 77 90 97 116 120
7 38 50 77 92 98 113 120
7 38 50 78 89 97 104 116
7 38 50 78 89 97 116 120
7 38 50 81 92 105 106 116
7 38 50 82 89 105 108 116
7 38 50 82 92 101 105 120
7 38 50 82 92 105 108 113
7 38 50 82 92 105 116 120
7 38 50 82 92 105 117 120
7 38 50 84 89 101 106 120
7 38 50 84 89 106 108 113
7 38 50 85 92 98 105 120
7 38 50 85 92 105 106 112
7 38 50 89 90 97 108 116
7 38 50 89 92 98 100 104
7 38 50 89 92 98 101 120
7 38 50 89 92 98 105 116
7 38 50 89 92 98 108 113
7 38 50 90 92 97 100 104
7 38 50 90 93 97 100 104
7 38 51 66 76 84 105 120
7 38 51 77 90 106 117 124
7 38 52 56 67 73 88 100
7 38 52 56 73 74 81 100
7 38 52 56 73 78 81 112
7 38 52 56 74 76 81 112
7 38 52 65 76 90 104 112
7 38 52 68 73 88 104 114
7 38 52 68 73 90 97 120
7 38 52 68 73 90 104 112
7 38 52 68 73 90 104 113
7 38 52 68 89 90 97 104
7 38 52 69 73 90 104 112
7 38 52 73 76 82 97 120
7 38 52 73 81 90 100 104
7 38 52 73 84 90 97 104
7 38 52 73 90 97 100 120
7 38 52 73 90 100 104 112
7 38 52 73 90 100 104 113
7 38 52 73 90 100 113 120
7 38 52 76 90 97 104 112
7 38 52 76 91 97 104 112
7 38 52 76 91 100 121 122
7 38 52 89 90 97 100 104
7 38 52 89 90 100 104 112
7 38 52 90 92 97 104 112
7 38 52 91 92 97 104 112
7 38 53 74 82 84 105 120
7 38 53 74 82 92 105 120
7 38 53 75 90 108 116 120
7 38 53 77 90 106 114 124
7 38 53 78 90 105 116 120
7 38 53 86 90 105 108 120
7 38 53 90 92 98 105 120
7 38 53 91 94 98 108 120
7 38 56 65 68 72 80 96
7 38 56 65 74 84 104 112
7 38 56 65 82 88 104 116
7 38 56 65 84 88 98 104
7 38 56 65 84 88 104 112
7 38 56 65 84 90 108 112
7 38 56 66 73 84 104 112
7 38 56 67 69 88 104 112
7 38 56 67 73 84 104 112
7 38 56 67 81 88 108 112
7 38 56 67 84 88 104 112
7 38 56 67 92 97 104 112
7 38 56 69 73 82 88 100
7 38 56 69 73 88 100 114
7 38 56 69 81 90 100 104
7 38 56 69 81 92 106 112
7 38 56 69 82 92 106 112
7 38 56 69 84 90 97 104
7 38 56 69 88 98 104 112
7 38 56 69 90 100 104 112
7 38 56 69 90 100 104 113
7 38 56 73 74 81 84 100
7 38 56 73 76 81 100 114
7 38 56 73 81 94 98 100
7 38 56 73 82 84 97 104
7 38 56 73 82 84 104 112
7 38 56 73 82 88 104 116
7 38 56 73 84 90 97 100
7 38 56 73 84 98 104 112
7 38 56 73 88 104 114 116
7 38 56 73 92 104 114 116
7 38 56 73 94 104 114 116
7 38 56 74 81 84 97 112
7 38 56 74 81 84 104 112
7 38 56 74 81 84 108 112
7 38 56 74 82 92 97 100
7 38 56 74 82 92 108 113
7 38 56 74 82 93 97 100
7 38 56 74 84 97 104 112
7 38 56 74 92 104 113 116
7 38 56 74 92 104 114 117
7 38 56 75 81 84 108 112
7 38 56 75 82 92 101 112
7 38 56 75 92 104 114 117
7 38 56 76 81 82 100 104
7 38 56 76 81 88 98 112
7 38 56 76 81 100 104 114
7 38 56 76 86 89 97 98
7 38 56 76 89 104 114 116
7 38 56 76 90 104 113 116
7 38 56 77 82 84 106 112
7 38 56 77 82 84 106 113
7 38 56 77 90 98 113 116
7 38 56 77 90 104 114 116
7 38 56 78 82 84 105 112
7 38 56 78 82 85 105 112
7 38 56 78 89 97 114 116
7 38 56 78 89 104 114 116
7 38 56 78 90 104 113 116
7 38 56 79 90 104 113 116
7 38 56 81 84 88 98 104
7 38 56 81 84 106 108 112
7 38 56 81 88 98 100 104
7 38 56 81 88 98 100 112
7 38 56 81 88 98 104 116
7 38 56 81 88 98 108 112
7 38 56 81 90 98 108 116
7 38 56 81 92 97 106 112
7 38 56 81 92 98 104 112
7 38 56 81 92 100 106 112
7 38 56 81 94 98 100 104
7 38 56 81 94 98 108 112
7 38 56 81 94 100 104 112
7 38 56 82 84 88 97 104
7 38 56 82 84 89 99 108
7 38 56 82 84 105 108 112
7 38 56 82 89 98 108 116
7 38 56 82 89 99 108 116
7 38 56 82 92 97 104 112
7 38 56 82 92 98 105 116
7 38 56 83 92 97 104 112
7 38 56 83 92 98 100 105
7 38 56 83 92 98 105 116
7 38 56 84 88 97 98 104
7 38 56 84 89 100 106 112
7 38 56 84 90 97 108 112
7 38 56 84 90 100 105 112
7 38 56 86 89 97 98 108
7 38 56 86 89 98 100 104
7 38 56 86 89 98 108 112
7 38 56 86 89 98 108 113
7 38 56 86 89 100 104 112
7 38 56 86 90 97 108 112
7 38 56 89 90 97 108 116
7 38 56 89 90 98 108 116
7 38 56 89 92 98 100 112
7 38 56 89 92 98 104 112
7 38 56 89 92 98 104 116
7 38 56 89 92 98 108 116
7 38 56 89 92 100 104 114
7 38 56 89 94 98 100 112
7 38 56 89 94 98 104 116
7 38 56 89 94 98 108 116
7 38 56 89 94 100 104 112
7 38 56 90 92 97 100 112
7 38 56 90 92 97 104 112
7 38 56 90 92 97 104 116
7 38 56 90 92 101 104 114
7 38 56 90 93 98 104 116
7 38 56 90 93 98 108 116
7 38 56 90 93 99 104 116
7 38 56 90 93 99 108 116
7 38 56 91 94 98 108 116
7 38 56 91 94 98 108 117
7 38 56 91 94 98 109 117
7 38 56 93 94 98 104 112
7 38 56 93 94 99 104 112
7 38 56 93 94 100 105 114
7 38 57 65 74 84 104 112
7 38 57 65 82 84 104 112
7 38 57 65 82 92 106 116
7 38 57 66 68 88 104 112
7 38 57 66 84 88 104 112
7 38 57 66 84 88 108 112
7 38 57 67 69 94 104 112
7 38 57 67 76 82 104 116
7 38 57 67 76 82 116 120
7 38 57 67 76 84 88 98
7 38 57 67 76 88 98 116
7 38 57 67 82 92 100 104
7 38 57 67 90 97 108 116
7 38 57 67 90 108 116 120
7 38 57 67 94 108 116 120
7 38 57 67 94 108 116 122
7 38 57 69 74 84 98 120
7 38 57 69 94 98 104 112
7 38 57 70 82 92 97 104
7 38 57 71 90 108 116 120
7 38 57 71 94 105 114 124
7 38 57 73 82 92 106 116
7 38 57 74 76 86 97 112
7 38 57 74 82 84 101 120
7 38 57 74 82 92 97 100
7 38 57 74 82 92 101 112
7 38 57 74 82 92 101 120
7 38 57 74 82 92 105 116
7 38 57 74 86 108 113 120
7 38 57 75 86 108 116 120
7 38 57 75 94 98 117 124
7 38 57 75 94 108 114 117
7 38 57 76 82 84 98 120
7 38 57 77 82 98 116 120
7 38 57 77 86 106 114 124
7 38 57 77 90 104 114 116
7 38 57 78 82 97 116 120
7 38 57 78 82 113 116 120
7 38 57 78 86 97 122 124
7 38 57 78 86 105 114 124
7 38 57 78 86 105 116 120
7 38 57 78 87 105 114 124
7 38 57 78 90 98 117 124
7 38 57 78 90 104 113 116
7 38 57 78 92 100 115 120
7 38 57 79 87 97 122 124
7 38 57 79 94 104 114 116
7 38 57 82 85 98 108 120
7 38 57 82 89 98 108 116
7 38 57 83 92 106 108 116
7 38 57 83 94 101 106 124
7 38 57 85 90 98 108 112
7 38 57 85 90 98 108 120
7 38 57 85 90 106 108 116
7 38 57 85 92 106 108 114
7 38 57 85 94 98 104 112
7 38 57 85 94 106 108 114
7 38 57 86 90 97 108 112
7 38 57 86 90 97 108 120
7 38 57 86 90 101 108 120
7 38 57 86 90 105 108 116
7 38 57 86 92 100 105 122
7 38 57 86 92 100 106 120
7 38 57 86 92 101 106 120
7 38 57 86 92 105 106 116
7 38 57 87 90 98 109 124
7 38 57 87 92 100 106 120
7 38 57 87 94 98 105 124
7 38 57 87 94 98 108 120
7 38 57 87 94 98 109 120
7 38 57 87 94 99 108 120
7 38 57 87 94 105 108 114
7 38 57 87 94 106 108 113
7 38 57 89 90 98 108 116
7 38 57 90 92 97 104 112
7 38 57 90 92 97 106 116
7 38 57 90 92 97 108 116
7 38 57 90 92 99 108 116
7 38 57 90 92 101 104 114
7 38 57 90 92 101 106 116
7 38 57 90 93 98 104 116
7 38 57 90 93 98 108 116
7 38 57 91 94 98 108 116
7 38 57 91 94 98 108 117
7 38 57 93 94 98 104 112
7 38 57 93 94 99 108 114
7 38 58 65 70 92 104 112
7 38 58 66 69 92 104 112
7 38 58 66 76 84 97 120
7 38 58 66 76 84 113 120
7 38 58 66 77 84 113 120
7 38 58 66 81 92 105 116
7 38 58 66 84 89 108 113
7 38 58 67 69 92 104 112
7 38 58 69 92 98 104 112
7 38 58 70 73 81 97 124
7 38 58 70 92 97 104 112
7 38 58 70 92 105 113 120
7 38 58 70 92 106 116 121
7 38 58 70 93 97 104 112
7 38 58 71 92 106 116 121
7 38 58 71 93 106 116 121
7 38 58 73 81 92 98 100
7 38 58 73 82 92 108 113
7 38 58 73 92 108 114 116
7 38 58 73 94 108 114 116
7 38 58 74 76 81 97 116
7 38 58 74 85 108 116 121
7 38 58 74 89 108 113 116
7 38 58 74 93 108 113 116
7 38 58 75 92 108 114 117
7 38 58 75 93 108 114 117
7 38 58 76 82 89 105 116
7 38 58 76 85 106 116 121
7 38 58 77 83 106 117 124
7 38 58 77 84 98 113 120
7 38 58 77 86 106 113 124
7 38 58 77 86 106 116 121
7 38 58 77 90 99 117 124
7 38 58 77 92 104 113 114
7 38 58 77 92 106 115 117
7 38 58 77 92 108 113 114
7 38 58 77 94 106 113 116
7 38 58 78 93 105 115 116
7 38 58 82 89 97 108 116
7 38 58 82 93 107 117 124
7 38 58 83 92 106 109 117
7 38 58 83 93 101 106 124
7 38 58 84 89 98 108 113
7 38 58 85 90 105 108 116
7 38 58 85 90 106 108 116
7 38 58 85 92 98 105 112
7 38 58 85 92 98 105 120
7 38 58 85 92 106 108 114
7 38 58 86 92 97 104 112
7 38 58 86 93 97 104 112
7 38 58 86 93 99 108 121
7 38 58 86 93 106 108 113
7 38 58 87 93 105 106 116
7 38 58 89 92 98 105 116
7 38 58 89 92 98 108 116
7 38 58 89 94 98 108 116
7 38 58 90 92 97 108 116
7 38 58 90 92 101 106 116
7 38 58 90 93 97 108 116
7 38 58 90 93 98 108 116
7 38 58 90 93 99 108 116
7 38 58 90 93 99 108 117
7 38 58 93 94 97 104 112
7 38 58 93 94 99 108 113
7 38 59 66 69 92 104 112
7 38 59 66 76 84 97 120
7 38 59 66 76 84 113 120
7 38 59 85 92 98 104 112
7 38 59 90 93 98 108 116
7 38 60 65 68 88 104 112
7 38 60 65 68 90 104 112
7 38 60 65 74 82 100 120
7 38 60 67 76 82 113 120
7 38 60 67 90 108 116 120
7 38 60 67 92 108 113 122
7 38 60 68 73 82 97 120
7 38 60 68 73 82 104 112
7 38 60 69 74 82 97 120
7 38 60 69 74 82 113 120
7 38 60 69 90 106 116 121
7 38 60 70 73 82 97 120
7 38 60 70 73 82 113 120
7 38 60 70 82 89 97 104
7 38 60 70 89 105 116 122
7 38 60 73 74 81 116 120
7 38 60 73 81 82 100 104
7 38 60 73 82 84 97 120
7 38 60 73 86 108 113 122
7 38 60 73 90 108 114 116
7 38 60 73 92 106 114 116
7 38 60 74 76 82 97 112
7 38 60 74 76 82 113 120
7 38 60 74 76 84 113 120
7 38 60 74 81 82 100 104
7 38 60 74 81 84 97 120
7 38 60 74 81 84 104 112
7 38 60 74 82 84 97 120
7 38 60 74 82 89 97 100
7 38 60 74 82 89 101 120
7 38 60 74 83 105 116 120
7 38 60 74 85 108 114 121
7 38 60 74 86 108 114 121
7 38 60 74 89 105 114 116
7 38 60 74 92 108 113 114
7 38 60 75 82 113 116 120
7 38 60 75 86 108 113 120
7 38 60 75 87 108 114 121
7 38 60 75 90 108 114 117
7 38 60 75 92 106 114 117
7 38 60 75 92 106 115 117
7 38 60 75 92 108 113 114
7 38 60 76 83 100 121 122
7 38 60 76 83 105 116 122
7 38 60 76 83 106 116 121
7 38 60 76 84 90 106 113
7 38 60 76 90 106 113 116
7 38 60 77 90 106 115 117
7 38 60 78 90 104 113 116
7 38 60 78 90 106 113 116
7 38 60 79 90 104 113 116
7 38 60 81 90 100 104 112
7 38 60 82 89 98 108 113
7 38 60 82 89 100 104 112
7 38 60 83 90 105 108 116
7 38 60 83 92 100 105 122
7 38 60 84 91 97 104 112
7 38 60 85 90 97 108 120
7 38 60 85 90 105 108 114
7 38 60 85 90 106 108 114
7 38 60 85 91 97 108 122
7 38 60 86 89 97 108 122
7 38 60 86 89 106 108 113
7 38 60 86 89 106 108 114
7 38 60 86 90 97 108 120
7 38 60 86 90 105 108 113
7 38 60 87 90 105 108 114
7 38 60 87 91 97 108 120
7 38 60 89 90 97 108 116
7 38 60 89 90 98 108 116
7 38 60 89 90 100 104 112
7 38 60 89 92 97 106 114
7 38 60 89 92 100 106 114
7 38 60 89 92 101 106 114
7 38 60 89 94 100 104 112
7 38 60 90 92 97 104 112
7 38 60 90 92 97 108 114
7 38 60 90 92 98 105 113
7 38 60 90 92 101 106 114
7 38 60 90 93 99 108 114
7 38 60 90 93 100 104 112
7 38 60 91 92 97 104 112
7 38 60 91 93 99 108 114
7 38 60 91 93 101 106 114
7 38 60 91 94 98 105 117
7 38 60 91 94 98 108 113
7 38 60 91 94 100 104 112
7 38 60 91 94 101 104 112
7 38 61 74 76 82 97 112
7 38 61 74 76 82 113 120
7 38 61 74 82 84 97 120
7 38 61 74 93 99 114 124
7 38 61 75 90 98 117 124
7 38 61 75 90 108 114 117
7 38 61 75 92 106 114 117
7 38 61 77 90 106 115 116
7 38 61 78 90 104 113 116
7 38 61 83 90 106 108 116
7 38 61 83 92 106 108 114
7 38 61 85 90 106 108 114
7 38 61 86 90 97 104 112
7 38 61 86 90 97 108 120
7 38 61 90 92 99 108 114
7 38 61 90 92 101 106 114
7 38 61 90 93 99 108 114
7 38 61 91 92 101 106 114
7 38 61 91 94 100 104 112
7 38 65 66 68 88 104 112
7 38 65 66 88 100 104 112
7 38 65 74 84 88 104 112
7 38 65 88 98 100 104 112
7 38 65 90 92 100 104 112
7 38 65 90 98 108 116 120
7 38 66 68 81 88 104 112
7 38 66 68 88 97 104 112
7 38 66 73 84 88 104 112
7 38 66 81 88 100 104 112
7 38 66 88 97 100 104 112
7 38 66 89 92 100 104 112
7 38 67 73 84 88 104 112
7 38 67 82 92 108 113 120
7 38 67 86 89 97 108 120
7 38 67 89 90 97 108 116
7 38 67 89 97 108 116 122
7 38 67 90 93 100 104 112
7 38 67 92 98 108 113 120
7 38 67 92 108 116 121 122
7 38 69 89 94 98 104 112
7 38 69 90 92 98 104 112
7 38 70 73 81 97 122 124
7 38 70 82 89 105 116 120
7 38 70 82 92 105 113 120
7 38 70 89 98 105 116 120
7 38 70 89 105 114 116 120
7 38 70 90 92 97 104 112
7 38 70 90 93 97 104 112
7 38 73 74 81 84 100 120
7 38 73 76 81 100 114 120
7 38 73 76 82 84 97 120
7 38 73 76 82 84 98 120
7 38 73 76 84 97 114 120
7 38 73 81 94 98 100 120
7 38 73 82 84 88 97 104
7 38 73 84 88 98 104 112
7 38 73 84 90 97 100 120
7 38 74 76 84 98 113 120
7 38 74 82 85 100 105 120
7 38 74 82 89 101 116 120
7 38 74 82 92 97 100 120
7 38 74 82 92 108 113 120
7 38 74 82 93 97 100 120
7 38 74 84 88 97 104 112
7 38 74 84 89 98 100 120
7 38 74 84 89 98 101 120
7 38 74 84 89 101 114 120
7 38 74 84 98 108 113 120
7 38 74 85 100 105 114 120
7 38 74 89 98 101 116 120
7 38 74 89 101 114 116 120
7 38 74 98 108 113 116 120
7 38 74 98 109 113 116 120
7 38 76 82 85 98 105 120
7 38 76 82 98 105 117 120
7 38 77 82 84 106 113 120
7 38 77 90 98 113 116 120
7 38 78 89 97 104 114 116
7 38 78 89 97 114 116 120
7 38 78 90 98 117 121 124
7 38 81 88 98 100 104 112
7 38 81 90 98 108 116 120
7 38 82 84 89 99 108 120
7 38 82 89 92 101 106 112
7 38 82 89 98 108 116 120
7 38 82 89 98 108 117 120
7 38 82 89 99 108 116 120
7 38 82 92 98 105 116 120
7 38 82 92 98 105 117 120
7 38 83 92 98 100 105 120
7 38 83 92 98 105 116 120
7 38 83 92 106 108 116 121
7 38 83 98 105 108 116 120
7 38 85 90 97 98 108 120
7 38 85 90 106 108 116 121
7 38 85 92 106 108 114 121
7 38 86 89 97 98 108 120
7 38 86 89 98 108 113 120
7 38 86 93 106 108 113 120
7 38 86 98 105 108 113 120
7 38 87 90 98 109 121 124
7 38 88 97 98 100 104 112
7 38 89 90 97 108 116 120
7 38 89 90 98 108 116 120
7 38 89 92 98 100 104 112
7 38 89 92 98 108 116 120
7 38 89 94 98 100 104 112
7 38 89 94 98 108 116 120
7 38 90 92 97 100 104 112
7 38 90 92 99 108 116 121
7 38 90 92 101 106 116 121
7 38 90 93 98 108 116 120
7 38 90 93 98 108 116 121
7 38 90 93 99 108 116 120
7 38 90 97 98 108 116 120
7 38 90 98 108 113 116 120
7 38 90 98 109 113 116 120
7 38 91 94 98 108 116 120
7 38 91 94 98 108 117 120
7 38 91 94 98 109 117 120
7 38 91 97 98 108 116 120
7 38 91 98 108 113 116 120
7 38 92 99 108 116 121 122
7 38 93 94 100 105 114 120
7 38 94 98 100 105 113 120
7 38 94 98 105 113 116 120
7 38 94 101 106 114 121 124
7 38 95 101 106 114 121 124
7 39 41 89 94 104 114 116
7 39 42 89 92 104 114 116
7 39 42 90 92 104 113 116
7 39 43 48 81 82 92 108
7 39 43 81 82 92 108 112
7 39 44 57 71 84 90 120
7 39 44 86 89 105 116 122
7 39 44 89 90 102 116 120
7 39 45 48 81 90 92 98
7 39 45 81 90 92 98 112
7 39 46 48 82 84 88 105
7 39 46 48 82 84 89 104
7 39 46 82 84 88 105 112
7 39 46 82 84 89 104 112
7 39 49 56 73 90 92 102
7 39 49 56 75 82 84 108
7 39 49 73 90 92 106 116
7 39 50 89 92 106 116 120
7 39 51 73 74 92 116 120
7 39 52 76 89 90 102 120
7 39 52 76 91 100 121 122
7 39 52 84 91 108 121 122
7 39 52 89 90 100 104 112
7 39 53 75 90 108 116 120
7 39 54 76 84 89 106 120
7 39 54 90 93 98 108 121
7 39 56 65 74 84 104 112
7 39 56 73 76 88 114 116
7 39 56 73 78 88 114 116
7 39 56 73 81 94 106 116
7 39 56 73 82 84 104 112
7 39 56 73 83 92 106 116
7 39 56 73 90 92 102 113
7 39 56 73 94 104 114 116
7 39 56 74 76 88 113 118
7 39 56 74 82 92 108 113
7 39 56 74 86 88 108 113
7 39 56 75 92 104 113 118
7 39 56 75 92 104 114 116
7 39 56 76 84 88 105 114
7 39 56 76 85 88 104 114
7 39 56 78 89 104 114 116
7 39 56 78 90 104 113 116
7 39 56 79 89 104 114 116
7 39 56 81 90 92 102 104
7 39 56 82 84 88 97 104
7 39 56 83 92 105 106 116
7 39 56 89 92 106 114 116
7 39 56 89 94 99 104 116
7 39 56 90 92 97 104 112
7 39 56 90 92 97 104 116
7 39 56 90 92 97 104 118
7 39 56 90 92 97 106 116
7 39 56 90 92 99 104 116
7 39 56 90 92 102 104 112
7 39 56 90 92 102 104 113
7 39 56 90 92 102 105 113
7 39 56 90 92 106 113 116
7 39 56 93 94 99 104 112
7 39 57 65 78 82 116 120
7 39 57 65 82 92 106 116
7 39 57 65 86 90 108 112
7 39 57 65 86 90 108 120
7 39 57 65 90 92 106 116
7 39 57 67 76 90 116 120
7 39 57 67 84 90 108 112
7 39 57 67 90 92 108 116
7 39 57 69 86 90 108 120
7 39 57 69 86 92 106 120
7 39 57 69 90 92 106 116
7 39 57 73 82 92 106 116
7 39 57 73 86 90 108 112
7 39 57 75 76 86 116 120
7 39 57 75 86 108 116 120
7 39 57 76 85 90 106 116
7 39 57 76 86 89 106 116
7 39 57 76 89 90 102 116
7 39 57 77 86 99 122 124
7 39 57 78 82 84 97 120
7 39 57 78 86 89 106 116
7 39 57 78 86 92 99 120
7 39 57 78 89 92 102 114
7 39 57 78 90 104 113 116
7 39 57 78 90 113 116 120
7 39 57 79 86 113 122 124
7 39 57 83 94 109 116 122
7 39 57 86 90 97 108 112
7 39 57 86 90 97 108 120
7 39 57 86 90 105 108 116
7 39 57 89 94 109 118 122
7 39 57 89 94 110 114 116
7 39 57 91 94 98 108 116
7 39 57 93 94 101 106 114
7 39 58 66 76 89 116 120
7 39 58 66 84 89 108 112
7 39 58 66 89 92 108 116
7 39 58 70 76 89 116 120
7 39 58 70 89 92 106 116
7 39 58 71 92 106 116 121
7 39 58 73 81 92 102 120
7 39 58 73 81 92 106 116
7 39 58 73 82 85 108 120
7 39 58 73 82 92 104 116
7 39 58 74 81 92 104 116
7 39 58 76 84 89 102 120
7 39 58 77 85 90 99 124
7 39 58 77 85 106 116 120
7 39 58 78 85 114 121 124
7 39 58 89 92 98 100 112
7 39 58 89 92 102 106 116
7 39 58 89 92 110 114 116
7 39 58 89 94 97 104 116
7 39 58 89 94 97 108 116
7 39 58 89 94 98 108 116
7 39 58 89 94 109 114 116
7 39 58 90 93 97 104 116
7 39 58 90 93 97 108 116
7 39 58 90 93 98 108 116
7 39 58 90 93 99 108 116
7 39 58 91 93 97 108 118
7 39 58 93 94 97 104 112
7 39 59 65 66 76 84 120
7 39 59 65 90 92 108 116
7 39 59 67 90 92 108 116
7 39 60 68 73 82 104 112
7 39 60 68 81 88 104 114
7 39 60 68 81 90 104 112
7 39 60 68 82 88 97 104
7 39 60 68 82 88 104 112
7 39 60 69 76 90 114 120
7 39 60 69 76 90 114 121
7 39 60 69 86 89 106 120
7 39 60 69 89 90 106 116
7 39 60 70 76 90 113 120
7 39 60 74 82 89 100 112
7 39 60 74 82 89 100 120
7 39 60 74 84 88 104 114
7 39 60 74 84 89 104 114
7 39 60 75 81 82 108 112
7 39 60 75 86 89 102 120
7 39 60 75 86 108 114 121
7 39 60 75 92 108 113 114
7 39 60 76 81 88 104 114
7 39 60 76 81 90 100 120
7 39 60 76 81 90 104 112
7 39 60 76 82 88 104 112
7 39 60 76 83 84 105 122
7 39 60 76 83 84 106 120
7 39 60 76 84 90 106 113
7 39 60 76 84 91 105 114
7 39 60 77 81 82 106 112
7 39 60 77 90 108 113 114
7 39 60 78 86 89 105 114
7 39 60 83 89 106 108 116
7 39 60 83 92 102 106 121
7 39 60 86 89 100 106 120
7 39 60 89 90 99 108 116
7 39 60 89 90 101 106 116
7 39 60 89 90 110 113 116
7 39 60 89 92 100 106 114
7 39 60 91 92 97 98 112
7 39 60 91 92 98 104 112
7 39 60 91 92 110 118 121
7 39 60 91 94 98 108 113
7 39 60 91 94 100 104 112
7 39 61 65 70 90 104 112
7 39 61 65 74 82 100 120
7 39 61 70 89 90 106 116
7 39 61 75 94 108 113 114
7 39 61 89 94 101 106 114
7 39 61 91 94 100 104 112
7 39 62 66 68 88 104 112
7 39 62 66 68 89 104 112
7 39 62 66 84 89 104 112
7 39 62 67 84 89 104 112
7 39 62 70 74 89 113 124
7 39 62 70 89 92 105 114
7 39 62 70 90 92 105 113
7 39 62 73 74 81 116 120
7 39 62 73 81 92 98 120
7 39 62 74 81 92 104 112
7 39 62 74 82 92 100 121
7 39 62 74 84 88 104 112
7 39 62 74 84 89 104 112
7 39 62 76 81 90 100 120
7 39 62 76 84 89 98 120
7 39 62 76 84 89 105 114
7 39 62 79 89 114 116 120
7 39 62 91 93 97 106 116
7 39 65 66 68 88 104 112
7 39 65 74 84 88 104 112
7 39 65 90 92 106 116 120
7 39 67 89 90 108 116 120
7 39 67 89 92 108 116 122
7 39 67 92 108 116 121 122
7 39 69 90 92 106 116 120
7 39 69 90 92 106 116 121
7 39 70 90 92 106 116 121
7 39 71 90 92 106 116 121
7 39 71 94 105 113 122 124
7 39 73 81 94 106 116 120
7 39 73 83 92 106 116 120
7 39 73 90 92 102 113 120
7 39 73 92 106 114 116 120
7 39 74 81 92 108 114 120
7 39 74 82 92 108 113 120
7 39 74 84 88 97 104 112
7 39 74 84 89 98 100 120
7 39 74 92 108 113 114 120
7 39 75 94 101 113 122 124
7 39 76 86 89 105 116 122
7 39 77 86 89 99 122 124
7 39 77 86 99 121 122 124
7 39 83 92 105 106 116 120
7 39 83 92 105 108 116 122
7 39 83 92 108 116 121 122
7 39 85 90 110 114 121 124
7 39 86 89 105 108 116 122
7 39 86 89 110 113 122 124
7 39 86 90 109 114 121 124
7 39 86 92 105 108 113 122
7 39 89 90 98 108 116 120
7 39 89 90 102 108 116 120
7 39 89 92 99 108 116 122
7 39 89 92 102 105 116 122
7 39 89 92 106 114 116 120
7 39 89 94 97 108 116 122
7 39 89 97 110 118 122 124
7 39 90 92 97 106 116 120
7 39 90 92 102 105 113 120
7 39 90 92 106 113 116 120
7 39 91 92 101 106 116 120
7 39 91 94 98 108 116 120
7 39 91 97 98 108 116 120
7 39 93 94 100 105 114 120
7 39 93 102 106 114 121 124
7 39 94 101 106 114 121 124
7 39 94 102 105 113 122 124
7 39 94 105 106 113 116 120
7 39 95 102 105 113 122 124
7 40 48 65 66 68 88 96
7 40 48 73 86 88 98 100
7 40 49 54 67 76 88 96
7 40 49 73 74 84 102 112
7 40 49 73 74 86 100 112
7 40 49 73 86 88 98 100
7 40 49 73 94 98 100 112
7 40 49 74 76 86 97 112
7 40 49 78 88 97 114 116
7 40 49 78 89 98 100 112
7 40 49 89 94 98 100 112
7 40 49 90 92 97 102 112
7 40 50 52 65 76 88 98
7 40 50 52 65 78 88 96
7 40 50 52 67 76 88 96
7 40 50 52 70 73 88 96
7 40 50 52 70 73 88 97
7 40 50 52 71 73 88 96
7 40 50 65 74 92 100 112
7 40 50 65 76 88 98 116
7 40 50 69 73 92 98 112
7 40 50 73 92 98 100 112
7 40 50 74 92 97 100 112
7 40 50 76 88 97 98 116
7 40 50 76 88 98 113 116
7 40 50 89 92 98 100 112
7 40 50 90 92 97 100 112
7 40 52 65 74 88 100 112
7 40 52 65 76 88 98 112
7 40 52 67 74 88 100 112
7 40 52 67 76 88 98 112
7 40 52 73 76 82 98 112
7 40 52 73 88 98 100 112
7 40 52 74 76 81 98 112
7 40 52 74 81 88 98 100
7 40 52 76 88 97 98 112
7 40 52 77 90 97 98 112
7 40 53 76 90 97 98 112
7 40 53 90 92 97 98 112
7 40 54 65 76 88 98 112
7 40 54 73 88 98 100 112
7 40 54 73 88 98 100 113
7 40 54 73 88 98 113 116
7 40 54 74 76 81 97 112
7 40 54 76 88 97 98 112
7 40 55 76 88 97 98 112
7 40 73 83 92 98 100 112
7 40 73 86 88 98 100 112
7 40 73 86 88 98 100 113
7 40 73 87 88 98 100 112
7 40 74 86 88 97 100 112
7 41 42 49 70 82 92 100
7 41 42 50 70 81 92 100
7 41 42 69 84 88 100 114
7 41 42 72 81 84 102 112
7 41 42 76 83 84 100 112
7 41 42 81 84 102 104 112
7 41 42 82 92 97 116 120
7 41 42 86 88 104 113 116
7 41 42 87 92 104 114 116
7 41 44 48 82 84 88 98
7 41 44 48 82 84 88 100
7 41 44 49 70 84 90 96
7 41 44 52 70 81 90 96
7 41 44 67 84 88 100 114
7 41 44 70 81 88 100 114
7 41 44 70 81 100 114 120
7 41 44 70 84 97 114 120
7 41 44 72 82 84 98 112
7 41 44 82 84 88 98 112
7 41 44 82 84 88 100 112
7 41 44 84 90 100 114 120
7 41 44 86 88 97 98 112
7 41 44 86 88 104 114 116
7 41 44 86 88 104 114 117
7 41 44 87 88 104 114 116
7 41 46 48 82 84 88 97
7 41 46 48 82 84 88 100
7 41 46 65 72 82 84 112
7 41 46 71 89 114 116 120
7 41 46 72 82 84 97 112
7 41 46 73 86 88 114 116
7 41 46 74 85 88 114 116
7 41 46 75 85 88 114 116
7 41 46 75 85 114 116 120
7 41 46 76 81 88 114 116
7 41 46 82 84 88 97 112
7 41 46 82 84 88 100 112
7 41 46 83 85 88 106 116
7 41 46 83 85 106 116 120
7 41 46 85 89 102 114 120
7 41 46 85 89 106 114 116
7 41 46 85 90 97 114 124
7 41 46 85 90 101 114 120
7 41 46 85 90 104 114 116
7 41 46 85 94 97 114 120
7 41 46 87 88 104 114 116
7 41 46 87 89 104 114 116
7 41 48 82 84 88 97 110
7 41 49 69 70 90 98 124
7 41 49 69 78 90 98 116
7 41 49 69 94 102 122 124
7 41 49 71 94 98 100 120
7 41 49 71 94 106 116 120
7 41 49 73 86 102 122 124
7 41 49 73 94 102 114 124
7 41 49 77 86 90 98 100
7 41 49 85 94 102 106 120
7 41 49 89 94 102 106 116
7 41 50 52 67 76 88 112
7 41 50 52 70 73 88 112
7 41 50 52 70 76 89 98
7 41 50 52 76 82 88 97
7 41 50 52 78 82 88 100
7 41 50 52 78 84 88 97
7 41 50 65 66 84 88 100
7 41 50 65 66 84 100 120
7 41 50 65 66 92 100 112
7 41 50 65 66 92 100 120
7 41 50 65 84 88 110 112
7 41 50 66 76 84 88 100
7 41 50 66 76 84 100 120
7 41 50 66 84 88 100 112
7 41 50 66 84 88 108 112
7 41 50 67 70 92 100 120
7 41 50 67 76 84 88 100
7 41 50 67 76 84 100 120
7 41 50 67 78 85 100 120
7 41 50 67 84 88 108 112
7 41 50 67 92 100 104 112
7 41 50 67 92 108 116 120
7 41 50 69 74 84 88 100
7 41 50 69 78 89 98 116
7 41 50 69 82 92 106 116
7 41 50 69 82 92 110 112
7 41 50 69 84 88 110 112
7 41 50 69 84 90 108 112
7 41 50 70 73 76 84 112
7 41 50 70 73 84 88 100
7 41 50 70 74 92 100 113
7 41 50 70 76 89 98 116
7 41 50 70 81 92 106 116
7 41 50 70 82 92 100 104
7 41 50 70 82 92 108 113
7 41 50 70 84 88 108 112
7 41 50 70 88 97 104 116
7 41 50 70 89 92 98 100
7 41 50 70 89 98 108 116
7 41 50 70 92 97 100 120
7 41 50 70 92 97 116 120
7 41 50 70 92 98 108 113
7 41 50 70 92 100 104 112
7 41 50 70 92 108 116 120
7 41 50 73 76 84 98 112
7 41 50 73 84 88 102 112
7 41 50 73 84 102 104 112
7 41 50 73 92 98 116 120
7 41 50 73 92 102 116 120
7 41 50 74 92 97 116 120
7 41 50 76 81 102 104 112
7 41 50 76 82 84 100 104
7 41 50 76 82 84 100 120
7 41 50 76 82 88 104 116
7 41 50 76 84 88 98 100
7 41 50 76 84 88 99 100
7 41 50 78 81 84 100 120
7 41 50 78 85 90 97 100
7 41 50 78 85 98 100 120
7 41 50 78 88 104 113 116
7 41 50 78 92 104 113 116
7 41 50 79 94 104 113 116
7 41 50 81 92 100 106 112
7 41 50 81 92 106 116 120
7 41 50 81 94 110 116 120
7 41 50 82 84 88 97 100
7 41 50 82 84 88 97 108
7 41 50 82 84 97 108 120
7 41 50 82 92 100 104 112
7 41 50 82 92 108 116 120
7 41 50 82 92 110 116 120
7 41 50 84 88 97 98 100
7 41 50 84 90 97 108 112
7 41 50 85 94 98 100 120
7 41 50 85 94 98 108 120
7 41 50 85 94 100 106 112
7 41 50 85 94 100 106 120
7 41 50 89 92 102 104 112
7 41 50 89 92 102 104 116
7 41 50 89 94 101 106 116
7 41 50 90 92 97 100 112
7 41 50 90 92 100 104 113
7 41 50 91 94 101 104 116
7 41 50 93 94 98 100 112
7 41 50 93 94 98 100 120
7 41 50 93 94 99 100 112
7 41 51 85 92 102 106 120
7 41 51 93 94 98 100 112
7 41 52 56 67 78 84 112
7 41 52 56 78 82 84 98
7 41 52 65 76 82 88 98
7 41 52 65 76 82 98 120
7 41 52 67 76 100 114 120
7 41 52 67 82 92 110 112
7 41 52 67 84 88 110 112
7 41 52 67 84 90 108 112
7 41 52 68 82 88 104 112
7 41 52 69 70 90 104 112
7 41 52 69 74 88 100 114
7 41 52 69 74 100 114 120
7 41 52 69 82 92 106 112
7 41 52 69 90 98 100 120
7 41 52 69 90 100 114 120
7 41 52 70 73 100 114 120
7 41 52 70 82 88 104 112
7 41 52 70 84 90 97 104
7 41 52 73 76 82 98 112
7 41 52 74 82 84 97 112
7 41 52 74 82 84 97 120
7 41 52 74 82 84 100 104
7 41 52 74 82 84 100 120
7 41 52 74 82 88 100 112
7 41 52 74 84 88 100 112
7 41 52 74 84 88 100 114
7 41 52 74 84 88 100 115
7 41 52 74 84 100 104 115
7 41 52 74 84 100 115 120
7 41 52 76 81 90 102 120
7 41 52 76 82 84 98 120
7 41 52 76 82 88 97 98
7 41 52 76 82 88 98 100
7 41 52 76 82 88 98 112
7 41 52 76 82 88 104 112
7 41 52 76 82 97 98 120
7 41 52 76 83 100 114 120
7 41 52 76 84 88 98 112
7 41 52 76 86 88 106 113
7 41 52 76 86 106 113 120
7 41 52 76 90 102 113 120
7 41 52 78 81 100 114 120
7 41 52 78 82 84 97 120
7 41 52 78 82 88 97 112
7 41 52 78 84 97 114 120
7 41 52 78 86 89 97 98
7 41 52 78 92 100 115 120
7 41 52 78 92 100 115 122
7 41 52 78 92 104 113 114
7 41 52 81 90 102 108 112
7 41 52 81 92 102 106 112
7 41 52 81 94 98 100 104
7 41 52 82 84 88 97 110
7 41 52 82 84 97 110 120
7 41 52 82 92 97 98 112
7 41 52 82 92 97 98 120
7 41 52 82 92 97 110 112
7 41 52 82 92 100 104 112
7 41 52 82 92 101 106 112
7 41 52 82 92 102 106 112
7 41 52 83 84 100 106 120
7 41 52 83 92 100 106 112
7 41 52 83 92 100 106 120
7 41 52 83 94 102 108 120
7 41 52 84 90 97 102 120
7 41 52 84 90 99 100 120
7 41 52 84 90 102 113 120
7 41 52 84 90 108 114 120
7 41 52 85 90 100 104 114
7 41 52 85 94 100 106 120
7 41 52 86 90 98 108 112
7 41 52 86 92 97 106 112
7 41 52 87 92 100 106 120
7 41 52 87 94 100 106 120
7 41 52 89 94 102 108 114
7 41 52 90 92 97 102 112
7 41 52 90 92 102 104 113
7 41 52 90 93 102 104 112
7 41 52 93 94 100 104 114
7 41 53 67 94 108 114 120
7 41 53 71 90 108 114 120
7 41 53 73 94 102 114 120
7 41 53 75 78 88 114 116
7 41 53 77 90 102 114 120
7 41 53 78 81 90 102 120
7 41 53 78 81 90 108 114
7 41 53 78 83 88 108 114
7 41 53 78 83 108 114 120
7 41 53 78 89 102 114 120
7 41 53 78 90 97 114 124
7 41 53 78 90 97 118 120
7 41 53 78 90 98 113 124
7 41 53 78 90 101 114 120
7 41 53 78 90 102 113 120
7 41 53 78 90 108 113 114
7 41 53 83 94 98 108 120
7 41 53 89 90 102 108 114
7 41 53 89 94 102 104 114
7 41 53 90 92 99 102 120
7 41 54 65 66 76 88 112
7 41 54 65 74 84 100 120
7 41 54 65 76 82 104 112
7 41 54 65 76 88 98 112
7 41 54 65 82 88 108 112
7 41 54 65 82 92 108 120
7 41 54 65 84 90 108 112
7 41 54 66 68 88 104 112
7 41 54 66 84 88 104 112
7 41 54 67 89 108 116 122
7 41 54 67 90 108 116 120
7 41 54 69 82 88 104 112
7 41 54 70 81 90 97 108
7 41 54 73 76 88 114 116
7 41 54 73 78 88 114 116
7 41 54 73 78 114 116 120
7 41 54 73 90 102 113 124
7 41 54 73 90 108 114 116
7 41 54 74 76 81 116 120
7 41 54 74 76 88 113 116
7 41 54 74 81 84 100 120
7 41 54 74 81 92 102 120
7 41 54 74 81 92 108 114
7 41 54 74 82 92 101 120
7 41 54 74 85 88 108 114
7 41 54 74 85 108 114 120
7 41 54 74 86 88 108 113
7 41 54 74 86 108 113 120
7 41 54 75 85 88 108 114
7 41 54 75 85 108 114 120
7 41 54 75 88 108 114 117
7 41 54 75 92 104 114 117
7 41 54 76 81 88 98 112
7 41 54 76 81 88 106 116
7 41 54 76 82 88 104 112
7 41 54 76 82 88 104 113
7 41 54 76 82 88 104 116
7 41 54 76 84 90 102 120
7 41 54 77 81 90 102 120
7 41 54 77 81 90 106 116
7 41 54 77 88 106 114 116
7 41 54 77 89 106 114 116
7 41 54 77 90 98 113 124
7 41 54 77 90 102 113 120
7 41 54 77 90 104 114 116
7 41 54 77 90 106 113 116
7 41 54 77 90 108 113 114
7 41 54 78 81 88 106 116
7 41 54 78 81 97 122 124
7 41 54 78 81 98 100 120
7 41 54 78 81 106 116 120
7 41 54 78 88 104 115 117
7 41 54 78 89 97 114 124
7 41 54 78 89 98 100 112
7 41 54 78 89 98 116 120
7 41 54 78 89 101 114 120
7 41 54 78 89 104 114 116
7 41 54 78 89 104 114 117
7 41 54 78 89 106 113 116
7 41 54 78 90 97 116 120
7 41 54 78 90 104 113 116
7 41 54 78 92 100 113 120
7 41 54 78 92 100 113 122
7 41 54 78 92 100 114 120
7 41 54 78 92 100 115 120
7 41 54 79 88 104 114 116
7 41 54 79 88 104 114 117
7 41 54 79 88 106 113 116
7 41 54 79 89 104 114 116
7 41 54 79 90 104 113 116
7 41 54 81 86 88 106 108
7 41 54 81 86 106 108 120
7 41 54 81 92 102 106 120
7 41 54 81 92 106 108 114
7 41 54 81 94 98 100 120
7 41 54 81 94 98 108 120
7 41 54 83 92 101 106 120
7 41 54 85 88 106 108 114
7 41 54 85 89 106 108 114
7 41 54 85 90 98 108 120
7 41 54 85 90 106 108 112
7 41 54 85 90 106 108 113
7 41 54 86 90 97 108 120
7 41 54 86 92 100 106 120
7 41 54 87 88 106 108 112
7 41 54 87 88 106 108 113
7 41 54 87 89 106 108 112
7 41 54 89 90 101 108 114
7 41 54 89 92 102 106 113
7 41 54 89 94 97 108 114
7 41 54 89 94 98 100 112
7 41 54 89 94 98 100 120
7 41 54 90 92 97 100 112
7 41 54 90 92 97 102 120
7 41 54 90 92 97 104 112
7 41 54 90 92 97 108 114
7 41 54 90 92 100 104 112
7 41 54 90 92 101 104 112
7 41 54 90 92 101 104 114
7 41 54 90 92 101 106 113
7 41 54 90 92 102 104 112
7 41 54 90 92 102 104 113
7 41 54 90 92 103 104 112
7 41 54 90 92 103 104 113
7 41 54 90 93 102 104 113
7 41 54 91 93 102 104 112
7 41 55 73 78 88 114 116
7 41 56 67 72 84 102 112
7 41 56 67 84 88 102 112
7 41 56 67 84 102 104 112
7 41 56 69 70 88 100 114
7 41 56 70 73 84 100 114
7 41 56 70 84 88 98 100
7 41 56 70 84 88 100 114
7 41 56 71 76 88 114 116
7 41 56 71 78 88 114 116
7 41 56 71 88 104 114 116
7 41 56 71 88 108 114 116
7 41 56 71 88 110 114 116
7 41 56 72 81 86 98 100
7 41 56 72 82 84 97 102
7 41 56 72 82 84 100 112
7 41 56 72 82 84 102 112
7 41 56 73 82 84 102 112
7 41 56 73 86 98 100 112
7 41 56 73 86 104 114 116
7 41 56 73 86 108 114 116
7 41 56 73 86 110 114 116
7 41 56 74 82 84 97 100
7 41 56 74 82 84 100 112
7 41 56 76 82 84 100 112
7 41 56 76 82 88 98 116
7 41 56 76 83 88 102 116
7 41 56 76 86 88 99 116
7 41 56 76 86 88 101 114
7 41 56 76 86 88 102 113
7 41 56 76 86 106 113 116
7 41 56 78 81 104 114 116
7 41 56 78 85 104 114 116
7 41 56 78 86 88 101 114
7 41 56 78 87 104 114 116
7 41 56 81 86 98 100 104
7 41 56 81 86 106 108 116
7 41 56 82 84 88 97 102
7 41 56 82 84 97 102 104
7 41 56 82 84 100 104 112
7 41 56 82 88 100 104 112
7 41 56 82 92 100 104 112
7 41 56 83 92 102 104 112
7 41 56 83 92 102 104 116
7 41 56 85 88 102 104 114
7 41 56 85 90 102 108 112
7 41 56 86 88 97 98 100
7 41 56 86 88 98 100 112
7 41 56 86 88 98 100 113
7 41 56 86 88 99 108 116
7 41 56 86 88 101 104 114
7 41 56 86 88 101 108 114
7 41 56 86 88 101 110 114
7 41 56 86 88 108 113 114
7 41 56 86 88 108 114 116
7 41 56 86 88 108 114 117
7 41 56 86 88 110 114 116
7 41 56 86 89 98 100 112
7 41 56 86 89 98 104 116
7 41 56 86 89 98 108 112
7 41 56 86 89 98 108 116
7 41 56 86 92 100 104 112
7 41 56 87 90 102 108 113
7 41 56 87 93 102 106 112
7 41 58 65 70 84 88 100
7 41 58 65 70 92 98 116
7 41 58 66 72 84 100 112
7 41 58 66 84 88 100 112
7 41 58 67 85 108 118 120
7 41 58 67 86 88 108 116
7 41 58 67 86 108 116 120
7 41 58 69 76 88 114 116
7 41 58 69 78 81 98 116
7 41 58 70 81 84 100 104
7 41 58 70 84 88 97 100
7 41 58 70 84 88 100 112
7 41 58 70 84 88 100 113
7 41 58 73 85 102 114 124
7 41 58 74 85 108 113 118
7 41 58 76 81 84 102 120
7 41 58 76 81 88 102 116
7 41 58 76 82 84 100 112
7 41 58 77 85 102 114 120
7 41 58 78 85 98 100 112
7 41 58 78 85 98 116 120
7 41 58 78 85 102 113 120
7 41 58 78 85 104 114 116
7 41 58 81 92 98 100 120
7 41 58 81 92 98 104 116
7 41 58 81 92 102 104 112
7 41 58 81 92 102 106 116
7 41 58 81 92 110 118 120
7 41 58 85 89 102 108 114
7 41 58 85 90 97 102 124
7 41 58 85 90 102 108 113
7 41 58 85 92 102 106 113
7 41 58 85 94 97 102 120
7 41 58 85 94 98 100 112
7 41 58 85 94 98 100 120
7 41 58 86 89 98 108 116
7 41 58 86 90 97 108 116
7 41 58 86 92 100 104 112
7 41 60 65 70 82 104 112
7 41 60 65 72 82 102 112
7 41 60 65 76 82 98 112
7 41 60 65 82 88 102 112
7 41 60 67 76 88 114 116
7 41 60 67 78 88 114 116
7 41 60 67 78 114 116 120
7 41 60 67 81 92 102 122
7 41 60 67 90 108 114 116
7 41 60 69 70 82 98 120
7 41 60 69 74 88 114 116
7 41 60 69 90 108 114 116
7 41 60 69 94 100 114 120
7 41 60 70 74 81 100 114
7 41 60 70 81 90 98 100
7 41 60 70 84 88 104 114
7 41 60 70 89 106 114 116
7 41 60 70 90 108 113 114
7 41 60 71 74 88 114 116
7 41 60 71 83 106 116 120
7 41 60 71 88 104 114 116
7 41 60 71 88 106 114 116
7 41 60 71 89 106 114 116
7 41 60 71 90 102 113 120
7 41 60 71 90 104 113 118
7 41 60 71 90 104 114 116
7 41 60 71 90 108 113 114
7 41 60 72 82 84 98 112
7 41 60 74 81 88 100 114
7 41 60 74 82 84 100 112
7 41 60 74 83 101 118 120
7 41 60 74 84 88 100 114
7 41 60 74 85 88 102 114
7 41 60 74 85 102 114 120
7 41 60 74 86 88 101 114
7 41 60 74 86 101 114 120
7 41 60 74 86 108 113 114
7 41 60 75 85 102 114 120
7 41 60 76 82 84 98 112
7 41 60 76 82 84 98 120
7 41 60 76 82 88 98 116
7 41 60 78 81 104 114 116
7 41 60 78 81 114 116 120
7 41 60 78 83 88 101 114
7 41 60 78 83 98 116 120
7 41 60 78 83 101 114 120
7 41 60 78 86 97 114 120
7 41 60 78 86 100 114 120
7 41 60 81 86 106 108 114
7 41 60 82 92 97 98 120
7 41 60 82 92 97 102 120
7 41 60 82 92 100 104 112
7 41 60 83 85 102 106 120
7 41 60 83 90 101 102 120
7 41 60 83 93 102 106 112
7 41 60 83 94 98 101 120
7 41 60 85 88 102 104 114
7 41 60 85 90 102 104 112
7 41 60 85 90 102 104 114
7 41 60 85 94 98 104 112
7 41 60 86 88 97 104 114
7 41 60 86 88 97 108 114
7 41 60 86 88 101 104 114
7 41 60 86 90 97 108 114
7 41 60 86 90 98 100 112
7 41 60 86 90 98 108 113
7 41 60 86 92 100 106 114
7 41 60 87 90 102 104 113
7 41 62 65 76 88 114 116
7 41 62 65 78 88 114 116
7 41 62 66 84 88 100 112
7 41 62 67 81 92 98 100
7 41 62 67 81 92 102 120
7 41 62 69 74 88 114 116
7 41 62 70 82 84 104 112
7 41 62 70 82 88 104 116
7 41 62 71 89 104 114 116
7 41 62 74 82 84 100 112
7 41 62 76 81 88 98 116
7 41 62 76 82 88 98 116
7 41 62 77 83 98 116 120
7 41 62 79 81 114 116 120
7 41 62 81 94 98 100 120
7 41 62 81 94 103 122 124
7 41 65 70 82 88 104 116
7 41 65 70 88 104 114 116
7 41 65 70 90 108 114 116
7 41 65 74 82 84 100 112
7 41 65 76 82 88 98 116
7 41 65 76 82 98 116 120
7 41 65 82 98 108 116 120
7 41 65 88 102 104 114 116
7 41 65 90 108 114 116 120
7 41 65 92 110 114 116 120
7 41 65 94 108 114 116 120
7 41 65 94 110 114 116 120
7 41 67 76 84 100 114 120
7 41 67 81 92 108 118 122
7 41 67 92 108 113 118 122
7 41 67 92 108 114 116 120
7 41 67 92 110 114 116 120
7 41 67 94 108 114 116 120
7 41 69 70 84 88 104 114
7 41 69 74 84 88 100 114
7 41 69 90 108 114 116 120
7 41 69 92 106 114 116 120
7 41 69 92 110 114 116 120
7 41 69 94 108 114 116 120
7 41 69 94 110 114 116 120
7 41 70 73 84 88 100 114
7 41 70 73 84 100 114 120
7 41 70 81 88 104 114 116
7 41 70 81 90 108 114 116
7 41 70 88 97 104 114 116
7 41 70 90 97 108 114 116
7 41 73 81 86 102 122 124
7 41 73 82 84 102 104 112
7 41 73 82 92 102 116 120
7 41 73 86 88 98 100 112
7 41 73 86 88 108 114 116
7 41 73 86 88 110 114 116
7 41 73 86 102 113 122 124
7 41 73 86 108 114 116 120
7 41 73 86 110 114 116 120
7 41 73 92 102 114 116 120
7 41 73 94 102 114 116 120
7 41 74 82 84 97 100 112
7 41 74 86 88 97 100 112
7 41 76 81 86 106 116 120
7 41 76 81 90 102 116 120
7 41 76 82 88 97 98 116
7 41 76 82 97 98 116 120
7 41 76 86 88 106 113 116
7 41 76 86 106 113 116 120
7 41 76 90 102 113 116 120
7 41 78 81 84 100 114 120
7 41 78 81 88 104 114 116
7 41 78 81 97 118 122 124
7 41 78 88 104 113 114 116
7 41 78 88 104 115 117 118
7 41 78 92 97 114 116 120
7 41 78 92 104 113 114 116
7 41 79 94 104 113 114 116
7 41 81 86 106 108 116 120
7 41 81 88 102 104 114 116
7 41 81 90 108 114 116 120
7 41 81 94 110 114 116 120
7 41 81 97 110 118 122 124
7 41 82 84 88 97 110 112
7 41 82 92 97 98 116 120
7 41 82 97 98 108 116 120
7 41 83 92 101 106 118 120
7 41 83 94 98 108 116 120
7 41 85 90 106 108 113 118
7 41 86 88 97 104 114 116
7 41 86 89 98 100 104 112
7 41 86 89 98 108 116 120
7 41 86 92 97 106 116 120
7 41 87 88 106 108 113 118
7 41 87 106 108 113 118 120
7 41 89 92 102 104 114 116
7 41 89 94 101 106 114 116
7 41 89 94 102 104 114 116
7 41 89 94 103 104 114 116
7 41 90 92 97 102 116 120
7 41 90 92 101 106 113 118
7 41 90 92 102 104 113 116
7 41 90 92 103 104 113 118
7 41 90 97 108 114 116 120
7 41 90 99 108 117 118 120
7 41 90 101 106 113 118 124
7 41 92 97 110 114 116 120
7 41 93 94 99 104 114 116
7 41 94 97 108 114 116 120
7 41 94 97 110 114 116 120
7 41 94 101 106 113 118 120
7 41 95 97 110 114 116 120
7 42 44 48 81 84 88 98
7 42 44 50 67 81 92 100
7 42 44 50 69 81 92 98
7 42 44 50 69 84 88 98
7 42 44 50 69 84 89 98
7 42 44 50 69 86 89 96
7 42 44 52 67 84 88 112
7 42 44 52 69 81 90 96
7 42 44 52 69 82 88 96
7 42 44 52 69 82 88 98
7 42 44 52 69 82 88 112
7 42 44 52 69 82 89 98
7 42 44 52 81 84 88 98
7 42 44 67 72 81 84 112
7 42 44 72 81 84 98 112
7 42 44 72 81 86 97 112
7 42 44 81 84 88 98 112
7 42 44 81 86 97 104 112
7 42 44 83 92 97 100 112
7 42 44 86 88 104 113 116
7 42 44 86 89 97 100 112
7 42 44 86 93 98 113 120
7 42 44 87 88 104 113 118
7 42 44 87 90 104 113 116
7 42 45 74 82 92 113 116
7 42 45 74 86 88 113 116
7 42 45 83 92 98 116 120
7 42 45 83 94 97 116 120
7 42 48 65 84 88 98 100
7 42 48 81 84 88 98 100
7 42 48 81 84 88 98 108
7 42 48 84 88 97 98 100
7 42 49 50 69 74 92 100
7 42 49 50 70 81 92 108
7 42 49 52 69 76 90 96
7 42 49 65 70 92 108 114
7 42 49 65 76 82 104 116
7 42 49 65 76 82 116 120
7 42 49 65 82 92 100 104
7 42 49 65 84 88 98 100
7 42 49 66 84 88 100 112
7 42 49 66 84 88 108 112
7 42 49 67 92 108 118 120
7 42 49 67 94 108 116 120
7 42 49 69 70 90 97 124
7 42 49 69 82 88 104 116
7 42 49 69 82 92 100 104
7 42 49 69 90 98 108 116
7 42 49 69 92 100 104 114
7 42 49 69 92 100 114 120
7 42 49 69 92 108 114 120
7 42 49 70 76 97 116 120
7 42 49 70 81 88 108 112
7 42 49 70 81 92 108 112
7 42 49 70 81 92 108 114
7 42 49 70 82 92 100 104
7 42 49 70 82 92 105 116
7 42 49 70 84 88 108 112
7 42 49 70 90 97 108 116
7 42 49 70 92 97 108 114
7 42 49 70 92 97 116 120
7 42 49 73 92 100 114 120
7 42 49 73 92 104 114 116
7 42 49 74 84 88 100 112
7 42 49 74 92 101 118 120
7 42 49 76 81 88 104 118
7 42 49 76 82 84 100 104
7 42 49 76 82 84 100 120
7 42 49 76 82 88 97 116
7 42 49 76 82 88 104 116
7 42 49 76 82 97 104 116
7 42 49 76 82 97 116 120
7 42 49 76 83 84 100 104
7 42 49 76 84 88 98 112
7 42 49 76 86 97 100 120
7 42 49 76 88 97 114 116
7 42 49 76 90 97 116 120
7 42 49 77 94 104 114 116
7 42 49 78 92 104 114 116
7 42 49 79 92 104 114 116
7 42 49 81 92 108 114 120
7 42 49 81 92 108 118 120
7 42 49 82 92 97 100 104
7 42 49 82 92 97 100 112
7 42 49 82 92 97 100 120
7 42 49 82 92 100 104 112
7 42 49 82 92 108 116 120
7 42 49 86 92 97 100 120
7 42 49 86 92 97 108 120
7 42 49 86 92 100 105 112
7 42 49 86 93 98 100 120
7 42 49 86 93 98 108 120
7 42 49 90 92 97 100 112
7 42 49 90 92 97 100 120
7 42 49 90 92 97 104 116
7 42 49 90 92 100 104 112
7 42 49 90 92 101 104 118
7 42 49 90 92 102 104 116
7 42 49 90 92 103 104 116
7 42 49 93 94 98 100 112
7 42 50 56 67 69 92 100
7 42 50 60 69 70 89 96
7 42 50 65 70 92 100 120
7 42 50 66 69 92 100 120
7 42 50 66 69 92 100 121
7 42 50 66 69 92 108 113
7 42 50 66 77 92 100 113
7 42 50 67 69 92 100 120
7 42 50 69 74 92 100 112
7 42 50 69 74 92 100 113
7 42 50 69 82 92 105 116
7 42 50 69 82 92 108 113
7 42 50 69 89 92 98 100
7 42 50 69 90 92 97 100
7 42 50 69 92 98 100 120
7 42 50 69 92 98 100 121
7 42 50 69 92 98 108 113
7 42 50 69 92 98 116 120
7 42 50 69 92 98 116 121
7 42 50 70 77 113 116 120
7 42 50 70 81 92 100 104
7 42 50 70 85 100 105 120
7 42 50 70 89 101 116 120
7 42 50 70 92 97 100 120
7 42 50 70 92 97 116 120
7 42 50 70 92 100 113 120
7 42 50 70 92 108 113 120
7 42 50 70 93 97 100 120
7 42 50 70 93 97 116 120
7 42 50 70 93 100 113 120
7 42 50 70 93 105 116 120
7 42 50 74 92 101 116 120
7 42 50 74 92 101 116 121
7 42 50 74 93 101 116 120
7 42 50 77 92 98 100 113
7 42 50 85 92 98 100 120
7 42 50 85 92 98 100 121
7 42 50 85 92 98 108 120
7 42 50 85 92 98 108 121
7 42 50 86 93 97 100 120
7 42 50 86 93 97 108 120
7 42 50 86 93 100 105 120
7 42 50 93 94 97 100 112
7 42 50 93 94 97 100 120
7 42 51 66 77 92 100 112
7 42 51 70 93 109 114 124
7 42 51 77 92 98 100 112
7 42 51 77 92 98 116 120
7 42 51 77 92 100 114 120
7 42 51 77 92 104 114 116
7 42 51 90 92 101 104 116
7 42 52 56 67 69 88 96
7 42 52 56 67 69 88 100
7 42 52 56 67 69 88 112
7 42 52 56 67 76 84 112
7 42 52 56 69 74 81 96
7 42 52 56 69 76 82 96
7 42 52 56 69 76 82 98
7 42 52 56 69 76 83 96
7 42 52 56 70 73 81 96
7 42 52 56 70 73 81 100
7 42 52 56 70 73 81 112
7 42 52 56 76 81 84 98
7 42 52 65 66 68 88 96
7 42 52 65 66 68 88 112
7 42 52 65 66 88 100 112
7 42 52 65 68 88 104 112
7 42 52 65 70 88 104 112
7 42 52 65 74 88 100 112
7 42 52 65 76 82 100 120
7 42 52 65 82 88 108 112
7 42 52 65 82 92 100 104
7 42 52 65 82 92 108 112
7 42 52 65 84 88 104 112
7 42 52 65 84 88 108 112
7 42 52 66 68 81 88 104
7 42 52 66 68 88 97 112
7 42 52 66 81 88 100 112
7 42 52 66 81 88 108 112
7 42 52 67 69 84 88 104
7 42 52 67 81 88 108 112
7 42 52 67 81 92 108 112
7 42 52 67 82 92 100 104
7 42 52 67 82 92 108 112
7 42 52 67 82 92 108 113
7 42 52 67 84 88 108 112
7 42 52 67 92 98 108 113
7 42 52 69 70 89 98 120
7 42 52 69 73 88 100 114
7 42 52 69 73 90 100 112
7 42 52 69 74 81 104 112
7 42 52 69 74 88 100 112
7 42 52 69 76 82 88 97
7 42 52 69 76 82 98 120
7 42 52 69 76 82 98 121
7 42 52 69 76 88 97 114
7 42 52 69 81 88 98 104
7 42 52 69 81 90 100 104
7 42 52 69 82 88 100 104
7 42 52 69 82 88 108 112
7 42 52 69 83 88 100 104
7 42 52 69 84 88 98 104
7 42 52 69 84 88 104 114
7 42 52 69 88 98 104 112
7 42 52 69 88 100 104 114
7 42 52 69 90 92 97 98
7 42 52 69 90 97 100 120
7 42 52 69 90 98 108 113
7 42 52 69 90 100 104 112
7 42 52 69 90 100 104 113
7 42 52 69 90 100 113 120
7 42 52 70 73 81 88 100
7 42 52 70 73 81 100 120
7 42 52 70 77 82 113 120
7 42 52 70 81 88 104 112
7 42 52 70 82 89 101 120
7 42 52 70 82 89 108 113
7 42 52 70 82 92 105 112
7 42 52 70 85 98 105 120
7 42 52 70 85 105 114 120
7 42 52 70 89 98 100 120
7 42 52 70 89 98 101 120
7 42 52 70 89 101 114 120
7 42 52 70 92 108 113 120
7 42 52 71 81 88 104 112
7 42 52 71 88 97 104 112
7 42 52 73 76 83 100 112
7 42 52 73 81 88 102 112
7 42 52 73 82 84 100 104
7 42 52 73 82 84 100 120
7 42 52 73 83 84 100 104
7 42 52 73 84 88 100 114
7 42 52 73 84 100 104 114
7 42 52 73 84 100 114 120
7 42 52 73 86 97 100 120
7 42 52 73 86 100 113 120
7 42 52 73 92 100 114 120
7 42 52 74 81 88 100 112
7 42 52 74 81 100 104 112
7 42 52 74 88 97 100 112
7 42 52 75 82 92 101 112
7 42 52 76 81 82 97 104
7 42 52 76 81 82 97 120
7 42 52 76 81 84 98 120
7 42 52 76 81 88 98 112
7 42 52 76 81 100 114 120
7 42 52 76 82 88 97 100
7 42 52 76 82 88 97 112
7 42 52 76 82 97 100 120
7 42 52 76 82 100 113 120
7 42 52 76 83 88 97 100
7 42 52 76 83 97 100 120
7 42 52 76 84 98 113 120
7 42 52 76 86 89 97 98
7 42 52 76 89 100 114 120
7 42 52 76 90 100 113 120
7 42 52 77 90 98 100 113
7 42 52 77 94 100 115 120
7 42 52 78 81 88 97 112
7 42 52 78 92 104 113 114
7 42 52 78 93 100 115 120
7 42 52 79 92 104 113 114
7 42 52 81 84 88 98 104
7 42 52 81 84 88 98 108
7 42 52 81 84 98 108 120
7 42 52 81 88 98 100 104
7 42 52 81 88 98 100 112
7 42 52 81 88 98 108 112
7 42 52 81 88 102 104 112
7 42 52 81 92 98 100 120
7 42 52 81 92 98 104 112
7 42 52 81 92 98 108 112
7 42 52 81 92 100 104 114
7 42 52 81 94 98 100 120
7 42 52 82 84 100 105 120
7 42 52 82 85 98 108 121
7 42 52 82 92 97 100 104
7 42 52 82 92 97 100 120
7 42 52 82 92 97 108 112
7 42 52 82 92 98 101 121
7 42 52 82 92 100 105 112
7 42 52 82 92 102 105 112
7 42 52 82 92 108 113 120
7 42 52 83 92 97 100 104
7 42 52 83 92 97 100 120
7 42 52 83 92 100 104 112
7 42 52 84 89 98 100 120
7 42 52 85 90 98 100 105
7 42 52 85 90 98 100 120
7 42 52 85 90 98 100 121
7 42 52 85 90 98 108 120
7 42 52 85 90 98 108 121
7 42 52 86 89 97 98 108
7 42 52 86 89 97 100 104
7 42 52 86 89 97 100 120
7 42 52 86 89 97 108 112
7 42 52 86 89 97 108 120
7 42 52 86 89 98 108 112
7 42 52 86 89 98 108 120
7 42 52 86 89 100 104 112
7 42 52 86 91 101 108 120
7 42 52 87 94 100 105 120
7 42 52 89 92 98 100 112
7 42 52 89 92 100 104 114
7 42 52 89 92 102 104 114
7 42 52 89 92 103 104 114
7 42 52 89 94 97 104 112
7 42 52 89 94 98 100 112
7 42 52 89 94 98 100 120
7 42 52 89 94 100 104 112
7 42 52 89 94 101 104 114
7 42 52 89 94 102 104 112
7 42 52 89 94 103 104 112
7 42 52 90 92 97 100 112
7 42 52 90 92 97 100 120
7 42 52 90 93 98 108 113
7 42 52 90 93 102 108 113
7 42 52 93 94 100 104 114
7 42 52 93 94 100 104 115
7 42 53 66 84 88 104 112
7 42 53 67 90 108 116 120
7 42 53 69 76 82 98 120
7 42 53 73 78 88 114 116
7 42 53 73 82 92 102 120
7 42 53 73 86 88 108 114
7 42 53 73 90 102 113 124
7 42 53 74 76 88 113 118
7 42 53 74 82 92 101 120
7 42 53 74 82 92 105 116
7 42 53 74 82 92 108 113
7 42 53 74 86 88 108 113
7 42 53 74 86 108 113 120
7 42 53 75 86 88 108 112
7 42 53 75 92 100 114 120
7 42 53 75 92 104 114 116
7 42 53 76 81 88 104 118
7 42 53 76 82 88 104 116
7 42 53 77 90 98 100 112
7 42 53 77 90 98 116 120
7 42 53 77 90 104 114 116
7 42 53 78 82 88 105 116
7 42 53 78 89 104 114 116
7 42 53 78 90 97 116 120
7 42 53 78 90 104 113 116
7 42 53 78 92 104 113 114
7 42 53 79 88 104 114 116
7 42 53 79 94 100 114 121
7 42 53 86 89 98 108 120
7 42 53 86 90 97 108 120
7 42 53 86 90 105 108 112
7 42 53 89 92 102 104 114
7 42 53 89 94 97 108 114
7 42 53 90 92 99 104 116
7 42 53 90 92 101 104 114
7 42 54 70 76 89 97 112
7 42 54 73 82 92 101 120
7 42 54 73 82 92 108 113
7 42 54 73 86 88 108 113
7 42 54 74 76 88 113 116
7 42 54 74 77 88 113 116
7 42 54 74 81 92 101 120
7 42 54 74 85 88 108 113
7 42 54 76 82 89 101 120
7 42 54 76 89 98 117 120
7 42 54 76 89 101 114 120
7 42 54 77 82 88 108 113
7 42 54 77 88 108 113 114
7 42 54 77 92 104 113 114
7 42 54 78 89 97 100 112
7 42 54 81 92 98 108 120
7 42 54 82 89 101 108 120
7 42 54 82 93 97 108 120
7 42 54 85 90 97 108 120
7 42 54 86 89 97 108 120
7 42 54 89 92 98 100 112
7 42 54 89 92 98 101 120
7 42 54 89 92 101 104 114
7 42 54 90 92 101 104 113
7 42 55 74 76 88 113 116
7 42 56 65 72 84 100 112
7 42 56 65 74 84 100 112
7 42 56 65 84 88 98 100
7 42 56 65 84 88 100 112
7 42 56 67 69 84 88 100
7 42 56 69 72 82 97 116
7 42 56 69 73 84 100 114
7 42 56 69 74 84 100 112
7 42 56 69 82 84 100 104
7 42 56 69 82 88 97 116
7 42 56 69 82 97 104 116
7 42 56 69 83 84 100 104
7 42 56 69 84 88 98 100
7 42 56 69 84 88 99 100
7 42 56 69 84 88 100 112
7 42 56 69 84 88 100 114
7 42 56 69 84 88 100 115
7 42 56 69 84 100 104 114
7 42 56 69 92 104 114 116
7 42 56 69 94 104 114 116
7 42 56 71 88 108 113 118
7 42 56 71 92 104 114 116
7 42 56 72 81 84 98 100
7 42 56 73 86 104 113 116
7 42 56 73 86 108 114 117
7 42 56 74 81 84 100 112
7 42 56 74 85 108 113 118
7 42 56 76 81 88 97 118
7 42 56 76 81 104 114 116
7 42 56 76 82 84 97 100
7 42 56 76 82 104 113 116
7 42 56 76 83 104 117 118
7 42 56 76 85 104 114 116
7 42 56 76 86 88 101 114
7 42 56 76 86 104 113 116
7 42 56 77 86 88 99 116
7 42 56 77 86 88 102 113
7 42 56 78 85 104 114 116
7 42 56 81 84 88 98 100
7 42 56 81 84 98 100 104
7 42 56 81 92 100 104 114
7 42 56 81 94 100 104 112
7 42 56 83 92 97 104 116
7 42 56 83 92 101 104 118
7 42 56 84 88 97 98 100
7 42 56 85 88 99 108 118
7 42 56 85 90 97 108 118
7 42 56 85 90 100 104 112
7 42 56 85 92 100 104 114
7 42 56 85 92 102 104 114
7 42 56 85 94 100 104 112
7 42 56 85 94 100 104 114
7 42 56 86 88 101 108 114
7 42 56 86 88 108 114 117
7 42 56 86 89 97 108 112
7 42 56 86 90 101 108 112
7 42 56 86 91 101 108 112
7 42 56 87 92 101 104 114
7 42 57 66 72 84 100 112
7 42 57 66 84 88 100 112
7 42 57 67 86 108 116 120
7 42 57 69 76 82 98 116
7 42 57 70 76 82 97 116
7 42 57 70 76 82 113 116
7 42 57 70 82 92 97 100
7 42 57 71 92 104 114 116
7 42 57 74 82 92 101 116
7 42 57 77 86 98 116 120
7 42 57 77 86 100 114 120
7 42 57 78 86 97 116 120
7 42 57 85 90 98 108 116
7 42 57 86 90 97 108 116
7 42 57 86 90 101 108 112
7 42 57 86 92 97 100 112
7 42 57 86 93 98 100 120
7 42 60 65 72 82 100 112
7 42 60 65 76 82 100 112
7 42 60 65 82 88 100 112
7 42 60 65 82 92 102 120
7 42 60 65 84 88 100 112
7 42 60 66 72 81 100 112
7 42 60 66 81 88 100 112
7 42 60 67 76 82 100 112
7 42 60 67 76 82 100 113
7 42 60 67 76 88 113 118
7 42 60 67 82 92 97 100
7 42 60 67 82 92 101 120
7 42 60 67 86 108 113 120
7 42 60 67 90 108 113 116
7 42 60 67 92 101 114 120
7 42 60 67 92 108 113 114
7 42 60 69 70 81 98 120
7 42 60 69 70 82 97 120
7 42 60 69 74 82 100 112
7 42 60 69 74 82 100 113
7 42 60 69 76 82 98 113
7 42 60 69 82 88 97 100
7 42 60 69 82 88 100 112
7 42 60 69 82 92 97 98
7 42 60 69 90 108 113 114
7 42 60 69 90 108 113 116
7 42 60 70 72 81 97 112
7 42 60 70 73 81 116 120
7 42 60 70 81 88 97 112
7 42 60 70 81 88 104 116
7 42 60 70 82 89 97 100
7 42 60 70 82 89 101 120
7 42 60 70 83 105 116 120
7 42 60 70 89 101 114 120
7 42 60 70 89 104 114 117
7 42 60 70 89 108 113 114
7 42 60 70 90 105 113 116
7 42 60 70 90 108 113 116
7 42 60 70 91 108 114 117
7 42 60 71 76 88 113 114
7 42 60 71 82 88 108 113
7 42 60 71 88 104 113 118
7 42 60 71 88 104 114 117
7 42 60 71 88 108 113 114
7 42 60 71 90 104 113 116
7 42 60 71 92 104 113 114
7 42 60 73 83 101 118 120
7 42 60 73 86 88 102 113
7 42 60 73 86 101 114 120
7 42 60 73 86 102 113 120
7 42 60 73 86 104 114 117
7 42 60 73 86 108 113 114
7 42 60 74 77 82 113 116
7 42 60 74 81 86 101 120
7 42 60 74 82 85 105 116
7 42 60 74 83 101 116 120
7 42 60 74 85 101 114 120
7 42 60 74 85 108 113 114
7 42 60 74 86 101 113 120
7 42 60 76 81 88 97 114
7 42 60 76 81 88 97 118
7 42 60 76 82 88 97 116
7 42 60 76 83 88 101 114
7 42 60 76 83 97 100 112
7 42 60 76 83 101 114 120
7 42 60 76 83 104 114 117
7 42 60 77 83 97 118 120
7 42 60 77 86 98 113 120
7 42 60 78 81 97 118 120
7 42 60 78 81 101 114 120
7 42 60 78 82 113 116 120
7 42 60 78 83 97 116 120
7 42 60 78 85 97 114 120
7 42 60 79 82 113 116 120
7 42 60 79 83 97 116 120
7 42 60 81 86 97 108 120
7 42 60 81 86 98 108 120
7 42 60 81 90 100 104 112
7 42 60 81 92 102 104 114
7 42 60 81 94 100 104 112
7 42 60 82 85 98 108 120
7 42 60 82 85 98 108 121
7 42 60 82 89 100 104 112
7 42 60 82 89 102 117 120
7 42 60 82 92 97 100 120
7 42 60 82 92 97 102 120
7 42 60 82 92 98 101 120
7 42 60 82 92 98 101 121
7 42 60 83 92 97 100 112
7 42 60 83 92 98 101 120
7 42 60 83 92 101 104 114
7 42 60 85 88 102 104 114
7 42 60 85 90 97 108 114
7 42 60 85 90 98 108 113
7 42 60 85 90 100 104 112
7 42 60 86 88 97 108 114
7 42 60 86 88 101 104 114
7 42 60 86 89 97 100 112
7 42 60 86 89 97 104 112
7 42 60 86 89 97 108 112
7 42 60 86 89 97 108 114
7 42 60 86 89 100 104 112
7 42 60 86 89 101 104 114
7 42 60 86 90 97 108 112
7 42 60 87 89 97 108 114
7 42 60 87 91 97 108 112
7 42 61 67 76 82 100 112
7 42 61 83 94 100 104 112
7 42 61 86 90 97 108 112
7 42 65 66 84 88 100 112
7 42 65 84 88 98 100 112
7 42 66 76 84 100 113 120
7 42 66 84 88 97 100 112
7 42 66 92 108 113 116 120
7 42 67 82 92 108 117 120
7 42 67 92 108 113 118 120
7 42 67 92 108 114 117 120
7 42 69 76 82 98 116 120
7 42 69 76 82 98 116 121
7 42 69 81 88 98 104 116
7 42 69 81 90 98 108 116
7 42 69 82 88 97 104 116
7 42 69 82 97 108 116 120
7 42 69 82 98 108 116 120
7 42 69 82 98 108 116 121
7 42 69 90 98 108 113 116
7 42 70 76 81 97 116 120
7 42 70 77 82 113 116 120
7 42 70 77 98 113 116 120
7 42 70 82 89 101 116 120
7 42 70 82 89 108 113 116
7 42 70 82 92 105 113 116
7 42 70 82 92 105 117 120
7 42 70 89 98 101 116 120
7 42 70 89 98 108 113 116
7 42 70 89 101 114 116 120
7 42 70 92 98 105 113 116
7 42 70 92 108 113 116 120
7 42 70 92 108 114 117 121
7 42 73 82 92 102 117 120
7 42 73 86 88 108 114 117
7 42 73 86 108 114 117 120
7 42 73 92 102 114 117 120
7 42 74 81 84 100 104 112
7 42 74 81 92 101 118 120
7 42 74 82 92 101 116 120
7 42 74 82 92 101 116 121
7 42 74 85 88 108 113 118
7 42 74 85 108 113 118 120
7 42 74 92 101 113 118 120
7 42 76 81 82 97 104 116
7 42 76 81 82 97 116 120
7 42 76 81 88 97 114 116
7 42 76 81 97 104 114 116
7 42 76 81 97 114 116 120
7 42 76 82 84 100 113 120
7 42 76 82 88 104 113 116
7 42 76 84 98 100 113 120
7 42 76 88 104 113 114 116
7 42 76 88 104 115 117 118
7 42 77 86 98 100 113 120
7 42 78 85 89 97 100 114
7 42 78 92 104 113 114 116
7 42 79 92 104 113 114 116
7 42 81 82 97 108 116 120
7 42 81 84 88 98 100 112
7 42 81 84 88 98 108 112
7 42 81 94 98 108 116 120
7 42 82 92 102 105 117 120
7 42 82 92 108 113 116 120
7 42 84 88 97 98 100 112
7 42 85 90 97 108 118 120
7 42 85 90 98 108 116 120
7 42 85 90 98 108 116 121
7 42 86 88 105 108 114 117
7 42 86 89 97 108 116 120
7 42 86 89 98 108 116 120
7 42 86 89 98 108 117 120
7 42 86 93 98 100 113 120
7 42 86 93 98 108 113 120
7 42 86 105 108 114 117 120
7 42 89 92 102 104 114 116
7 42 89 92 102 104 114 117
7 42 89 92 103 104 114 116
7 42 89 94 101 104 114 116
7 42 90 92 101 104 113 118
7 42 90 92 102 104 113 116
7 42 90 92 103 104 113 116
7 42 90 93 98 108 113 116
7 42 90 93 102 104 113 116
7 42 92 98 108 113 116 120
7 42 92 99 108 114 117 120
7 42 92 102 105 114 117 120
7 42 94 98 108 113 116 120
7 42 94 98 109 113 116 120
7 42 95 98 108 113 116 120
7 43 44 76 84 88 113 114
7 43 44 85 90 102 116 120
7 43 44 85 94 100 114 120
7 43 44 86 89 102 116 120
7 43 44 86 92 100 113 120
7 43 44 86 92 100 113 122
7 43 45 83 86 88 104 116
7 43 46 73 85 88 114 116
7 43 48 81 84 88 102 108
7 43 49 67 86 92 108 112
7 43 49 77 82 92 102 112
7 43 50 66 85 92 108 112
7 43 50 70 85 88 108 112
7 43 50 78 92 113 116 120
7 43 50 82 84 88 101 108
7 43 50 85 92 98 100 120
7 43 50 85 92 98 108 112
7 43 50 85 92 100 106 112
7 43 50 85 92 106 116 120
7 43 50 89 92 102 116 120
7 43 51 77 94 102 113 124
7 43 51 85 94 110 113 124
7 43 51 93 94 102 105 116
7 43 52 69 82 88 108 112
7 43 52 76 81 82 100 120
7 43 52 76 86 88 104 113
7 43 52 76 87 100 121 122
7 43 52 81 82 92 100 104
7 43 52 82 84 88 97 108
7 43 52 86 89 100 104 112
7 43 52 86 92 97 104 112
7 43 52 86 92 108 113 120
7 43 52 86 92 108 113 122
7 43 52 93 94 100 104 115
7 43 53 65 78 90 116 120
7 43 53 65 86 92 108 122
7 43 53 65 90 92 102 120
7 43 53 67 86 92 108 122
7 43 53 69 76 90 118 120
7 43 53 69 78 90 116 120
7 43 53 69 86 92 106 120
7 43 53 69 90 92 102 120
7 43 53 71 94 108 114 121
7 43 53 73 78 88 114 116
7 43 53 73 82 92 102 120
7 43 53 73 86 88 108 114
7 43 53 73 86 90 108 112
7 43 53 73 90 92 102 112
7 43 53 75 76 86 116 120
7 43 53 76 86 90 105 116
7 43 53 78 83 101 122 124
7 43 53 78 85 99 122 124
7 43 53 78 86 89 102 120
7 43 53 78 90 97 116 120
7 43 53 78 92 104 113 114
7 43 53 78 92 113 114 120
7 43 53 83 94 102 105 124
7 43 53 86 90 97 108 120
7 43 53 86 90 105 108 116
7 43 53 89 94 102 104 112
7 43 53 89 94 102 108 114
7 43 53 89 94 103 122 124
7 43 53 89 94 109 118 122
7 43 53 89 94 110 118 120
7 43 53 93 94 100 104 114
7 43 54 66 76 89 116 120
7 43 54 66 81 92 100 120
7 43 54 66 81 92 108 112
7 43 54 66 84 88 108 112
7 43 54 67 81 92 108 112
7 43 54 69 81 92 98 120
7 43 54 69 90 92 108 113
7 43 54 70 76 89 116 120
7 43 54 74 85 88 108 112
7 43 54 77 86 88 104 113
7 43 54 77 89 114 116 120
7 43 54 78 85 88 104 112
7 43 54 83 93 110 113 124
7 43 54 85 89 110 114 124
7 43 54 90 93 102 108 113
7 43 54 90 93 110 117 120
7 43 54 93 94 99 108 113
7 43 54 93 94 102 105 113
7 43 56 76 81 86 104 116
7 43 56 90 92 105 117 118
7 43 56 90 92 108 117 118
7 43 57 69 86 92 102 120
7 43 57 76 85 86 106 116
7 43 58 66 76 84 100 113
7 43 58 66 76 85 100 112
7 43 58 85 92 98 100 120
7 43 58 85 92 102 106 116
7 43 58 85 92 102 108 114
7 43 60 69 76 90 113 118
7 43 60 69 82 88 100 112
7 43 60 69 83 92 102 120
7 43 60 70 76 89 114 116
7 43 60 70 83 92 106 117
7 43 60 70 84 88 97 112
7 43 60 70 85 90 106 116
7 43 60 71 76 89 114 116
7 43 60 71 86 108 114 121
7 43 60 71 89 104 114 116
7 43 60 71 89 114 116 120
7 43 60 71 92 104 113 114
7 43 60 71 92 113 114 120
7 43 60 73 74 86 113 116
7 43 60 73 82 84 100 112
7 43 60 73 85 88 102 114
7 43 60 73 87 88 102 112
7 43 60 74 82 85 100 112
7 43 60 74 82 85 100 120
7 43 60 74 85 88 100 114
7 43 60 76 81 82 100 112
7 43 60 76 82 85 98 112
7 43 60 76 85 86 99 120
7 43 60 76 85 90 102 113
7 43 60 77 86 113 114 120
7 43 60 77 86 113 116 122
7 43 60 77 90 113 118 120
7 43 60 77 90 117 118 120
7 43 60 77 92 115 118 120
7 43 60 78 85 114 116 120
7 43 60 78 86 113 116 120
7 43 60 78 86 114 117 121
7 43 60 79 85 114 116 120
7 43 60 79 90 117 118 120
7 43 60 81 82 84 100 104
7 43 60 82 84 88 97 100
7 43 60 83 85 110 116 120
7 43 60 83 92 109 118 120
7 43 60 85 86 106 116 120
7 43 60 85 89 110 114 116
7 43 60 85 90 98 100 120
7 43 60 85 90 102 104 112
7 43 60 85 90 102 104 113
7 43 60 85 90 102 106 116
7 43 60 85 90 102 108 113
7 43 60 85 90 102 108 114
7 43 60 85 90 106 116 120
7 43 60 85 90 110 118 120
7 43 60 85 92 105 118 122
7 43 60 85 94 100 104 114
7 43 60 86 89 100 104 112
7 43 60 86 90 101 108 113
7 43 60 86 90 101 113 120
7 43 60 86 93 99 108 114
7 43 60 87 90 109 118 120
7 43 61 65 70 82 116 120
7 43 61 65 86 88 108 114
7 43 61 65 86 92 108 114
7 43 61 67 86 92 108 114
7 43 61 69 86 88 108 114
7 43 62 66 81 92 100 112
7 43 62 66 84 88 100 112
7 43 62 69 76 88 114 116
7 43 62 69 81 88 98 116
7 43 62 69 81 92 98 112
7 43 62 74 85 88 100 112
7 43 62 85 94 98 100 120
7 43 62 85 94 102 105 113
7 43 65 66 84 88 100 112
7 43 65 82 92 102 116 120
7 43 67 81 86 108 116 120
7 43 67 81 92 108 114 116
7 43 67 92 108 113 114 116
7 43 67 92 108 113 118 120
7 43 69 82 92 98 116 120
7 43 69 90 92 108 113 118
7 43 69 92 108 113 118 122
7 43 70 82 92 97 116 120
7 43 70 82 92 104 113 116
7 43 70 93 106 114 117 124
7 43 73 85 92 102 114 120
7 43 73 86 88 108 114 117
7 43 73 86 108 114 117 120
7 43 73 92 102 114 117 120
7 43 74 81 92 101 118 120
7 43 76 81 84 100 114 120
7 43 76 82 85 98 116 120
7 43 76 84 100 113 114 120
7 43 76 85 86 106 116 120
7 43 76 85 90 102 116 120
7 43 76 86 88 104 113 116
7 43 76 86 89 102 116 120
7 43 77 81 82 102 116 120
7 43 77 81 86 98 116 120
7 43 77 85 99 118 122 124
7 43 78 86 98 117 121 124
7 43 78 86 114 117 121 124
7 43 78 92 101 115 116 120
7 43 81 82 92 102 105 116
7 43 81 84 88 102 108 112
7 43 81 86 98 108 116 120
7 43 81 92 108 114 116 120
7 43 82 85 98 108 116 120
7 43 82 92 97 102 116 120
7 43 82 92 98 101 116 120
7 43 82 92 102 113 116 120
7 43 85 88 106 108 113 118
7 43 85 106 108 113 118 120
7 43 86 92 108 113 116 120
7 43 86 92 108 113 116 122
7 43 87 89 110 117 122 124
7 43 87 94 98 108 116 121
7 43 89 94 103 117 122 124
7 43 89 94 110 115 117 124
7 43 90 92 105 117 118 120
7 43 90 92 108 117 118 120
7 43 93 97 102 114 116 120
7 43 94 102 114 117 121 124
7 44 48 67 84 88 97 98
7 44 48 81 84 88 98 104
7 44 48 82 84 88 97 98
7 44 48 83 84 88 101 106
7 44 49 50 67 74 92 100
7 44 49 50 69 74 92 96
7 44 49 50 69 74 92 98
7 44 49 50 70 74 92 96
7 44 49 50 70 74 92 97
7 44 49 52 67 76 90 96
7 44 49 65 70 88 98 112
7 44 49 65 82 84 98 120
7 44 49 65 84 90 102 120
7 44 49 67 76 100 114 120
7 44 49 67 92 100 104 114
7 44 49 67 92 100 114 120
7 44 49 68 82 88 104 112
7 44 49 69 84 90 98 104
7 44 49 69 90 98 104 116
7 44 49 69 90 98 116 120
7 44 49 69 90 104 114 116
7 44 49 69 90 106 116 120
7 44 49 69 92 106 114 120
7 44 49 69 92 106 118 120
7 44 49 69 94 106 116 120
7 44 49 69 94 106 118 120
7 44 49 70 73 88 100 114
7 44 49 70 73 90 98 116
7 44 49 70 73 100 114 120
7 44 49 70 74 92 97 114
7 44 49 70 82 88 100 104
7 44 49 70 82 88 104 112
7 44 49 70 90 92 97 98
7 44 49 73 78 88 114 116
7 44 49 73 86 88 106 116
7 44 49 73 86 106 116 120
7 44 49 73 90 102 116 120
7 44 49 74 84 88 100 114
7 44 49 74 92 97 118 120
7 44 49 75 84 100 114 120
7 44 49 75 92 104 114 116
7 44 49 76 82 84 98 120
7 44 49 76 82 88 98 100
7 44 49 76 82 88 99 100
7 44 49 76 82 88 104 112
7 44 49 76 82 99 100 120
7 44 49 76 82 100 104 112
7 44 49 76 84 88 98 112
7 44 49 76 84 90 99 120
7 44 49 76 84 90 102 120
7 44 49 76 90 97 118 120
7 44 49 76 90 99 116 120
7 44 49 76 90 102 116 120
7 44 49 77 90 104 114 116
7 44 49 78 84 97 114 120
7 44 49 78 86 97 98 120
7 44 49 78 88 104 114 116
7 44 49 78 92 97 114 120
7 44 49 78 92 97 116 122
7 44 49 78 92 97 118 122
7 44 49 78 92 100 114 120
7 44 49 79 88 104 114 116
7 44 49 81 86 100 106 120
7 44 49 81 90 102 116 120
7 44 49 82 84 88 97 98
7 44 49 82 92 100 104 112
7 44 49 83 92 98 100 104
7 44 49 83 92 100 104 114
7 44 49 84 90 97 102 120
7 44 49 84 90 102 105 112
7 44 49 85 90 98 100 104
7 44 49 85 90 98 104 112
7 44 49 85 94 100 106 120
7 44 49 86 89 98 100 120
7 44 49 86 89 100 106 112
7 44 49 86 89 100 106 120
7 44 49 86 92 97 106 112
7 44 49 86 92 97 106 120
7 44 49 86 92 100 105 122
7 44 49 86 92 100 106 120
7 44 49 86 93 100 106 120
7 44 49 89 90 102 104 116
7 44 49 89 94 98 100 112
7 44 49 90 92 97 102 120
7 44 49 90 92 97 104 118
7 44 49 90 92 99 104 116
7 44 49 90 92 100 104 112
7 44 49 90 92 101 104 114
7 44 49 90 92 102 104 112
7 44 49 90 92 103 104 112
7 44 49 93 94 98 100 120
7 44 49 93 94 98 104 112
7 44 50 52 67 70 89 104
7 44 50 52 67 73 88 100
7 44 50 52 67 73 92 96
7 44 50 52 67 73 92 98
7 44 50 52 67 76 88 96
7 44 50 52 67 76 88 98
7 44 50 52 67 76 89 98
7 44 50 56 67 76 81 100
7 44 50 56 69 73 82 112
7 44 50 56 73 82 84 100
7 44 50 65 66 88 104 116
7 44 50 65 76 84 98 120
7 44 50 65 82 88 104 116
7 44 50 65 84 88 98 104
7 44 50 65 84 88 98 112
7 44 50 65 84 88 104 112
7 44 50 66 73 84 100 120
7 44 50 66 81 88 100 104
7 44 50 66 84 88 97 104
7 44 50 66 84 88 97 112
7 44 50 66 84 88 104 113
7 44 50 67 69 92 98 120
7 44 50 67 70 89 104 116
7 44 50 67 70 92 97 120
7 44 50 67 73 84 104 112
7 44 50 67 74 92 100 113
7 44 50 67 76 81 88 100
7 44 50 67 76 81 100 120
7 44 50 67 76 84 88 97
7 44 50 67 76 84 98 120
7 44 50 67 76 84 98 121
7 44 50 67 76 89 98 116
7 44 50 67 76 98 116 120
7 44 50 67 76 98 116 121
7 44 50 67 81 92 100 104
7 44 50 67 84 88 97 104
7 44 50 67 84 88 97 112
7 44 50 67 84 88 104 112
7 44 50 67 85 90 100 104
7 44 50 67 89 92 98 100
7 44 50 67 92 97 100 120
7 44 50 67 92 98 100 120
7 44 50 67 92 98 100 121
7 44 50 67 92 98 116 120
7 44 50 67 92 98 116 121
7 44 50 67 92 100 104 112
7 44 50 69 73 90 98 116
7 44 50 69 74 89 98 116
7 44 50 69 74 92 98 113
7 44 50 69 74 97 116 120
7 44 50 69 74 98 116 120
7 44 50 69 74 98 116 121
7 44 50 69 81 88 98 112
7 44 50 69 82 88 97 112
7 44 50 69 82 88 104 112
7 44 50 69 84 88 106 112
7 44 50 69 90 98 104 116
7 44 50 69 90 98 116 120
7 44 50 69 90 98 116 121
7 44 50 70 73 84 97 120
7 44 50 70 74 89 97 116
7 44 50 70 81 88 100 104
7 44 50 70 85 98 105 120
7 44 50 70 89 92 97 98
7 44 50 70 89 98 116 120
7 44 50 70 89 98 117 120
7 44 50 70 92 98 105 113
7 44 50 73 81 84 98 104
7 44 50 73 82 84 97 120
7 44 50 73 82 84 100 120
7 44 50 73 82 88 104 116
7 44 50 73 84 88 98 100
7 44 50 73 84 88 98 112
7 44 50 73 84 88 100 112
7 44 50 73 84 98 100 120
7 44 50 73 84 98 104 112
7 44 50 73 86 97 104 112
7 44 50 73 92 98 100 112
7 44 50 73 92 98 116 120
7 44 50 73 94 98 116 120
7 44 50 74 81 88 97 116
7 44 50 74 92 97 116 120
7 44 50 74 92 100 113 120
7 44 50 74 92 104 113 116
7 44 50 76 81 88 98 100
7 44 50 76 81 98 100 120
7 44 50 76 81 98 116 120
7 44 50 76 84 88 97 98
7 44 50 76 84 97 98 120
7 44 50 76 84 98 113 120
7 44 50 76 89 98 116 120
7 44 50 77 90 98 113 116
7 44 50 78 81 84 97 120
7 44 50 78 81 98 116 120
7 44 50 78 84 88 97 112
7 44 50 78 88 104 113 116
7 44 50 78 92 100 113 120
7 44 50 81 84 100 106 120
7 44 50 81 88 98 104 116
7 44 50 81 92 98 100 104
7 44 50 81 92 98 100 120
7 44 50 81 92 98 104 112
7 44 50 81 92 100 106 112
7 44 50 81 92 102 106 112
7 44 50 81 94 100 104 112
7 44 50 82 84 88 97 104
7 44 50 82 84 100 105 120
7 44 50 83 92 98 105 116
7 44 50 83 92 100 104 112
7 44 50 84 88 97 98 104
7 44 50 84 89 98 100 120
7 44 50 84 89 100 106 112
7 44 50 84 90 97 100 120
7 44 50 84 90 100 105 112
7 44 50 85 90 98 100 104
7 44 50 85 90 98 100 120
7 44 50 85 90 98 100 121
7 44 50 85 90 98 105 116
7 44 50 85 90 100 104 112
7 44 50 85 90 102 105 112
7 44 50 85 92 100 106 120
7 44 50 85 94 100 106 120
7 44 50 86 88 97 104 112
7 44 50 86 89 98 100 120
7 44 50 86 93 100 106 120
7 44 50 87 94 100 105 120
7 44 50 89 92 98 100 112
7 44 50 89 92 98 100 120
7 44 50 89 92 98 104 112
7 44 50 89 92 98 104 116
7 44 50 89 92 102 104 112
7 44 50 89 94 97 104 116
7 44 50 89 94 98 104 116
7 44 50 90 92 97 100 112
7 44 50 90 93 98 104 116
7 44 50 90 93 99 104 116
7 44 50 93 94 98 100 120
7 44 50 93 94 98 104 112
7 44 50 93 94 99 100 120
7 44 50 93 94 99 104 112
7 44 50 93 94 100 104 112
7 44 51 65 74 84 100 120
7 44 51 69 94 106 116 120
7 44 51 70 81 88 100 104
7 44 51 71 92 100 121 122
7 44 51 71 92 105 116 122
7 44 51 73 74 84 100 112
7 44 51 73 76 88 114 116
7 44 51 74 81 84 100 120
7 44 51 74 84 88 97 100
7 44 51 75 92 102 116 120
7 44 51 76 84 88 97 98
7 44 51 76 84 88 106 113
7 44 51 76 84 90 102 120
7 44 51 77 78 84 114 120
7 44 51 77 84 90 102 120
7 44 51 77 90 102 116 120
7 44 51 77 91 102 116 120
7 44 51 77 92 102 113 122
7 44 51 77 94 99 116 120
7 44 51 77 94 100 113 122
7 44 51 77 94 102 113 120
7 44 51 78 84 89 102 120
7 44 51 78 85 100 121 122
7 44 51 78 85 105 116 122
7 44 51 78 89 102 116 120
7 44 51 78 92 97 116 120
7 44 51 78 92 97 116 122
7 44 51 78 92 99 116 120
7 44 51 78 92 100 113 120
7 44 51 78 92 100 113 122
7 44 51 78 92 100 114 120
7 44 51 78 92 100 114 121
7 44 51 78 92 102 113 120
7 44 51 78 92 105 114 116
7 44 51 79 92 100 113 122
7 44 51 79 92 100 114 120
7 44 51 79 92 101 114 120
7 44 51 79 94 100 113 120
7 44 51 85 90 100 104 112
7 44 51 85 92 100 106 120
7 44 51 85 94 100 105 122
7 44 51 85 94 100 106 120
7 44 51 85 94 100 107 120
7 44 51 86 92 100 105 122
7 44 51 86 92 100 106 120
7 44 51 86 92 100 107 120
7 44 51 86 92 101 107 120
7 44 51 86 92 105 106 116
7 44 51 86 93 100 106 120
7 44 51 87 94 100 105 120
7 44 51 89 92 102 106 116
7 44 51 89 94 101 106 116
7 44 51 90 92 97 100 112
7 44 51 90 92 102 105 116
7 44 51 90 93 98 104 116
7 44 51 91 92 101 102 120
7 44 51 93 94 98 104 112
7 44 51 93 94 99 100 120
7 44 51 93 94 100 104 112
7 44 51 93 94 100 106 112
7 44 51 93 94 100 106 113
7 44 51 93 94 101 106 112
7 44 52 56 67 69 90 96
7 44 52 56 67 73 82 96
7 44 52 56 67 73 82 100
7 44 52 56 67 76 81 98
7 44 52 56 67 76 82 96
7 44 52 56 67 76 82 98
7 44 52 56 74 81 84 98
7 44 52 65 68 90 98 120
7 44 52 65 76 82 98 120
7 44 52 65 76 88 98 112
7 44 52 65 76 90 98 112
7 44 52 65 82 88 100 104
7 44 52 67 76 82 98 120
7 44 52 67 76 82 98 121
7 44 52 67 76 88 97 114
7 44 52 67 76 88 98 112
7 44 52 67 76 97 114 120
7 44 52 67 81 90 100 104
7 44 52 67 82 88 100 104
7 44 52 67 92 97 98 120
7 44 52 67 92 100 121 122
7 44 52 68 73 82 98 120
7 44 52 68 75 88 113 114
7 44 52 68 81 88 98 104
7 44 52 68 81 90 98 104
7 44 52 68 81 90 99 120
7 44 52 68 83 88 106 113
7 44 52 69 81 90 98 104
7 44 52 69 90 97 98 120
7 44 52 69 90 98 113 120
7 44 52 69 90 106 113 120
7 44 52 70 73 97 114 120
7 44 52 73 82 84 98 120
7 44 52 73 82 88 98 100
7 44 52 73 82 98 100 120
7 44 52 73 84 88 98 112
7 44 52 73 90 100 114 120
7 44 52 73 92 100 114 120
7 44 52 73 94 100 114 120
7 44 52 74 81 84 98 120
7 44 52 75 76 88 113 114
7 44 52 75 76 113 114 120
7 44 52 75 84 97 114 120
7 44 52 75 84 113 114 120
7 44 52 75 88 100 113 114
7 44 52 76 81 88 98 112
7 44 52 76 81 90 99 120
7 44 52 76 82 88 97 98
7 44 52 76 83 88 97 98
7 44 52 76 83 88 106 113
7 44 52 76 83 97 98 120
7 44 52 76 83 97 114 120
7 44 52 76 83 100 121 122
7 44 52 76 83 106 113 120
7 44 52 76 88 97 98 112
7 44 52 76 89 100 114 120
7 44 52 76 90 97 98 112
7 44 52 76 90 97 114 120
7 44 52 76 90 98 113 120
7 44 52 76 90 99 113 120
7 44 52 76 90 102 113 120
7 44 52 76 90 102 115 120
7 44 52 76 91 97 98 112
7 44 52 76 91 97 114 120
7 44 52 77 90 102 115 120
7 44 52 77 91 102 115 120
7 44 52 81 84 88 98 104
7 44 52 81 88 98 100 104
7 44 52 81 90 98 100 104
7 44 52 81 90 98 100 120
7 44 52 81 90 99 100 120
7 44 52 82 89 98 100 120
7 44 52 83 84 97 106 120
7 44 52 83 84 106 113 120
7 44 52 83 88 100 106 113
7 44 52 83 92 97 98 104
7 44 52 83 92 97 98 120
7 44 52 83 92 97 106 120
7 44 52 83 92 100 105 122
7 44 52 83 92 100 106 120
7 44 52 83 94 100 106 120
7 44 52 84 90 97 98 120
7 44 52 84 90 99 113 120
7 44 52 84 90 105 114 120
7 44 52 84 90 106 113 120
7 44 52 84 91 97 98 120
7 44 52 84 91 103 121 122
7 44 52 85 90 97 98 104
7 44 52 86 89 97 106 120
7 44 52 86 89 100 106 120
7 44 52 86 91 100 106 120
7 44 52 86 91 101 106 120
7 44 52 89 90 98 100 112
7 44 52 89 90 98 100 120
7 44 52 89 90 99 100 112
7 44 52 89 90 99 100 120
7 44 52 89 94 98 100 120
7 44 52 90 92 97 98 112
7 44 52 90 92 97 98 120
7 44 52 90 92 97 100 120
7 44 52 91 92 97 98 112
7 44 52 91 92 97 98 120
7 44 52 91 92 100 105 114
7 44 52 91 92 102 105 114
7 44 52 91 92 103 105 114
7 44 52 91 94 98 100 120
7 44 53 69 90 106 116 120
7 44 53 74 84 88 104 114
7 44 53 75 90 102 116 120
7 44 53 76 90 97 98 112
7 44 53 76 90 99 116 120
7 44 53 78 90 105 114 116
7 44 53 84 90 102 105 120
7 44 53 86 89 100 106 120
7 44 53 86 90 98 105 120
7 44 53 86 90 105 106 116
7 44 53 86 91 100 106 120
7 44 53 89 90 102 106 116
7 44 53 90 92 97 98 112
7 44 53 90 92 102 105 114
7 44 54 67 68 88 104 113
7 44 54 67 92 106 116 120
7 44 54 68 73 88 98 112
7 44 54 68 73 88 98 113
7 44 54 68 73 88 113 114
7 44 54 68 74 81 97 120
7 44 54 68 74 88 97 112
7 44 54 68 74 89 97 112
7 44 54 69 90 106 116 120
7 44 54 69 90 106 116 121
7 44 54 70 89 105 116 122
7 44 54 71 89 105 116 122
7 44 54 73 76 88 113 114
7 44 54 73 84 88 106 113
7 44 54 74 84 88 104 113
7 44 54 74 89 97 100 112
7 44 54 75 84 88 104 113
7 44 54 75 84 100 121 122
7 44 54 75 88 104 113 116
7 44 54 75 92 100 113 120
7 44 54 75 92 100 113 122
7 44 54 75 92 102 113 120
7 44 54 75 92 106 113 116
7 44 54 76 89 99 116 122
7 44 54 76 89 106 115 116
7 44 54 76 90 102 113 120
7 44 54 77 89 106 115 116
7 44 54 77 90 106 113 116
7 44 54 77 91 102 113 120
7 44 54 77 91 106 113 116
7 44 54 78 89 97 116 120
7 44 54 78 89 97 116 122
7 44 54 78 89 99 116 120
7 44 54 78 89 106 113 116
7 44 54 81 92 100 106 120
7 44 54 81 94 100 106 120
7 44 54 83 92 100 106 120
7 44 54 84 89 100 106 120
7 44 54 85 90 105 106 116
7 44 54 85 91 102 105 120
7 44 54 86 89 100 106 120
7 44 54 86 89 101 107 120
7 44 54 86 89 105 106 116
7 44 54 89 90 97 100 112
7 44 54 89 90 101 106 116
7 44 54 89 90 102 105 116
7 44 54 89 92 99 106 116
7 44 54 89 92 102 106 113
7 44 54 89 94 97 106 116
7 44 54 91 92 100 104 113
7 44 54 91 92 100 106 113
7 44 54 91 92 101 106 113
7 44 54 91 93 97 102 120
7 44 55 68 74 88 97 112
7 44 55 86 89 100 106 120
7 44 56 65 66 84 104 112
7 44 56 65 72 82 98 116
7 44 56 65 72 84 98 112
7 44 56 65 72 86 98 112
7 44 56 65 82 84 98 104
7 44 56 65 82 88 98 116
7 44 56 65 84 88 98 112
7 44 56 67 69 72 82 112
7 44 56 67 69 82 104 112
7 44 56 67 72 84 98 112
7 44 56 67 81 82 100 104
7 44 56 67 81 84 98 104
7 44 56 67 84 88 97 98
7 44 56 67 84 88 98 112
7 44 56 67 84 98 104 112
7 44 56 67 88 104 113 118
7 44 56 67 88 104 114 116
7 44 56 67 88 104 117 118
7 44 56 67 92 104 113 114
7 44 56 67 92 104 113 118
7 44 56 67 92 104 114 116
7 44 56 69 72 82 98 112
7 44 56 69 82 88 98 112
7 44 56 69 82 98 104 112
7 44 56 69 88 104 114 116
7 44 56 69 90 104 114 116
7 44 56 70 72 81 98 112
7 44 56 70 81 88 98 112
7 44 56 70 81 98 104 112
7 44 56 71 73 88 114 116
7 44 56 71 74 88 113 118
7 44 56 71 84 88 105 114
7 44 56 71 88 104 113 118
7 44 56 71 88 104 114 116
7 44 56 71 88 105 114 116
7 44 56 71 92 104 113 114
7 44 56 72 81 84 98 112
7 44 56 72 82 84 97 98
7 44 56 73 82 84 97 98
7 44 56 73 82 88 98 116
7 44 56 73 86 88 99 116
7 44 56 73 86 88 101 114
7 44 56 73 86 88 102 113
7 44 56 73 86 97 98 112
7 44 56 73 86 104 114 116
7 44 56 73 86 104 114 117
7 44 56 73 86 104 115 116
7 44 56 73 86 106 113 116
7 44 56 74 81 84 98 112
7 44 56 74 82 84 97 100
7 44 56 74 82 84 97 112
7 44 56 74 85 88 99 118
7 44 56 74 85 104 114 116
7 44 56 74 86 88 101 114
7 44 56 74 86 88 102 113
7 44 56 75 76 84 113 114
7 44 56 76 81 82 98 100
7 44 56 76 81 82 99 100
7 44 56 76 81 104 114 116
7 44 56 76 83 104 113 118
7 44 56 76 83 104 114 116
7 44 56 76 83 106 113 116
7 44 56 78 81 104 114 116
7 44 56 81 82 98 104 116
7 44 56 81 84 98 104 112
7 44 56 81 86 98 104 112
7 44 56 81 88 98 104 116
7 44 56 81 88 102 104 116
7 44 56 81 90 102 104 116
7 44 56 81 92 98 104 112
7 44 56 81 92 98 104 116
7 44 56 81 94 98 104 116
7 44 56 82 84 88 97 98
7 44 56 82 84 97 98 104
7 44 56 83 84 88 101 106
7 44 56 83 88 101 104 118
7 44 56 83 88 101 106 116
7 44 56 83 88 102 104 116
7 44 56 83 92 97 104 118
7 44 56 83 92 97 106 116
7 44 56 83 92 98 104 116
7 44 56 83 92 102 104 113
7 44 56 85 88 99 104 118
7 44 56 85 90 97 98 112
7 44 56 85 90 97 104 118
7 44 56 85 90 98 104 112
7 44 56 85 90 98 104 116
7 44 56 85 90 99 104 116
7 44 56 85 94 98 104 112
7 44 56 86 88 97 98 112
7 44 56 86 88 97 104 116
7 44 56 86 88 97 106 116
7 44 56 86 88 99 104 116
7 44 56 86 88 106 113 116
7 44 56 86 89 98 104 112
7 44 56 86 89 98 104 116
7 44 56 86 92 97 104 112
7 44 56 86 92 97 106 112
7 44 56 87 88 97 98 112
7 44 56 87 90 98 104 116
7 44 56 87 90 98 105 116
7 44 56 87 94 98 104 112
7 44 56 87 94 98 105 112
7 44 57 67 76 82 98 116
7 44 57 69 74 86 98 112
7 44 57 69 84 90 102 120
7 44 57 69 86 106 116 120
7 44 57 69 90 102 116 120
7 44 57 71 84 90 102 120
7 44 57 71 90 98 116 120
7 44 57 71 90 102 116 120
7 44 57 71 94 105 114 116
7 44 57 74 84 88 100 114
7 44 57 74 86 88 101 114
7 44 57 75 86 102 116 120
7 44 57 78 84 113 114 120
7 44 57 78 86 97 98 112
7 44 57 78 86 98 113 120
7 44 57 78 86 100 114 120
7 44 57 79 86 100 114 120
7 44 57 84 90 101 102 120
7 44 57 85 86 100 106 120
7 44 57 85 90 102 106 116
7 44 57 86 89 102 106 116
7 44 57 86 90 98 101 120
7 44 57 86 90 98 105 116
7 44 57 86 90 101 106 116
7 44 57 86 90 102 105 116
7 44 57 86 92 97 106 112
7 44 57 86 92 99 100 122
7 44 57 86 92 99 106 116
7 44 57 86 92 100 106 114
7 44 57 86 92 100 107 114
7 44 57 87 90 98 104 116
7 44 57 87 92 100 106 114
7 44 57 87 94 98 104 112
7 44 57 87 94 100 105 114
7 44 58 65 70 84 104 112
7 44 58 65 76 84 98 112
7 44 58 67 81 84 100 104
7 44 58 67 84 88 97 100
7 44 58 67 84 88 100 113
7 44 58 69 74 88 113 116
7 44 58 69 84 88 97 98
7 44 58 69 84 88 98 112
7 44 58 69 84 88 98 113
7 44 58 69 84 88 106 113
7 44 58 69 84 90 102 120
7 44 58 69 86 106 116 120
7 44 58 69 90 102 116 120
7 44 58 69 92 106 113 118
7 44 58 70 81 84 97 104
7 44 58 70 81 88 97 116
7 44 58 70 84 88 97 112
7 44 58 71 88 104 113 116
7 44 58 71 92 100 113 120
7 44 58 73 81 84 102 120
7 44 58 73 84 88 102 113
7 44 58 74 84 88 100 113
7 44 58 74 85 88 102 113
7 44 58 76 81 84 99 120
7 44 58 76 81 84 102 120
7 44 58 76 83 102 116 120
7 44 58 77 84 102 115 120
7 44 58 77 86 98 113 120
7 44 58 77 86 100 113 120
7 44 58 78 81 97 116 120
7 44 58 78 81 102 116 120
7 44 58 78 84 100 113 120
7 44 58 78 84 102 113 120
7 44 58 78 85 100 113 120
7 44 58 78 85 105 115 116
7 44 58 78 86 100 113 120
7 44 58 79 85 102 113 120
7 44 58 79 86 100 113 120
7 44 58 79 87 100 113 120
7 44 58 81 92 102 106 116
7 44 58 83 84 100 104 113
7 44 58 84 90 97 100 120
7 44 58 84 90 101 102 120
7 44 58 84 91 101 102 120
7 44 58 85 86 100 106 120
7 44 58 85 86 100 107 120
7 44 58 85 86 101 107 120
7 44 58 85 90 102 105 116
7 44 58 85 91 101 102 120
7 44 58 85 92 98 104 112
7 44 58 85 92 99 100 120
7 44 58 85 92 100 106 113
7 44 58 85 92 102 107 113
7 44 58 85 94 97 100 120
7 44 58 85 94 98 104 112
7 44 58 85 94 99 100 120
7 44 58 86 88 97 104 116
7 44 58 86 89 101 106 116
7 44 58 86 92 97 104 112
7 44 58 86 92 97 106 116
7 44 58 86 92 100 105 113
7 44 58 86 92 100 106 113
7 44 58 86 92 100 107 113
7 44 58 86 93 97 104 112
7 44 58 87 92 100 106 113
7 44 58 87 92 100 107 113
7 44 58 87 94 100 105 113
7 44 59 69 84 90 102 120
7 44 59 70 84 88 97 112
7 44 59 84 91 101 102 120
7 44 59 85 86 100 106 120
7 44 59 85 86 100 107 120
7 44 59 85 86 101 106 120
7 44 59 85 90 101 102 120
7 44 59 85 90 102 105 116
7 44 59 86 92 97 104 112
7 44 65 74 84 88 100 114
7 44 65 74 84 100 114 120
7 44 65 76 82 84 98 120
7 44 65 76 82 98 116 120
7 44 65 82 92 100 104 112
7 44 65 84 100 106 114 120
7 44 67 76 81 82 104 112
7 44 67 76 81 100 114 120
7 44 67 76 82 84 98 120
7 44 67 76 82 84 98 121
7 44 67 76 82 98 116 120
7 44 67 76 82 98 116 121
7 44 67 76 84 88 97 114
7 44 67 76 84 97 114 120
7 44 67 81 92 100 104 114
7 44 67 81 94 100 104 112
7 44 67 82 92 100 104 112
7 44 67 84 88 97 98 112
7 44 67 85 90 100 104 112
7 44 67 88 97 104 114 116
7 44 67 88 104 113 114 116
7 44 69 74 88 100 113 114
7 44 69 81 90 98 104 116
7 44 69 82 88 97 98 112
7 44 69 84 90 98 104 113
7 44 69 84 90 106 113 120
7 44 69 88 100 106 113 114
7 44 69 90 106 113 116 120
7 44 69 100 106 113 114 120
7 44 70 73 81 88 100 114
7 44 70 73 81 100 114 120
7 44 70 73 84 97 114 120
7 44 70 81 88 100 104 114
7 44 70 83 98 105 116 120
7 44 70 88 100 104 113 114
7 44 71 92 100 115 121 122
7 44 71 92 105 115 116 122
7 44 73 83 92 98 100 112
7 44 73 84 90 102 113 120
7 44 73 85 90 98 100 112
7 44 73 86 88 106 113 116
7 44 73 86 106 113 116 120
7 44 73 90 102 113 116 120
7 44 74 84 88 97 100 114
7 44 74 84 88 100 113 114
7 44 74 84 97 100 114 120
7 44 74 84 98 100 113 120
7 44 74 84 100 113 114 120
7 44 75 76 84 113 114 120
7 44 75 84 88 100 113 114
7 44 75 84 100 104 113 114
7 44 75 84 100 113 114 120
7 44 75 92 100 113 114 120
7 44 75 92 104 113 114 116
7 44 76 81 82 98 100 120
7 44 76 81 82 99 100 120
7 44 76 81 82 100 104 112
7 44 76 81 90 99 116 120
7 44 76 81 99 100 114 120
7 44 76 82 84 97 98 120
7 44 76 82 84 98 113 120
7 44 76 82 97 98 116 120
7 44 76 82 98 100 113 120
7 44 76 82 98 113 116 120
7 44 76 83 84 97 98 120
7 44 76 83 84 106 113 120
7 44 76 83 88 106 113 116
7 44 76 83 106 113 116 120
7 44 76 84 90 99 113 120
7 44 76 84 90 102 113 120
7 44 76 84 90 102 115 120
7 44 76 84 100 115 121 122
7 44 76 85 90 97 98 112
7 44 76 88 104 113 114 116
7 44 76 90 99 113 116 120
7 44 76 90 102 113 116 120
7 44 76 90 102 115 116 120
7 44 76 99 100 113 114 120
7 44 77 84 90 102 115 120
7 44 77 90 102 115 116 120
7 44 77 91 102 115 116 120
7 44 78 81 84 97 114 120
7 44 78 84 100 115 121 122
7 44 78 85 100 115 121 122
7 44 78 85 105 115 116 122
7 44 78 88 104 113 114 116
7 44 78 89 97 114 116 120
7 44 78 89 104 113 114 116
7 44 78 91 101 114 116 120
7 44 78 92 100 113 114 120
7 44 78 93 99 114 116 120
7 44 79 88 104 113 114 116
7 44 79 92 100 113 114 120
7 44 79 94 100 113 114 120
7 44 81 84 88 98 104 112
7 44 81 84 100 106 114 120
7 44 81 92 98 100 104 112
7 44 81 92 100 106 114 120
7 44 81 94 98 100 104 112
7 44 82 84 88 97 98 112
7 44 83 84 88 101 106 112
7 44 83 92 97 100 106 112
7 44 83 92 97 106 116 120
7 44 83 92 98 100 104 112
7 44 84 89 100 106 115 120
7 44 84 90 97 100 114 120
7 44 84 97 100 106 114 120
7 44 85 90 97 98 104 112
7 44 85 90 98 100 104 112
7 44 85 90 99 100 104 112
7 44 85 92 100 106 114 120
7 44 85 94 100 105 114 120
7 44 85 94 100 106 114 120
7 44 85 94 100 107 114 120
7 44 85 97 100 106 114 120
7 44 85 100 106 113 114 120
7 44 86 89 100 106 113 120
7 44 86 92 100 105 113 122
7 44 86 92 100 106 113 120
7 44 86 92 100 107 113 120
7 44 86 92 100 107 113 122
7 44 87 94 100 105 114 120
7 44 89 90 102 104 113 116
7 44 89 94 97 104 114 116
7 44 90 92 99 104 113 116
7 44 90 92 101 104 113 114
7 44 91 92 100 104 113 114
7 44 91 92 101 102 115 120
7 44 92 99 100 104 113 114
7 44 92 99 100 113 114 120
7 44 92 100 106 113 114 120
7 44 92 100 107 113 114 120
7 44 92 101 106 115 116 120
7 44 92 102 105 115 116 122
7 44 93 94 99 100 114 120
7 44 94 100 105 113 114 120
7 44 94 101 106 115 116 121
7 44 94 102 105 115 116 120
7 44 95 101 106 115 116 120
7 45 46 48 82 84 88 97
7 45 46 48 82 84 88 98
7 45 46 82 84 88 97 112
7 45 46 82 84 88 98 112
7 45 48 81 82 92 102 106
7 45 48 81 86 90 98 108
7 45 48 81 86 90 99 108
7 45 48 82 84 88 97 110
7 45 48 82 84 88 99 110
7 45 49 50 78 84 88 99
7 45 49 65 86 90 102 120
7 45 49 67 84 90 102 120
7 45 49 67 86 92 106 112
7 45 49 67 94 98 116 120
7 45 49 71 90 114 116 120
7 45 49 81 82 92 102 106
7 45 49 81 86 90 98 108
7 45 49 81 94 102 106 112
7 45 49 83 92 102 106 112
7 45 49 85 90 102 106 112
7 45 49 86 90 97 98 124
7 45 49 86 90 97 102 120
7 45 49 86 90 98 101 120
7 45 49 86 90 101 106 112
7 45 49 86 90 101 114 120
7 45 49 86 90 105 114 124
7 45 49 86 92 99 106 112
7 45 49 86 92 107 116 122
7 45 49 90 92 99 118 120
7 45 50 52 67 78 88 112
7 45 50 52 78 82 88 97
7 45 50 65 84 88 98 112
7 45 50 65 84 88 106 112
7 45 50 65 84 88 110 112
7 45 50 66 84 88 104 112
7 45 50 66 84 88 108 112
7 45 50 67 84 88 110 112
7 45 50 69 84 88 106 112
7 45 50 71 84 88 106 112
7 45 50 74 82 92 100 112
7 45 50 74 82 92 100 113
7 45 50 74 86 108 113 120
7 45 50 78 81 99 116 120
7 45 50 78 82 97 116 120
7 45 50 78 84 88 97 112
7 45 50 78 84 88 99 112
7 45 50 78 90 113 116 120
7 45 50 81 86 90 97 108
7 45 50 81 86 92 97 106
7 45 50 81 90 102 105 116
7 45 50 81 94 99 116 120
7 45 50 81 94 106 116 120
7 45 50 81 94 110 116 120
7 45 50 82 84 88 97 110
7 45 50 82 84 88 99 108
7 45 50 82 84 88 101 106
7 45 50 82 89 98 108 116
7 45 50 83 90 108 116 120
7 45 50 83 92 98 100 104
7 45 50 83 92 98 100 120
7 45 50 83 92 100 106 112
7 45 50 83 92 106 116 120
7 45 50 83 94 100 104 112
7 45 50 83 94 110 116 120
7 45 50 85 90 98 100 120
7 45 50 85 90 98 108 112
7 45 50 85 90 106 116 120
7 45 50 86 89 106 116 120
7 45 50 86 90 97 108 112
7 45 50 86 90 108 113 120
7 45 50 89 90 102 116 120
7 45 50 90 92 102 113 120
7 45 51 65 74 92 118 120
7 45 51 70 73 92 116 122
7 45 51 78 83 108 116 120
7 45 51 83 94 101 106 124
7 45 51 85 94 100 106 120
7 45 52 68 82 88 106 112
7 45 52 69 82 88 106 112
7 45 52 70 82 88 106 112
7 45 52 70 82 88 106 113
7 45 52 71 82 88 106 112
7 45 52 81 82 88 102 106
7 45 52 83 92 110 113 122
7 45 52 84 91 102 121 122
7 45 52 90 92 102 113 120
7 45 53 65 70 90 98 120
7 45 53 65 70 90 114 120
7 45 53 78 90 97 114 124
7 45 53 78 90 108 113 114
7 45 53 83 94 100 106 120
7 45 53 86 90 101 106 120
7 45 54 65 84 88 106 112
7 45 54 66 68 88 104 112
7 45 54 67 68 88 104 112
7 45 54 67 81 90 108 112
7 45 54 67 84 88 106 112
7 45 54 67 84 90 104 112
7 45 54 68 73 88 98 112
7 45 54 68 81 88 106 112
7 45 54 68 82 88 104 112
7 45 54 69 74 89 114 120
7 45 54 69 76 90 114 120
7 45 54 69 81 90 98 120
7 45 54 69 82 88 106 112
7 45 54 69 83 92 106 120
7 45 54 69 90 92 106 113
7 45 54 70 76 90 113 120
7 45 54 70 81 88 106 112
7 45 54 70 81 90 97 120
7 45 54 70 83 92 106 121
7 45 54 70 90 92 106 113
7 45 54 74 83 88 104 116
7 45 54 74 84 89 98 120
7 45 54 74 86 88 104 113
7 45 54 75 89 108 114 116
7 45 54 76 81 90 98 112
7 45 54 76 83 84 106 120
7 45 54 76 83 89 106 116
7 45 54 76 84 91 99 120
7 45 54 77 81 90 98 112
7 45 54 78 81 90 97 112
7 45 54 78 89 108 113 114
7 45 54 78 89 113 114 124
7 45 54 78 89 113 116 122
7 45 54 78 89 115 116 120
7 45 54 78 90 113 116 120
7 45 54 78 91 98 117 120
7 45 54 81 84 90 98 104
7 45 54 82 84 88 97 106
7 45 54 83 89 106 108 116
7 45 54 83 89 110 116 120
7 45 54 83 93 110 113 122
7 45 54 86 90 99 108 121
7 45 54 86 90 105 113 124
7 45 54 89 90 98 100 112
7 45 54 89 90 101 106 116
7 45 54 89 90 102 105 116
7 45 54 89 90 102 106 116
7 45 54 90 92 99 108 113
7 45 54 90 92 101 106 113
7 45 54 90 93 99 108 114
7 45 54 91 92 97 98 112
7 45 54 91 92 97 98 120
7 45 54 91 92 98 104 112
7 45 54 91 92 100 104 112
7 45 54 91 92 100 106 113
7 45 55 73 74 88 114 116
7 45 56 73 74 86 114 116
7 45 56 73 78 83 114 116
7 45 56 73 83 86 106 116
7 45 56 73 86 104 114 116
7 45 56 74 76 86 113 114
7 45 56 74 86 88 99 116
7 45 56 74 86 88 102 113
7 45 56 78 83 104 114 116
7 45 56 83 92 106 113 118
7 45 56 86 88 99 104 112
7 45 56 86 88 99 104 116
7 45 56 86 89 106 114 116
7 45 56 86 90 98 108 113
7 45 56 86 90 99 108 113
7 45 56 86 90 108 113 114
7 45 56 87 88 106 113 118
7 45 56 90 92 106 113 118
7 45 56 90 92 106 117 118
7 45 56 90 92 108 113 118
7 45 56 90 92 108 115 118
7 45 57 65 86 90 98 100
7 45 57 65 86 90 102 120
7 45 57 69 86 90 102 120
7 45 57 71 86 90 102 120
7 45 57 73 74 86 114 116
7 45 57 86 90 97 98 100
7 45 57 86 90 97 98 124
7 45 57 86 90 97 102 120
7 45 57 86 90 97 106 116
7 45 57 86 90 101 106 116
7 45 57 86 92 97 106 114
7 45 58 65 66 72 84 112
7 45 58 65 72 84 98 112
7 45 58 65 84 88 98 112
7 45 58 66 84 88 100 112
7 45 58 67 84 88 100 112
7 45 58 67 86 88 104 116
7 45 58 67 86 88 108 113
7 45 58 69 84 88 98 112
7 45 58 70 74 92 113 116
7 45 58 70 76 83 116 120
7 45 58 70 76 89 114 116
7 45 58 70 81 88 98 116
7 45 58 70 82 84 104 112
7 45 58 70 82 88 97 116
7 45 58 70 83 92 106 117
7 45 58 70 84 88 97 112
7 45 58 70 85 90 99 124
7 45 58 71 76 89 114 116
7 45 58 71 85 90 99 124
7 45 58 73 74 86 113 116
7 45 58 73 81 86 98 124
7 45 58 73 81 86 102 120
7 45 58 73 81 86 106 116
7 45 58 73 82 84 100 112
7 45 58 73 85 88 102 114
7 45 58 73 86 88 102 113
7 45 58 74 81 86 101 120
7 45 58 74 82 84 100 112
7 45 58 74 82 84 100 113
7 45 58 74 86 88 97 116
7 45 58 74 86 88 100 113
7 45 58 76 81 82 98 116
7 45 58 76 82 84 98 112
7 45 58 76 82 84 98 113
7 45 58 76 86 89 99 116
7 45 58 77 92 115 118 120
7 45 58 78 85 90 99 116
7 45 58 78 85 113 114 120
7 45 58 78 85 114 116 120
7 45 58 79 85 114 116 120
7 45 58 85 86 107 116 120
7 45 58 85 89 110 114 116
7 45 58 85 90 97 102 120
7 45 58 85 90 97 102 124
7 45 58 85 90 98 100 120
7 45 58 85 90 99 102 124
7 45 58 85 90 101 102 120
7 45 58 85 90 102 105 116
7 45 58 85 90 102 106 116
7 45 58 85 90 105 118 120
7 45 58 85 90 105 118 124
7 45 58 85 92 102 106 114
7 45 58 86 89 97 98 100
7 45 58 86 89 97 98 124
7 45 58 86 89 97 106 116
7 45 58 86 89 98 104 116
7 45 58 86 89 98 108 116
7 45 58 86 89 99 108 116
7 45 58 86 89 101 106 116
7 45 58 86 89 102 106 116
7 45 58 86 89 105 114 124
7 45 58 86 90 101 113 120
7 45 58 86 90 105 113 116
7 45 58 86 92 101 106 113
7 45 58 86 92 105 113 114
7 45 58 87 91 98 108 116
7 45 58 87 92 100 106 113
7 45 58 87 94 98 100 120
7 45 58 87 94 98 100 121
7 45 58 89 94 103 118 120
7 45 58 89 94 110 115 117
7 45 59 69 86 88 106 116
7 45 60 68 72 82 98 112
7 45 60 68 82 88 98 112
7 45 60 70 76 90 113 114
7 45 60 70 83 92 106 114
7 45 60 70 84 90 104 115
7 45 60 74 81 86 104 114
7 45 60 74 82 84 98 112
7 45 60 74 82 84 98 113
7 45 60 74 82 92 98 113
7 45 60 74 83 84 98 112
7 45 60 74 83 84 104 114
7 45 60 75 83 92 102 114
7 45 60 78 89 115 116 122
7 45 60 78 89 115 118 120
7 45 60 78 90 114 117 120
7 45 60 78 92 115 116 120
7 45 60 83 89 110 114 116
7 45 60 85 90 110 115 120
7 45 60 86 89 100 106 114
7 45 60 86 90 98 108 113
7 45 60 86 90 99 104 113
7 45 60 86 90 99 108 113
7 45 60 86 90 101 106 113
7 45 60 86 91 98 104 112
7 45 62 65 84 88 98 112
7 45 62 67 70 92 113 122
7 45 62 67 84 88 98 112
7 45 62 67 86 92 106 113
7 45 62 68 72 81 98 112
7 45 62 68 81 88 98 112
7 45 62 69 81 90 98 112
7 45 62 70 73 84 115 120
7 45 62 70 81 88 98 112
7 45 62 73 81 86 98 120
7 45 62 74 84 88 100 115
7 45 62 76 83 84 99 120
7 45 62 87 92 107 118 121
7 45 65 82 88 98 100 112
7 45 65 82 92 98 116 120
7 45 65 84 90 100 114 120
7 45 65 90 102 114 116 120
7 45 67 78 81 114 116 120
7 45 67 81 90 108 114 116
7 45 67 81 92 106 114 116
7 45 67 82 92 98 116 120
7 45 67 86 92 108 113 122
7 45 67 92 108 113 118 122
7 45 69 83 92 106 118 120
7 45 69 90 92 106 113 118
7 45 69 90 106 113 118 124
7 45 70 74 88 100 113 114
7 45 70 81 90 97 114 124
7 45 70 82 89 98 116 120
7 45 73 83 86 106 116 120
7 45 73 85 90 102 114 120
7 45 73 86 88 104 114 116
7 45 73 86 88 106 114 116
7 45 73 86 90 102 113 120
7 45 73 86 90 106 113 116
7 45 73 86 106 114 116 120
7 45 73 90 102 114 116 120
7 45 74 86 88 108 113 114
7 45 74 86 108 113 114 120
7 45 74 92 102 113 114 120
7 45 75 85 99 118 122 124
7 45 76 83 90 102 116 120
7 45 76 84 90 102 115 120
7 45 76 86 89 99 116 122
7 45 76 86 90 102 113 120
7 45 76 90 102 113 116 120
7 45 76 90 102 115 116 120
7 45 77 83 99 118 122 124
7 45 78 81 82 98 116 120
7 45 78 81 86 97 114 120
7 45 78 81 99 114 116 120
7 45 78 83 88 104 114 116
7 45 78 83 97 114 116 120
7 45 78 88 104 113 114 116
7 45 78 90 104 113 114 116
7 45 78 90 113 114 116 120
7 45 78 92 113 114 116 120
7 45 78 92 115 116 121 122
7 45 78 99 113 114 116 120
7 45 81 82 92 102 106 112
7 45 81 84 100 106 114 120
7 45 81 86 90 97 108 114
7 45 81 86 90 98 108 112
7 45 81 86 90 99 108 112
7 45 81 86 92 97 106 114
7 45 81 90 97 102 114 124
7 45 81 90 102 105 114 116
7 45 81 90 102 114 116 120
7 45 81 90 108 114 116 120
7 45 81 90 110 114 116 120
7 45 81 92 106 114 116 120
7 45 81 92 110 114 116 120
7 45 81 94 99 114 116 120
7 45 81 94 99 118 122 124
7 45 81 94 106 114 116 120
7 45 81 94 108 114 116 120
7 45 81 94 110 114 116 120
7 45 82 84 88 97 110 112
7 45 82 84 88 99 110 112
7 45 83 90 108 114 116 120
7 45 83 92 97 106 118 120
7 45 83 92 102 108 113 122
7 45 83 92 106 113 118 120
7 45 83 92 106 114 116 120
7 45 83 92 108 113 118 122
7 45 83 92 110 113 116 122
7 45 83 93 110 113 118 122
7 45 83 94 97 98 116 120
7 45 83 94 98 108 116 120
7 45 83 94 110 114 116 120
7 45 84 90 97 100 114 120
7 45 85 90 97 102 114 120
7 45 85 90 106 113 118 120
7 45 85 90 106 114 116 120
7 45 86 89 102 113 122 124
7 45 86 89 105 106 114 116
7 45 86 89 106 114 116 120
7 45 86 89 108 115 116 122
7 45 86 89 110 113 116 122
7 45 86 90 108 113 114 120
7 45 86 92 99 108 113 122
7 45 86 92 106 113 116 120
7 45 86 92 107 113 116 122
7 45 86 99 108 116 121 122
7 45 86 102 105 113 122 124
7 45 87 94 100 105 114 120
7 45 89 90 102 104 114 116
7 45 89 90 102 114 116 120
7 45 89 94 99 104 114 116
7 45 90 92 99 104 113 118
7 45 90 92 99 113 118 120
7 45 90 92 102 104 113 114
7 45 90 92 102 113 114 120
7 45 90 92 103 104 113 114
7 45 90 92 106 113 118 120
7 45 90 92 106 117 118 120
7 45 90 92 108 113 118 120
7 45 90 92 108 115 118 120
7 45 94 99 113 114 116 120
7 45 94 99 113 118 122 124
7 45 94 101 106 115 116 120
7 45 94 105 113 118 122 124
7 45 94 106 113 114 116 120
7 45 94 108 113 114 116 120
7 45 94 108 115 116 121 122
7 45 95 99 113 118 122 124
7 46 48 81 82 92 102 105
7 46 48 81 84 88 97 98
7 46 48 81 84 88 98 104
7 46 48 81 84 88 98 105
7 46 48 81 84 88 98 108
7 46 48 81 84 88 99 108
7 46 48 81 84 88 102 105
7 46 48 81 86 90 97 108
7 46 48 81 88 97 98 100
7 46 48 82 84 88 97 104
7 46 48 82 84 88 97 108
7 46 48 82 84 88 102 105
7 46 48 82 84 89 97 104
7 46 48 82 84 89 101 106
7 46 48 82 85 92 98 105
7 46 49 50 77 84 88 98
7 46 49 50 78 84 88 97
7 46 49 50 79 84 88 97
7 46 49 52 77 82 88 98
7 46 49 65 66 92 116 120
7 46 49 65 74 92 118 120
7 46 49 65 76 90 116 120
7 46 49 65 82 88 104 116
7 46 49 65 82 92 100 120
7 46 49 65 82 92 102 120
7 46 49 65 82 92 104 112
7 46 49 65 84 88 98 112
7 46 49 65 84 90 100 120
7 46 49 66 84 88 104 112
7 46 49 66 84 88 108 112
7 46 49 67 69 90 116 120
7 46 49 67 77 82 116 120
7 46 49 67 81 90 108 116
7 46 49 67 82 92 105 116
7 46 49 67 84 88 104 112
7 46 49 67 84 88 108 112
7 46 49 67 86 89 108 112
7 46 49 67 89 108 114 116
7 46 49 69 74 92 114 120
7 46 49 70 82 92 104 112
7 46 49 70 84 88 104 112
7 46 49 71 82 92 105 112
7 46 49 71 89 114 116 120
7 46 49 73 82 84 100 120
7 46 49 73 82 84 102 120
7 46 49 73 82 92 100 112
7 46 49 73 84 88 98 112
7 46 49 73 94 104 114 116
7 46 49 74 82 84 100 120
7 46 49 74 84 88 97 112
7 46 49 75 82 84 101 120
7 46 49 76 82 88 104 116
7 46 49 76 84 88 98 112
7 46 49 77 82 98 116 120
7 46 49 77 83 98 116 120
7 46 49 77 90 114 116 120
7 46 49 77 92 114 116 120
7 46 49 78 82 97 116 120
7 46 49 78 92 114 116 120
7 46 49 81 82 92 100 104
7 46 49 81 82 92 102 105
7 46 49 81 84 88 98 104
7 46 49 81 84 88 98 108
7 46 49 81 86 90 97 108
7 46 49 81 90 97 102 124
7 46 49 81 90 98 108 116
7 46 49 81 92 102 105 114
7 46 49 82 84 88 97 104
7 46 49 82 84 88 102 105
7 46 49 82 84 89 101 106
7 46 49 82 93 106 116 120
7 46 49 83 92 100 104 112
7 46 49 85 89 102 114 120
7 46 49 85 89 106 114 124
7 46 49 85 90 102 105 112
7 46 49 85 90 105 114 116
7 46 49 85 90 105 114 124
7 46 49 85 90 106 116 120
7 46 49 86 89 97 98 124
7 46 49 86 89 97 106 116
7 46 49 86 89 98 100 120
7 46 49 86 89 98 101 120
7 46 49 86 89 98 108 112
7 46 49 86 89 105 114 116
7 46 49 86 89 105 114 124
7 46 49 86 89 106 116 120
7 46 49 86 90 97 108 112
7 46 49 86 92 105 116 120
7 46 49 86 92 105 116 122
7 46 49 86 92 106 116 120
7 46 49 89 92 102 114 120
7 46 49 89 94 98 100 112
7 46 49 90 92 97 104 116
7 46 49 90 92 97 104 118
7 46 49 90 92 101 104 114
7 46 49 90 92 101 114 120
7 46 50 65 66 92 116 120
7 46 50 66 81 92 105 116
7 46 50 66 84 89 101 120
7 46 50 66 85 92 105 112
7 46 50 67 81 92 105 116
7 46 50 70 81 88 105 116
7 46 50 70 84 88 105 112
7 46 50 70 85 88 105 112
7 46 50 71 84 88 105 112
7 46 50 71 89 97 116 120
7 46 50 75 81 84 101 120
7 46 50 75 92 113 116 120
7 46 50 77 84 88 98 112
7 46 50 77 84 88 99 112
7 46 50 78 84 88 97 112
7 46 50 78 89 113 116 120
7 46 50 78 92 113 116 120
7 46 50 81 84 88 98 108
7 46 50 81 84 88 102 105
7 46 50 81 92 106 116 120
7 46 50 82 84 88 97 108
7 46 50 82 93 102 121 124
7 46 50 82 93 105 116 120
7 46 50 82 93 107 117 124
7 46 50 82 93 109 116 120
7 46 50 84 89 98 101 120
7 46 50 84 89 101 106 112
7 46 50 85 90 105 116 120
7 46 50 85 92 98 105 112
7 46 50 85 92 106 116 121
7 46 50 86 89 105 116 120
7 46 50 86 93 107 116 120
7 46 50 86 93 107 117 120
7 46 50 89 90 101 116 120
7 46 50 89 92 99 116 120
7 46 50 89 92 102 113 120
7 46 51 66 73 84 88 100
7 46 51 66 73 84 100 120
7 46 51 66 73 92 100 112
7 46 51 66 73 92 116 120
7 46 51 66 76 84 88 97
7 46 51 66 76 84 97 120
7 46 51 66 84 89 100 120
7 46 51 67 73 92 116 120
7 46 51 69 73 92 98 112
7 46 51 69 89 92 108 114
7 46 51 70 73 92 116 120
7 46 51 70 85 90 105 124
7 46 51 73 82 85 108 120
7 46 51 73 82 92 104 116
7 46 51 73 85 88 108 114
7 46 51 74 85 88 104 116
7 46 51 76 84 90 100 120
7 46 51 77 84 88 98 112
7 46 51 77 85 99 122 124
7 46 51 78 85 88 104 112
7 46 51 78 92 114 117 121
7 46 51 85 90 102 105 124
7 46 51 85 94 99 105 124
7 46 51 85 94 100 105 120
7 46 51 85 94 102 105 120
7 46 51 90 93 97 104 116
7 46 51 90 93 98 108 116
7 46 51 90 93 99 108 116
7 46 51 93 94 97 100 120
7 46 51 93 94 97 104 112
7 46 51 93 94 98 100 120
7 46 51 93 94 100 104 112
7 46 52 56 67 77 82 112
7 46 52 56 77 81 82 98
7 46 52 65 82 88 108 112
7 46 52 67 82 88 108 112
7 46 52 67 84 88 105 112
7 46 52 68 81 88 105 114
7 46 52 68 82 88 105 112
7 46 52 68 83 88 105 112
7 46 52 69 82 88 105 112
7 46 52 70 76 90 113 120
7 46 52 73 82 84 97 120
7 46 52 73 82 88 100 112
7 46 52 76 82 88 97 112
7 46 52 81 82 88 100 104
7 46 52 81 82 88 100 105
7 46 52 81 84 88 98 104
7 46 52 81 84 88 98 105
7 46 52 81 92 108 114 120
7 46 52 81 94 108 114 120
7 46 52 82 84 88 97 104
7 46 52 82 84 89 97 104
7 46 52 83 88 100 105 112
7 46 52 83 92 101 121 122
7 46 52 84 89 108 114 120
7 46 52 84 89 108 115 122
7 46 52 90 92 102 113 120
7 46 53 65 68 82 88 104
7 46 53 65 68 88 104 114
7 46 53 68 81 88 104 114
7 46 53 68 82 88 97 104
7 46 53 68 82 88 104 112
7 46 53 68 83 88 104 112
7 46 53 69 73 82 98 120
7 46 53 69 73 90 98 112
7 46 53 69 76 90 114 120
7 46 53 69 76 90 114 121
7 46 53 69 86 89 106 120
7 46 53 69 89 90 106 116
7 46 53 70 76 90 113 120
7 46 53 70 82 88 105 112
7 46 53 70 89 90 106 116
7 46 53 73 82 92 98 120
7 46 53 73 84 88 104 114
7 46 53 73 84 90 98 120
7 46 53 73 86 88 104 114
7 46 53 74 82 92 97 120
7 46 53 74 84 88 104 112
7 46 53 74 84 88 104 114
7 46 53 75 90 102 113 124
7 46 53 75 94 101 114 121
7 46 53 76 81 88 104 114
7 46 53 76 82 88 104 112
7 46 53 76 82 89 98 112
7 46 53 76 83 84 106 120
7 46 53 76 83 88 104 112
7 46 53 76 84 90 97 120
7 46 53 76 84 90 98 120
7 46 53 76 84 90 99 120
7 46 53 78 89 113 114 124
7 46 53 79 90 114 116 121
7 46 53 86 89 100 106 120
7 46 53 86 89 102 106 120
7 46 53 86 91 98 108 120
7 46 53 86 91 109 114 120
7 46 53 89 90 98 100 112
7 46 53 89 90 102 106 116
7 46 53 89 90 102 113 124
7 46 53 89 90 102 116 120
7 46 53 89 94 97 104 114
7 46 53 89 94 97 108 114
7 46 53 91 92 100 104 114
7 46 53 91 94 98 101 120
7 46 53 91 94 100 104 112
7 46 54 66 68 81 88 104
7 46 54 66 68 89 97 120
7 46 54 66 68 89 113 120
7 46 54 66 76 81 97 120
7 46 54 66 76 89 97 112
7 46 54 66 76 89 113 120
7 46 54 66 81 92 97 120
7 46 54 66 84 89 97 120
7 46 54 67 81 92 97 120
7 46 54 69 74 89 97 112
7 46 54 69 74 89 113 120
7 46 54 69 74 89 113 124
7 46 54 69 82 89 97 120
7 46 54 70 74 89 113 124
7 46 54 70 74 92 113 120
7 46 54 70 76 89 113 120
7 46 54 70 85 90 105 120
7 46 54 71 89 105 114 124
7 46 54 73 82 84 97 120
7 46 54 74 81 92 97 120
7 46 54 74 84 89 97 112
7 46 54 74 84 89 97 120
7 46 54 76 83 89 101 120
7 46 54 77 90 98 113 124
7 46 54 77 90 113 114 124
7 46 54 77 90 114 116 120
7 46 54 77 90 114 116 121
7 46 54 78 89 97 114 124
7 46 54 82 84 89 97 104
7 46 54 83 89 101 108 120
7 46 54 85 90 98 108 121
7 46 54 85 90 102 105 120
7 46 54 85 90 105 114 124
7 46 54 85 91 100 105 120
7 46 54 86 89 98 108 120
7 46 54 86 89 105 108 114
7 46 54 86 89 105 114 124
7 46 54 86 89 106 108 113
7 46 54 89 90 101 106 116
7 46 54 89 92 98 100 120
7 46 54 89 92 102 105 114
7 46 54 89 94 97 106 116
7 46 54 89 94 98 100 120
7 46 54 90 92 97 102 120
7 46 54 90 93 97 100 120
7 46 54 90 93 98 108 113
7 46 54 90 93 99 108 113
7 46 54 91 93 97 100 120
7 46 54 91 93 97 102 120
7 46 55 66 68 73 88 112
7 46 55 70 83 92 105 120
7 46 55 73 82 88 104 116
7 46 55 73 85 88 104 114
7 46 55 74 84 89 100 120
7 46 56 65 82 84 104 112
7 46 56 65 86 88 106 116
7 46 56 67 72 84 97 112
7 46 56 67 84 88 97 112
7 46 56 67 92 104 114 116
7 46 56 71 73 88 114 116
7 46 56 71 88 104 114 116
7 46 56 72 81 84 97 98
7 46 56 72 82 84 97 112
7 46 56 73 74 85 115 116
7 46 56 73 74 86 113 116
7 46 56 73 81 86 106 116
7 46 56 73 82 84 97 112
7 46 56 73 82 84 104 113
7 46 56 73 83 92 101 114
7 46 56 73 86 88 101 114
7 46 56 73 86 104 113 116
7 46 56 73 86 104 114 116
7 46 56 73 86 104 114 117
7 46 56 73 86 106 113 116
7 46 56 73 87 88 99 116
7 46 56 74 76 85 113 114
7 46 56 74 82 85 108 113
7 46 56 74 85 104 113 118
7 46 56 74 85 104 114 116
7 46 56 74 85 104 115 116
7 46 56 74 85 105 114 116
7 46 56 74 85 108 113 114
7 46 56 76 81 82 104 116
7 46 56 76 83 104 113 116
7 46 56 78 81 104 114 116
7 46 56 81 82 84 97 104
7 46 56 81 82 84 102 105
7 46 56 81 84 88 97 98
7 46 56 81 92 106 114 116
7 46 56 82 93 106 113 116
7 46 56 83 85 105 106 116
7 46 56 83 88 101 104 116
7 46 56 83 88 109 114 116
7 46 56 83 92 97 104 116
7 46 56 83 92 101 104 112
7 46 56 83 92 101 104 114
7 46 56 85 88 99 104 118
7 46 56 85 88 99 108 114
7 46 56 85 88 106 114 116
7 46 56 85 90 97 104 112
7 46 56 85 90 97 104 116
7 46 56 85 90 97 104 118
7 46 56 85 90 97 108 114
7 46 56 85 90 105 114 116
7 46 56 85 90 108 113 114
7 46 56 86 88 97 106 116
7 46 56 86 89 97 98 100
7 46 56 86 89 106 113 116
7 46 56 87 88 105 114 116
7 46 56 87 89 97 106 116
7 46 56 89 92 106 114 117
7 46 56 89 92 106 117 118
7 46 56 90 92 105 117 118
7 46 56 90 92 106 113 116
7 46 56 90 92 106 117 118
7 46 56 90 92 108 113 116
7 46 56 90 92 108 113 118
7 46 56 90 93 109 115 118
7 46 57 65 82 84 100 120
7 46 57 65 82 84 104 112
7 46 57 65 82 92 98 116
7 46 57 65 84 88 100 114
7 46 57 66 84 88 100 112
7 46 57 67 73 92 114 116
7 46 57 67 85 88 104 118
7 46 57 67 86 92 102 120
7 46 57 69 82 84 104 112
7 46 57 69 82 88 98 116
7 46 57 69 86 88 98 112
7 46 57 69 86 88 106 116
7 46 57 69 86 89 106 116
7 46 57 69 86 89 108 114
7 46 57 70 73 82 97 116
7 46 57 70 73 92 114 116
7 46 57 70 82 84 104 112
7 46 57 70 82 88 97 116
7 46 57 71 73 88 114 116
7 46 57 71 86 89 106 116
7 46 57 72 82 84 97 112
7 46 57 73 74 86 113 116
7 46 57 73 82 84 100 112
7 46 57 73 85 88 102 114
7 46 57 73 86 88 98 116
7 46 57 73 86 88 101 114
7 46 57 74 82 84 100 112
7 46 57 74 85 88 100 114
7 46 57 75 85 86 102 120
7 46 57 75 85 90 102 116
7 46 57 76 81 82 98 116
7 46 57 76 82 84 97 112
7 46 57 78 85 113 114 120
7 46 57 78 86 113 116 120
7 46 57 79 86 114 116 120
7 46 57 81 82 84 100 104
7 46 57 81 84 88 98 100
7 46 57 82 84 88 97 100
7 46 57 83 85 88 102 104
7 46 57 83 85 106 116 120
7 46 57 83 94 98 108 116
7 46 57 85 86 106 113 120
7 46 57 86 89 97 98 100
7 46 57 86 89 97 98 124
7 46 57 86 89 97 106 116
7 46 57 86 89 98 100 120
7 46 57 86 89 101 122 124
7 46 57 86 89 102 106 116
7 46 57 86 89 106 116 120
7 46 57 86 90 97 108 116
7 46 57 86 90 101 113 120
7 46 57 86 92 97 104 112
7 46 57 87 89 103 122 124
7 46 57 87 91 98 108 116
7 46 57 90 93 103 118 120
7 46 58 67 70 92 117 120
7 46 58 70 73 81 97 116
7 46 58 70 73 85 113 120
7 46 58 70 81 88 97 116
7 46 58 70 81 88 104 116
7 46 58 71 92 114 116 121
7 46 58 73 82 85 101 120
7 46 58 73 82 85 108 113
7 46 58 73 85 88 99 116
7 46 58 73 85 88 101 114
7 46 58 73 85 88 102 113
7 46 58 74 81 92 97 116
7 46 58 74 85 88 97 116
7 46 58 75 92 117 118 120
7 46 58 77 82 85 97 112
7 46 58 78 92 113 118 120
7 46 58 83 92 109 114 116
7 46 58 83 93 97 104 116
7 46 58 83 93 97 108 116
7 46 58 83 93 101 106 116
7 46 58 85 90 102 105 116
7 46 58 85 90 105 118 124
7 46 58 85 90 109 114 116
7 46 58 85 92 98 104 112
7 46 58 86 89 98 108 116
7 46 58 86 89 101 102 120
7 46 58 86 92 97 104 112
7 46 58 86 92 102 105 113
7 46 58 86 93 97 104 112
7 46 58 87 89 97 104 116
7 46 58 87 93 97 104 112
7 46 58 89 94 103 117 120
7 46 59 66 85 88 104 116
7 46 59 86 93 97 104 112
7 46 59 86 93 98 100 120
7 46 59 86 93 98 101 120
7 46 60 65 68 72 82 112
7 46 60 65 82 88 100 112
7 46 60 67 69 92 114 120
7 46 60 67 82 88 100 112
7 46 60 67 84 88 97 112
7 46 60 68 72 81 82 97
7 46 60 68 72 81 97 114
7 46 60 68 72 82 97 112
7 46 60 68 72 83 97 112
7 46 60 68 81 82 104 112
7 46 60 68 81 88 97 114
7 46 60 68 81 88 104 114
7 46 60 68 82 88 97 112
7 46 60 68 83 88 97 112
7 46 60 69 70 89 115 120
7 46 60 69 70 90 113 120
7 46 60 69 76 83 114 121
7 46 60 69 76 90 113 114
7 46 60 69 81 88 104 114
7 46 60 69 83 92 105 114
7 46 60 69 84 90 104 113
7 46 60 69 84 90 104 115
7 46 60 69 86 89 99 120
7 46 60 70 76 83 113 120
7 46 60 70 76 89 113 114
7 46 60 70 81 88 97 112
7 46 60 70 82 88 97 112
7 46 60 71 76 89 113 114
7 46 60 73 74 83 113 116
7 46 60 73 81 82 100 112
7 46 60 73 82 84 97 112
7 46 60 73 82 84 104 113
7 46 60 73 84 88 100 115
7 46 60 74 81 82 100 112
7 46 60 74 81 84 104 114
7 46 60 75 86 113 116 120
7 46 60 75 92 114 117 120
7 46 60 76 81 88 97 114
7 46 60 76 83 84 99 120
7 46 60 76 83 84 105 114
7 46 60 76 83 84 106 113
7 46 60 76 83 88 97 112
7 46 60 76 83 89 101 114
7 46 60 76 84 89 97 114
7 46 60 76 84 89 99 114
7 46 60 76 84 90 97 114
7 46 60 77 90 113 118 120
7 46 60 77 90 115 116 120
7 46 60 77 92 115 116 122
7 46 60 78 83 97 116 120
7 46 60 78 89 114 117 120
7 46 60 78 90 113 116 120
7 46 60 81 82 88 97 100
7 46 60 81 82 88 98 100
7 46 60 81 84 88 97 98
7 46 60 82 84 88 97 98
7 46 60 83 89 101 108 114
7 46 60 83 90 109 114 116
7 46 60 83 92 97 100 120
7 46 60 83 92 97 100 122
7 46 60 83 92 97 106 116
7 46 60 83 92 99 116 120
7 46 60 83 92 100 104 112
7 46 60 83 92 100 104 114
7 46 60 83 92 100 105 114
7 46 60 83 92 105 114 116
7 46 60 83 92 105 118 120
7 46 60 83 92 106 113 116
7 46 60 83 94 100 104 112
7 46 60 85 90 105 114 116
7 46 60 85 91 97 108 114
7 46 60 85 92 105 118 122
7 46 60 86 89 97 100 120
7 46 60 86 89 97 100 122
7 46 60 86 89 97 108 114
7 46 60 86 89 99 100 120
7 46 60 86 89 99 116 120
7 46 60 86 89 100 104 112
7 46 60 86 89 100 104 113
7 46 60 86 89 100 104 114
7 46 60 86 89 100 104 115
7 46 60 86 89 102 113 120
7 46 60 86 89 106 113 116
7 46 60 86 90 105 113 116
7 46 60 86 92 101 121 122
7 46 60 86 92 102 121 122
7 46 60 89 92 106 114 117
7 46 60 91 92 103 118 121
7 46 60 91 92 107 117 118
7 46 61 67 82 88 100 112
7 46 61 69 84 90 104 115
7 46 61 70 82 88 97 112
7 46 61 70 83 92 105 114
7 46 61 83 94 100 104 112
7 46 65 82 92 98 116 120
7 46 67 81 92 97 116 122
7 46 67 81 92 105 114 116
7 46 67 82 92 100 104 113
7 46 67 82 92 100 113 120
7 46 67 86 92 108 113 122
7 46 67 89 108 113 114 116
7 46 67 90 92 108 113 116
7 46 67 92 105 113 114 116
7 46 67 92 108 113 114 120
7 46 67 92 108 113 116 122
7 46 67 92 108 113 118 122
7 46 69 82 89 106 113 116
7 46 69 88 100 104 113 114
7 46 69 90 92 106 113 116
7 46 69 90 92 108 113 114
7 46 70 82 89 97 116 120
7 46 70 82 89 104 113 116
7 46 70 90 92 106 113 116
7 46 71 89 97 114 116 120
7 46 71 89 113 114 116 120
7 46 71 90 108 114 117 121
7 46 73 81 84 100 114 120
7 46 73 82 84 100 113 120
7 46 73 82 88 104 113 116
7 46 73 82 92 98 117 120
7 46 73 84 88 100 113 114
7 46 73 84 100 113 114 120
7 46 73 85 90 102 113 120
7 46 73 86 88 104 113 116
7 46 73 86 88 104 114 116
7 46 73 86 88 104 114 117
7 46 73 86 88 104 115 117
7 46 73 86 88 106 113 116
7 46 73 86 106 113 116 120
7 46 73 88 104 113 114 116
7 46 73 88 104 115 117 118
7 46 73 92 102 113 114 120
7 46 74 81 92 97 118 120
7 46 74 81 92 101 114 120
7 46 74 82 84 100 113 120
7 46 74 82 85 108 113 120
7 46 74 82 92 100 113 120
7 46 74 82 92 101 113 120
7 46 74 85 88 104 113 118
7 46 74 85 88 104 115 116
7 46 74 85 88 105 114 116
7 46 74 85 88 108 113 114
7 46 74 85 105 114 116 120
7 46 74 85 108 113 114 120
7 46 74 89 101 114 116 120
7 46 74 92 101 113 114 120
7 46 75 86 98 117 121 124
7 46 75 86 114 117 121 124
7 46 75 92 102 114 117 121
7 46 75 102 114 117 121 124
7 46 76 81 82 97 116 120
7 46 76 81 82 98 116 120
7 46 76 81 84 97 114 120
7 46 76 81 88 104 114 116
7 46 76 81 90 97 116 120
7 46 76 81 90 102 116 120
7 46 76 81 97 114 116 120
7 46 76 82 88 104 113 116
7 46 76 82 89 98 117 120
7 46 76 82 98 113 116 120
7 46 76 83 88 104 113 116
7 46 76 84 90 100 113 120
7 46 76 84 90 102 113 120
7 46 76 84 100 115 121 122
7 46 76 85 90 105 115 116
7 46 76 86 89 99 116 120
7 46 76 88 104 113 114 116
7 46 76 90 102 113 116 120
7 46 77 81 82 98 116 120
7 46 77 81 82 99 116 120
7 46 77 82 84 98 113 120
7 46 77 82 98 113 116 120
7 46 77 90 104 113 114 116
7 46 77 90 113 114 116 120
7 46 78 81 82 97 116 120
7 46 78 81 88 104 114 116
7 46 78 81 97 114 116 120
7 46 78 83 98 117 121 124
7 46 78 83 114 117 121 124
7 46 78 88 104 113 114 116
7 46 78 89 101 115 116 120
7 46 78 89 104 113 114 116
7 46 78 89 113 114 116 120
7 46 78 90 102 113 116 120
7 46 78 90 114 117 121 124
7 46 78 92 100 113 114 120
7 46 78 92 113 114 116 120
7 46 78 99 114 117 121 124
7 46 78 108 113 114 116 120
7 46 79 88 104 113 114 116
7 46 79 89 104 113 114 116
7 46 81 82 92 102 105 112
7 46 81 82 97 108 116 120
7 46 81 82 98 108 116 120
7 46 81 84 88 97 98 112
7 46 81 84 88 98 104 112
7 46 81 84 88 98 105 112
7 46 81 84 88 98 108 112
7 46 81 84 88 99 108 112
7 46 81 84 88 102 105 112
7 46 81 86 90 97 108 112
7 46 81 88 97 98 100 112
7 46 81 92 97 98 116 120
7 46 81 92 97 114 116 120
7 46 81 92 106 114 116 120
7 46 81 92 108 114 116 120
7 46 81 94 108 114 116 120
7 46 82 84 88 97 104 112
7 46 82 84 88 97 108 112
7 46 82 84 88 102 105 112
7 46 82 84 89 97 104 112
7 46 82 84 89 101 106 112
7 46 82 85 92 98 105 112
7 46 82 89 102 113 116 120
7 46 82 92 97 98 116 120
7 46 82 92 98 113 116 120
7 46 82 92 99 113 116 120
7 46 82 92 106 113 116 120
7 46 82 92 108 113 116 120
7 46 82 93 106 113 116 120
7 46 83 85 105 106 116 120
7 46 83 92 97 100 104 112
7 46 83 92 101 116 121 122
7 46 83 92 102 108 113 120
7 46 83 92 105 108 114 116
7 46 83 94 98 108 116 120
7 46 83 97 98 108 116 120
7 46 83 98 108 113 116 120
7 46 84 89 100 113 114 120
7 46 84 89 108 113 114 120
7 46 85 88 106 108 113 114
7 46 85 89 97 102 114 120
7 46 85 89 102 113 114 120
7 46 85 89 106 113 114 124
7 46 85 90 97 108 114 120
7 46 85 90 105 113 114 116
7 46 85 90 105 113 114 124
7 46 85 90 105 114 116 120
7 46 85 90 106 113 116 120
7 46 85 90 108 113 114 120
7 46 85 92 100 106 114 120
7 46 85 92 106 114 116 121
7 46 85 106 108 113 114 120
7 46 86 89 105 113 114 116
7 46 86 89 105 113 114 124
7 46 86 89 105 114 116 120
7 46 86 89 106 113 116 120
7 46 86 92 100 106 113 120
7 46 86 92 102 106 113 120
7 46 86 92 105 108 113 114
7 46 86 92 105 113 116 120
7 46 86 92 105 113 116 122
7 46 86 92 106 113 116 120
7 46 86 93 109 115 122 124
7 46 86 98 100 105 113 120
7 46 86 101 106 114 121 124
7 46 86 102 105 113 122 124
7 46 86 105 106 113 116 120
7 46 87 88 105 106 113 116
7 46 87 105 106 113 116 120
7 46 89 90 101 104 114 116
7 46 89 90 101 114 116 120
7 46 89 92 102 104 113 114
7 46 89 92 102 113 114 120
7 46 89 92 106 114 117 120
7 46 89 92 106 117 118 120
7 46 89 94 97 104 114 116
7 46 89 97 102 114 116 120
7 46 89 102 113 114 116 120
7 46 90 92 99 108 113 116
7 46 90 92 101 104 113 114
7 46 90 92 101 113 114 120
7 46 90 92 105 117 118 120
7 46 90 92 106 113 116 120
7 46 90 92 106 117 118 120
7 46 90 92 108 113 116 120
7 46 90 92 108 113 118 120
7 46 90 93 98 104 113 116
7 46 90 93 109 115 118 120
7 46 90 102 108 113 116 120
7 46 91 93 101 106 113 118
7 46 91 102 105 114 117 124
7 46 91 102 114 117 121 124
7 46 93 99 108 113 118 122
7 46 93 106 113 114 116 120
7 46 94 98 108 113 116 120
7 46 94 99 108 113 116 120
7 46 94 99 108 114 117 121
7 46 94 99 114 117 121 124
7 46 94 105 113 114 116 120
7 46 94 106 114 117 121 124
7 46 94 108 113 114 116 120
7 46 95 105 113 114 116 120
7 46 95 106 114 117 121 124
7 46 95 108 113 114 116 120
7 47 48 81 82 92 100 104
7 47 48 81 82 92 101 106
7 47 48 81 86 90 97 108
7 47 48 82 84 88 97 104
7 47 48 82 84 88 97 108
7 47 48 82 84 88 97 110
7 47 48 82 84 88 99 108
7 47 49 75 92 114 116 120
7 47 49 77 94 114 116 120
7 47 49 79 92 114 116 120
7 47 49 79 94 114 116 120
7 47 49 82 84 88 97 110
7 47 49 82 84 88 99 108
7 47 49 83 92 109 118 122
7 47 49 83 94 109 116 122
7 47 49 86 90 109 114 124
7 47 49 86 92 105 116 122
7 47 49 86 92 107 116 120
7 47 49 90 92 99 116 120
7 47 50 78 92 113 116 120
7 47 50 81 82 92 100 104
7 47 50 81 84 88 98 108
7 47 50 82 84 88 97 108
7 47 50 83 92 110 116 120
7 47 50 83 92 110 116 121
7 47 50 83 93 110 116 120
7 47 50 85 92 106 116 120
7 47 50 85 94 107 116 120
7 47 50 86 93 107 116 120
7 47 51 65 66 92 116 120
7 47 51 65 74 92 116 120
7 47 51 69 74 92 116 120
7 47 51 81 82 92 100 104
7 47 51 82 84 88 97 108
7 47 52 81 82 88 100 104
7 47 52 82 84 88 97 104
7 47 52 83 92 110 113 120
7 47 52 85 90 110 113 120
7 47 52 89 94 101 114 120
7 47 52 90 92 102 113 120
7 47 52 90 92 103 113 120
7 47 52 91 92 101 114 120
7 47 53 69 76 90 114 120
7 47 53 79 90 113 114 124
7 47 54 69 76 89 114 120
7 47 54 70 74 89 113 124
7 47 54 70 74 92 113 120
7 47 54 70 74 93 113 120
7 47 55 73 84 90 100 120
7 47 56 73 74 85 114 116
7 47 56 83 85 88 102 104
7 47 56 83 92 105 114 116
7 47 56 90 92 105 117 118
7 47 56 90 92 106 117 118
7 47 56 90 93 108 115 118
7 47 57 78 82 84 97 112
7 47 58 66 81 84 108 112
7 47 58 67 81 84 108 112
7 47 59 70 74 92 113 116
7 47 60 68 81 82 104 112
7 47 60 69 76 83 114 120
7 47 60 69 76 90 113 114
7 47 60 74 81 82 100 112
7 47 60 79 83 114 116 120
7 47 60 81 82 88 98 100
7 47 60 82 84 88 97 98
7 47 60 87 92 102 121 122
7 47 61 65 86 88 104 114
7 47 62 66 68 72 81 112
7 47 62 66 81 88 100 112
7 47 62 69 81 88 98 112
7 47 62 70 74 89 113 116
7 47 62 81 84 88 97 98
7 47 65 82 92 98 116 120
7 47 67 81 92 100 114 120
7 47 71 89 113 118 122 124
7 47 73 86 88 104 114 116
7 47 73 86 88 104 114 117
7 47 73 86 88 106 113 116
7 47 73 86 106 113 116 120
7 47 73 92 102 113 114 120
7 47 74 82 84 100 113 120
7 47 74 85 88 104 114 116
7 47 75 92 104 113 114 116
7 47 75 92 113 114 116 120
7 47 76 81 82 98 116 120
7 47 76 81 88 104 114 116
7 47 76 82 98 113 116 120
7 47 76 85 90 99 116 120
7 47 76 88 104 113 114 116
7 47 76 90 102 113 116 120
7 47 78 81 82 97 116 120
7 47 78 81 97 114 116 120
7 47 78 88 104 113 114 116
7 47 78 92 113 114 116 120
7 47 79 88 104 113 114 116
7 47 79 92 113 114 116 120
7 47 79 94 113 114 116 120
7 47 81 82 92 100 104 112
7 47 81 82 92 101 106 112
7 47 81 82 98 108 116 120
7 47 81 86 90 97 108 112
7 47 81 90 109 114 116 120
7 47 81 92 99 114 116 120
7 47 81 92 106 114 116 120
7 47 81 92 108 114 116 120
7 47 81 92 110 114 116 120
7 47 81 94 97 114 116 120
7 47 81 94 97 118 122 124
7 47 81 94 105 114 116 120
7 47 81 94 108 114 116 120
7 47 81 94 109 114 116 120
7 47 81 94 110 114 116 120
7 47 82 84 88 97 104 112
7 47 82 84 88 97 108 112
7 47 82 84 88 97 110 112
7 47 82 84 88 99 108 112
7 47 82 92 97 98 116 120
7 47 82 92 98 113 116 120
7 47 82 92 106 113 116 120
7 47 82 92 110 113 116 120
7 47 83 92 105 114 116 120
7 47 83 92 108 113 116 122
7 47 83 92 108 114 116 120
7 47 83 92 109 113 118 122
7 47 83 92 110 113 116 120
7 47 83 94 109 114 116 120
7 47 85 90 102 114 121 124
7 47 85 90 108 114 116 120
7 47 85 90 108 115 116 120
7 47 85 90 110 114 116 121
7 47 85 92 106 114 116 120
7 47 85 94 105 114 116 120
7 47 86 89 102 113 122 124
7 47 86 89 105 114 116 120
7 47 86 89 108 113 116 122
7 47 86 89 110 113 114 124
7 47 86 89 110 113 116 120
7 47 86 89 110 114 116 120
7 47 86 90 109 113 114 124
7 47 86 92 105 113 116 122
7 47 86 92 106 113 116 120
7 47 86 92 107 113 116 120
7 47 89 94 97 104 114 116
7 47 89 94 102 114 116 120
7 47 90 92 99 104 113 116
7 47 90 92 99 113 116 120
7 47 90 92 105 117 118 120
7 47 90 92 106 117 118 120
7 47 90 93 108 115 118 120
7 47 91 92 108 117 118 122
7 47 95 108 113 114 116 120
7 47 95 110 113 114 116 120
7 48 65 66 68 72 80 96
7 48 67 84 88 97 98 108
7 48 78 81 82 97 100 104
7 49 50 60 71 75 84 104
7 49 50 66 76 80 100 104
7 49 50 66 76 88 100 104
7 49 50 66 76 88 104 116
7 49 50 67 76 88 104 116
7 49 50 67 78 89 108 116
7 49 50 67 78 108 116 120
7 49 50 67 92 100 104 112
7 49 50 67 92 108 116 120
7 49 50 67 92 110 116 120
7 49 50 69 74 76 84 104
7 49 50 69 74 88 108 112
7 49 50 69 74 92 108 112
7 49 50 70 74 92 108 112
7 49 50 70 76 88 100 104
7 49 50 70 88 97 108 112
7 49 50 71 75 92 108 112
7 49 50 74 76 84 100 120
7 49 50 74 84 88 97 108
7 49 50 74 84 97 108 120
7 49 50 74 92 100 104 112
7 49 50 74 92 108 116 120
7 49 50 75 92 102 108 112
7 49 50 75 92 110 116 120
7 49 50 76 81 98 116 120
7 49 50 77 81 92 102 106
7 49 50 77 81 102 106 124
7 49 50 77 90 98 108 116
7 49 50 78 81 92 102 105
7 49 50 78 81 102 105 124
7 49 50 78 84 88 97 108
7 49 50 78 84 88 98 108
7 49 50 78 86 97 108 120
7 49 50 78 89 98 108 116
7 49 50 78 92 100 104 112
7 49 50 79 84 88 98 108
7 49 50 79 92 100 104 112
7 49 50 79 92 101 106 112
7 49 50 84 88 99 108 112
7 49 50 85 88 106 108 112
7 49 50 85 92 106 108 112
7 49 50 85 92 107 110 112
7 49 50 86 92 106 108 112
7 49 50 86 92 107 108 112
7 49 50 87 92 107 108 112
7 49 52 56 77 78 82 98
7 49 52 69 90 108 114 120
7 49 52 70 74 88 104 112
7 49 52 70 76 88 106 112
7 49 52 73 86 100 106 120
7 49 52 74 76 84 98 120
7 49 52 74 84 88 98 104
7 49 52 74 84 88 98 108
7 49 52 75 84 108 114 120
7 49 52 75 92 100 104 114
7 49 52 76 82 88 100 106
7 49 52 76 82 97 98 120
7 49 52 76 83 100 106 120
7 49 52 76 86 97 106 120
7 49 52 78 81 88 98 104
7 49 52 78 81 108 114 120
7 49 52 78 82 101 106 120
7 49 52 78 84 88 98 105
7 49 52 78 84 105 114 120
7 49 52 78 89 100 104 114
7 49 52 79 90 98 108 112
7 49 52 81 90 102 108 120
7 49 52 82 88 109 110 112
7 49 52 82 92 101 106 120
7 49 52 83 92 106 108 112
7 49 52 84 90 99 108 120
7 49 52 84 90 102 105 120
7 49 52 85 90 106 108 112
7 49 52 86 89 106 108 112
7 49 52 86 92 105 106 112
7 49 54 65 74 76 104 112
7 49 54 65 74 88 108 112
7 49 54 65 74 92 108 120
7 49 54 66 68 88 104 112
7 49 54 66 76 88 104 112
7 49 54 67 69 90 108 120
7 49 54 67 73 92 108 122
7 49 54 67 76 88 104 112
7 49 54 67 89 106 108 116
7 49 54 67 92 105 116 122
7 49 54 67 92 106 116 120
7 49 54 73 82 88 100 104
7 49 54 73 86 88 106 108
7 49 54 74 76 88 104 112
7 49 54 74 76 88 104 116
7 49 54 75 92 100 104 112
7 49 54 75 92 108 116 120
7 49 54 75 92 108 116 122
7 49 54 75 92 109 114 120
7 49 54 75 92 110 116 120
7 49 54 77 90 105 114 124
7 49 54 77 90 106 116 120
7 49 54 78 81 97 122 124
7 49 54 86 92 107 109 120
7 49 56 67 76 88 104 118
7 49 56 70 74 84 108 112
7 49 56 70 74 88 100 112
7 49 56 70 76 82 100 104
7 49 56 70 81 106 108 112
7 49 56 70 82 88 100 104
7 49 56 71 88 104 114 116
7 49 56 73 74 84 102 112
7 49 56 73 78 104 114 116
7 49 56 73 82 84 102 104
7 49 56 73 86 106 108 116
7 49 56 73 92 102 104 114
7 49 56 73 94 98 100 112
7 49 56 74 76 81 104 118
7 49 56 74 76 82 100 112
7 49 56 74 84 88 98 100
7 49 56 75 84 102 108 112
7 49 56 76 82 88 100 104
7 49 56 76 82 100 104 112
7 49 56 76 84 88 98 100
7 49 56 76 90 102 104 116
7 49 56 77 82 84 102 106
7 49 56 77 84 102 106 112
7 49 56 77 86 100 106 112
7 49 56 77 94 98 100 112
7 49 56 78 81 82 100 104
7 49 56 78 81 84 98 108
7 49 56 78 81 104 114 116
7 49 56 78 82 84 100 105
7 49 56 78 82 84 102 105
7 49 56 78 84 88 98 100
7 49 56 78 84 100 105 114
7 49 56 78 84 102 105 112
7 49 56 78 88 104 114 116
7 49 56 78 88 105 114 116
7 49 56 78 88 108 114 116
7 49 56 78 89 98 100 112
7 49 56 78 90 102 104 116
7 49 56 78 92 97 100 114
7 49 56 78 92 100 104 114
7 49 56 79 94 98 100 112
7 49 56 81 86 106 108 112
7 49 56 82 84 105 110 112
7 49 56 82 88 100 104 112
7 49 56 82 92 102 105 112
7 49 56 84 90 102 108 112
7 49 56 84 90 102 109 112
7 49 56 84 90 109 110 112
7 49 56 84 91 102 108 112
7 49 56 86 88 99 108 112
7 49 56 86 88 106 108 112
7 49 56 86 88 106 108 116
7 49 56 86 90 109 110 112
7 49 56 86 91 109 110 112
7 49 56 86 92 107 108 112
7 49 56 90 92 102 105 112
7 49 56 90 92 102 108 112
7 49 56 90 92 102 109 112
7 49 58 65 70 92 108 112
7 49 58 65 76 84 102 104
7 49 58 66 76 84 100 104
7 49 58 66 76 84 100 120
7 49 58 66 76 88 104 116
7 49 58 67 76 84 100 104
7 49 58 67 76 84 100 120
7 49 58 67 77 86 108 112
7 49 58 67 77 102 116 120
7 49 58 67 78 81 108 116
7 49 58 67 81 92 102 108
7 49 58 67 92 108 114 116
7 49 58 67 92 108 116 120
7 49 58 67 92 108 118 120
7 49 58 67 92 110 116 120
7 49 58 69 73 82 102 124
7 49 58 69 82 92 102 105
7 49 58 69 84 88 98 108
7 49 58 69 86 98 108 120
7 49 58 69 92 108 114 120
7 49 58 70 73 84 100 120
7 49 58 70 73 84 108 112
7 49 58 70 74 92 108 116
7 49 58 70 76 88 104 116
7 49 58 70 89 98 108 116
7 49 58 71 89 98 108 116
7 49 58 73 92 98 100 112
7 49 58 74 76 84 100 112
7 49 58 74 76 84 100 120
7 49 58 76 82 84 100 104
7 49 58 76 86 97 100 120
7 49 58 77 81 86 98 108
7 49 58 77 81 102 106 116
7 49 58 77 82 84 102 104
7 49 58 77 82 84 102 105
7 49 58 77 82 97 102 124
7 49 58 77 82 102 116 120
7 49 58 77 82 110 116 120
7 49 58 77 84 100 114 120
7 49 58 77 84 108 114 120
7 49 58 77 86 97 102 120
7 49 58 77 86 98 100 120
7 49 58 77 86 98 108 112
7 49 58 77 86 101 114 120
7 49 58 77 86 108 114 120
7 49 58 77 86 110 114 124
7 49 58 77 86 110 116 120
7 49 58 77 90 97 102 116
7 49 58 77 90 102 116 120
7 49 58 77 94 98 100 112
7 49 58 78 92 108 114 116
7 49 58 79 88 109 114 116
7 49 58 79 92 109 114 116
7 49 58 81 92 102 104 112
7 49 58 81 92 102 106 116
7 49 58 85 89 102 108 114
7 49 58 86 92 105 110 116
7 49 58 86 92 106 108 116
7 49 58 86 92 107 109 116
7 49 58 89 92 102 108 112
7 49 58 89 92 102 108 114
7 49 58 90 92 103 109 112
7 49 60 65 70 74 80 96
7 49 60 65 70 88 106 112
7 49 60 65 70 90 106 116
7 49 60 65 74 82 100 104
7 49 60 65 74 84 98 112
7 49 60 65 74 84 98 120
7 49 60 65 74 88 104 118
7 49 60 65 82 84 98 104
7 49 60 65 82 88 100 106
7 49 60 67 69 90 102 120
7 49 60 67 69 90 106 116
7 49 60 67 69 90 108 114
7 49 60 67 81 90 102 108
7 49 60 67 86 106 116 120
7 49 60 67 90 98 108 116
7 49 60 67 90 102 105 116
7 49 60 67 92 100 104 114
7 49 60 67 92 106 114 116
7 49 60 67 92 108 114 120
7 49 60 67 92 108 116 122
7 49 60 67 92 108 118 122
7 49 60 69 70 88 106 112
7 49 60 69 74 88 104 114
7 49 60 69 74 88 104 118
7 49 60 69 74 88 108 114
7 49 60 69 74 92 108 114
7 49 60 69 75 82 102 120
7 49 60 69 75 82 110 112
7 49 60 69 78 88 104 114
7 49 60 69 82 88 100 106
7 49 60 69 90 98 104 112
7 49 60 69 90 98 104 116
7 49 60 69 90 106 116 120
7 49 60 69 90 108 114 120
7 49 60 69 90 110 116 120
7 49 60 69 90 110 118 120
7 49 60 69 92 106 118 120
7 49 60 70 73 82 106 116
7 49 60 70 74 81 108 114
7 49 60 70 74 84 104 112
7 49 60 70 74 84 104 114
7 49 60 70 74 92 108 114
7 49 60 70 76 82 106 112
7 49 60 70 76 90 106 116
7 49 60 70 82 88 100 106
7 49 60 70 89 106 114 116
7 49 60 70 90 97 106 116
7 49 60 70 90 98 105 116
7 49 60 70 92 97 106 114
7 49 60 70 92 105 116 122
7 49 60 71 89 106 114 116
7 49 60 71 89 110 116 122
7 49 60 71 90 102 105 112
7 49 60 71 90 106 116 120
7 49 60 71 92 107 116 122
7 49 60 73 74 86 102 120
7 49 60 73 82 84 102 106
7 49 60 73 86 98 108 120
7 49 60 73 86 100 106 112
7 49 60 73 86 100 106 120
7 49 60 73 86 106 116 120
7 49 60 73 90 102 104 116
7 49 60 73 92 102 114 120
7 49 60 73 94 98 100 112
7 49 60 74 76 84 98 112
7 49 60 74 84 88 98 100
7 49 60 74 84 88 98 104
7 49 60 75 82 101 110 112
7 49 60 75 82 102 116 120
7 49 60 75 82 110 116 120
7 49 60 75 84 100 114 120
7 49 60 75 84 108 114 120
7 49 60 75 85 110 114 120
7 49 60 75 86 98 108 112
7 49 60 75 86 109 114 120
7 49 60 75 86 110 116 120
7 49 60 75 92 101 118 122
7 49 60 75 92 103 114 120
7 49 60 76 82 84 98 104
7 49 60 76 84 88 98 104
7 49 60 77 81 82 102 106
7 49 60 77 82 102 106 112
7 49 60 77 82 110 116 120
7 49 60 77 83 102 106 112
7 49 60 77 83 110 116 122
7 49 60 77 86 106 116 120
7 49 60 77 86 107 116 122
7 49 60 77 90 99 118 120
7 49 60 78 81 82 102 105
7 49 60 78 81 86 97 106
7 49 60 78 81 100 104 114
7 49 60 78 81 100 114 120
7 49 60 78 81 102 114 120
7 49 60 78 81 108 114 120
7 49 60 78 81 108 116 122
7 49 60 78 81 108 118 122
7 49 60 78 82 84 98 104
7 49 60 78 82 98 105 116
7 49 60 78 84 88 97 98
7 49 60 78 86 97 98 120
7 49 60 78 86 106 116 120
7 49 60 78 89 106 114 116
7 49 60 78 90 98 104 116
7 49 60 78 92 100 104 114
7 49 60 78 92 105 114 116
7 49 60 78 92 106 114 116
7 49 60 79 82 84 98 104
7 49 60 79 82 98 116 120
7 49 60 79 82 106 116 120
7 49 60 79 82 110 116 120
7 49 60 79 83 110 116 120
7 49 60 79 86 106 116 120
7 49 60 79 86 107 116 120
7 49 60 79 89 106 114 116
7 49 60 79 89 110 114 116
7 49 60 79 90 99 116 120
7 49 60 79 90 109 114 116
7 49 60 79 92 107 114 116
7 49 60 81 86 106 108 120
7 49 60 81 90 102 108 112
7 49 60 81 90 102 108 120
7 49 60 82 89 102 106 116
7 49 60 82 92 101 106 112
7 49 60 82 92 101 106 120
7 49 60 82 92 103 107 112
7 49 60 82 92 103 107 120
7 49 60 82 93 102 106 112
7 49 60 82 93 102 106 120
7 49 60 84 90 97 102 120
7 49 60 84 90 102 105 112
7 49 60 84 90 102 105 120
7 49 60 84 90 105 110 112
7 49 60 85 90 102 106 120
7 49 60 85 90 105 110 114
7 49 60 85 94 105 110 114
7 49 60 86 88 107 109 114
7 49 60 86 89 102 106 112
7 49 60 86 89 102 106 120
7 49 60 86 90 99 109 112
7 49 60 86 90 99 109 120
7 49 60 86 90 105 110 112
7 49 60 86 90 105 110 116
7 49 60 86 90 106 109 112
7 49 60 86 90 106 109 116
7 49 60 86 90 107 109 112
7 49 60 86 90 107 109 116
7 49 60 86 90 109 110 112
7 49 60 86 92 101 107 122
7 49 60 86 92 106 108 112
7 49 60 86 92 106 108 114
7 49 60 86 92 107 109 114
7 49 60 90 92 102 105 112
7 49 60 90 92 102 105 114
7 49 60 90 92 102 105 116
7 49 60 90 92 102 106 112
7 49 60 90 92 102 106 116
7 49 60 90 92 103 105 114
7 49 60 90 92 103 107 116
7 49 62 65 82 88 100 104
7 49 62 65 84 88 98 108
7 49 62 66 68 72 80 96
7 49 62 66 68 88 104 112
7 49 62 66 76 88 104 112
7 49 62 66 76 88 104 116
7 49 62 67 69 90 108 112
7 49 62 67 73 92 108 114
7 49 62 67 84 88 98 108
7 49 62 67 93 109 118 122
7 49 62 69 73 82 98 124
7 49 62 69 73 82 102 120
7 49 62 69 73 82 110 112
7 49 62 70 74 84 104 112
7 49 62 70 74 92 108 114
7 49 62 70 76 88 104 112
7 49 62 70 82 88 100 104
7 49 62 71 89 98 108 112
7 49 62 71 89 109 118 122
7 49 62 71 89 110 114 124
7 49 62 71 92 105 116 122
7 49 62 73 82 84 100 104
7 49 62 73 82 88 100 104
7 49 62 73 94 98 100 112
7 49 62 74 76 82 100 120
7 49 62 74 76 84 100 120
7 49 62 75 85 98 100 120
7 49 62 75 86 101 122 124
7 49 62 75 86 109 114 124
7 49 62 75 92 101 114 120
7 49 62 76 82 88 100 104
7 49 62 77 82 84 98 104
7 49 62 77 83 110 116 120
7 49 62 77 86 106 116 120
7 49 62 77 86 107 116 120
7 49 62 77 90 105 114 116
7 49 62 78 86 106 116 120
7 49 62 78 92 100 104 114
7 49 62 79 81 109 118 122
7 49 62 79 83 101 122 124
7 49 62 79 84 109 114 120
7 49 62 79 86 109 114 120
7 49 62 79 88 105 114 116
7 49 62 79 89 110 114 116
7 49 62 79 92 105 114 116
7 49 62 86 90 99 109 124
7 49 62 86 90 102 108 120
7 49 62 86 90 107 109 116
7 49 62 86 92 101 107 120
7 49 62 86 92 106 108 112
7 49 62 86 92 107 109 112
7 49 62 90 92 101 105 114
7 49 62 90 92 103 105 112
7 49 65 70 74 84 104 112
7 49 65 70 74 92 108 114
7 49 65 70 82 88 100 104
7 49 65 70 88 98 100 104
7 49 65 70 88 98 108 112
7 49 65 74 76 82 100 120
7 49 65 74 84 98 100 120
7 49 65 74 92 108 114 120
7 49 65 74 92 108 118 120
7 49 65 76 82 98 116 120
7 49 65 76 86 100 106 120
7 49 65 76 86 106 116 120
7 49 65 78 84 108 114 120
7 49 65 78 86 106 116 120
7 49 65 78 88 104 114 116
7 49 65 78 92 100 104 114
7 49 65 78 108 114 116 120
7 49 65 82 98 108 116 120
7 49 65 84 90 102 108 120
7 49 65 86 88 106 108 112
7 49 65 86 90 102 108 120
7 49 65 86 92 106 108 112
7 49 65 90 98 108 116 120
7 49 65 90 102 108 116 120
7 49 65 90 108 114 116 120
7 49 65 92 110 114 116 120
7 49 65 94 98 100 104 112
7 49 65 94 98 108 116 120
7 49 65 94 110 114 116 120
7 49 65 94 110 118 122 124
7 49 67 69 90 108 118 120
7 49 67 69 90 110 116 120
7 49 67 76 88 104 114 116
7 49 67 77 82 110 116 120
7 49 67 77 86 106 116 120
7 49 67 78 81 108 116 122
7 49 67 78 89 108 114 116
7 49 67 78 108 114 116 120
7 49 67 81 92 102 108 122
7 49 67 81 94 102 108 120
7 49 67 82 92 105 110 116
7 49 67 84 88 106 108 112
7 49 67 86 89 106 108 116
7 49 67 86 92 106 108 112
7 49 67 90 102 108 116 120
7 49 67 92 97 108 118 122
7 49 67 92 97 110 116 122
7 49 67 92 102 105 116 122
7 49 67 92 105 110 114 116
7 49 67 92 108 114 116 120
7 49 67 92 110 114 116 120
7 49 67 94 98 108 116 120
7 49 69 74 92 108 114 120
7 49 69 78 82 106 116 120
7 49 69 82 92 102 106 120
7 49 69 90 98 108 116 120
7 49 69 90 108 114 116 120
7 49 69 92 100 106 114 120
7 49 70 73 90 98 108 116
7 49 70 73 90 108 114 116
7 49 70 73 92 108 116 122
7 49 70 74 92 97 108 114
7 49 70 81 88 106 108 112
7 49 70 81 90 106 108 116
7 49 70 82 92 105 106 116
7 49 71 82 92 105 110 112
7 49 71 86 89 106 108 112
7 49 71 89 94 98 100 104
7 49 73 74 84 102 104 112
7 49 73 78 84 100 114 120
7 49 73 78 86 98 100 120
7 49 73 78 86 106 116 120
7 49 73 78 88 104 114 116
7 49 73 78 88 108 114 116
7 49 73 78 90 108 114 116
7 49 73 84 90 102 108 112
7 49 73 86 88 106 108 116
7 49 73 86 90 102 108 120
7 49 73 86 90 106 108 116
7 49 73 86 106 108 116 120
7 49 73 90 98 108 116 120
7 49 73 90 102 108 116 120
7 49 73 90 108 114 116 120
7 49 73 92 110 114 116 120
7 49 73 94 98 100 104 112
7 49 73 94 98 108 116 120
7 49 73 94 110 114 116 120
7 49 73 94 110 118 122 124
7 49 74 92 97 108 114 120
7 49 74 92 97 108 118 120
7 49 75 82 84 101 110 120
7 49 75 84 88 102 108 112
7 49 76 81 86 100 106 120
7 49 76 82 97 98 116 120
7 49 76 86 97 100 106 120
7 49 76 86 97 106 116 120
7 49 77 78 82 98 116 120
7 49 77 81 82 102 106 124
7 49 77 81 86 102 106 120
7 49 77 81 94 102 106 112
7 49 77 82 92 102 106 112
7 49 77 82 99 110 116 120
7 49 77 90 110 114 116 120
7 49 77 92 110 114 116 120
7 49 77 94 110 114 116 120
7 49 77 99 110 114 116 120
7 49 78 81 82 102 105 124
7 49 78 81 86 97 106 124
7 49 78 81 86 98 108 120
7 49 78 81 90 102 105 116
7 49 78 81 97 102 122 124
7 49 78 81 97 118 122 124
7 49 78 81 98 100 104 112
7 49 78 81 98 108 116 120
7 49 78 81 102 105 114 124
7 49 78 81 108 114 116 120
7 49 78 82 84 102 105 120
7 49 78 82 102 105 116 120
7 49 78 84 88 97 108 114
7 49 78 84 88 99 108 112
7 49 78 84 97 108 114 120
7 49 78 84 100 105 114 120
7 49 78 86 89 98 100 104
7 49 78 86 97 106 116 120
7 49 78 88 97 104 114 116
7 49 78 92 97 100 104 114
7 49 78 92 97 100 114 120
7 49 78 97 108 114 116 120
7 49 79 94 110 114 116 120
7 49 79 97 110 114 116 120
7 49 81 82 98 108 116 120
7 49 81 88 102 106 108 112
7 49 81 90 98 108 116 120
7 49 81 90 102 108 116 120
7 49 81 90 106 108 116 120
7 49 81 92 102 106 108 112
7 49 81 92 102 106 108 114
7 49 81 92 106 108 118 120
7 49 81 94 98 100 104 112
7 49 81 94 102 106 108 112
7 49 81 94 106 108 116 120
7 49 81 94 106 108 118 120
7 49 81 97 110 118 122 124
7 49 82 88 101 106 108 112
7 49 82 92 97 110 116 120
7 49 82 92 99 110 116 120
7 49 82 92 101 106 116 120
7 49 82 92 102 105 106 116
7 49 82 92 102 106 109 112
7 49 82 92 105 106 116 120
7 49 82 92 105 110 116 120
7 49 82 92 109 110 116 120
7 49 82 97 98 108 116 120
7 49 82 99 109 110 116 120
7 49 83 92 98 100 104 112
7 49 83 92 102 106 109 112
7 49 83 94 109 110 116 120
7 49 84 90 97 102 108 120
7 49 84 90 102 105 108 112
7 49 85 90 105 110 114 116
7 49 85 90 105 110 114 124
7 49 85 94 105 110 114 124
7 49 86 88 97 106 108 112
7 49 86 89 102 106 108 112
7 49 86 90 97 102 108 120
7 49 86 90 102 105 108 112
7 49 86 92 97 100 106 120
7 49 86 92 97 106 108 112
7 49 86 92 100 105 106 112
7 49 86 92 105 110 116 120
7 49 86 92 105 110 116 122
7 49 86 93 99 106 108 112
7 49 86 105 110 114 116 120
7 49 89 94 98 100 104 112
7 49 89 94 101 110 114 120
7 49 89 97 110 118 122 124
7 49 90 92 97 102 104 112
7 49 90 92 101 110 114 120
7 49 90 93 99 110 116 120
7 49 90 97 98 108 116 120
7 49 90 97 102 108 116 120
7 49 90 97 108 114 116 120
7 49 90 101 105 110 114 116
7 49 91 94 98 101 108 112
7 49 92 97 110 114 116 120
7 49 92 105 110 114 116 120
7 49 93 94 98 100 104 112
7 49 93 97 102 106 114 124
7 49 93 97 110 118 122 124
7 49 93 99 110 114 116 120
7 49 94 97 98 100 104 112
7 49 94 97 98 108 116 120
7 49 94 97 108 114 116 120
7 49 94 97 110 114 116 120
7 49 94 97 110 118 122 124
7 49 94 105 110 114 116 120
7 49 95 97 110 114 116 120
7 49 95 97 110 118 122 124
7 49 95 105 110 114 116 120
7 50 52 56 67 76 84 104
7 50 52 56 67 76 88 97
7 50 52 56 67 76 88 104
7 50 52 56 69 74 84 104
7 50 52 56 70 73 88 97
7 50 52 56 70 73 88 104
7 50 52 56 71 78 81 105
7 50 52 56 73 74 84 100
7 50 52 56 73 76 82 97
7 50 52 56 73 76 82 100
7 50 52 56 73 76 82 104
7 50 52 56 73 78 82 100
7 50 52 56 73 78 84 97
7 50 52 56 77 78 82 97
7 50 52 65 68 88 104 112
7 50 52 65 76 88 98 104
7 50 52 65 76 88 104 112
7 50 52 65 78 88 104 112
7 50 52 67 73 76 104 112
7 50 52 67 73 88 108 112
7 50 52 67 73 92 108 112
7 50 52 67 73 92 110 112
7 50 52 67 76 88 104 112
7 50 52 67 88 97 108 112
7 50 52 68 73 88 104 112
7 50 52 69 73 90 108 112
7 50 52 69 78 88 105 112
7 50 52 70 73 88 97 104
7 50 52 70 73 88 104 112
7 50 52 70 77 88 106 112
7 50 52 70 77 88 106 113
7 50 52 70 77 106 113 120
7 50 52 70 89 99 108 120
7 50 52 71 73 88 104 112
7 50 52 71 90 105 108 112
7 50 52 73 74 84 100 104
7 50 52 73 74 84 100 120
7 50 52 73 76 81 98 104
7 50 52 73 76 82 97 104
7 50 52 73 76 82 97 120
7 50 52 73 76 82 100 120
7 50 52 73 76 88 104 112
7 50 52 73 76 98 104 112
7 50 52 73 78 84 97 120
7 50 52 73 81 88 102 104
7 50 52 73 82 88 97 108
7 50 52 73 82 97 100 120
7 50 52 73 84 88 97 110
7 50 52 73 88 102 104 112
7 50 52 73 92 98 104 112
7 50 52 73 92 100 104 112
7 50 52 73 92 102 106 112
7 50 52 73 94 100 104 112
7 50 52 75 78 81 101 120
7 50 52 75 82 88 101 108
7 50 52 75 82 101 108 120
7 50 52 75 84 88 97 108
7 50 52 75 92 100 104 112
7 50 52 76 82 88 97 104
7 50 52 76 84 98 105 120
7 50 52 77 81 90 102 105
7 50 52 77 82 88 101 106
7 50 52 77 82 99 108 120
7 50 52 77 82 101 106 120
7 50 52 77 86 97 106 120
7 50 52 77 90 100 104 112
7 50 52 78 81 88 100 105
7 50 52 78 81 88 102 105
7 50 52 78 81 102 105 120
7 50 52 78 85 98 105 120
7 50 52 78 88 97 104 112
7 50 52 78 89 97 104 112
7 50 52 78 89 100 104 112
7 50 52 78 89 101 106 112
7 50 52 81 92 105 110 112
7 50 52 82 88 97 108 112
7 50 52 82 88 109 110 112
7 50 52 83 88 109 110 112
7 50 52 85 90 105 110 112
7 50 52 86 88 105 110 112
7 50 52 86 90 105 108 112
7 50 52 89 92 103 106 112
7 50 53 66 76 88 104 112
7 50 53 67 74 92 108 120
7 50 53 67 92 106 116 120
7 50 53 74 82 92 100 105
7 50 53 75 78 88 104 116
7 50 53 75 84 88 98 108
7 50 53 75 84 98 108 120
7 50 53 75 92 98 108 112
7 50 53 75 92 106 116 120
7 50 53 75 92 110 116 120
7 50 53 78 89 106 116 120
7 50 53 86 93 107 110 120
7 50 53 89 92 102 106 120
7 50 56 65 70 88 104 116
7 50 56 65 74 84 108 112
7 50 56 65 76 82 104 116
7 50 56 65 76 84 100 104
7 50 56 65 76 88 104 116
7 50 56 65 78 84 108 112
7 50 56 67 69 88 108 112
7 50 56 67 76 84 100 104
7 50 56 67 76 88 104 116
7 50 56 67 78 84 108 112
7 50 56 67 84 88 97 108
7 50 56 67 92 100 104 112
7 50 56 69 70 73 88 100
7 50 56 69 73 74 84 100
7 50 56 69 73 82 108 112
7 50 56 69 73 84 110 112
7 50 56 69 74 84 100 104
7 50 56 69 74 84 108 112
7 50 56 69 74 88 97 116
7 50 56 69 75 84 108 112
7 50 56 69 76 88 104 116
7 50 56 69 82 97 108 112
7 50 56 69 84 90 97 108
7 50 56 69 84 106 108 112
7 50 56 69 88 100 104 112
7 50 56 69 92 100 106 112
7 50 56 70 73 84 100 104
7 50 56 70 73 88 104 116
7 50 56 70 88 97 104 116
7 50 56 70 88 104 113 116
7 50 56 71 74 92 108 113
7 50 56 73 76 82 104 116
7 50 56 73 76 84 98 100
7 50 56 73 76 84 100 112
7 50 56 73 78 84 100 112
7 50 56 73 82 84 97 100
7 50 56 73 82 84 97 108
7 50 56 73 84 88 97 102
7 50 56 73 84 97 110 112
7 50 56 73 84 98 100 112
7 50 56 73 84 100 104 112
7 50 56 73 84 101 106 112
7 50 56 73 86 100 104 112
7 50 56 73 92 98 100 112
7 50 56 74 84 97 108 112
7 50 56 74 92 97 100 112
7 50 56 75 82 84 101 108
7 50 56 76 82 97 104 116
7 50 56 76 82 104 113 116
7 50 56 76 88 97 98 116
7 50 56 77 81 84 102 106
7 50 56 77 82 84 97 110
7 50 56 77 82 84 99 108
7 50 56 77 82 84 101 106
7 50 56 77 84 90 97 102
7 50 56 77 84 100 106 112
7 50 56 77 84 102 106 112
7 50 56 77 84 102 106 113
7 50 56 77 86 100 106 112
7 50 56 77 92 98 100 112
7 50 56 77 94 98 100 112
7 50 56 78 82 84 97 108
7 50 56 78 84 88 97 100
7 50 56 78 84 97 108 112
7 50 56 78 84 100 105 112
7 50 56 78 92 97 100 112
7 50 56 79 82 84 97 108
7 50 56 79 84 88 97 100
7 50 56 79 88 110 113 116
7 50 56 79 90 108 113 116
7 50 56 81 84 106 108 112
7 50 56 81 92 106 108 112
7 50 56 82 84 105 108 112
7 50 56 83 92 106 109 116
7 50 56 83 92 109 110 112
7 50 56 84 88 97 110 112
7 50 56 84 88 99 108 112
7 50 56 84 88 102 105 112
7 50 56 84 88 105 110 112
7 50 56 84 90 97 108 112
7 50 56 84 90 101 108 112
7 50 56 84 90 105 108 112
7 50 56 84 90 109 110 112
7 50 56 85 88 107 110 116
7 50 56 85 90 105 110 116
7 50 56 85 90 109 110 112
7 50 56 85 92 107 110 112
7 50 56 86 89 106 109 116
7 50 56 86 89 109 110 112
7 50 56 89 92 103 106 116
7 50 56 89 92 103 110 112
7 50 56 89 94 101 110 112
7 50 56 90 92 101 108 112
7 50 56 90 92 101 110 112
7 50 56 91 92 101 110 112
7 50 57 66 76 84 100 104
7 50 57 66 76 84 100 120
7 50 57 66 76 88 104 116
7 50 57 67 70 88 108 116
7 50 57 67 70 92 100 104
7 50 57 67 92 110 116 120
7 50 57 70 74 84 108 112
7 50 57 70 74 84 108 113
7 50 57 70 84 88 98 108
7 50 57 70 85 98 108 120
7 50 57 70 90 108 113 116
7 50 57 71 74 84 108 112
7 50 57 71 90 108 116 120
7 50 57 75 92 102 116 120
7 50 57 78 81 84 100 104
7 50 57 78 81 102 116 120
7 50 57 78 82 101 116 120
7 50 57 78 82 109 116 120
7 50 57 78 85 98 100 120
7 50 57 78 85 98 108 112
7 50 57 78 89 102 116 120
7 50 57 78 90 101 116 120
7 50 57 78 90 108 113 116
7 50 57 78 92 99 116 120
7 50 57 78 92 102 113 120
7 50 57 86 90 101 108 112
7 50 57 86 90 101 108 120
7 50 57 89 92 102 106 116
7 50 60 65 66 80 100 104
7 50 60 65 66 88 100 104
7 50 60 65 66 88 104 116
7 50 60 65 68 72 80 96
7 50 60 65 68 88 104 112
7 50 60 65 70 88 104 112
7 50 60 65 74 84 100 120
7 50 60 65 74 84 108 112
7 50 60 65 76 88 104 112
7 50 60 65 76 88 104 116
7 50 60 66 69 88 104 112
7 50 60 66 73 84 100 104
7 50 60 66 73 84 100 120
7 50 60 66 73 88 104 116
7 50 60 66 84 88 97 104
7 50 60 67 70 88 105 116
7 50 60 67 70 89 100 104
7 50 60 67 74 84 100 120
7 50 60 67 74 84 100 121
7 50 60 67 74 84 108 112
7 50 60 67 74 84 108 113
7 50 60 67 74 92 108 113
7 50 60 67 78 81 105 116
7 50 60 67 78 97 116 120
7 50 60 67 81 92 101 106
7 50 60 67 84 88 97 104
7 50 60 67 84 88 97 108
7 50 60 67 84 88 97 110
7 50 60 67 84 88 101 106
7 50 60 67 90 97 108 116
7 50 60 67 92 98 105 116
7 50 60 67 92 100 104 112
7 50 60 67 92 106 113 116
7 50 60 67 92 106 116 120
7 50 60 67 92 106 116 121
7 50 60 67 92 108 116 120
7 50 60 67 92 110 116 120
7 50 60 67 94 100 104 112
7 50 60 67 94 110 116 120
7 50 60 69 70 88 106 112
7 50 60 69 73 82 104 112
7 50 60 69 73 82 106 116
7 50 60 69 73 82 108 112
7 50 60 69 73 82 110 112
7 50 60 69 73 84 106 112
7 50 60 69 73 86 106 112
7 50 60 69 74 81 100 104
7 50 60 69 74 82 100 120
7 50 60 69 74 82 100 121
7 50 60 69 74 82 105 116
7 50 60 69 74 82 108 113
7 50 60 69 74 88 97 112
7 50 60 69 76 88 104 112
7 50 60 69 84 88 97 106
7 50 60 69 90 97 106 116
7 50 60 69 90 98 105 116
7 50 60 69 90 100 104 112
7 50 60 69 90 106 113 116
7 50 60 69 90 106 116 120
7 50 60 69 90 106 116 121
7 50 60 69 90 110 116 120
7 50 60 69 92 106 116 120
7 50 60 70 73 84 97 120
7 50 60 70 73 88 104 112
7 50 60 70 73 88 104 116
7 50 60 70 74 81 105 116
7 50 60 70 74 81 108 112
7 50 60 70 74 81 109 112
7 50 60 70 74 84 105 112
7 50 60 70 74 85 105 112
7 50 60 70 74 92 108 113
7 50 60 70 77 98 113 120
7 50 60 70 83 100 105 120
7 50 60 70 84 88 98 105
7 50 60 70 85 98 105 120
7 50 60 70 89 97 106 116
7 50 60 70 89 98 101 120
7 50 60 70 89 98 105 116
7 50 60 70 89 99 116 120
7 50 60 70 89 100 104 112
7 50 60 70 89 101 106 112
7 50 60 70 89 106 113 116
7 50 60 70 90 100 105 113
7 50 60 70 92 98 105 113
7 50 60 70 92 105 116 120
7 50 60 70 92 106 116 121
7 50 60 71 78 81 105 112
7 50 60 71 89 97 106 116
7 50 60 71 90 100 105 112
7 50 60 71 90 110 116 121
7 50 60 71 92 106 116 121
7 50 60 73 74 84 97 112
7 50 60 73 74 84 100 112
7 50 60 73 74 86 101 120
7 50 60 73 78 84 97 112
7 50 60 73 84 88 97 98
7 50 60 73 86 97 108 120
7 50 60 73 86 106 116 120
7 50 60 73 92 102 113 120
7 50 60 74 77 82 100 112
7 50 60 74 77 82 100 113
7 50 60 74 81 84 97 104
7 50 60 74 82 85 100 105
7 50 60 74 84 88 97 100
7 50 60 74 84 88 97 104
7 50 60 74 85 88 102 105
7 50 60 74 85 102 105 120
7 50 60 74 86 97 108 120
7 50 60 74 92 97 100 112
7 50 60 74 92 102 113 120
7 50 60 75 81 101 102 120
7 50 60 75 82 101 108 112
7 50 60 75 84 88 97 100
7 50 60 75 84 88 98 101
7 50 60 75 84 98 101 120
7 50 60 75 84 101 106 112
7 50 60 75 86 97 108 112
7 50 60 75 86 110 116 120
7 50 60 75 92 98 101 112
7 50 60 75 92 102 113 120
7 50 60 75 92 102 116 120
7 50 60 75 92 106 113 116
7 50 60 77 81 86 97 106
7 50 60 77 82 98 101 120
7 50 60 77 82 98 116 120
7 50 60 77 82 98 116 121
7 50 60 77 82 100 104 112
7 50 60 77 82 106 113 116
7 50 60 77 82 106 116 120
7 50 60 77 82 106 116 121
7 50 60 77 82 108 116 120
7 50 60 77 82 110 116 120
7 50 60 77 86 106 116 120
7 50 60 77 90 97 98 116
7 50 60 77 90 106 113 116
7 50 60 78 81 84 97 104
7 50 60 78 81 97 102 120
7 50 60 78 81 97 116 120
7 50 60 78 81 99 116 120
7 50 60 78 81 100 104 112
7 50 60 78 81 102 105 112
7 50 60 78 81 105 116 120
7 50 60 78 81 106 116 120
7 50 60 78 81 108 116 120
7 50 60 78 82 97 116 120
7 50 60 78 82 101 105 112
7 50 60 78 82 105 116 120
7 50 60 78 82 109 116 120
7 50 60 78 83 109 116 120
7 50 60 78 84 88 97 98
7 50 60 78 85 98 105 112
7 50 60 78 85 107 116 120
7 50 60 78 86 105 116 120
7 50 60 78 88 106 113 116
7 50 60 78 89 97 98 116
7 50 60 78 89 99 116 120
7 50 60 78 89 106 113 116
7 50 60 78 92 99 116 120
7 50 60 78 92 106 113 116
7 50 60 79 81 99 116 120
7 50 60 79 81 107 116 120
7 50 60 79 82 110 116 120
7 50 60 79 82 110 116 121
7 50 60 79 82 110 117 121
7 50 60 79 84 88 97 98
7 50 60 79 84 110 113 120
7 50 60 79 86 106 116 120
7 50 60 79 86 106 116 121
7 50 60 79 86 106 117 121
7 50 60 79 86 110 113 120
7 50 60 79 88 106 113 116
7 50 60 79 92 106 113 116
7 50 60 81 90 102 105 116
7 50 60 81 90 105 110 116
7 50 60 81 92 102 106 112
7 50 60 81 92 102 106 120
7 50 60 82 89 101 106 116
7 50 60 82 89 106 109 116
7 50 60 84 89 103 110 120
7 50 60 85 88 107 110 112
7 50 60 85 90 102 105 112
7 50 60 85 90 102 105 120
7 50 60 85 90 105 106 116
7 50 60 85 90 105 110 112
7 50 60 85 90 105 110 116
7 50 60 85 90 107 110 116
7 50 60 85 90 109 110 112
7 50 60 85 92 102 107 120
7 50 60 85 92 107 110 112
7 50 60 85 94 105 110 112
7 50 60 86 89 105 106 116
7 50 60 86 89 106 109 112
7 50 60 86 89 106 109 116
7 50 60 86 90 105 108 112
7 50 60 86 90 105 108 116
7 50 60 86 90 105 110 116
7 50 60 86 90 106 109 116
7 50 60 86 90 109 110 112
7 50 60 86 91 106 109 116
7 50 60 86 93 106 109 112
7 50 60 89 92 99 106 116
7 50 60 89 92 102 106 113
7 50 60 89 92 103 106 112
7 50 60 89 94 103 107 116
7 50 60 90 93 103 107 116
7 50 60 93 94 103 107 112
7 50 61 67 74 84 100 120
7 50 61 67 74 84 108 112
7 50 61 67 94 100 104 112
7 50 61 70 74 92 108 113
7 50 61 71 90 100 104 112
7 50 61 75 86 102 121 124
7 50 61 75 92 102 116 120
7 50 61 78 83 100 104 112
7 50 61 78 83 102 121 124
7 50 61 78 85 106 116 120
7 50 61 78 92 99 116 120
7 50 61 78 92 106 113 116
7 50 61 89 92 102 106 112
7 50 61 89 92 102 106 116
7 50 65 66 76 88 104 116
7 50 65 66 92 100 104 112
7 50 65 66 92 108 116 120
7 50 65 74 76 84 100 120
7 50 65 74 92 100 104 112
7 50 65 74 92 108 116 120
7 50 65 76 88 98 104 116
7 50 65 84 88 98 108 112
7 50 65 84 88 106 108 112
7 50 65 86 92 106 108 112
7 50 65 92 98 100 104 112
7 50 65 92 98 108 116 120
7 50 65 94 98 108 116 120
7 50 66 69 76 88 104 112
7 50 66 69 88 100 104 112
7 50 66 73 76 84 100 120
7 50 66 73 92 100 104 112
7 50 66 73 92 108 116 120
7 50 66 76 81 88 100 104
7 50 66 76 81 100 104 112
7 50 66 76 88 97 104 116
7 50 66 76 88 104 113 116
7 50 66 84 88 97 108 112
7 50 66 84 88 105 108 112
7 50 66 92 97 100 104 112
7 50 66 92 97 108 116 120
7 50 66 92 108 113 116 120
7 50 67 70 92 105 116 120
7 50 67 70 92 108 113 120
7 50 67 73 92 100 104 112
7 50 67 74 92 108 116 120
7 50 67 74 92 108 116 121
7 50 67 77 82 108 116 120
7 50 67 82 92 105 108 116
7 50 67 84 88 97 108 112
7 50 67 84 88 109 110 112
7 50 67 92 97 100 104 112
7 50 67 92 98 108 116 120
7 50 67 92 98 108 116 121
7 50 67 92 98 109 116 120
7 50 67 92 101 106 116 120
7 50 69 70 76 88 104 112
7 50 69 73 92 98 104 112
7 50 69 74 89 98 108 116
7 50 69 74 92 98 108 113
7 50 69 74 92 100 104 112
7 50 69 74 92 108 116 120
7 50 69 76 82 88 100 104
7 50 69 82 88 97 108 112
7 50 69 82 92 105 106 116
7 50 69 84 88 106 108 112
7 50 69 88 97 98 108 112
7 50 69 90 98 108 116 120
7 50 69 90 98 108 116 121
7 50 70 74 89 97 108 116
7 50 70 74 89 108 113 116
7 50 70 74 92 108 113 120
7 50 70 76 81 88 100 104
7 50 70 77 82 105 116 120
7 50 70 81 92 105 106 116
7 50 70 82 89 105 108 116
7 50 70 82 92 101 105 120
7 50 70 82 92 105 108 113
7 50 70 84 88 105 108 112
7 50 70 89 98 108 116 120
7 50 70 89 98 108 117 120
7 50 70 89 98 109 116 120
7 50 70 89 99 108 116 120
7 50 71 81 92 105 106 116
7 50 71 84 88 106 109 112
7 50 73 76 84 98 100 120
7 50 73 81 92 98 100 104
7 50 73 82 84 97 100 120
7 50 73 82 84 97 108 120
7 50 73 82 97 108 116 120
7 50 73 84 88 98 108 112
7 50 73 84 97 98 100 120
7 50 73 92 98 100 104 112
7 50 73 92 98 108 116 120
7 50 74 76 84 97 100 120
7 50 74 76 84 100 113 120
7 50 74 77 86 108 113 120
7 50 74 81 97 108 116 120
7 50 74 84 88 97 108 112
7 50 74 85 92 102 105 120
7 50 74 92 97 100 104 112
7 50 74 92 97 108 116 120
7 50 74 92 108 113 116 120
7 50 75 81 92 102 108 112
7 50 75 82 84 101 108 120
7 50 75 82 92 101 108 112
7 50 75 85 92 98 100 104
7 50 76 82 84 100 105 120
7 50 76 82 88 97 104 116
7 50 76 88 97 98 104 116
7 50 76 88 98 104 113 116
7 50 77 78 81 99 116 120
7 50 77 78 82 97 116 120
7 50 77 81 86 97 106 124
7 50 77 81 86 101 106 120
7 50 77 81 92 102 106 112
7 50 77 82 84 99 108 120
7 50 77 82 84 101 106 120
7 50 77 82 92 98 101 120
7 50 77 82 97 110 116 120
7 50 77 82 98 108 116 120
7 50 77 82 98 108 116 121
7 50 77 82 99 108 116 120
7 50 77 82 101 106 116 120
7 50 77 83 92 98 100 104
7 50 77 84 88 98 108 112
7 50 77 84 88 99 110 112
7 50 77 85 90 98 100 104
7 50 77 86 97 106 116 120
7 50 77 90 98 108 113 116
7 50 78 81 98 108 116 120
7 50 78 81 98 109 116 120
7 50 78 81 102 105 116 120
7 50 78 82 92 101 105 112
7 50 78 84 88 97 108 112
7 50 78 84 88 99 109 112
7 50 78 85 98 105 116 120
7 50 78 98 108 113 116 120
7 50 78 98 109 113 116 120
7 50 79 82 110 117 121 124
7 50 79 86 106 117 121 124
7 50 79 98 108 113 116 120
7 50 81 92 98 100 104 112
7 50 81 92 102 105 106 116
7 50 81 92 102 106 108 112
7 50 81 92 102 106 109 112
7 50 81 94 99 109 116 120
7 50 82 92 97 100 104 112
7 50 82 92 97 108 116 120
7 50 82 92 97 110 116 120
7 50 82 92 101 105 106 116
7 50 82 92 101 105 110 112
7 50 82 92 101 106 116 120
7 50 82 92 101 106 116 121
7 50 82 92 105 108 116 120
7 50 82 92 105 110 116 120
7 50 82 92 106 109 113 116
7 50 82 92 106 109 116 120
7 50 82 92 106 109 116 121
7 50 82 92 109 110 116 120
7 50 82 93 107 110 117 124
7 50 83 92 106 109 116 120
7 50 83 94 109 110 116 120
7 50 84 88 97 98 108 112
7 50 84 88 97 106 108 112
7 50 84 88 98 105 108 112
7 50 84 88 99 109 110 112
7 50 84 88 101 106 108 112
7 50 84 90 102 109 113 120
7 50 85 90 98 105 108 116
7 50 85 90 102 105 108 112
7 50 85 92 102 105 106 112
7 50 86 92 97 106 108 112
7 50 86 92 101 105 106 112
7 50 86 93 107 110 116 120
7 50 86 93 107 110 117 120
7 50 89 92 98 100 104 112
7 50 90 92 97 100 104 112
7 50 90 92 102 109 113 120
7 50 90 98 101 108 116 120
7 50 90 98 101 108 116 121
7 50 90 102 109 113 116 120
7 50 91 98 101 108 116 120
7 50 92 97 98 100 104 112
7 50 92 97 98 108 116 120
7 50 92 98 108 113 116 120
7 50 93 94 98 100 104 112
7 50 93 94 99 100 104 112
7 50 94 97 98 108 116 120
7 50 94 98 108 113 116 120
7 50 94 98 109 113 116 120
7 50 94 106 109 113 116 120
7 50 95 97 98 108 116 120
7 50 95 98 108 113 116 120
7 51 52 73 74 84 100 104
7 51 52 73 74 84 100 120
7 51 52 78 89 100 104 112
7 51 53 73 78 88 104 118
7 51 53 73 78 88 106 116
7 51 53 79 90 110 116 121
7 51 54 74 77 88 104 116
7 51 54 74 77 88 108 112
7 51 54 75 77 88 104 116
7 51 56 69 74 84 100 104
7 51 56 73 76 88 102 116
7 51 56 74 76 84 97 100
7 51 56 76 84 88 101 106
7 51 56 76 84 89 100 106
7 51 56 76 85 88 102 104
7 51 56 78 88 105 117 118
7 51 56 78 92 97 100 112
7 51 56 85 88 102 104 112
7 51 56 85 88 105 110 118
7 51 56 85 90 109 110 112
7 51 56 86 88 109 110 113
7 51 56 89 92 106 108 116
7 51 57 69 78 92 108 114
7 51 57 71 94 110 113 124
7 51 57 83 94 101 110 124
7 51 57 85 92 102 106 112
7 51 57 85 92 102 106 120
7 51 58 66 73 76 84 100
7 51 58 66 76 84 100 104
7 51 58 66 76 84 100 120
7 51 58 66 76 84 100 121
7 51 58 66 77 84 100 120
7 51 58 66 77 84 108 112
7 51 58 70 74 92 108 116
7 51 58 70 74 92 109 116
7 51 58 70 74 93 109 116
7 51 58 71 93 106 108 116
7 51 58 77 86 102 121 124
7 51 58 78 93 98 108 116
7 51 58 78 93 99 108 116
7 51 58 78 93 101 106 116
7 51 58 78 93 109 114 116
7 51 58 79 92 109 114 116
7 51 58 86 93 106 109 116
7 51 60 65 70 88 104 112
7 51 60 65 74 84 100 104
7 51 60 65 74 84 100 120
7 51 60 65 74 88 104 116
7 51 60 66 68 72 80 96
7 51 60 66 68 88 104 112
7 51 60 69 73 90 110 116
7 51 60 69 74 88 104 116
7 51 60 69 76 82 98 120
7 51 60 69 76 88 104 114
7 51 60 69 78 88 104 112
7 51 60 69 78 89 108 114
7 51 60 70 74 81 108 112
7 51 60 70 74 92 105 116
7 51 60 70 74 92 108 114
7 51 60 70 74 92 109 114
7 51 60 70 74 93 109 114
7 51 60 70 75 92 106 117
7 51 60 70 76 88 104 112
7 51 60 70 77 90 106 117
7 51 60 71 73 88 106 116
7 51 60 71 74 88 104 116
7 51 60 71 75 92 108 114
7 51 60 71 78 88 104 112
7 51 60 71 86 106 108 121
7 51 60 71 89 106 108 116
7 51 60 71 92 105 116 122
7 51 60 73 74 84 100 112
7 51 60 73 74 84 100 120
7 51 60 73 74 84 108 112
7 51 60 73 74 85 102 120
7 51 60 73 74 86 108 113
7 51 60 73 76 84 100 122
7 51 60 73 78 84 100 120
7 51 60 73 78 84 100 122
7 51 60 73 78 84 102 120
7 51 60 73 78 84 108 114
7 51 60 73 78 88 101 114
7 51 60 73 86 88 101 106
7 51 60 74 76 81 104 116
7 51 60 74 76 84 100 120
7 51 60 74 77 82 100 112
7 51 60 74 81 84 100 104
7 51 60 74 85 88 102 104
7 51 60 75 85 88 102 104
7 51 60 75 92 102 116 120
7 51 60 75 93 102 108 114
7 51 60 75 94 110 117 120
7 51 60 76 81 82 100 104
7 51 60 76 81 88 102 104
7 51 60 76 82 88 100 104
7 51 60 76 84 88 97 106
7 51 60 76 84 89 100 106
7 51 60 77 82 84 98 104
7 51 60 77 83 110 116 120
7 51 60 77 86 100 106 120
7 51 60 77 86 102 106 121
7 51 60 77 86 106 116 120
7 51 60 77 86 107 116 120
7 51 60 77 86 108 113 122
7 51 60 77 87 100 106 120
7 51 60 77 90 98 104 116
7 51 60 77 90 102 108 113
7 51 60 77 90 105 118 120
7 51 60 77 90 108 118 120
7 51 60 77 90 110 113 116
7 51 60 77 90 110 117 120
7 51 60 77 92 102 106 114
7 51 60 77 94 98 104 112
7 51 60 77 94 100 104 112
7 51 60 77 94 100 106 113
7 51 60 78 81 88 100 104
7 51 60 78 82 88 101 104
7 51 60 78 85 90 102 105
7 51 60 78 85 100 105 122
7 51 60 78 85 105 116 122
7 51 60 78 86 100 105 120
7 51 60 78 86 101 106 121
7 51 60 78 86 106 117 121
7 51 60 78 86 109 114 121
7 51 60 78 89 97 98 116
7 51 60 78 89 102 116 120
7 51 60 78 92 97 104 112
7 51 60 78 92 101 105 114
7 51 60 78 92 101 121 122
7 51 60 78 93 101 106 114
7 51 60 79 81 82 100 104
7 51 60 79 85 110 114 121
7 51 60 79 90 109 114 116
7 51 60 79 92 105 114 116
7 51 60 79 94 100 104 113
7 51 60 83 90 109 110 116
7 51 60 85 90 102 105 112
7 51 60 85 90 102 105 120
7 51 60 85 90 105 110 112
7 51 60 85 90 105 110 116
7 51 60 85 90 109 110 112
7 51 60 85 90 109 110 114
7 51 60 85 92 105 110 114
7 51 60 85 92 107 110 112
7 51 60 85 94 105 110 112
7 51 60 85 94 105 110 114
7 51 60 86 90 102 109 121
7 51 60 86 90 109 110 113
7 51 60 86 91 102 109 120
7 51 60 86 92 101 107 120
7 51 60 86 92 107 109 114
7 51 60 86 93 106 109 114
7 51 60 87 91 109 110 112
7 51 60 89 92 102 106 116
7 51 60 90 92 103 105 112
7 51 61 65 70 74 84 104
7 51 61 65 74 92 102 120
7 51 61 85 94 105 110 114
7 51 62 66 73 84 100 104
7 51 62 66 73 84 100 120
7 51 62 66 73 84 108 112
7 51 62 66 73 84 108 120
7 51 62 66 76 88 104 116
7 51 62 69 73 82 108 112
7 51 62 69 73 82 108 120
7 51 62 69 73 90 108 116
7 51 62 69 73 92 108 114
7 51 62 69 74 92 105 116
7 51 62 70 73 84 108 120
7 51 62 70 74 85 105 124
7 51 62 70 74 89 109 116
7 51 62 70 74 92 105 116
7 51 62 70 74 92 108 112
7 51 62 73 78 84 100 120
7 51 62 74 76 84 100 120
7 51 62 77 81 82 100 104
7 51 62 79 85 109 114 120
7 51 62 85 94 105 110 112
7 51 62 85 94 105 110 113
7 51 62 86 93 106 109 112
7 51 65 66 76 88 104 116
7 51 65 66 76 100 104 112
7 51 65 66 92 100 104 112
7 51 65 66 92 108 116 120
7 51 65 70 74 92 108 112
7 51 65 74 76 84 100 120
7 51 65 74 92 108 116 120
7 51 65 74 92 108 118 120
7 51 65 76 84 100 106 120
7 51 65 78 92 100 104 112
7 51 65 78 92 108 116 120
7 51 65 78 92 108 116 122
7 51 65 78 98 108 116 120
7 51 65 92 98 100 104 112
7 51 65 92 98 108 116 120
7 51 65 92 106 108 116 120
7 51 65 92 108 114 116 120
7 51 65 94 98 108 116 120
7 51 67 69 92 108 114 120
7 51 67 73 92 108 116 122
7 51 67 73 92 110 116 120
7 51 67 74 92 108 116 120
7 51 67 78 81 108 116 120
7 51 67 78 89 108 116 120
7 51 67 78 92 108 116 120
7 51 67 78 92 108 116 122
7 51 67 81 92 106 108 116
7 51 67 84 88 109 110 112
7 51 67 89 92 106 108 116
7 51 67 92 97 106 108 116
7 51 67 92 97 108 116 122
7 51 67 92 97 110 116 120
7 51 67 92 98 108 116 120
7 51 67 92 101 106 116 120
7 51 67 92 105 108 116 122
7 51 67 92 106 108 113 116
7 51 67 92 106 108 116 120
7 51 67 92 108 113 116 122
7 51 67 92 108 114 116 120
7 51 67 92 108 116 121 122
7 51 69 70 76 88 104 112
7 51 69 74 81 92 98 108
7 51 69 74 92 100 104 112
7 51 69 74 92 108 116 120
7 51 69 74 98 108 116 120
7 51 69 78 89 108 116 122
7 51 69 78 92 108 114 120
7 51 69 84 88 106 108 112
7 51 69 90 92 102 108 120
7 51 69 92 106 108 116 120
7 51 69 92 106 108 118 120
7 51 69 94 106 108 116 120
7 51 70 73 92 108 116 122
7 51 70 74 92 97 108 112
7 51 70 74 92 108 113 120
7 51 70 74 93 109 114 124
7 51 70 76 81 88 100 104
7 51 70 77 90 106 117 124
7 51 70 88 98 105 108 116
7 51 70 89 92 106 108 116
7 51 70 89 98 108 116 120
7 51 70 90 106 109 117 124
7 51 70 92 105 108 116 122
7 51 70 92 106 108 116 121
7 51 70 92 108 116 121 122
7 51 71 77 90 108 116 120
7 51 71 89 92 106 108 116
7 51 71 92 105 108 116 122
7 51 73 76 84 100 114 120
7 51 73 92 101 106 118 120
7 51 73 92 101 110 114 120
7 51 73 92 108 114 116 120
7 51 73 94 98 108 116 120
7 51 74 76 84 97 100 120
7 51 74 81 92 102 108 120
7 51 74 82 92 101 108 120
7 51 74 92 97 108 116 120
7 51 74 92 97 108 118 120
7 51 74 92 101 108 114 120
7 51 74 92 102 108 113 120
7 51 74 92 108 113 118 120
7 51 74 92 108 114 117 120
7 51 75 92 102 108 116 120
7 51 76 81 84 100 106 120
7 51 76 84 89 100 106 120
7 51 76 84 97 100 106 120
7 51 76 84 100 106 113 120
7 51 77 78 81 98 116 120
7 51 77 78 83 108 116 120
7 51 77 78 85 106 116 120
7 51 77 78 85 108 114 120
7 51 77 82 97 110 116 120
7 51 77 82 98 108 116 120
7 51 77 85 90 102 108 120
7 51 77 86 90 101 106 124
7 51 77 86 92 105 106 116
7 51 77 86 92 106 108 113
7 51 77 86 102 106 121 124
7 51 77 86 102 121 122 124
7 51 77 90 98 108 116 120
7 51 77 90 102 108 116 120
7 51 77 92 102 108 113 122
7 51 77 92 110 114 116 120
7 51 77 94 98 108 116 120
7 51 77 94 99 108 116 120
7 51 77 94 102 106 113 124
7 51 78 81 98 108 116 120
7 51 78 84 88 97 108 112
7 51 78 85 89 102 108 120
7 51 78 85 90 102 105 124
7 51 78 86 101 106 121 124
7 51 78 86 106 117 121 124
7 51 78 86 109 114 121 124
7 51 78 89 97 98 108 116
7 51 78 89 98 108 116 120
7 51 78 89 102 108 116 120
7 51 78 92 97 100 104 112
7 51 78 92 97 108 116 120
7 51 78 92 97 108 116 122
7 51 78 92 99 108 116 120
7 51 78 92 102 108 113 120
7 51 78 92 105 108 114 116
7 51 78 92 108 113 116 120
7 51 78 92 108 113 116 122
7 51 78 93 98 108 116 120
7 51 78 93 101 106 114 124
7 51 79 81 109 118 122 124
7 51 79 109 113 118 122 124
7 51 81 92 98 100 104 112
7 51 81 92 98 108 116 120
7 51 81 92 102 106 109 112
7 51 81 92 106 108 116 120
7 51 81 94 107 109 118 124
7 51 82 92 97 110 116 120
7 51 82 92 101 106 116 120
7 51 82 92 105 110 116 120
7 51 82 92 106 109 116 120
7 51 82 92 109 110 116 120
7 51 83 92 109 110 116 120
7 51 83 94 109 110 116 120
7 51 84 88 101 106 108 112
7 51 85 90 109 110 114 124
7 51 85 92 106 108 113 114
7 51 85 92 106 108 116 120
7 51 85 94 105 110 114 124
7 51 86 90 102 109 121 124
7 51 86 90 109 110 113 124
7 51 86 92 105 106 108 116
7 51 86 92 105 108 116 122
7 51 86 92 105 110 116 120
7 51 86 93 106 109 114 124
7 51 89 92 101 110 114 120
7 51 89 92 102 106 108 116
7 51 89 92 106 108 116 120
7 51 89 94 101 106 108 116
7 51 90 92 101 108 114 120
7 51 90 92 102 105 108 116
7 51 91 92 101 102 108 120
7 51 92 97 98 100 104 112
7 51 92 99 101 106 116 120
7 51 92 111 113 114 116 120
7 51 93 94 98 100 104 112
7 51 93 94 99 106 108 116
7 51 93 94 101 106 108 114
7 51 93 94 102 106 108 113
7 51 93 97 106 108 118 120
7 51 93 97 110 114 116 120
7 51 93 97 110 118 122 124
7 51 93 105 110 118 122 124
7 51 93 110 113 114 116 120
7 51 93 111 113 118 122 124
7 51 94 97 98 108 116 120
7 51 94 98 105 108 116 120
7 51 94 98 108 113 116 120
7 51 94 101 105 108 114 120
7 51 94 101 106 108 116 121
7 51 94 102 105 108 116 120
7 51 94 105 108 114 117 120
7 51 94 106 109 113 116 120
7 51 94 107 109 113 118 124
7 51 94 109 110 113 116 120
7 51 94 109 110 114 116 120
7 51 94 109 113 118 122 124
7 51 94 110 114 117 121 124
7 51 95 97 98 108 116 120
7 51 95 97 108 114 116 120
7 51 95 101 106 108 116 120
7 51 95 109 110 114 116 120
7 52 56 65 66 72 80 96
7 52 56 65 66 76 80 96
7 52 56 65 66 84 104 112
7 52 56 65 66 88 104 112
7 52 56 65 66 88 108 112
7 52 56 65 66 92 108 112
7 52 56 65 70 88 98 104
7 52 56 65 70 88 104 112
7 52 56 65 74 80 98 100
7 52 56 65 74 84 104 112
7 52 56 65 74 84 108 112
7 52 56 65 76 82 98 104
7 52 56 65 76 82 98 112
7 52 56 65 76 88 98 112
7 52 56 67 69 74 80 96
7 52 56 67 69 74 84 104
7 52 56 67 69 92 106 112
7 52 56 67 70 88 104 112
7 52 56 67 73 82 108 112
7 52 56 67 73 84 98 112
7 52 56 67 73 84 110 112
7 52 56 67 73 88 102 112
7 52 56 67 74 84 104 112
7 52 56 67 74 84 108 112
7 52 56 67 76 80 97 98
7 52 56 67 76 81 98 104
7 52 56 67 76 88 98 112
7 52 56 67 76 97 98 112
7 52 56 67 77 82 110 112
7 52 56 67 77 84 106 112
7 52 56 67 77 86 106 112
7 52 56 67 78 81 108 112
7 52 56 67 78 88 97 112
7 52 56 67 81 84 98 104
7 52 56 67 81 88 98 108
7 52 56 67 81 92 98 108
7 52 56 67 82 92 97 110
7 52 56 67 84 98 104 112
7 52 56 67 84 105 110 112
7 52 56 67 84 106 108 112
7 52 56 67 88 97 108 114
7 52 56 67 88 97 110 112
7 52 56 67 88 98 108 112
7 52 56 67 88 101 106 112
7 52 56 67 92 97 98 112
7 52 56 67 92 97 106 112
7 52 56 67 92 97 110 112
7 52 56 67 92 98 104 112
7 52 56 67 92 98 108 112
7 52 56 67 92 101 106 112
7 52 56 67 94 98 108 112
7 52 56 69 74 81 98 104
7 52 56 69 74 81 98 112
7 52 56 69 74 82 97 104
7 52 56 69 74 84 98 104
7 52 56 69 74 84 99 104
7 52 56 69 74 84 104 112
7 52 56 69 74 84 104 114
7 52 56 69 74 84 104 115
7 52 56 69 74 88 98 100
7 52 56 69 74 88 104 112
7 52 56 69 76 82 106 112
7 52 56 69 82 106 108 112
7 52 56 69 88 98 104 112
7 52 56 69 90 98 108 112
7 52 56 70 81 88 98 104
7 52 56 71 77 82 106 112
7 52 56 71 81 88 98 104
7 52 56 71 84 105 106 112
7 52 56 71 88 97 98 104
7 52 56 73 74 84 100 112
7 52 56 73 74 84 100 114
7 52 56 73 74 84 100 115
7 52 56 73 76 82 98 100
7 52 56 73 76 82 98 112
7 52 56 73 76 84 98 112
7 52 56 73 78 81 98 112
7 52 56 73 82 84 97 110
7 52 56 73 82 98 108 112
7 52 56 73 84 98 104 112
7 52 56 73 84 98 108 112
7 52 56 73 88 98 100 112
7 52 56 73 92 98 100 112
7 52 56 73 94 98 100 112
7 52 56 74 76 81 98 112
7 52 56 74 81 84 98 104
7 52 56 74 81 84 98 108
7 52 56 74 81 88 98 100
7 52 56 74 81 98 100 112
7 52 56 74 81 98 108 112
7 52 56 75 76 100 113 114
7 52 56 75 81 84 98 108
7 52 56 75 82 92 98 101
7 52 56 75 84 102 105 112
7 52 56 75 84 108 113 114
7 52 56 75 92 97 100 114
7 52 56 75 92 97 102 112
7 52 56 75 92 98 100 112
7 52 56 76 81 84 98 104
7 52 56 76 81 88 98 104
7 52 56 76 81 98 104 112
7 52 56 76 82 88 97 98
7 52 56 76 82 97 98 112
7 52 56 76 82 101 106 112
7 52 56 76 83 88 101 106
7 52 56 76 83 101 106 112
7 52 56 76 88 97 98 112
7 52 56 76 90 99 100 113
7 52 56 77 78 81 98 112
7 52 56 77 78 82 98 112
7 52 56 77 78 82 99 112
7 52 56 77 82 97 110 112
7 52 56 77 82 98 108 112
7 52 56 77 82 99 110 112
7 52 56 77 86 97 106 112
7 52 56 77 90 97 98 112
7 52 56 77 90 98 100 112
7 52 56 77 90 99 100 112
7 52 56 78 81 82 97 108
7 52 56 78 81 82 98 108
7 52 56 78 81 84 98 104
7 52 56 78 81 84 98 105
7 52 56 78 81 88 97 98
7 52 56 78 81 97 98 112
7 52 56 78 81 98 104 112
7 52 56 78 81 98 105 112
7 52 56 78 81 98 108 112
7 52 56 78 81 99 108 112
7 52 56 78 81 102 105 112
7 52 56 78 82 102 105 112
7 52 56 78 84 99 105 112
7 52 56 78 88 108 113 114
7 52 56 78 89 97 100 114
7 52 56 78 89 98 100 112
7 52 56 79 81 82 98 108
7 52 56 79 81 82 99 108
7 52 56 79 81 84 98 104
7 52 56 79 88 108 113 114
7 52 56 79 92 108 113 114
7 52 56 81 82 98 108 112
7 52 56 81 84 98 104 112
7 52 56 81 84 106 108 112
7 52 56 81 88 98 108 112
7 52 56 81 88 106 108 112
7 52 56 81 90 102 108 112
7 52 56 81 92 98 108 112
7 52 56 81 92 106 108 112
7 52 56 81 94 106 108 112
7 52 56 82 84 105 110 112
7 52 56 82 88 109 110 112
7 52 56 82 92 97 110 112
7 52 56 82 92 98 105 112
7 52 56 82 92 101 106 112
7 52 56 82 92 105 110 112
7 52 56 82 92 106 109 112
7 52 56 82 92 109 110 112
7 52 56 82 93 99 110 112
7 52 56 82 93 107 110 112
7 52 56 83 88 109 110 112
7 52 56 83 92 101 106 112
7 52 56 83 92 105 110 112
7 52 56 83 92 109 110 112
7 52 56 83 94 109 110 112
7 52 56 85 92 106 108 112
7 52 56 86 89 107 108 112
7 52 56 86 92 105 106 112
7 52 56 86 92 105 110 112
7 52 56 86 92 107 110 112
7 52 56 86 93 107 110 112
7 52 56 87 93 107 110 112
7 52 56 89 90 103 108 112
7 52 56 90 92 99 108 112
7 52 56 90 92 101 106 112
7 52 56 90 92 102 105 112
7 52 57 69 90 108 114 120
7 52 57 69 94 98 104 112
7 52 57 70 82 88 101 106
7 52 57 71 82 106 108 112
7 52 57 71 90 98 108 112
7 52 57 71 92 110 113 122
7 52 57 71 94 98 104 112
7 52 57 75 84 100 114 120
7 52 57 76 83 100 106 112
7 52 57 76 83 100 106 120
7 52 57 76 84 90 99 104
7 52 57 76 86 97 106 120
7 52 57 76 87 100 106 120
7 52 57 76 90 102 113 120
7 52 57 78 81 88 98 100
7 52 57 78 81 100 114 120
7 52 57 78 81 108 114 120
7 52 57 78 82 102 113 120
7 52 57 78 84 105 114 120
7 52 57 78 84 108 113 122
7 52 57 78 84 108 115 120
7 52 57 78 86 97 98 120
7 52 57 78 88 108 113 114
7 52 57 78 92 108 113 114
7 52 57 79 92 110 113 114
7 52 57 81 90 102 108 112
7 52 57 81 90 102 108 120
7 52 57 83 92 101 110 122
7 52 57 83 92 103 110 120
7 52 57 84 90 99 100 120
7 52 57 84 90 99 108 112
7 52 57 84 90 99 108 120
7 52 57 84 90 103 108 120
7 52 57 84 90 107 108 112
7 52 57 85 90 103 110 120
7 52 57 85 94 107 108 114
7 52 57 89 90 102 108 112
7 52 57 90 92 99 108 112
7 52 57 90 92 103 110 112
7 52 57 90 92 103 110 113
7 52 57 91 92 103 110 112
7 52 58 65 68 88 104 112
7 52 58 65 70 88 108 112
7 52 58 65 76 82 100 120
7 52 58 67 73 84 100 120
7 52 58 67 73 84 108 112
7 52 58 68 73 88 104 112
7 52 58 69 70 88 97 104
7 52 58 69 70 88 104 112
7 52 58 69 70 88 104 113
7 52 58 69 70 88 105 112
7 52 58 69 76 81 98 104
7 52 58 69 82 88 97 108
7 52 58 69 82 88 100 105
7 52 58 69 92 98 104 112
7 52 58 69 92 108 114 120
7 52 58 69 92 108 114 121
7 52 58 69 92 110 114 120
7 52 58 70 73 84 97 104
7 52 58 70 73 84 97 120
7 52 58 70 73 84 104 112
7 52 58 70 73 84 104 113
7 52 58 70 73 88 97 100
7 52 58 70 76 81 97 104
7 52 58 70 76 81 97 120
7 52 58 70 76 81 105 112
7 52 58 70 76 88 97 112
7 52 58 70 77 98 113 120
7 52 58 70 81 88 100 105
7 52 58 70 92 97 104 112
7 52 58 70 92 108 114 121
7 52 58 71 88 100 105 112
7 52 58 71 92 108 114 120
7 52 58 71 92 108 114 121
7 52 58 73 76 82 100 112
7 52 58 73 76 86 102 120
7 52 58 73 86 97 100 120
7 52 58 76 82 88 97 100
7 52 58 76 83 97 100 120
7 52 58 76 87 102 105 120
7 52 58 77 82 88 97 102
7 52 58 77 82 102 113 120
7 52 58 77 84 108 114 120
7 52 58 77 84 110 113 120
7 52 58 77 84 110 114 120
7 52 58 77 84 110 115 120
7 52 58 77 86 97 98 120
7 52 58 77 86 97 104 112
7 52 58 77 86 98 104 112
7 52 58 77 86 98 104 113
7 52 58 77 86 108 114 120
7 52 58 77 86 108 115 120
7 52 58 77 86 110 113 120
7 52 58 77 92 102 113 120
7 52 58 78 85 97 98 120
7 52 58 78 85 98 105 112
7 52 58 78 92 108 113 114
7 52 58 79 84 110 113 120
7 52 58 79 92 102 113 120
7 52 58 79 92 108 113 114
7 52 58 81 92 102 108 120
7 52 58 81 94 102 108 120
7 52 58 81 94 103 109 120
7 52 58 83 84 109 110 120
7 52 58 83 92 101 110 120
7 52 58 83 92 102 109 120
7 52 58 83 92 109 110 112
7 52 58 83 92 109 110 113
7 52 58 84 89 102 108 120
7 52 58 84 89 103 110 120
7 52 58 85 86 107 108 120
7 52 58 85 92 102 105 120
7 52 58 85 92 102 107 120
7 52 58 86 89 101 110 120
7 52 58 86 89 103 108 120
7 52 58 86 92 99 108 120
7 52 58 86 92 102 105 120
7 52 58 86 92 105 108 112
7 52 58 86 92 105 108 114
7 52 58 86 92 105 110 112
7 52 58 86 92 107 108 112
7 52 58 86 92 107 108 113
7 52 58 86 93 107 108 112
7 52 58 89 92 102 105 112
7 52 58 89 94 103 109 112
7 52 59 69 70 88 104 112
7 52 59 71 92 108 113 122
7 52 59 79 92 108 113 114
7 52 65 66 68 88 104 112
7 52 65 66 76 88 104 112
7 52 65 66 88 100 104 112
7 52 65 68 74 88 104 112
7 52 65 68 88 98 104 112
7 52 65 70 74 88 104 112
7 52 65 74 84 88 98 104
7 52 65 74 88 100 104 112
7 52 65 76 88 98 104 112
7 52 65 84 88 98 104 112
7 52 65 84 88 106 108 112
7 52 65 88 98 100 104 112
7 52 65 92 100 106 114 120
7 52 67 69 74 88 104 112
7 52 67 73 76 82 104 112
7 52 67 74 88 100 104 112
7 52 67 76 81 88 98 104
7 52 67 76 88 98 104 112
7 52 67 81 88 98 100 104
7 52 67 84 88 97 98 104
7 52 67 84 88 98 104 112
7 52 67 84 88 105 110 112
7 52 67 84 88 106 108 112
7 52 67 88 97 98 100 104
7 52 67 88 98 100 104 112
7 52 68 73 88 98 104 112
7 52 68 81 88 98 104 112
7 52 68 88 97 98 104 112
7 52 69 74 76 82 98 120
7 52 69 74 76 82 98 121
7 52 69 74 81 88 98 104
7 52 69 74 88 100 105 114
7 52 69 74 100 105 114 120
7 52 69 76 90 98 104 112
7 52 69 76 91 98 104 112
7 52 69 82 88 105 110 112
7 52 69 82 88 106 108 112
7 52 69 82 88 107 108 112
7 52 69 90 100 105 114 120
7 52 69 90 100 106 113 120
7 52 70 73 88 98 104 112
7 52 70 74 88 97 104 112
7 52 70 76 90 97 104 112
7 52 70 77 82 106 113 120
7 52 70 81 88 106 108 112
7 52 70 82 89 101 106 120
7 52 70 82 89 106 108 113
7 52 71 82 89 106 108 112
7 52 71 82 92 105 106 112
7 52 71 84 88 105 106 112
7 52 73 74 76 81 98 112
7 52 73 74 81 84 98 104
7 52 73 74 81 98 100 120
7 52 73 74 82 84 100 104
7 52 73 74 84 88 99 100
7 52 73 74 84 100 104 114
7 52 73 74 84 100 104 115
7 52 73 74 84 100 114 120
7 52 73 74 84 100 115 120
7 52 73 76 81 82 98 104
7 52 73 76 82 97 98 120
7 52 73 76 82 98 100 120
7 52 73 76 82 98 104 112
7 52 73 78 84 97 114 120
7 52 73 81 94 98 100 104
7 52 73 82 84 97 110 120
7 52 73 82 92 102 106 112
7 52 73 84 88 98 104 112
7 52 73 84 88 98 108 112
7 52 73 84 90 97 102 120
7 52 73 84 90 99 100 120
7 52 73 84 97 110 114 120
7 52 73 84 100 106 114 120
7 52 73 84 100 106 115 120
7 52 73 86 97 100 106 120
7 52 73 86 100 106 113 120
7 52 73 88 98 100 104 112
7 52 74 76 81 98 104 112
7 52 74 76 82 97 100 120
7 52 74 76 84 98 113 120
7 52 74 81 84 98 108 120
7 52 74 81 88 98 100 104
7 52 74 82 84 100 105 120
7 52 74 82 88 97 100 104
7 52 74 82 92 97 100 104
7 52 74 84 88 97 98 104
7 52 74 84 98 108 113 120
7 52 74 84 100 105 114 120
7 52 75 76 84 97 114 120
7 52 75 76 100 104 113 114
7 52 75 76 100 113 114 120
7 52 75 81 88 102 108 112
7 52 75 82 92 98 101 120
7 52 75 82 92 101 106 112
7 52 75 84 88 102 105 112
7 52 75 84 97 108 114 120
7 52 75 84 100 105 114 120
7 52 75 84 108 113 114 120
7 52 75 92 97 100 114 120
7 52 75 92 100 104 113 114
7 52 76 81 82 100 106 120
7 52 76 81 82 100 107 120
7 52 76 81 88 98 104 112
7 52 76 81 90 99 100 120
7 52 76 81 100 106 114 120
7 52 76 81 100 107 114 120
7 52 76 82 84 98 105 120
7 52 76 82 100 106 113 120
7 52 76 83 97 100 106 120
7 52 76 83 100 106 113 120
7 52 76 84 90 97 98 104
7 52 76 84 91 97 98 104
7 52 76 87 100 107 121 122
7 52 76 88 97 98 104 112
7 52 76 89 100 106 114 120
7 52 76 90 99 100 104 113
7 52 76 90 99 100 113 120
7 52 76 90 100 106 113 120
7 52 76 90 102 105 113 120
7 52 76 100 106 113 114 120
7 52 76 100 107 113 114 120
7 52 78 81 100 105 114 120
7 52 78 82 89 101 106 112
7 52 78 84 88 99 105 112
7 52 78 84 108 115 121 122
7 52 78 86 89 97 98 104
7 52 78 89 97 100 104 114
7 52 78 89 97 100 114 120
7 52 78 100 105 113 114 120
7 52 79 84 108 115 121 122
7 52 79 92 108 113 114 120
7 52 81 88 98 100 104 112
7 52 81 88 102 106 108 112
7 52 81 88 102 106 109 112
7 52 81 88 102 107 108 112
7 52 81 90 102 105 108 112
7 52 81 92 102 105 106 112
7 52 82 88 101 106 108 112
7 52 82 92 102 105 106 112
7 52 83 84 100 105 106 120
7 52 83 92 97 100 106 120
7 52 83 92 100 105 106 112
7 52 84 88 97 98 104 112
7 52 84 88 97 106 108 112
7 52 84 88 99 105 110 112
7 52 84 88 99 106 108 112
7 52 84 88 107 108 113 114
7 52 84 89 100 106 115 120
7 52 84 89 109 110 114 120
7 52 84 90 97 108 114 120
7 52 84 90 99 100 105 120
7 52 84 90 99 105 108 112
7 52 84 90 100 105 114 120
7 52 84 90 102 105 113 120
7 52 84 90 105 108 114 120
7 52 84 90 109 110 114 120
7 52 84 90 109 110 115 120
7 52 84 91 102 108 121 122
7 52 84 91 103 108 121 122
7 52 84 91 109 110 114 120
7 52 84 91 109 110 115 120
7 52 84 100 105 106 114 120
7 52 84 100 105 106 115 120
7 52 84 107 108 113 114 120
7 52 85 91 109 110 114 120
7 52 85 94 107 108 114 120
7 52 86 89 97 100 106 120
7 52 86 89 97 106 108 112
7 52 86 90 98 105 108 112
7 52 86 92 107 108 113 120
7 52 86 92 107 108 113 122
7 52 86 100 105 106 113 120
7 52 87 90 98 105 108 112
7 52 88 97 98 100 104 112
7 52 89 92 101 110 114 120
7 52 89 94 98 100 104 112
7 52 90 92 97 100 104 112
7 52 92 97 100 106 114 120
7 52 92 100 106 113 114 120
7 52 92 100 107 113 114 120
7 52 92 107 108 113 114 120
7 52 93 97 100 106 114 120
7 52 94 100 105 113 114 120
7 53 54 68 73 88 104 114
7 53 54 68 74 88 97 104
7 53 54 68 74 88 104 112
7 53 54 68 75 88 104 112
7 53 54 69 76 90 106 120
7 53 54 69 76 90 107 120
7 53 54 70 76 89 106 120
7 53 54 73 76 88 104 114
7 53 54 74 76 88 104 112
7 53 54 74 76 88 104 114
7 53 54 75 76 84 106 120
7 53 54 75 76 88 104 112
7 53 54 75 78 88 104 112
7 53 54 75 89 106 108 116
7 53 54 77 91 100 106 120
7 53 56 67 76 88 104 118
7 53 56 71 76 88 104 114
7 53 56 73 74 86 108 114
7 53 56 73 78 82 106 116
7 53 56 73 78 83 106 116
7 53 56 73 78 104 114 116
7 53 56 73 78 106 114 116
7 53 56 73 86 106 108 112
7 53 56 74 76 81 104 118
7 53 56 74 76 88 99 118
7 53 56 74 82 92 102 105
7 53 56 74 86 88 99 108
7 53 56 75 78 104 114 116
7 53 56 75 88 110 113 118
7 53 56 75 92 102 104 114
7 53 56 75 92 106 113 118
7 53 56 75 92 110 113 114
7 53 56 75 94 102 104 113
7 53 56 76 83 88 102 104
7 53 56 76 90 97 98 112
7 53 56 77 90 106 113 118
7 53 56 78 83 88 102 104
7 53 56 78 88 108 113 114
7 53 56 78 89 99 104 118
7 53 56 78 89 106 114 116
7 53 56 78 90 98 104 116
7 53 56 78 90 99 104 116
7 53 56 78 91 98 104 116
7 53 56 78 92 99 104 114
7 53 56 79 88 110 113 114
7 53 56 83 92 105 110 114
7 53 56 86 88 106 108 113
7 53 56 86 88 107 108 112
7 53 56 90 92 102 105 112
7 53 56 90 92 102 105 114
7 53 56 90 92 103 105 114
7 53 56 90 92 105 110 118
7 53 57 65 78 82 98 124
7 53 57 65 78 82 102 120
7 53 57 65 78 90 106 116
7 53 57 69 78 90 106 116
7 53 57 75 78 86 102 120
7 53 57 75 94 102 108 114
7 53 57 75 94 110 114 116
7 53 57 78 86 97 106 120
7 53 57 78 86 106 113 124
7 53 57 78 90 97 106 116
7 53 57 78 90 102 113 120
7 53 57 78 90 108 113 114
7 53 57 79 86 110 114 120
7 53 57 79 94 110 113 114
7 53 57 83 94 109 110 114
7 53 58 65 66 76 80 96
7 53 58 65 66 76 84 104
7 53 58 65 66 76 104 112
7 53 58 65 66 84 104 112
7 53 58 65 66 88 108 112
7 53 58 65 66 92 108 112
7 53 58 65 66 92 108 120
7 53 58 65 70 92 108 120
7 53 58 65 76 84 98 104
7 53 58 65 76 88 104 118
7 53 58 66 76 88 104 112
7 53 58 66 76 88 104 116
7 53 58 67 70 92 108 120
7 53 58 67 73 92 102 120
7 53 58 67 73 92 108 114
7 53 58 67 76 82 100 104
7 53 58 67 76 82 100 120
7 53 58 67 76 84 98 104
7 53 58 67 76 88 104 112
7 53 58 67 76 88 104 116
7 53 58 67 76 88 104 118
7 53 58 67 78 88 104 116
7 53 58 67 81 92 98 108
7 53 58 67 84 88 98 108
7 53 58 69 76 82 98 104
7 53 58 69 76 82 98 120
7 53 58 69 76 88 104 114
7 53 58 69 82 88 100 104
7 53 58 70 73 76 81 98
7 53 58 70 73 81 98 124
7 53 58 70 73 84 104 112
7 53 58 70 73 92 108 112
7 53 58 70 74 88 108 112
7 53 58 70 76 82 105 112
7 53 58 70 76 88 104 112
7 53 58 70 76 89 106 116
7 53 58 70 77 90 106 116
7 53 58 70 82 88 100 105
7 53 58 71 76 88 104 112
7 53 58 71 76 89 106 116
7 53 58 71 78 106 116 121
7 53 58 71 89 106 108 116
7 53 58 71 90 109 114 124
7 53 58 71 92 110 114 121
7 53 58 71 93 106 108 114
7 53 58 71 94 98 108 121
7 53 58 73 74 84 98 100
7 53 58 73 76 82 98 100
7 53 58 73 78 81 106 116
7 53 58 73 78 88 101 114
7 53 58 73 81 86 106 108
7 53 58 74 76 81 104 118
7 53 58 74 76 82 100 120
7 53 58 74 76 82 100 121
7 53 58 74 76 84 100 120
7 53 58 74 81 92 98 108
7 53 58 74 81 92 102 104
7 53 58 74 82 84 100 105
7 53 58 74 82 92 100 105
7 53 58 74 84 88 98 108
7 53 58 75 76 84 102 120
7 53 58 75 81 92 102 104
7 53 58 75 86 97 108 120
7 53 58 75 86 102 121 124
7 53 58 75 86 109 114 124
7 53 58 75 92 98 100 112
7 53 58 75 92 102 113 120
7 53 58 75 92 102 116 120
7 53 58 75 93 102 108 114
7 53 58 75 94 98 108 116
7 53 58 76 81 84 98 104
7 53 58 76 81 88 98 104
7 53 58 76 81 88 102 104
7 53 58 76 82 84 98 104
7 53 58 76 82 84 98 105
7 53 58 76 82 88 100 104
7 53 58 76 84 88 99 104
7 53 58 77 78 81 98 112
7 53 58 77 78 83 99 124
7 53 58 77 82 84 98 104
7 53 58 77 83 102 106 124
7 53 58 77 85 102 106 120
7 53 58 77 86 97 98 120
7 53 58 77 86 106 113 124
7 53 58 77 86 106 114 124
7 53 58 77 86 106 116 120
7 53 58 77 86 107 116 120
7 53 58 77 90 97 102 112
7 53 58 77 90 98 100 112
7 53 58 77 90 102 113 120
7 53 58 78 81 84 98 105
7 53 58 78 81 88 100 104
7 53 58 78 81 88 102 104
7 53 58 78 82 88 100 104
7 53 58 78 83 102 121 124
7 53 58 78 83 109 114 124
7 53 58 78 85 107 114 124
7 53 58 78 86 100 105 120
7 53 58 78 89 98 100 112
7 53 58 78 89 98 104 116
7 53 58 78 89 102 116 120
7 53 58 78 89 105 118 120
7 53 58 78 89 105 118 124
7 53 58 78 89 106 116 120
7 53 58 78 89 108 113 114
7 53 58 78 89 108 115 116
7 53 58 78 90 97 104 116
7 53 58 78 90 109 115 116
7 53 58 78 91 98 108 116
7 53 58 78 91 109 114 116
7 53 58 78 92 97 104 112
7 53 58 78 92 97 104 114
7 53 58 78 92 100 105 115
7 53 58 78 93 99 108 114
7 53 58 79 85 110 114 121
7 53 58 79 86 108 114 121
7 53 58 79 86 109 114 120
7 53 58 79 89 110 114 116
7 53 58 79 90 109 114 116
7 53 58 79 92 100 104 114
7 53 58 79 92 100 104 115
7 53 58 79 92 105 114 116
7 53 58 79 92 108 113 114
7 53 58 79 92 108 115 120
7 53 58 79 93 110 113 114
7 53 58 83 90 109 110 116
7 53 58 83 93 99 110 124
7 53 58 85 86 107 108 120
7 53 58 85 92 105 110 114
7 53 58 85 92 107 110 112
7 53 58 86 89 99 110 124
7 53 58 86 89 106 108 113
7 53 58 86 89 107 108 116
7 53 58 86 90 99 109 124
7 53 58 86 92 107 108 113
7 53 58 86 92 107 109 114
7 53 58 86 93 107 108 114
7 53 58 86 93 107 110 112
7 53 58 86 93 107 110 113
7 53 58 87 92 107 108 112
7 53 58 89 90 102 108 112
7 53 58 89 90 102 108 113
7 53 58 89 92 102 106 112
7 53 58 89 92 102 106 113
7 53 58 89 92 102 106 116
7 53 58 89 94 103 108 120
7 53 58 91 92 103 108 120
7 53 59 65 70 92 108 122
7 53 59 65 78 92 108 114
7 53 59 67 70 92 108 122
7 53 59 67 78 92 108 114
7 53 59 69 76 90 102 120
7 53 59 73 78 84 102 120
7 53 59 73 78 84 108 114
7 53 59 75 76 84 102 120
7 53 60 68 74 88 104 114
7 53 60 69 70 90 106 120
7 53 60 69 74 82 98 120
7 53 60 69 74 88 104 114
7 53 60 69 75 86 106 120
7 53 60 70 73 90 106 116
7 53 60 70 74 88 104 112
7 53 60 70 74 88 104 114
7 53 60 70 74 92 105 114
7 53 60 70 75 90 106 116
7 53 60 70 76 89 106 114
7 53 60 70 76 90 99 120
7 53 60 70 76 90 106 112
7 53 60 70 76 90 106 113
7 53 60 71 75 90 106 116
7 53 60 74 76 82 98 120
7 53 60 74 76 82 98 121
7 53 60 74 82 84 98 105
7 53 60 74 84 88 98 104
7 53 60 75 76 82 98 112
7 53 60 75 82 84 98 104
7 53 60 75 86 89 102 106
7 53 60 75 86 100 106 120
7 53 60 75 86 106 116 120
7 53 60 75 90 98 100 112
7 53 60 75 92 108 118 122
7 53 60 75 92 110 113 114
7 53 60 78 89 105 118 122
7 53 60 78 89 106 114 116
7 53 60 86 89 107 110 112
7 53 60 86 90 105 106 116
7 53 60 86 90 106 109 112
7 53 60 90 92 102 105 112
7 53 60 90 92 102 107 113
7 53 60 90 92 103 107 112
7 53 62 65 68 88 98 104
7 53 62 65 68 88 104 114
7 53 62 65 76 88 104 114
7 53 62 66 68 88 104 112
7 53 62 66 76 88 104 112
7 53 62 67 68 88 104 112
7 53 62 67 76 84 106 120
7 53 62 67 76 88 104 112
7 53 62 67 76 88 104 114
7 53 62 67 76 88 106 112
7 53 62 67 78 88 104 112
7 53 62 68 74 88 104 112
7 53 62 69 73 82 98 120
7 53 62 69 73 82 106 112
7 53 62 69 73 82 106 120
7 53 62 69 73 82 106 124
7 53 62 69 73 90 106 116
7 53 62 69 73 90 108 114
7 53 62 69 75 88 108 114
7 53 62 70 73 81 106 120
7 53 62 70 74 88 104 112
7 53 62 70 76 81 106 120
7 53 62 70 76 89 106 112
7 53 62 73 76 82 98 120
7 53 62 73 76 82 106 112
7 53 62 73 82 88 100 106
7 53 62 73 84 88 98 104
7 53 62 74 84 88 98 104
7 53 62 79 83 105 114 124
7 53 62 79 90 105 114 116
7 53 65 70 74 88 104 112
7 53 65 74 84 88 98 104
7 53 65 74 88 100 104 114
7 53 65 74 88 104 114 116
7 53 65 74 92 108 114 120
7 53 65 76 82 100 106 120
7 53 65 76 90 98 104 112
7 53 65 76 90 106 116 120
7 53 65 76 100 106 114 120
7 53 65 78 90 106 116 120
7 53 65 82 88 106 108 112
7 53 65 90 92 102 106 120
7 53 65 90 98 108 116 120
7 53 65 90 106 108 116 120
7 53 65 90 106 108 118 120
7 53 65 92 100 106 114 120
7 53 65 92 106 108 114 120
7 53 65 92 106 114 116 120
7 53 65 94 106 108 114 120
7 53 67 69 90 108 114 120
7 53 67 73 90 110 116 120
7 53 67 73 92 100 106 114
7 53 67 74 92 108 114 120
7 53 67 76 82 100 106 120
7 53 67 76 90 106 116 120
7 53 67 81 90 106 108 116
7 53 67 90 97 106 108 116
7 53 67 90 98 108 116 120
7 53 67 90 106 108 116 120
7 53 67 92 100 106 114 120
7 53 67 92 106 108 114 120
7 53 67 92 106 114 116 120
7 53 69 76 90 106 116 120
7 53 69 76 90 106 118 120
7 53 69 78 89 106 114 124
7 53 69 78 90 106 116 120
7 53 69 90 92 102 106 120
7 53 69 90 106 108 116 120
7 53 69 90 106 108 118 120
7 53 69 92 106 108 114 120
7 53 69 94 106 108 114 120
7 53 70 76 90 106 116 121
7 53 70 77 90 106 114 124
7 53 70 89 92 106 108 114
7 53 70 90 92 105 106 116
7 53 70 90 106 108 116 121
7 53 70 92 106 108 114 121
7 53 71 78 90 106 116 121
7 53 71 90 110 114 121 124
7 53 71 94 106 108 114 121
7 53 73 74 86 108 114 120
7 53 73 78 82 106 116 120
7 53 73 78 83 106 116 120
7 53 73 78 88 104 114 116
7 53 73 78 88 106 114 116
7 53 73 78 106 114 116 120
7 53 73 81 90 102 106 124
7 53 73 81 94 102 106 120
7 53 73 82 92 102 106 120
7 53 73 83 92 102 106 120
7 53 73 84 100 106 114 120
7 53 73 86 88 106 108 112
7 53 73 86 88 106 108 114
7 53 73 86 90 106 108 112
7 53 73 86 90 106 108 113
7 53 73 86 106 108 114 120
7 53 73 90 102 106 113 124
7 53 73 90 106 108 113 118
7 53 73 90 106 113 118 124
7 53 73 90 110 114 116 120
7 53 73 92 100 106 114 120
7 53 73 92 102 106 114 120
7 53 73 92 106 114 116 120
7 53 73 94 110 113 122 124
7 53 74 82 92 102 105 120
7 53 75 78 85 99 122 124
7 53 75 78 88 104 114 116
7 53 75 86 110 113 122 124
7 53 75 88 106 108 113 118
7 53 75 90 98 108 116 120
7 53 75 90 102 108 116 120
7 53 75 92 102 108 113 122
7 53 75 92 106 114 116 120
7 53 75 92 108 113 118 122
7 53 75 92 110 113 114 120
7 53 75 92 110 114 116 120
7 53 75 94 97 108 114 120
7 53 76 81 82 100 106 120
7 53 76 81 90 100 106 120
7 53 76 81 100 106 114 120
7 53 76 84 90 102 105 120
7 53 76 86 100 107 121 122
7 53 76 86 107 116 121 122
7 53 76 90 97 98 104 112
7 53 76 90 97 106 116 120
7 53 76 90 100 106 113 120
7 53 76 90 106 113 116 120
7 53 76 91 102 105 116 122
7 53 77 78 83 99 122 124
7 53 77 90 106 113 118 120
7 53 77 90 106 114 116 120
7 53 77 94 100 106 114 120
7 53 77 94 100 106 115 120
7 53 78 83 102 105 122 124
7 53 78 83 102 121 122 124
7 53 78 84 108 115 121 122
7 53 78 88 105 106 114 116
7 53 78 88 106 108 113 114
7 53 78 89 97 106 114 124
7 53 78 89 99 108 116 122
7 53 78 89 102 105 116 122
7 53 78 89 105 118 122 124
7 53 78 89 106 114 116 120
7 53 78 89 108 115 116 122
7 53 78 90 97 106 116 120
7 53 78 90 98 105 116 120
7 53 78 90 106 113 116 120
7 53 78 91 101 106 114 124
7 53 78 92 100 105 115 122
7 53 78 92 102 105 113 122
7 53 78 92 108 115 121 122
7 53 78 108 115 116 121 122
7 53 79 90 110 114 116 121
7 53 81 90 102 105 108 114
7 53 81 90 102 105 114 124
7 53 81 90 105 110 114 116
7 53 81 90 105 110 114 124
7 53 81 90 106 108 116 120
7 53 81 90 106 108 118 120
7 53 81 92 100 106 114 120
7 53 81 92 106 108 114 120
7 53 81 94 106 108 114 120
7 53 82 92 99 106 116 120
7 53 82 92 107 110 116 120
7 53 83 92 105 110 116 122
7 53 83 92 107 110 116 120
7 53 84 90 109 110 114 120
7 53 84 90 109 110 115 120
7 53 84 91 102 108 121 122
7 53 85 90 105 110 114 120
7 53 85 90 107 110 114 124
7 53 85 90 107 110 116 120
7 53 85 92 107 110 114 120
7 53 85 94 107 108 114 120
7 53 86 88 105 106 108 114
7 53 86 89 99 110 122 124
7 53 86 89 107 108 116 122
7 53 86 89 107 110 116 120
7 53 86 90 97 106 108 120
7 53 86 90 98 105 108 120
7 53 86 90 99 105 108 120
7 53 86 90 105 106 108 113
7 53 86 91 109 110 114 120
7 53 86 92 100 105 106 120
7 53 86 92 105 106 116 120
7 53 86 92 107 108 113 122
7 53 86 92 107 110 113 120
7 53 86 107 108 116 121 122
7 53 87 94 100 105 106 120
7 53 89 90 102 106 108 113
7 53 89 90 102 106 108 116
7 53 89 90 102 106 113 124
7 53 89 92 102 106 114 120
7 53 89 94 97 106 108 114
7 53 89 94 99 106 108 116
7 53 89 97 102 106 108 114
7 53 89 97 102 106 114 124
7 53 89 97 110 118 122 124
7 53 89 99 110 114 116 120
7 53 89 99 110 118 122 124
7 53 89 110 113 118 122 124
7 53 90 92 97 98 104 112
7 53 90 92 97 102 106 120
7 53 90 92 99 102 105 120
7 53 90 92 99 108 114 120
7 53 90 92 101 106 114 120
7 53 90 92 102 105 106 113
7 53 90 92 102 105 106 116
7 53 90 92 102 105 114 120
7 53 90 92 102 106 113 120
7 53 90 92 105 110 118 120
7 53 90 97 98 108 116 120
7 53 90 97 108 114 116 120
7 53 90 101 106 108 113 114
7 53 90 101 106 108 116 120
7 53 90 101 106 113 114 124
7 53 90 102 105 108 113 114
7 53 90 102 105 108 116 120
7 53 90 102 105 113 114 124
7 53 90 109 110 115 116 120
7 53 91 101 106 108 118 120
7 53 91 102 105 108 116 122
7 53 91 102 108 116 121 122
7 53 94 97 106 108 114 120
7 53 94 99 105 108 116 122
7 53 94 99 106 108 116 121
7 53 94 99 108 116 121 122
7 53 94 101 105 106 114 120
7 53 94 101 106 108 114 121
7 53 94 101 106 114 121 124
7 53 94 102 105 106 113 120
7 53 94 102 105 108 113 122
7 53 94 102 105 113 122 124
7 53 94 105 106 114 116 120
7 53 94 106 108 113 114 120
7 53 95 97 106 108 114 120
7 53 95 106 108 113 114 120
7 54 56 65 74 92 108 114
7 54 56 65 76 82 104 112
7 54 56 65 76 88 104 116
7 54 56 65 76 88 106 116
7 54 56 67 69 88 104 112
7 54 56 67 76 88 104 113
7 54 56 67 76 88 104 116
7 54 56 69 74 88 108 114
7 54 56 71 74 88 108 113
7 54 56 71 88 106 108 113
7 54 56 73 74 86 108 113
7 54 56 73 74 92 101 114
7 54 56 73 76 82 104 112
7 54 56 73 76 82 104 113
7 54 56 73 76 82 104 116
7 54 56 73 76 88 99 116
7 54 56 73 76 88 101 114
7 54 56 73 76 88 102 113
7 54 56 73 78 88 101 114
7 54 56 73 78 104 114 116
7 54 56 73 81 86 106 108
7 54 56 73 82 84 97 104
7 54 56 73 86 106 108 113
7 54 56 73 90 97 108 116
7 54 56 73 90 108 114 116
7 54 56 73 92 97 110 114
7 54 56 73 92 101 106 114
7 54 56 73 92 108 113 114
7 54 56 74 76 81 97 112
7 54 56 74 76 85 105 114
7 54 56 74 76 88 97 112
7 54 56 74 76 88 97 116
7 54 56 74 76 88 101 114
7 54 56 74 76 88 102 113
7 54 56 74 77 82 108 113
7 54 56 74 77 88 99 116
7 54 56 74 77 88 102 113
7 54 56 74 82 85 105 108
7 54 56 74 85 88 99 108
7 54 56 74 85 105 108 114
7 54 56 74 92 108 113 114
7 54 56 75 77 88 102 113
7 54 56 75 85 88 99 108
7 54 56 75 85 105 108 114
7 54 56 75 85 106 108 113
7 54 56 75 88 108 114 117
7 54 56 75 92 97 100 112
7 54 56 75 92 101 104 114
7 54 56 75 92 101 106 113
7 54 56 75 93 97 108 114
7 54 56 75 94 101 104 113
7 54 56 77 88 106 113 116
7 54 56 77 88 106 114 116
7 54 56 77 90 97 104 116
7 54 56 77 90 106 113 116
7 54 56 78 83 88 101 104
7 54 56 78 88 105 114 116
7 54 56 78 88 106 113 116
7 54 56 78 89 97 100 112
7 54 56 78 89 98 100 112
7 54 56 78 89 105 114 116
7 54 56 78 90 97 104 116
7 54 56 79 83 88 101 104
7 54 56 79 88 106 113 116
7 54 56 79 89 105 114 116
7 54 56 79 89 106 113 116
7 54 56 79 93 97 104 114
7 54 56 81 92 106 108 112
7 54 56 81 92 106 108 114
7 54 56 81 94 106 108 112
7 54 56 81 94 107 109 112
7 54 56 83 88 106 109 116
7 54 56 83 88 109 110 112
7 54 56 83 92 106 109 112
7 54 56 85 88 106 108 112
7 54 56 85 88 106 108 114
7 54 56 85 90 105 108 114
7 54 56 85 90 105 110 112
7 54 56 89 92 103 106 112
7 54 56 89 92 105 106 116
7 54 56 89 92 106 108 113
7 54 56 90 92 101 106 112
7 54 57 65 74 76 82 100
7 54 57 65 74 76 100 112
7 54 57 65 74 84 98 108
7 54 57 65 74 84 100 120
7 54 57 65 74 84 108 112
7 54 57 65 74 84 108 120
7 54 57 65 74 88 108 112
7 54 57 65 74 92 108 112
7 54 57 65 74 92 108 114
7 54 57 65 76 82 104 112
7 54 57 66 68 88 104 112
7 54 57 66 76 88 104 112
7 54 57 66 76 88 104 116
7 54 57 67 69 88 110 112
7 54 57 67 69 90 108 112
7 54 57 67 69 90 108 120
7 54 57 67 74 84 108 112
7 54 57 67 74 92 108 112
7 54 57 67 77 84 106 112
7 54 57 67 78 81 108 112
7 54 57 67 78 92 108 114
7 54 57 69 74 76 98 112
7 54 57 69 74 88 108 112
7 54 57 69 74 92 108 114
7 54 57 69 75 92 108 114
7 54 57 69 76 82 98 120
7 54 57 69 76 88 106 112
7 54 57 69 76 90 102 120
7 54 57 69 76 90 106 116
7 54 57 69 78 81 98 120
7 54 57 69 78 82 105 112
7 54 57 69 81 90 98 108
7 54 57 70 74 76 81 97
7 54 57 70 74 76 97 112
7 54 57 70 74 81 97 124
7 54 57 70 74 88 108 112
7 54 57 70 74 92 108 112
7 54 57 70 74 92 108 113
7 54 57 70 74 92 108 114
7 54 57 70 76 82 97 104
7 54 57 70 76 82 104 112
7 54 57 70 76 82 104 113
7 54 57 70 76 88 97 98
7 54 57 70 76 88 104 112
7 54 57 70 81 88 98 108
7 54 57 70 81 90 97 108
7 54 57 70 82 88 100 104
7 54 57 71 74 88 108 112
7 54 57 71 89 92 102 106
7 54 57 71 89 106 108 116
7 54 57 71 89 110 114 124
7 54 57 71 90 97 108 112
7 54 57 71 90 110 113 124
7 54 57 71 92 105 116 122
7 54 57 71 92 108 113 122
7 54 57 71 93 110 113 122
7 54 57 71 94 106 108 113
7 54 57 73 74 84 100 112
7 54 57 73 74 84 108 112
7 54 57 73 76 82 104 112
7 54 57 73 76 82 104 116
7 54 57 73 76 84 100 122
7 54 57 73 82 88 100 104
7 54 57 73 84 88 98 108
7 54 57 74 76 81 100 112
7 54 57 74 76 81 100 120
7 54 57 74 76 81 104 112
7 54 57 74 76 82 97 100
7 54 57 74 76 82 100 112
7 54 57 74 76 82 100 120
7 54 57 74 76 84 100 120
7 54 57 74 81 84 100 104
7 54 57 74 81 92 98 108
7 54 57 74 82 92 101 104
7 54 57 74 84 88 97 108
7 54 57 74 84 88 98 108
7 54 57 75 76 84 100 120
7 54 57 75 76 84 100 122
7 54 57 75 76 84 102 120
7 54 57 75 85 110 114 124
7 54 57 75 92 102 116 120
7 54 57 75 92 108 114 116
7 54 57 76 81 88 100 106
7 54 57 76 82 88 100 104
7 54 57 77 86 97 106 120
7 54 57 77 86 99 122 124
7 54 57 77 86 107 116 120
7 54 57 77 87 100 106 120
7 54 57 77 90 98 100 112
7 54 57 77 90 102 113 120
7 54 57 77 90 105 114 116
7 54 57 77 90 106 113 116
7 54 57 77 90 108 114 116
7 54 57 77 90 110 113 116
7 54 57 77 90 110 114 116
7 54 57 77 94 98 104 112
7 54 57 77 94 100 106 113
7 54 57 78 81 82 97 108
7 54 57 78 81 88 98 100
7 54 57 78 81 88 100 104
7 54 57 78 82 88 100 104
7 54 57 78 82 88 101 104
7 54 57 78 83 101 122 124
7 54 57 78 85 105 116 122
7 54 57 78 86 97 108 120
7 54 57 78 89 97 98 116
7 54 57 78 89 98 100 112
7 54 57 78 89 102 116 120
7 54 57 78 89 105 114 116
7 54 57 78 89 106 113 116
7 54 57 78 90 97 104 116
7 54 57 78 90 101 105 116
7 54 57 79 83 101 122 124
7 54 57 79 83 110 113 124
7 54 57 79 89 110 114 116
7 54 57 79 90 108 114 116
7 54 57 79 90 110 113 116
7 54 57 79 94 100 104 113
7 54 57 83 90 109 110 116
7 54 57 83 93 101 110 122
7 54 57 83 94 106 109 116
7 54 57 83 94 109 110 112
7 54 57 83 94 109 110 113
7 54 57 85 94 107 108 112
7 54 57 86 92 101 107 120
7 54 57 86 92 107 109 114
7 54 57 89 92 102 106 112
7 54 57 89 92 102 106 113
7 54 57 89 92 102 106 116
7 54 58 65 66 76 84 104
7 54 58 65 66 92 108 112
7 54 58 65 66 92 108 120
7 54 58 65 70 88 108 112
7 54 58 65 70 92 108 120
7 54 58 65 74 92 108 112
7 54 58 66 69 92 108 120
7 54 58 66 73 76 84 97
7 54 58 66 73 76 100 112
7 54 58 66 73 84 108 112
7 54 58 66 73 92 108 113
7 54 58 66 76 84 97 104
7 54 58 66 76 89 101 120
7 54 58 66 76 89 105 116
7 54 58 66 77 88 108 113
7 54 58 66 77 92 108 113
7 54 58 67 69 92 108 120
7 54 58 67 70 92 108 120
7 54 58 67 73 92 108 113
7 54 58 67 76 89 101 120
7 54 58 67 77 88 108 113
7 54 58 67 77 92 108 113
7 54 58 69 74 88 108 112
7 54 58 70 73 81 97 124
7 54 58 70 73 92 108 113
7 54 58 70 73 92 108 114
7 54 58 70 76 89 101 120
7 54 58 70 76 89 105 116
7 54 58 70 77 81 97 120
7 54 58 70 77 81 105 112
7 54 58 70 77 88 108 113
7 54 58 71 76 89 105 116
7 54 58 71 86 89 105 108
7 54 58 71 89 108 113 120
7 54 58 71 92 108 114 121
7 54 58 71 92 109 114 121
7 54 58 73 82 84 97 108
7 54 58 75 76 85 105 116
7 54 58 75 85 109 114 124
7 54 58 75 89 101 108 116
7 54 58 75 92 108 113 116
7 54 58 77 78 81 97 112
7 54 58 77 81 82 97 108
7 54 58 77 81 84 98 105
7 54 58 77 82 84 97 104
7 54 58 77 83 108 113 120
7 54 58 77 85 97 98 120
7 54 58 77 85 97 106 120
7 54 58 77 86 99 121 124
7 54 58 77 86 105 113 120
7 54 58 77 86 106 113 124
7 54 58 77 86 110 113 120
7 54 58 77 89 105 114 116
7 54 58 77 90 106 117 124
7 54 58 77 90 108 113 116
7 54 58 77 90 108 114 116
7 54 58 77 92 98 104 113
7 54 58 77 92 108 113 114
7 54 58 78 85 102 105 120
7 54 58 78 85 105 114 124
7 54 58 78 89 109 114 116
7 54 58 78 89 109 115 116
7 54 58 78 92 105 114 116
7 54 58 78 92 108 113 114
7 54 58 78 93 109 115 124
7 54 58 79 85 105 114 124
7 54 58 79 85 109 114 120
7 54 58 79 92 108 113 114
7 54 58 79 92 109 113 114
7 54 58 83 89 109 110 116
7 54 58 83 92 106 109 116
7 54 58 83 92 109 110 112
7 54 58 83 93 109 110 112
7 54 58 85 92 107 109 114
7 54 58 85 94 107 109 112
7 54 58 86 92 102 105 120
7 54 58 86 92 105 108 114
7 54 58 86 92 105 110 112
7 54 58 89 94 99 109 116
7 54 58 90 93 99 109 116
7 54 59 66 69 76 104 112
7 54 59 66 69 88 108 112
7 54 59 66 76 81 100 120
7 54 59 66 76 84 97 104
7 54 59 66 76 84 105 120
7 54 59 69 74 92 108 113
7 54 59 69 76 84 106 120
7 54 59 70 76 84 105 120
7 54 59 74 76 84 100 120
7 54 59 74 76 84 101 120
7 54 59 75 76 84 100 120
7 54 60 65 68 74 104 112
7 54 60 65 68 88 104 112
7 54 60 65 68 88 106 112
7 54 60 65 76 88 104 112
7 54 60 65 76 88 106 112
7 54 60 65 76 90 106 116
7 54 60 67 68 88 97 104
7 54 60 67 68 88 104 112
7 54 60 67 68 88 104 113
7 54 60 67 76 88 104 112
7 54 60 67 76 88 104 113
7 54 60 67 78 81 97 120
7 54 60 67 81 92 97 106
7 54 60 68 73 74 97 112
7 54 60 68 73 82 97 104
7 54 60 68 73 82 104 112
7 54 60 68 73 82 104 113
7 54 60 68 73 88 97 98
7 54 60 68 73 88 104 112
7 54 60 68 74 81 97 104
7 54 60 68 74 81 97 120
7 54 60 68 74 81 105 112
7 54 60 68 74 88 97 112
7 54 60 69 73 82 106 112
7 54 60 69 73 90 106 116
7 54 60 69 73 90 108 114
7 54 60 69 74 89 105 114
7 54 60 69 76 83 107 120
7 54 60 69 76 89 107 114
7 54 60 69 76 90 99 120
7 54 60 69 76 90 105 114
7 54 60 69 76 90 106 112
7 54 60 69 76 90 106 113
7 54 60 69 76 90 107 113
7 54 60 69 78 89 105 114
7 54 60 70 73 88 104 112
7 54 60 70 74 81 97 120
7 54 60 70 74 81 105 112
7 54 60 70 74 89 105 116
7 54 60 71 78 89 105 114
7 54 60 71 89 105 106 116
7 54 60 71 89 105 116 122
7 54 60 71 92 108 121 122
7 54 60 73 74 84 100 120
7 54 60 73 74 84 104 112
7 54 60 73 76 82 104 112
7 54 60 73 76 82 104 113
7 54 60 73 76 84 97 122
7 54 60 74 76 81 97 120
7 54 60 74 76 88 97 112
7 54 60 74 84 88 97 104
7 54 60 75 83 101 108 120
7 54 60 75 85 97 108 122
7 54 60 75 86 106 117 121
7 54 60 75 89 101 102 120
7 54 60 75 89 101 108 114
7 54 60 75 90 101 108 113
7 54 60 75 92 97 98 112
7 54 60 75 92 100 104 113
7 54 60 75 92 101 113 122
7 54 60 75 92 102 113 120
7 54 60 75 92 106 113 116
7 54 60 75 92 106 117 120
7 54 60 75 92 108 113 114
7 54 60 75 92 108 113 120
7 54 60 75 92 108 113 122
7 54 60 75 92 108 117 122
7 54 60 75 93 97 108 114
7 54 60 75 93 99 108 114
7 54 60 76 83 84 105 106
7 54 60 77 83 105 116 122
7 54 60 77 90 97 98 112
7 54 60 77 90 100 104 113
7 54 60 77 90 100 106 113
7 54 60 77 90 102 106 113
7 54 60 77 90 106 113 116
7 54 60 77 90 106 114 116
7 54 60 77 90 107 113 116
7 54 60 77 91 97 98 112
7 54 60 77 91 100 106 113
7 54 60 77 92 102 121 122
7 54 60 77 92 108 115 122
7 54 60 78 83 100 105 120
7 54 60 78 89 97 98 112
7 54 60 78 89 99 116 120
7 54 60 78 89 100 105 114
7 54 60 78 89 102 105 114
7 54 60 78 89 105 114 116
7 54 60 78 89 106 113 116
7 54 60 78 89 106 117 120
7 54 60 79 89 106 113 116
7 54 60 79 92 108 115 122
7 54 60 83 86 107 109 120
7 54 60 83 92 105 106 116
7 54 60 83 92 106 109 112
7 54 60 83 92 106 109 114
7 54 60 85 89 107 110 112
7 54 60 85 90 105 106 116
7 54 60 85 90 105 108 114
7 54 60 85 90 105 110 112
7 54 60 85 90 105 110 114
7 54 60 85 90 107 108 112
7 54 60 86 89 105 106 116
7 54 60 86 90 105 108 112
7 54 60 89 92 99 106 116
7 54 60 89 92 102 106 113
7 54 60 89 92 103 106 120
7 54 60 89 94 101 107 112
7 54 60 90 92 99 108 112
7 54 60 90 92 99 108 113
7 54 60 90 92 102 105 112
7 54 60 90 92 102 105 113
7 54 60 90 92 102 105 114
7 54 60 91 92 101 107 112
7 54 61 66 68 88 104 112
7 54 61 66 76 88 104 112
7 54 61 67 69 88 106 112
7 54 61 67 74 88 108 112
7 54 61 67 76 88 106 112
7 54 61 67 76 90 106 116
7 54 61 69 76 82 106 120
7 54 61 69 76 90 99 120
7 54 61 69 76 90 106 112
7 54 61 69 76 90 106 113
7 54 61 74 76 81 98 120
7 54 61 74 81 88 98 108
7 54 61 79 90 99 116 120
7 54 61 79 90 106 113 116
7 54 61 79 92 108 115 122
7 54 65 66 68 88 104 112
7 54 65 66 76 88 104 112
7 54 65 74 92 108 114 120
7 54 65 76 88 98 104 112
7 54 65 90 98 108 116 120
7 54 65 90 108 114 116 120
7 54 65 92 106 108 114 120
7 54 66 68 73 88 104 112
7 54 66 68 88 97 104 112
7 54 66 73 88 100 104 112
7 54 66 76 88 97 104 112
7 54 67 73 92 106 116 120
7 54 67 73 92 108 113 122
7 54 67 74 92 105 116 120
7 54 67 76 84 98 105 120
7 54 67 76 88 97 104 112
7 54 67 78 81 105 116 120
7 54 67 78 89 105 116 120
7 54 67 81 92 105 106 116
7 54 67 89 92 105 106 116
7 54 67 89 92 106 108 113
7 54 67 89 97 106 108 116
7 54 67 89 97 108 116 122
7 54 67 89 105 108 116 122
7 54 67 89 106 108 113 116
7 54 67 92 97 106 116 120
7 54 67 92 105 106 113 116
7 54 67 92 105 108 113 122
7 54 67 92 105 113 116 122
7 54 67 92 106 108 116 121
7 54 67 92 108 116 121 122
7 54 69 73 88 98 104 112
7 54 69 74 89 105 114 124
7 54 69 74 92 108 114 121
7 54 69 75 92 108 113 122
7 54 69 75 92 108 114 121
7 54 69 76 82 98 105 120
7 54 69 76 90 106 116 120
7 54 69 76 90 106 116 121
7 54 69 78 89 105 114 124
7 54 69 78 89 105 116 122
7 54 69 82 89 106 108 113
7 54 69 90 98 105 108 113
7 54 69 90 98 105 113 124
7 54 69 90 106 108 116 120
7 54 69 90 106 108 116 121
7 54 69 92 106 108 114 120
7 54 69 92 106 108 114 121
7 54 70 73 81 90 97 108
7 54 70 73 81 97 106 124
7 54 70 73 81 97 122 124
7 54 70 73 92 108 113 122
7 54 70 74 89 97 108 112
7 54 70 74 89 108 113 120
7 54 70 74 92 108 114 121
7 54 70 75 92 108 113 120
7 54 70 76 89 105 116 122
7 54 70 77 90 106 113 124
7 54 70 77 90 106 116 121
7 54 70 89 92 105 106 116
7 54 70 89 92 106 108 113
7 54 70 89 98 105 116 120
7 54 70 89 98 108 113 120
7 54 70 89 105 108 116 122
7 54 70 89 105 114 116 120
7 54 70 89 106 108 113 120
7 54 70 92 105 108 113 122
7 54 70 92 106 108 114 121
7 54 71 75 92 108 114 121
7 54 71 76 89 105 116 122
7 54 71 89 105 108 116 122
7 54 71 89 106 108 113 120
7 54 71 90 109 114 121 124
7 54 71 92 105 108 113 122
7 54 71 92 106 108 114 121
7 54 71 93 106 108 114 121
7 54 73 74 84 97 100 120
7 54 73 74 84 100 113 120
7 54 73 74 86 108 113 120
7 54 73 74 88 104 113 116
7 54 73 74 92 101 114 120
7 54 73 76 82 97 104 112
7 54 73 76 88 104 114 116
7 54 73 76 88 104 114 117
7 54 73 78 81 97 122 124
7 54 73 78 81 98 100 120
7 54 73 78 81 106 116 120
7 54 73 78 88 104 114 116
7 54 73 81 84 100 106 120
7 54 73 81 86 106 108 120
7 54 73 81 88 98 100 104
7 54 73 81 92 102 106 120
7 54 73 82 84 97 110 120
7 54 73 82 88 97 100 104
7 54 73 82 88 100 104 112
7 54 73 82 88 100 104 113
7 54 73 82 92 97 108 120
7 54 73 84 97 100 106 120
7 54 73 84 100 106 113 120
7 54 73 86 88 106 108 113
7 54 73 86 106 108 113 120
7 54 73 88 98 100 104 112
7 54 73 88 98 100 104 113
7 54 73 88 98 104 113 116
7 54 73 88 104 113 114 116
7 54 73 90 97 108 116 120
7 54 73 90 98 108 116 120
7 54 73 90 108 114 116 120
7 54 73 92 97 108 114 120
7 54 73 92 97 110 114 120
7 54 73 92 98 108 113 120
7 54 73 92 101 106 114 120
7 54 73 92 108 113 114 120
7 54 74 76 81 97 104 112
7 54 74 76 85 105 114 120
7 54 74 76 88 104 113 116
7 54 74 77 82 108 113 120
7 54 74 81 92 102 105 120
7 54 74 82 85 105 108 120
7 54 74 82 89 101 108 120
7 54 74 82 92 97 108 120
7 54 74 85 88 105 108 114
7 54 74 85 105 108 114 120
7 54 74 88 105 108 114 117
7 54 74 89 97 108 116 120
7 54 74 89 98 108 116 120
7 54 74 89 98 109 116 120
7 54 74 89 99 108 116 120
7 54 74 92 97 108 114 120
7 54 74 92 98 108 113 120
7 54 74 92 98 109 113 120
7 54 74 92 102 105 113 120
7 54 74 92 108 113 114 120
7 54 75 76 84 100 121 122
7 54 75 77 88 106 113 116
7 54 75 85 88 105 108 114
7 54 75 85 88 106 108 113
7 54 75 85 90 105 108 116
7 54 75 85 105 108 114 120
7 54 75 85 106 108 113 120
7 54 75 86 101 106 121 124
7 54 75 86 106 117 121 124
7 54 75 86 109 114 121 124
7 54 75 90 102 108 117 121
7 54 75 92 98 108 113 120
7 54 75 92 101 106 113 120
7 54 75 92 102 108 113 120
7 54 75 92 108 113 116 120
7 54 75 92 108 113 116 122
7 54 75 92 108 114 116 120
7 54 75 92 108 114 116 121
7 54 75 93 97 108 114 120
7 54 75 98 108 113 116 120
7 54 76 81 84 97 106 120
7 54 76 81 88 98 105 112
7 54 76 81 90 100 105 120
7 54 76 81 97 100 106 120
7 54 76 81 98 100 105 120
7 54 76 81 100 105 114 120
7 54 76 82 84 98 105 120
7 54 76 82 88 97 104 112
7 54 76 82 89 101 106 120
7 54 76 82 98 100 105 120
7 54 76 86 89 101 107 120
7 54 76 86 89 105 106 116
7 54 76 86 105 106 116 120
7 54 76 88 97 98 104 112
7 54 76 89 102 105 116 122
7 54 76 90 100 105 113 120
7 54 76 90 101 106 116 121
7 54 76 90 102 105 116 120
7 54 76 91 101 106 116 120
7 54 76 91 102 105 116 120
7 54 77 82 100 106 113 120
7 54 77 83 102 105 122 124
7 54 77 83 102 106 121 124
7 54 77 86 90 99 108 121
7 54 77 86 99 106 121 124
7 54 77 86 99 121 122 124
7 54 77 88 106 108 113 114
7 54 77 89 97 106 114 124
7 54 77 89 99 106 116 120
7 54 77 89 101 106 114 120
7 54 77 89 102 106 113 120
7 54 77 89 105 106 114 116
7 54 77 89 106 108 113 114
7 54 77 90 98 100 113 120
7 54 77 90 98 108 116 121
7 54 77 90 101 106 113 120
7 54 77 90 102 105 113 120
7 54 77 90 105 106 113 116
7 54 77 90 105 113 114 124
7 54 77 90 106 113 116 120
7 54 77 90 108 114 116 121
7 54 77 91 101 106 116 120
7 54 77 91 102 105 116 120
7 54 77 92 100 106 113 120
7 54 77 92 100 106 114 121
7 54 77 92 100 106 115 120
7 54 77 92 108 116 121 122
7 54 77 94 100 106 113 120
7 54 77 106 108 113 114 120
7 54 78 81 98 105 116 120
7 54 78 81 105 114 116 120
7 54 78 82 89 97 100 104
7 54 78 83 101 106 121 124
7 54 78 83 101 121 122 124
7 54 78 83 109 114 121 124
7 54 78 86 89 105 108 114
7 54 78 86 89 106 108 113
7 54 78 88 105 106 113 116
7 54 78 89 97 98 116 120
7 54 78 89 97 100 104 112
7 54 78 89 97 108 116 120
7 54 78 89 97 108 116 122
7 54 78 89 98 100 104 112
7 54 78 89 98 105 116 120
7 54 78 89 98 108 116 120
7 54 78 89 99 108 116 120
7 54 78 89 101 105 114 120
7 54 78 89 101 106 113 120
7 54 78 89 102 105 114 124
7 54 78 89 102 105 116 120
7 54 78 89 105 106 113 116
7 54 78 89 105 108 114 116
7 54 78 89 105 113 114 116
7 54 78 89 105 113 114 124
7 54 78 89 105 113 122 124
7 54 78 89 105 114 116 120
7 54 78 89 106 108 113 116
7 54 78 90 102 105 113 124
7 54 78 90 106 117 121 124
7 54 78 92 100 105 113 120
7 54 78 92 100 105 113 122
7 54 78 92 100 105 115 120
7 54 78 92 102 105 113 120
7 54 78 92 105 108 113 114
7 54 78 92 105 113 116 120
7 54 78 92 105 113 116 122
7 54 78 92 105 114 116 120
7 54 78 92 105 115 116 120
7 54 78 92 108 116 121 122
7 54 78 93 99 108 114 121
7 54 78 93 100 105 114 120
7 54 78 93 109 115 122 124
7 54 78 98 105 113 116 120
7 54 78 105 113 114 116 120
7 54 79 89 105 114 116 120
7 54 79 90 106 117 121 124
7 54 81 88 98 105 108 112
7 54 81 90 99 109 116 120
7 54 81 90 101 105 114 124
7 54 81 92 97 106 116 120
7 54 81 92 98 105 116 120
7 54 81 92 102 105 106 112
7 54 81 92 105 106 116 120
7 54 81 92 105 110 116 120
7 54 81 92 105 110 116 122
7 54 81 92 106 108 114 120
7 54 81 92 107 109 114 120
7 54 81 94 107 109 116 120
7 54 82 92 97 106 116 120
7 54 82 92 105 106 116 120
7 54 82 92 105 110 116 120
7 54 82 92 106 109 116 121
7 54 82 92 107 110 116 120
7 54 82 93 102 106 121 124
7 54 82 93 107 110 116 120
7 54 83 90 102 109 121 124
7 54 83 90 109 110 116 120
7 54 83 92 98 100 105 120
7 54 83 92 101 105 106 120
7 54 83 92 105 106 108 116
7 54 83 92 105 108 116 122
7 54 83 92 105 110 116 120
7 54 84 89 100 106 113 120
7 54 84 89 106 108 113 120
7 54 84 89 109 110 114 120
7 54 84 90 109 110 113 120
7 54 84 91 109 110 113 120
7 54 85 88 105 106 108 114
7 54 85 89 105 110 114 120
7 54 85 90 98 105 108 120
7 54 85 90 105 106 108 113
7 54 85 90 105 106 113 124
7 54 85 90 105 108 114 120
7 54 85 90 107 108 116 120
7 54 85 91 102 105 108 120
7 54 85 91 109 110 114 120
7 54 85 92 107 108 114 120
7 54 85 94 107 109 114 120
7 54 85 105 106 108 114 120
7 54 86 88 105 106 108 113
7 54 86 89 97 106 108 112
7 54 86 89 97 106 108 120
7 54 86 89 102 106 108 120
7 54 86 89 105 106 108 113
7 54 86 89 105 106 108 116
7 54 86 89 105 106 113 124
7 54 86 89 105 108 116 122
7 54 86 89 107 108 116 120
7 54 86 90 99 109 121 124
7 54 86 91 109 110 113 120
7 54 86 92 105 106 108 113
7 54 86 92 105 106 116 120
7 54 86 92 105 108 113 122
7 54 86 92 107 108 113 120
7 54 86 93 99 106 108 121
7 54 86 105 106 108 113 120
7 54 86 106 109 114 121 124
7 54 87 88 105 106 108 113
7 54 87 92 100 105 106 120
7 54 87 105 106 108 113 120
7 54 89 90 101 106 108 113
7 54 89 90 101 106 108 116
7 54 89 90 102 105 108 116
7 54 89 92 99 106 108 116
7 54 89 92 102 105 106 113
7 54 89 92 102 105 106 116
7 54 89 92 102 106 108 113
7 54 89 92 102 106 108 114
7 54 89 92 105 106 116 120
7 54 89 92 106 108 113 120
7 54 89 94 97 106 108 116
7 54 89 94 98 100 104 112
7 54 89 97 110 114 116 120
7 54 89 101 106 108 114 120
7 54 89 102 105 108 116 122
7 54 89 102 106 108 113 120
7 54 89 105 110 114 116 120
7 54 89 110 113 114 116 120
7 54 90 92 99 108 116 121
7 54 90 92 101 105 106 113
7 54 90 92 101 106 116 121
7 54 90 92 101 108 114 121
7 54 90 92 102 105 108 113
7 54 90 92 102 105 113 120
7 54 90 92 102 105 116 120
7 54 90 93 98 105 108 116
7 54 90 97 98 108 116 120
7 54 90 97 108 114 116 120
7 54 90 98 108 113 116 120
7 54 90 98 109 113 116 120
7 54 90 101 105 108 113 114
7 54 90 101 105 113 114 124
7 54 90 101 106 108 116 121
7 54 90 108 113 114 116 120
7 54 90 109 110 113 116 120
7 54 90 109 110 114 116 120
7 54 90 109 113 114 116 120
7 54 90 110 114 117 121 124
7 54 90 111 114 117 121 124
7 54 91 92 101 102 105 120
7 54 91 92 101 105 106 116
7 54 91 93 97 102 108 120
7 54 91 93 99 102 108 120
7 54 91 93 102 105 108 114
7 54 91 94 98 101 108 120
7 54 91 97 98 108 116 120
7 54 91 98 105 108 116 120
7 54 91 98 108 113 116 120
7 54 91 101 106 108 116 120
7 54 91 102 105 108 116 120
7 54 91 109 110 113 116 120
7 54 93 94 99 100 105 120
7 54 93 97 106 108 114 120
7 54 93 97 106 114 116 120
7 54 93 102 106 114 121 124
7 54 93 105 106 114 116 120
7 54 93 106 108 113 114 120
7 54 93 107 110 114 116 120
7 54 94 98 100 105 113 120
7 54 94 98 105 108 113 120
7 54 94 98 105 113 116 120
7 54 94 101 105 106 113 120
7 54 94 101 106 108 114 121
7 54 94 101 106 114 121 124
7 54 94 102 105 106 113 124
7 54 94 102 105 108 113 120
7 54 94 102 105 113 122 124
7 54 94 105 108 113 114 120
7 54 94 105 108 114 116 120
7 54 94 105 110 114 116 120
7 54 94 107 109 113 116 120
7 54 94 107 114 117 121 124
7 54 95 101 106 108 114 121
7 54 95 101 106 114 121 124
7 54 95 102 105 106 113 124
7 54 95 102 105 113 122 124
7 54 95 105 110 114 116 120
7 55 56 73 74 84 108 112
7 55 56 73 74 85 108 114
7 55 56 73 78 81 106 116
7 55 56 73 78 88 99 116
7 55 56 73 81 86 106 108
7 55 56 74 76 81 104 112
7 55 56 74 76 81 104 116
7 55 56 74 76 81 104 118
7 55 56 74 76 88 99 116
7 55 56 74 76 88 102 113
7 55 56 75 92 108 113 114
7 55 56 79 88 105 114 116
7 55 56 89 90 105 108 118
7 55 56 89 92 106 108 116
7 55 56 89 94 107 109 118
7 55 56 90 92 105 108 114
7 55 56 90 92 105 108 118
7 55 56 90 92 105 110 113
7 55 56 90 92 105 110 116
7 55 56 90 92 105 110 117
7 55 56 90 92 105 110 118
7 55 56 90 92 107 110 117
7 55 57 65 74 92 108 114
7 55 57 65 78 88 106 116
7 55 57 67 69 94 110 120
7 55 57 67 76 88 106 116
7 55 57 69 76 90 106 116
7 55 58 66 76 88 104 116
7 55 58 66 76 88 105 116
7 55 58 67 70 92 108 120
7 55 58 67 70 92 109 120
7 55 58 67 76 88 104 116
7 55 58 73 74 84 108 112
7 55 58 73 76 82 104 116
7 55 58 74 76 81 104 116
7 55 59 65 66 76 84 104
7 55 59 65 66 92 108 112
7 55 59 65 66 92 108 120
7 55 59 65 70 92 108 120
7 55 59 65 74 92 108 112
7 55 59 67 70 92 108 120
7 55 59 67 78 89 108 116
7 55 59 69 74 92 108 112
7 55 60 68 74 81 104 112
7 55 60 69 70 89 106 120
7 55 60 73 74 84 104 112
7 55 60 73 74 88 99 116
7 55 60 73 74 88 101 114
7 55 60 74 76 81 104 112
7 55 60 75 76 84 105 114
7 55 60 76 83 84 105 106
7 55 60 91 92 109 110 115
7 55 61 67 69 90 110 120
7 55 61 69 76 90 106 112
7 55 61 76 81 90 100 106
7 55 62 66 68 73 104 112
7 55 62 66 68 88 104 112
7 55 62 66 68 88 105 112
7 55 62 66 76 88 104 112
7 55 62 66 76 88 105 112
7 55 62 67 70 92 105 120
7 55 62 67 76 88 104 112
7 55 62 67 76 88 105 112
7 55 62 73 76 82 104 112
7 55 62 73 82 88 100 104
7 55 62 74 76 81 104 112
7 55 62 74 76 81 105 112
7 55 65 66 68 88 104 112
7 55 65 66 76 88 104 112
7 55 65 74 92 108 114 120
7 55 65 76 88 98 104 112
7 55 65 92 106 108 114 120
7 55 67 73 92 106 116 120
7 55 67 92 105 106 116 120
7 55 67 92 108 116 121 122
7 55 69 75 92 108 114 120
7 55 69 76 90 106 116 120
7 55 69 76 90 106 116 121
7 55 69 90 92 105 106 116
7 55 69 90 92 105 108 114
7 55 69 90 106 108 116 120
7 55 69 90 106 108 116 121
7 55 69 92 106 108 114 120
7 55 69 92 106 108 114 121
7 55 70 75 92 108 114 121
7 55 70 77 90 106 113 124
7 55 70 90 92 105 108 114
7 55 70 92 106 108 114 121
7 55 73 74 85 108 114 120
7 55 73 76 88 104 114 116
7 55 73 78 81 106 116 120
7 55 73 78 88 104 114 116
7 55 73 81 86 106 108 120
7 55 73 81 92 102 106 120
7 55 73 82 92 97 110 120
7 55 73 82 92 101 106 120
7 55 73 86 88 106 108 112
7 55 73 86 88 106 108 113
7 55 73 86 106 108 113 120
7 55 73 88 106 108 113 118
7 55 73 90 98 108 116 120
7 55 73 90 108 114 116 120
7 55 73 92 97 110 114 120
7 55 73 92 101 106 114 120
7 55 73 94 110 113 122 124
7 55 74 76 88 104 113 118
7 55 74 81 92 98 108 120
7 55 74 82 92 100 105 120
7 55 74 89 98 108 116 120
7 55 74 92 97 108 114 120
7 55 74 92 98 108 113 120
7 55 74 92 108 113 114 120
7 55 75 76 84 100 121 122
7 55 75 92 97 108 114 120
7 55 75 92 108 113 114 120
7 55 75 92 108 113 116 122
7 55 75 92 108 116 121 122
7 55 76 81 88 98 104 112
7 55 76 82 84 98 105 120
7 55 76 82 98 100 105 120
7 55 76 84 89 100 106 120
7 55 76 84 90 102 105 120
7 55 76 84 100 107 121 122
7 55 76 88 97 98 104 112
7 55 77 90 106 118 121 124
7 55 77 92 100 106 114 120
7 55 77 94 100 106 113 120
7 55 78 83 101 121 122 124
7 55 78 88 105 106 113 116
7 55 78 89 105 118 122 124
7 55 78 90 106 117 121 124
7 55 78 92 100 105 113 122
7 55 78 92 100 105 114 120
7 55 78 92 100 105 115 120
7 55 78 92 108 116 121 122
7 55 79 89 105 118 122 124
7 55 79 92 108 116 121 122
7 55 81 92 106 108 114 120
7 55 82 92 105 106 116 120
7 55 84 90 109 110 113 120
7 55 86 88 105 106 108 113
7 55 86 89 97 106 108 120
7 55 86 89 106 108 113 120
7 55 86 90 106 109 121 124
7 55 86 92 100 105 106 120
7 55 87 92 100 105 106 120
7 55 89 90 105 108 118 120
7 55 89 92 106 108 116 120
7 55 89 94 103 105 122 124
7 55 89 94 107 109 118 120
7 55 90 92 105 108 114 120
7 55 90 92 105 108 118 120
7 55 90 92 105 110 113 120
7 55 90 92 105 110 116 120
7 55 90 92 105 110 117 120
7 55 90 92 105 110 118 120
7 55 90 92 107 110 117 120
7 55 91 94 109 110 118 121
7 55 91 97 98 108 116 120
7 55 91 101 106 108 116 120
7 55 91 109 110 117 122 124
7 55 91 109 113 118 122 124
7 55 95 105 110 113 122 124
7 56 65 66 68 72 80 96
7 56 65 66 68 88 104 112
7 56 65 66 88 100 104 112
7 56 65 66 92 100 104 112
7 56 65 70 82 88 100 104
7 56 65 70 88 98 100 112
7 56 65 70 88 98 104 116
7 56 65 70 88 100 104 112
7 56 65 70 88 104 114 116
7 56 65 74 84 88 98 100
7 56 65 74 84 98 100 112
7 56 65 74 84 100 104 112
7 56 65 74 84 102 104 112
7 56 65 76 82 98 104 116
7 56 65 76 84 88 98 100
7 56 65 76 88 104 114 116
7 56 65 78 88 104 114 116
7 56 65 82 88 100 104 112
7 56 65 84 88 98 108 112
7 56 65 84 90 102 108 112
7 56 65 86 88 106 108 116
7 56 65 88 98 100 104 112
7 56 65 88 102 104 114 116
7 56 65 92 98 100 104 112
7 56 65 94 98 100 104 112
7 56 67 69 70 88 104 112
7 56 67 69 82 100 104 112
7 56 67 69 88 102 104 112
7 56 67 69 92 98 104 112
7 56 67 70 88 100 104 112
7 56 67 73 84 98 100 112
7 56 67 73 86 100 104 112
7 56 67 74 84 100 104 112
7 56 67 76 84 88 97 98
7 56 67 76 84 88 98 100
7 56 67 76 84 97 98 112
7 56 67 76 88 97 98 116
7 56 67 76 88 97 114 116
7 56 67 76 88 104 113 118
7 56 67 76 88 104 114 116
7 56 67 76 88 104 117 118
7 56 67 81 92 98 100 104
7 56 67 84 88 97 108 114
7 56 67 84 88 97 110 112
7 56 67 84 88 98 108 112
7 56 67 84 88 101 106 112
7 56 67 86 88 106 108 116
7 56 67 88 97 108 114 116
7 56 67 92 98 100 104 112
7 56 69 70 73 88 100 114
7 56 69 70 88 100 105 114
7 56 69 73 74 84 100 114
7 56 69 74 81 98 104 116
7 56 69 74 84 88 98 100
7 56 69 74 84 88 99 100
7 56 69 74 84 100 104 112
7 56 69 74 84 100 104 114
7 56 69 74 84 100 104 115
7 56 69 76 88 104 114 116
7 56 69 78 88 104 114 116
7 56 69 82 88 100 104 112
7 56 69 88 98 100 104 112
7 56 70 73 84 88 98 100
7 56 70 73 84 100 104 114
7 56 70 73 88 104 114 116
7 56 70 74 84 97 104 112
7 56 70 76 84 88 97 98
7 56 70 81 88 98 100 104
7 56 70 81 88 98 100 112
7 56 70 81 88 98 104 116
7 56 70 81 88 98 108 112
7 56 70 81 98 100 104 112
7 56 70 82 88 97 100 104
7 56 70 88 97 98 100 112
7 56 70 88 97 98 104 116
7 56 70 88 97 104 114 116
7 56 70 88 98 104 113 116
7 56 70 88 104 113 114 116
7 56 71 73 88 104 114 116
7 56 71 73 88 108 114 116
7 56 71 73 88 110 114 116
7 56 71 73 90 108 114 116
7 56 71 74 88 108 113 118
7 56 71 74 92 108 113 114
7 56 71 76 88 104 113 118
7 56 71 76 88 104 114 116
7 56 71 76 88 105 114 116
7 56 71 78 88 104 114 116
7 56 71 81 88 98 100 104
7 56 71 84 89 100 106 112
7 56 71 86 88 106 108 113
7 56 71 88 97 104 114 116
7 56 71 88 104 113 114 116
7 56 71 88 105 108 114 116
7 56 71 88 106 108 113 118
7 56 73 74 86 97 100 112
7 56 73 81 86 98 100 104
7 56 73 82 84 97 102 104
7 56 73 82 84 97 110 112
7 56 73 82 84 99 108 112
7 56 73 82 84 102 104 112
7 56 73 82 84 102 104 113
7 56 73 82 84 103 104 112
7 56 73 82 88 100 104 112
7 56 73 82 102 104 113 116
7 56 73 84 88 98 100 112
7 56 73 84 98 100 104 112
7 56 73 86 88 97 98 100
7 56 73 86 88 99 108 116
7 56 73 86 88 101 104 114
7 56 73 86 88 101 108 114
7 56 73 86 88 101 110 114
7 56 73 86 98 100 104 112
7 56 73 88 102 104 114 116
7 56 73 88 102 104 114 117
7 56 73 92 102 104 113 114
7 56 73 92 102 104 114 116
7 56 73 92 102 104 114 117
7 56 73 94 102 104 114 116
7 56 73 97 102 104 114 116
7 56 73 102 104 113 114 116
7 56 74 81 84 98 100 104
7 56 74 81 84 98 100 112
7 56 74 81 84 98 108 112
7 56 74 81 84 102 104 112
7 56 74 82 84 97 100 104
7 56 74 84 88 97 98 100
7 56 74 84 97 98 100 112
7 56 74 84 97 102 104 112
7 56 74 85 88 99 108 118
7 56 74 86 88 101 108 114
7 56 74 88 101 104 114 116
7 56 74 92 102 104 114 117
7 56 75 81 84 102 108 112
7 56 75 82 84 101 110 112
7 56 75 85 88 102 104 112
7 56 75 92 101 106 113 118
7 56 75 92 102 104 114 117
7 56 75 92 103 104 113 118
7 56 75 94 101 104 113 118
7 56 76 81 84 98 100 104
7 56 76 81 88 98 104 116
7 56 76 81 88 102 104 116
7 56 76 82 88 97 98 116
7 56 76 82 97 98 104 116
7 56 76 82 98 104 113 116
7 56 76 83 88 101 104 118
7 56 76 83 88 101 106 116
7 56 76 84 88 97 98 100
7 56 76 84 88 97 98 112
7 56 76 86 88 97 106 116
7 56 76 86 88 99 104 116
7 56 76 88 97 104 114 116
7 56 76 88 99 104 117 118
7 56 76 88 101 104 114 116
7 56 76 88 104 113 114 116
7 56 76 88 104 115 117 118
7 56 76 90 102 104 113 116
7 56 77 81 84 102 106 112
7 56 77 82 84 102 106 112
7 56 77 82 84 102 106 113
7 56 77 84 90 99 100 112
7 56 77 86 88 99 104 116
7 56 77 90 99 104 117 118
7 56 77 90 102 104 113 116
7 56 77 90 102 104 114 116
7 56 78 81 84 99 108 112
7 56 78 81 84 102 105 112
7 56 78 81 97 104 114 116
7 56 78 82 84 102 105 112
7 56 78 83 88 101 104 118
7 56 78 83 88 101 106 116
7 56 78 86 88 97 106 116
7 56 78 86 89 97 98 100
7 56 78 88 97 104 114 116
7 56 78 88 101 104 114 116
7 56 78 88 103 104 114 116
7 56 78 88 104 113 114 116
7 56 78 88 104 115 117 118
7 56 78 88 105 113 114 116
7 56 78 88 105 115 117 118
7 56 78 88 108 113 114 116
7 56 78 89 97 104 114 116
7 56 78 89 102 104 114 116
7 56 78 89 103 104 114 116
7 56 78 90 101 104 114 116
7 56 78 90 102 104 113 116
7 56 78 92 97 104 114 116
7 56 78 92 100 104 113 114
7 56 78 92 101 104 113 114
7 56 78 93 99 104 114 116
7 56 79 88 104 113 114 116
7 56 79 88 104 115 117 118
7 56 79 88 108 113 114 116
7 56 79 88 110 113 114 116
7 56 79 89 103 104 114 116
7 56 79 90 102 104 113 116
7 56 79 90 108 113 114 116
7 56 79 92 100 104 113 114
7 56 79 94 98 104 113 116
7 56 79 94 99 104 113 116
7 56 81 82 101 106 108 112
7 56 81 86 97 106 108 112
7 56 81 88 98 100 104 112
7 56 81 88 99 102 108 112
7 56 81 88 102 104 114 116
7 56 81 88 105 110 114 116
7 56 81 92 97 102 106 112
7 56 81 92 98 100 104 112
7 56 81 94 98 100 104 112
7 56 83 88 109 110 114 116
7 56 83 92 97 102 104 112
7 56 83 92 98 100 104 112
7 56 83 92 103 105 106 116
7 56 84 88 97 98 108 112
7 56 84 90 97 102 108 112
7 56 85 88 105 110 114 116
7 56 85 88 106 108 113 114
7 56 85 88 106 108 113 118
7 56 85 90 97 98 108 112
7 56 85 90 105 110 114 116
7 56 86 88 97 106 108 116
7 56 86 88 99 101 104 112
7 56 86 88 101 106 108 114
7 56 86 88 103 106 108 113
7 56 86 88 105 108 114 116
7 56 86 88 105 110 114 116
7 56 86 88 106 108 113 116
7 56 86 89 98 100 104 112
7 56 86 92 97 100 106 112
7 56 87 88 105 110 114 116
7 56 87 88 106 108 113 116
7 56 87 88 106 108 113 118
7 56 87 89 99 106 108 116
7 56 87 90 98 105 108 116
7 56 88 97 98 100 104 112
7 56 88 97 102 104 114 116
7 56 88 99 101 102 104 112
7 56 88 102 104 113 114 116
7 56 88 103 104 113 114 116
7 56 88 103 105 108 114 116
7 56 88 103 106 108 113 118
7 56 89 92 103 106 114 116
7 56 89 94 98 100 104 112
7 56 89 94 99 101 104 118
7 56 89 94 99 101 106 116
7 56 89 94 103 105 114 116
7 56 89 97 102 104 114 116
7 56 89 103 106 108 113 118
7 56 90 92 97 100 104 112
7 56 90 92 97 102 104 112
7 56 90 92 97 102 104 116
7 56 90 92 101 102 104 112
7 56 90 92 101 102 104 113
7 56 90 92 101 102 104 114
7 56 90 92 103 106 113 116
7 56 90 93 99 102 104 116
7 56 91 92 101 102 104 112
7 56 91 94 98 101 104 116
7 56 92 97 98 100 104 112
7 56 92 99 104 113 114 116
7 56 92 103 106 108 113 114
7 56 93 94 98 100 104 112
7 56 93 94 99 100 104 112
7 56 93 94 99 101 104 114
7 56 93 94 99 102 104 112
7 56 94 97 98 100 104 112
7 56 94 103 105 106 113 116
7 56 95 97 98 100 104 112
7 57 58 66 72 84 100 112
7 57 58 66 76 84 100 112
7 57 58 66 76 84 100 120
7 57 58 67 70 92 108 116
7 57 58 67 76 84 100 112
7 57 58 67 76 84 100 120
7 57 58 67 77 86 102 124
7 57 58 69 76 82 98 116
7 57 58 70 73 84 100 112
7 57 58 70 76 84 100 120
7 57 58 70 76 88 97 116
7 57 58 70 84 88 97 100
7 57 58 71 76 84 100 120
7 57 58 71 76 84 102 120
7 57 58 71 76 85 102 120
7 57 58 71 76 90 101 116
7 57 58 71 85 106 108 116
7 57 58 71 90 101 108 116
7 57 58 71 92 100 104 112
7 57 58 71 92 108 116 120
7 57 58 71 92 108 118 120
7 57 58 71 94 97 108 116
7 57 58 71 94 98 108 116
7 57 58 74 76 85 102 112
7 57 58 75 76 85 102 116
7 57 58 75 85 102 108 116
7 57 58 76 81 84 102 104
7 57 58 76 84 88 98 100
7 57 58 76 84 88 99 100
7 57 58 77 86 98 100 120
7 57 58 77 86 102 113 120
7 57 58 78 85 102 113 120
7 57 58 78 86 101 105 116
7 57 58 85 89 102 108 114
7 57 58 85 90 102 108 120
7 57 58 86 90 101 108 112
7 57 58 86 90 101 108 120
7 57 58 89 92 102 106 116
7 57 58 91 92 103 108 116
7 57 60 67 69 90 106 116
7 57 60 67 76 82 98 100
7 57 60 67 76 82 98 116
7 57 60 67 76 84 100 122
7 57 60 69 70 82 98 104
7 57 60 69 70 90 106 116
7 57 60 69 74 82 98 100
7 57 60 69 74 82 98 116
7 57 60 69 74 82 102 112
7 57 60 69 75 86 102 120
7 57 60 70 73 82 98 100
7 57 60 70 73 84 100 122
7 57 60 70 74 81 100 114
7 57 60 70 74 88 100 114
7 57 60 70 76 82 97 98
7 57 60 70 76 82 98 112
7 57 60 70 76 82 98 113
7 57 60 70 76 88 98 116
7 57 60 70 82 88 98 100
7 57 60 70 84 88 98 104
7 57 60 71 74 88 100 114
7 57 60 71 78 92 99 114
7 57 60 71 86 89 102 106
7 57 60 71 89 110 114 116
7 57 60 71 90 98 104 116
7 57 60 71 90 98 108 116
7 57 60 71 90 106 116 120
7 57 60 71 92 97 106 114
7 57 60 71 92 105 118 122
7 57 60 71 92 106 114 116
7 57 60 71 92 108 115 122
7 57 60 71 92 108 116 122
7 57 60 71 94 98 104 112
7 57 60 73 74 86 99 116
7 57 60 73 74 86 102 112
7 57 60 73 74 86 102 113
7 57 60 73 82 84 102 104
7 57 60 74 82 84 102 104
7 57 60 74 82 84 103 104
7 57 60 74 82 92 98 101
7 57 60 74 86 88 98 101
7 57 60 75 85 86 102 106
7 57 60 75 86 102 116 120
7 57 60 75 92 101 118 122
7 57 60 75 92 103 118 120
7 57 60 76 82 84 102 104
7 57 60 76 82 88 98 100
7 57 60 77 86 99 116 122
7 57 60 77 86 102 113 122
7 57 60 77 90 103 118 120
7 57 60 78 86 97 98 112
7 57 60 78 86 97 98 120
7 57 60 78 86 99 116 120
7 57 60 78 86 102 113 120
7 57 60 78 89 101 118 122
7 57 60 78 89 103 118 120
7 57 60 78 90 102 117 120
7 57 60 78 92 101 115 122
7 57 60 78 92 108 113 114
7 57 60 79 90 106 117 118
7 57 60 85 90 102 106 120
7 57 60 86 89 102 106 120
7 57 60 89 90 103 108 118
7 57 60 90 92 99 108 116
7 57 60 90 92 102 108 113
7 57 60 90 92 103 105 114
7 57 60 90 92 103 105 118
7 57 60 90 92 103 108 115
7 57 62 65 72 80 98 100
7 57 62 65 74 84 98 100
7 57 62 65 74 84 100 112
7 57 62 65 76 82 98 116
7 57 62 65 76 84 100 122
7 57 62 65 76 88 98 116
7 57 62 65 82 88 100 104
7 57 62 65 84 88 98 100
7 57 62 66 68 72 80 96
7 57 62 66 68 88 104 112
7 57 62 66 76 84 100 120
7 57 62 67 69 82 100 104
7 57 62 67 69 82 108 112
7 57 62 67 69 88 104 118
7 57 62 67 69 88 106 116
7 57 62 67 69 89 110 118
7 57 62 67 69 90 108 118
7 57 62 67 69 92 108 114
7 57 62 67 76 84 100 120
7 57 62 67 76 84 100 122
7 57 62 67 76 84 102 120
7 57 62 67 76 88 98 116
7 57 62 67 78 85 101 122
7 57 62 67 82 84 97 108
7 57 62 69 73 82 98 100
7 57 62 69 73 82 98 124
7 57 62 69 73 82 102 120
7 57 62 69 73 82 106 116
7 57 62 69 73 86 106 116
7 57 62 69 74 81 98 116
7 57 62 69 74 82 102 124
7 57 62 69 74 86 102 120
7 57 62 69 74 86 108 114
7 57 62 69 76 82 98 112
7 57 62 69 76 88 98 116
7 57 62 69 76 90 99 116
7 57 62 69 78 81 98 112
7 57 62 69 82 88 98 100
7 57 62 69 82 88 100 104
7 57 62 70 76 88 98 116
7 57 62 70 82 88 100 104
7 57 62 71 82 88 100 104
7 57 62 71 91 98 108 116
7 57 62 71 94 100 104 112
7 57 62 73 82 84 102 104
7 57 62 73 82 84 103 104
7 57 62 73 84 88 98 100
7 57 62 74 76 81 101 114
7 57 62 74 82 84 101 104
7 57 62 74 84 88 98 100
7 57 62 76 82 84 102 104
7 57 62 76 84 88 98 100
7 57 62 79 87 98 100 120
7 57 62 79 90 108 115 117
7 57 62 87 90 103 108 120
7 57 65 70 76 88 98 116
7 57 65 70 82 88 100 104
7 57 65 70 88 98 100 112
7 57 65 70 88 98 104 116
7 57 65 70 88 98 108 116
7 57 65 70 88 104 114 116
7 57 65 70 90 98 108 116
7 57 65 70 90 108 114 116
7 57 65 70 92 108 116 122
7 57 65 70 98 100 104 112
7 57 65 70 98 108 116 120
7 57 65 74 84 88 98 100
7 57 65 74 84 98 100 112
7 57 65 74 84 98 100 120
7 57 65 74 84 102 104 112
7 57 65 76 82 84 102 104
7 57 65 76 82 98 104 116
7 57 65 76 82 98 116 120
7 57 65 76 90 102 116 120
7 57 65 78 82 102 116 120
7 57 65 78 84 100 114 120
7 57 65 78 86 98 100 120
7 57 65 78 86 102 122 124
7 57 65 78 88 104 114 116
7 57 65 78 92 108 114 116
7 57 65 78 102 114 116 120
7 57 65 82 84 102 104 112
7 57 65 82 92 102 106 116
7 57 65 82 98 108 116 120
7 57 65 84 90 102 108 112
7 57 65 86 88 106 108 116
7 57 65 86 90 102 108 112
7 57 65 86 90 102 108 120
7 57 65 86 106 108 116 120
7 57 65 86 110 114 116 120
7 57 65 88 102 104 114 116
7 57 65 90 92 102 106 116
7 57 65 90 98 108 116 120
7 57 65 90 102 108 116 120
7 57 65 90 108 114 116 120
7 57 65 92 102 106 114 116
7 57 65 92 102 108 116 122
7 57 65 92 110 114 116 120
7 57 65 94 98 100 104 112
7 57 65 94 98 108 116 120
7 57 65 94 102 108 116 120
7 57 65 94 102 108 116 122
7 57 65 94 110 114 116 120
7 57 65 94 110 118 122 124
7 57 67 69 90 108 118 120
7 57 67 69 92 102 114 120
7 57 67 69 92 110 118 120
7 57 67 69 94 102 104 112
7 57 67 69 94 110 118 120
7 57 67 70 76 88 98 116
7 57 67 70 88 98 108 116
7 57 67 70 92 108 116 122
7 57 67 70 98 108 116 120
7 57 67 73 86 110 116 120
7 57 67 73 92 102 116 122
7 57 67 73 92 110 114 116
7 57 67 76 82 84 102 104
7 57 67 76 86 97 102 120
7 57 67 78 81 108 114 116
7 57 67 78 92 108 114 116
7 57 67 81 86 106 108 116
7 57 67 81 92 102 108 114
7 57 67 86 88 106 108 116
7 57 67 86 106 108 116 120
7 57 67 90 92 102 105 116
7 57 67 90 97 102 108 116
7 57 67 90 102 108 116 120
7 57 67 92 97 102 108 114
7 57 67 92 97 102 116 122
7 57 67 92 97 108 118 122
7 57 67 92 97 110 114 116
7 57 67 92 97 110 118 120
7 57 67 92 101 106 118 120
7 57 67 92 102 105 116 122
7 57 67 92 102 108 116 122
7 57 67 92 106 108 113 118
7 57 67 92 108 113 118 122
7 57 67 92 110 114 116 120
7 57 67 93 101 110 118 122
7 57 67 94 98 108 116 120
7 57 67 94 102 108 116 120
7 57 67 94 102 108 116 122
7 57 69 73 86 110 114 124
7 57 69 73 94 110 114 116
7 57 69 74 92 97 102 114
7 57 69 74 92 102 114 120
7 57 69 74 97 102 114 124
7 57 69 76 90 102 116 120
7 57 69 78 82 98 116 120
7 57 69 78 88 104 114 116
7 57 69 82 92 102 106 112
7 57 69 84 100 106 114 120
7 57 69 86 88 106 108 116
7 57 69 86 90 102 108 120
7 57 69 86 106 108 116 120
7 57 69 90 92 102 106 116
7 57 69 90 97 110 118 124
7 57 69 90 102 108 116 120
7 57 69 90 108 114 116 120
7 57 69 92 100 106 114 120
7 57 69 92 110 114 116 120
7 57 69 94 98 100 104 112
7 57 69 94 98 108 116 120
7 57 69 94 110 114 116 120
7 57 69 94 110 118 122 124
7 57 70 73 76 82 98 116
7 57 70 73 82 98 108 116
7 57 70 73 90 108 114 116
7 57 70 74 92 108 113 114
7 57 70 74 98 108 113 116
7 57 70 77 82 98 116 120
7 57 70 81 90 98 108 116
7 57 70 82 89 98 108 116
7 57 70 90 97 98 108 116
7 57 70 90 97 108 114 116
7 57 70 90 98 108 113 116
7 57 70 90 105 108 114 116
7 57 70 90 108 113 114 116
7 57 70 92 97 108 116 122
7 57 71 73 88 110 114 116
7 57 71 73 90 108 114 116
7 57 71 73 94 98 100 112
7 57 71 76 90 102 116 120
7 57 71 78 88 104 114 116
7 57 71 81 86 106 108 112
7 57 71 86 90 102 108 120
7 57 71 88 106 108 113 118
7 57 71 90 92 102 106 116
7 57 71 90 97 108 114 116
7 57 71 90 98 108 116 120
7 57 71 90 102 108 116 120
7 57 71 90 108 114 116 120
7 57 71 92 102 105 116 122
7 57 71 92 110 113 116 122
7 57 71 93 97 110 118 122
7 57 71 93 110 113 118 122
7 57 71 94 98 100 104 112
7 57 71 94 102 105 114 124
7 57 71 94 105 108 114 116
7 57 71 94 110 114 116 120
7 57 71 94 110 118 122 124
7 57 71 97 110 114 116 120
7 57 71 106 108 113 118 120
7 57 71 110 113 118 122 124
7 57 73 74 86 102 113 124
7 57 73 76 86 98 100 112
7 57 73 78 85 102 114 120
7 57 73 78 86 98 100 112
7 57 73 78 102 114 116 120
7 57 73 81 86 102 106 124
7 57 73 81 94 102 106 116
7 57 73 82 84 102 104 112
7 57 73 82 84 102 108 112
7 57 73 82 92 102 106 116
7 57 73 85 90 102 108 114
7 57 73 86 88 101 110 114
7 57 73 86 90 102 108 112
7 57 73 86 90 102 108 113
7 57 73 86 97 102 122 124
7 57 73 86 97 110 114 124
7 57 73 86 98 100 104 112
7 57 73 86 98 108 116 120
7 57 73 86 101 106 114 124
7 57 73 86 101 110 114 120
7 57 73 86 102 106 113 124
7 57 73 86 102 113 122 124
7 57 73 86 110 114 116 120
7 57 73 88 102 104 114 116
7 57 73 90 108 114 116 120
7 57 73 92 102 104 114 116
7 57 73 92 102 106 114 116
7 57 73 92 102 114 116 120
7 57 73 92 110 114 116 120
7 57 73 94 102 104 114 116
7 57 73 94 110 114 116 120
7 57 74 76 86 102 113 120
7 57 74 81 86 102 108 120
7 57 74 82 92 101 102 120
7 57 74 86 88 101 108 114
7 57 74 86 98 108 117 120
7 57 74 86 101 108 114 120
7 57 74 86 102 108 113 120
7 57 74 92 101 102 114 120
7 57 74 92 102 104 114 117
7 57 74 92 102 108 113 114
7 57 74 92 102 114 117 120
7 57 74 92 108 115 118 120
7 57 75 76 86 102 116 120
7 57 75 86 98 108 116 120
7 57 75 86 102 108 116 120
7 57 75 92 110 117 118 120
7 57 75 94 103 117 122 124
7 57 75 94 110 115 117 124
7 57 76 81 90 102 104 116
7 57 76 84 90 97 102 120
7 57 76 84 90 99 100 120
7 57 76 84 90 101 102 120
7 57 76 85 90 102 106 116
7 57 76 86 89 102 106 116
7 57 76 86 90 101 102 120
7 57 76 86 97 106 116 120
7 57 76 86 100 106 113 120
7 57 76 86 102 105 116 122
7 57 76 87 102 105 116 122
7 57 76 90 97 102 116 120
7 57 76 90 101 102 116 120
7 57 76 90 102 104 113 116
7 57 76 90 102 113 116 120
7 57 77 81 86 102 106 112
7 57 77 82 84 102 106 112
7 57 77 86 89 102 106 116
7 57 77 86 102 106 114 124
7 57 77 86 102 108 113 122
7 57 77 86 102 113 122 124
7 57 77 86 110 113 116 122
7 57 77 86 110 114 116 120
7 57 77 86 110 115 116 120
7 57 77 90 102 104 114 116
7 57 77 90 102 105 114 116
7 57 77 90 102 114 116 120
7 57 77 90 106 113 118 124
7 57 78 81 82 102 105 116
7 57 78 81 86 97 106 116
7 57 78 81 97 102 114 124
7 57 78 81 97 118 122 124
7 57 78 81 101 106 114 116
7 57 78 81 102 105 114 116
7 57 78 81 102 114 116 120
7 57 78 81 108 114 116 120
7 57 78 82 84 97 102 120
7 57 78 82 84 102 105 112
7 57 78 82 97 102 116 120
7 57 78 82 98 101 116 120
7 57 78 82 102 113 116 120
7 57 78 83 88 101 104 118
7 57 78 83 101 118 122 124
7 57 78 84 97 100 114 120
7 57 78 84 100 113 114 120
7 57 78 84 108 113 114 120
7 57 78 85 90 102 106 116
7 57 78 85 97 102 114 120
7 57 78 86 88 97 98 100
7 57 78 86 89 97 98 100
7 57 78 86 89 102 106 116
7 57 78 86 90 101 102 120
7 57 78 86 97 98 100 120
7 57 78 86 97 98 116 120
7 57 78 86 97 102 122 124
7 57 78 86 97 106 116 120
7 57 78 86 98 100 113 120
7 57 78 86 98 105 116 120
7 57 78 86 101 106 116 120
7 57 78 86 102 105 114 124
7 57 78 86 102 105 116 120
7 57 78 86 102 113 122 124
7 57 78 88 97 104 114 116
7 57 78 88 103 104 114 116
7 57 78 88 104 113 114 116
7 57 78 88 104 115 117 118
7 57 78 88 108 113 114 116
7 57 78 89 101 118 122 124
7 57 78 89 102 104 114 116
7 57 78 89 102 105 114 116
7 57 78 89 102 114 116 120
7 57 78 90 101 104 114 116
7 57 78 90 101 114 116 120
7 57 78 90 102 104 113 116
7 57 78 90 102 113 116 120
7 57 78 90 106 117 118 124
7 57 78 90 108 113 114 116
7 57 78 92 97 104 114 116
7 57 78 92 97 108 114 116
7 57 78 92 99 108 114 116
7 57 78 92 100 104 113 114
7 57 78 92 108 113 114 116
7 57 78 92 108 113 118 120
7 57 78 92 108 113 118 122
7 57 78 92 108 115 118 120
7 57 78 101 106 113 118 120
7 57 78 102 105 113 114 116
7 57 78 108 113 114 116 120
7 57 79 83 101 118 122 124
7 57 79 86 103 113 122 124
7 57 79 86 110 113 116 120
7 57 79 86 110 114 116 120
7 57 79 87 97 102 122 124
7 57 79 88 110 113 114 116
7 57 79 92 110 113 114 116
7 57 79 97 102 114 116 120
7 57 79 110 113 114 116 120
7 57 81 84 102 106 108 112
7 57 81 86 102 106 108 112
7 57 81 86 106 108 116 120
7 57 81 88 102 104 114 116
7 57 81 90 98 108 116 120
7 57 81 90 102 108 116 120
7 57 81 92 102 106 114 116
7 57 81 92 102 108 116 122
7 57 81 94 98 100 104 112
7 57 81 94 102 108 116 120
7 57 81 94 102 108 116 122
7 57 82 92 97 102 106 116
7 57 82 92 97 110 116 120
7 57 82 92 99 110 116 120
7 57 82 92 101 102 106 112
7 57 82 92 102 106 113 116
7 57 83 92 101 106 118 120
7 57 83 92 101 110 114 120
7 57 83 92 101 110 116 122
7 57 83 92 102 106 108 116
7 57 83 93 101 110 118 122
7 57 83 94 101 102 106 124
7 57 83 94 103 109 116 122
7 57 84 90 97 102 108 112
7 57 84 90 102 108 113 120
7 57 85 86 107 110 116 120
7 57 85 90 97 102 108 114
7 57 85 90 102 106 108 116
7 57 85 90 102 106 113 124
7 57 85 90 102 108 113 114
7 57 85 90 105 110 114 116
7 57 85 90 105 110 118 120
7 57 85 90 105 110 118 124
7 57 85 90 106 108 113 118
7 57 85 92 102 106 108 114
7 57 85 92 107 110 114 116
7 57 85 94 99 110 116 120
7 57 85 94 102 105 108 114
7 57 85 94 102 106 108 114
7 57 85 94 105 110 114 116
7 57 85 99 106 108 118 120
7 57 85 105 110 118 122 124
7 57 86 88 97 106 108 116
7 57 86 88 101 106 108 114
7 57 86 88 105 110 114 116
7 57 86 88 106 108 113 116
7 57 86 89 101 110 114 120
7 57 86 89 101 110 114 124
7 57 86 89 101 110 116 122
7 57 86 89 102 106 108 116
7 57 86 89 102 106 113 124
7 57 86 89 103 108 116 122
7 57 86 90 97 98 108 116
7 57 86 90 97 102 108 112
7 57 86 90 97 102 108 120
7 57 86 90 97 106 108 116
7 57 86 90 98 101 108 112
7 57 86 90 98 101 108 120
7 57 86 90 98 105 108 116
7 57 86 90 101 102 108 120
7 57 86 90 101 106 108 116
7 57 86 90 101 108 114 120
7 57 86 90 101 110 114 124
7 57 86 90 102 105 108 113
7 57 86 90 102 105 108 116
7 57 86 90 102 108 113 120
7 57 86 90 109 110 114 116
7 57 86 90 109 110 115 116
7 57 86 92 97 100 106 112
7 57 86 92 97 100 106 120
7 57 86 92 99 108 116 122
7 57 86 92 99 110 116 120
7 57 86 92 101 106 108 114
7 57 86 92 102 105 106 116
7 57 86 92 102 105 116 122
7 57 86 92 105 110 114 116
7 57 86 92 106 108 113 116
7 57 86 97 106 108 116 120
7 57 86 102 105 106 113 124
7 57 86 102 105 113 122 124
7 57 86 106 108 113 116 120
7 57 87 88 105 110 114 116
7 57 87 88 106 108 113 118
7 57 87 89 103 110 122 124
7 57 87 97 106 108 118 120
7 57 87 105 110 114 116 120
7 57 87 105 110 118 122 124
7 57 87 106 108 113 118 120
7 57 89 90 102 108 116 120
7 57 89 92 102 106 114 116
7 57 89 92 102 108 116 122
7 57 89 92 103 106 118 120
7 57 89 94 103 109 118 122
7 57 89 97 110 118 122 124
7 57 89 101 110 118 122 124
7 57 89 103 110 114 116 120
7 57 89 110 113 118 122 124
7 57 90 92 97 102 104 112
7 57 90 92 97 102 104 116
7 57 90 92 97 102 106 116
7 57 90 92 97 102 108 116
7 57 90 92 99 102 108 116
7 57 90 92 99 108 116 120
7 57 90 92 101 102 104 112
7 57 90 92 101 102 104 114
7 57 90 92 101 102 105 114
7 57 90 92 101 102 106 116
7 57 90 92 101 102 114 120
7 57 90 92 101 106 118 120
7 57 90 92 101 108 118 120
7 57 90 92 101 110 118 120
7 57 90 92 102 105 116 120
7 57 90 92 102 106 113 116
7 57 90 92 103 106 113 116
7 57 90 92 103 108 118 120
7 57 90 92 103 110 118 120
7 57 90 97 98 108 116 120
7 57 90 97 102 108 116 120
7 57 90 97 108 114 116 120
7 57 90 99 108 117 118 120
7 57 90 101 102 105 114 124
7 57 90 101 102 108 116 120
7 57 90 101 106 108 113 118
7 57 90 101 106 113 118 124
7 57 90 102 108 113 116 120
7 57 90 105 108 114 116 120
7 57 90 108 113 114 116 120
7 57 90 108 115 117 118 120
7 57 91 93 103 110 118 120
7 57 92 99 101 106 118 120
7 57 93 94 99 102 108 114
7 57 93 97 102 106 114 116
7 57 93 97 102 106 114 124
7 57 93 97 110 118 122 124
7 57 93 99 101 110 118 122
7 57 93 99 110 118 122 124
7 57 93 101 110 118 122 124
7 57 93 110 113 118 122 124
7 57 94 97 98 100 104 112
7 57 94 97 98 108 116 120
7 57 94 97 102 108 116 120
7 57 94 97 102 108 116 122
7 57 94 97 102 114 116 120
7 57 94 97 108 114 116 120
7 57 94 97 110 114 116 120
7 57 94 97 110 118 122 124
7 57 94 99 101 106 116 120
7 57 94 99 102 108 116 120
7 57 94 99 108 114 117 120
7 57 94 101 102 105 114 120
7 57 94 101 102 105 114 124
7 57 94 101 102 106 114 124
7 57 94 101 105 106 114 116
7 57 94 101 106 113 114 116
7 57 94 101 106 113 114 124
7 57 94 101 106 113 118 120
7 57 94 101 106 114 116 120
7 57 94 101 108 114 116 120
7 57 94 101 110 114 116 120
7 57 94 101 110 118 122 124
7 57 94 102 105 106 113 116
7 57 94 102 105 108 114 116
7 57 94 102 105 113 114 116
7 57 94 102 105 113 114 124
7 57 94 102 105 113 122 124
7 57 94 102 105 114 116 120
7 57 94 102 108 113 116 120
7 57 94 102 108 113 116 122
7 57 94 105 108 114 116 120
7 57 94 106 108 113 118 120
7 57 94 106 108 117 118 120
7 57 94 107 108 117 118 120
7 57 94 107 110 117 118 120
7 57 94 110 113 114 116 120
7 57 94 110 113 118 122 124
7 57 94 111 113 114 116 120
7 57 94 111 113 118 122 124
7 57 95 97 102 108 116 122
7 57 95 97 110 114 116 120
7 57 95 97 110 118 122 124
7 57 95 101 102 106 114 124
7 57 95 101 110 114 116 120
7 57 95 101 110 118 122 124
7 57 95 102 108 113 116 122
7 57 95 106 108 113 118 120
7 57 95 106 108 117 118 120
7 57 95 107 110 117 118 120
7 57 95 111 113 118 122 124
7 58 60 65 68 72 80 96
7 58 60 65 68 88 104 112
7 58 60 65 70 72 80 96
7 58 60 65 70 82 100 104
7 58 60 65 70 88 100 112
7 58 60 65 70 88 104 112
7 58 60 65 70 88 104 116
7 58 60 65 70 92 108 114
7 58 60 65 72 82 100 112
7 58 60 65 74 84 100 112
7 58 60 65 74 84 100 120
7 58 60 65 76 82 100 112
7 58 60 65 76 84 100 120
7 58 60 67 70 88 104 116
7 58 60 67 70 92 108 113
7 58 60 67 70 92 108 114
7 58 60 67 73 84 100 112
7 58 60 67 73 92 102 113
7 58 60 67 76 84 100 120
7 58 60 67 76 88 97 116
7 58 60 67 84 88 97 100
7 58 60 67 86 88 97 108
7 58 60 69 70 74 81 97
7 58 60 69 70 81 98 104
7 58 60 69 70 82 97 104
7 58 60 69 70 88 97 112
7 58 60 69 70 88 98 112
7 58 60 69 70 88 104 112
7 58 60 69 70 88 104 113
7 58 60 69 70 90 108 113
7 58 60 69 72 80 97 98
7 58 60 69 73 82 100 112
7 58 60 69 73 86 106 116
7 58 60 69 74 82 97 100
7 58 60 69 74 82 100 112
7 58 60 69 74 82 100 113
7 58 60 69 74 82 100 120
7 58 60 69 74 82 100 121
7 58 60 69 74 84 97 98
7 58 60 69 74 84 100 120
7 58 60 69 74 88 97 116
7 58 60 69 74 88 97 118
7 58 60 69 76 82 98 112
7 58 60 69 76 82 98 113
7 58 60 69 76 88 97 114
7 58 60 69 81 88 102 104
7 58 60 69 82 88 97 100
7 58 60 69 82 88 97 104
7 58 60 69 84 88 97 98
7 58 60 70 72 81 97 112
7 58 60 70 73 83 101 120
7 58 60 70 73 84 97 112
7 58 60 70 73 88 100 113
7 58 60 70 74 81 97 100
7 58 60 70 74 84 97 112
7 58 60 70 74 85 105 116
7 58 60 70 75 81 101 112
7 58 60 70 76 81 97 112
7 58 60 70 76 81 97 120
7 58 60 70 76 83 101 120
7 58 60 70 76 89 99 116
7 58 60 70 76 89 101 114
7 58 60 70 81 88 97 100
7 58 60 70 82 88 97 100
7 58 60 70 84 88 97 104
7 58 60 71 73 88 102 113
7 58 60 71 74 88 97 116
7 58 60 71 76 89 99 116
7 58 60 71 76 89 101 114
7 58 60 71 81 88 102 104
7 58 60 71 84 88 97 104
7 58 60 71 86 99 108 121
7 58 60 71 89 97 106 116
7 58 60 71 89 99 104 116
7 58 60 71 89 99 108 116
7 58 60 71 89 99 116 120
7 58 60 71 89 101 106 116
7 58 60 71 89 102 105 116
7 58 60 71 89 106 113 116
7 58 60 71 89 110 113 116
7 58 60 71 90 97 104 116
7 58 60 71 90 108 118 120
7 58 60 71 90 108 118 121
7 58 60 71 91 97 108 116
7 58 60 71 92 97 104 112
7 58 60 71 92 98 104 112
7 58 60 71 92 98 104 113
7 58 60 71 92 102 114 121
7 58 60 71 92 107 113 116
7 58 60 71 92 108 114 120
7 58 60 71 92 108 114 121
7 58 60 71 93 101 106 114
7 58 60 71 94 100 105 113
7 58 60 71 94 102 105 113
7 58 60 73 74 85 102 113
7 58 60 73 74 85 103 112
7 58 60 73 74 86 101 112
7 58 60 73 81 84 102 104
7 58 60 73 81 86 101 106
7 58 60 73 81 86 103 104
7 58 60 73 85 88 99 102
7 58 60 73 86 88 97 102
7 58 60 74 81 84 102 104
7 58 60 74 81 84 103 104
7 58 60 74 81 88 97 100
7 58 60 74 84 88 97 100
7 58 60 74 85 88 97 102
7 58 60 75 85 88 97 102
7 58 60 75 85 97 102 120
7 58 60 75 85 102 108 113
7 58 60 75 85 102 113 120
7 58 60 75 86 101 104 113
7 58 60 75 86 101 108 113
7 58 60 75 86 102 117 121
7 58 60 75 92 102 117 120
7 58 60 75 92 105 117 118
7 58 60 75 92 106 117 118
7 58 60 75 92 108 113 118
7 58 60 75 94 103 117 120
7 58 60 76 81 82 101 104
7 58 60 76 81 84 99 104
7 58 60 76 81 84 102 104
7 58 60 76 81 88 97 102
7 58 60 76 84 88 97 98
7 58 60 76 84 88 97 100
7 58 60 77 83 102 108 113
7 58 60 77 86 98 104 113
7 58 60 77 89 99 118 120
7 58 60 77 89 103 118 120
7 58 60 77 90 102 117 120
7 58 60 77 90 105 113 118
7 58 60 77 90 105 117 118
7 58 60 77 90 106 117 118
7 58 60 77 90 108 113 118
7 58 60 77 92 102 115 120
7 58 60 77 92 103 115 120
7 58 60 77 92 105 115 118
7 58 60 78 83 101 104 112
7 58 60 78 85 97 98 120
7 58 60 78 85 97 100 120
7 58 60 78 85 97 104 112
7 58 60 78 85 97 104 114
7 58 60 78 85 98 104 112
7 58 60 78 86 97 100 120
7 58 60 78 86 101 114 121
7 58 60 78 89 101 118 120
7 58 60 78 89 103 118 120
7 58 60 78 89 105 117 118
7 58 60 78 90 101 118 120
7 58 60 78 90 105 117 118
7 58 60 78 90 108 113 118
7 58 60 78 92 102 113 120
7 58 60 78 92 106 113 116
7 58 60 78 92 108 113 114
7 58 60 79 85 99 116 120
7 58 60 79 85 101 114 120
7 58 60 79 87 97 100 120
7 58 60 79 90 105 117 118
7 58 60 83 89 101 110 116
7 58 60 83 90 102 109 116
7 58 60 83 92 102 105 116
7 58 60 83 92 103 105 120
7 58 60 85 89 99 102 120
7 58 60 85 89 99 110 112
7 58 60 85 89 99 110 116
7 58 60 85 89 101 110 114
7 58 60 85 90 102 105 112
7 58 60 85 90 102 105 116
7 58 60 85 90 102 105 120
7 58 60 85 90 102 109 112
7 58 60 85 90 102 109 114
7 58 60 85 90 105 110 118
7 58 60 85 92 102 105 120
7 58 60 85 92 102 107 112
7 58 60 85 94 103 105 120
7 58 60 86 89 103 108 120
7 58 60 86 90 101 108 120
7 58 60 86 92 99 108 120
7 58 60 86 92 101 106 120
7 58 60 87 89 103 110 120
7 58 60 87 89 107 110 117
7 58 60 87 92 103 105 120
7 58 60 89 90 101 106 116
7 58 60 89 90 103 108 116
7 58 60 89 92 101 106 114
7 58 60 89 92 102 105 114
7 58 60 89 92 103 106 118
7 58 60 89 92 103 108 114
7 58 60 89 94 103 105 118
7 58 60 89 94 103 106 116
7 58 60 89 94 103 106 117
7 58 60 89 94 103 108 113
7 58 61 66 76 84 100 120
7 58 61 67 70 88 100 112
7 58 61 67 70 88 104 116
7 58 61 67 70 88 108 116
7 58 61 67 70 92 108 114
7 58 61 67 74 84 100 112
7 58 61 67 74 84 100 120
7 58 61 67 76 82 100 112
7 58 61 67 76 88 98 116
7 58 61 70 74 82 101 124
7 58 61 70 74 84 108 113
7 58 61 70 76 81 98 112
7 58 61 70 76 88 98 116
7 58 61 70 76 88 99 116
7 58 61 70 82 88 97 100
7 58 61 71 91 98 108 116
7 58 61 73 76 82 98 116
7 58 61 74 81 84 102 104
7 58 61 76 81 84 102 104
7 58 65 66 76 84 100 120
7 58 65 66 84 100 104 112
7 58 65 66 92 100 104 112
7 58 65 66 92 108 116 120
7 58 65 70 88 98 108 116
7 58 65 70 92 100 104 112
7 58 65 70 92 108 116 120
7 58 65 70 98 108 116 120
7 58 65 74 76 84 100 112
7 58 65 76 84 98 100 120
7 58 65 76 84 100 114 120
7 58 65 78 92 108 114 116
7 58 65 84 88 102 108 112
7 58 65 92 98 100 104 112
7 58 65 92 98 108 116 120
7 58 65 92 102 108 116 120
7 58 65 92 108 114 116 120
7 58 65 92 110 114 116 120
7 58 65 94 98 108 116 120
7 58 65 94 102 108 116 120
7 58 66 69 88 100 104 112
7 58 66 69 92 100 104 112
7 58 66 69 92 108 116 120
7 58 66 73 84 100 104 112
7 58 66 76 84 88 97 100
7 58 66 76 84 97 100 120
7 58 66 76 84 100 113 120
7 58 66 76 88 104 113 116
7 58 66 84 88 97 100 112
7 58 66 84 88 97 108 112
7 58 66 84 88 101 108 112
7 58 66 84 97 100 104 112
7 58 66 92 97 100 104 112
7 58 66 92 97 108 116 120
7 58 66 92 101 108 116 120
7 58 66 92 108 113 116 120
7 58 67 69 92 100 104 112
7 58 67 69 92 108 116 120
7 58 67 69 92 108 118 120
7 58 67 70 92 108 113 120
7 58 67 70 92 108 116 120
7 58 67 70 92 108 117 120
7 58 67 70 93 100 104 112
7 58 67 73 92 102 116 120
7 58 67 73 92 102 117 120
7 58 67 73 92 108 114 116
7 58 67 73 92 108 114 117
7 58 67 74 92 101 116 120
7 58 67 74 92 108 113 116
7 58 67 76 84 88 97 100
7 58 67 76 84 97 100 120
7 58 67 76 84 100 113 120
7 58 67 76 88 104 117 118
7 58 67 76 98 101 116 120
7 58 67 78 92 108 114 116
7 58 67 81 92 101 106 116
7 58 67 84 88 101 108 112
7 58 67 84 88 102 109 112
7 58 67 85 92 102 105 120
7 58 67 85 101 108 114 120
7 58 67 92 97 108 114 116
7 58 67 92 97 108 116 120
7 58 67 92 97 108 118 120
7 58 67 92 98 101 116 120
7 58 67 92 98 108 113 116
7 58 67 92 98 108 116 120
7 58 67 92 98 108 116 121
7 58 67 92 98 108 117 120
7 58 67 92 101 106 113 116
7 58 67 92 101 106 116 120
7 58 67 92 101 108 113 114
7 58 67 92 101 108 116 120
7 58 67 92 102 108 113 120
7 58 67 92 102 108 116 120
7 58 67 92 106 108 113 116
7 58 67 92 108 113 114 116
7 58 67 92 108 113 116 120
7 58 67 92 108 113 118 120
7 58 67 92 108 114 116 120
7 58 67 92 108 114 116 121
7 58 67 92 108 114 117 120
7 58 67 94 102 108 116 120
7 58 69 70 74 81 97 124
7 58 69 70 81 88 100 104
7 58 69 70 88 100 104 112
7 58 69 70 88 100 104 113
7 58 69 73 74 84 100 112
7 58 69 73 76 82 98 116
7 58 69 73 92 108 114 116
7 58 69 73 92 110 114 116
7 58 69 74 81 98 108 116
7 58 69 74 84 88 97 100
7 58 69 74 84 98 108 113
7 58 69 74 84 100 104 112
7 58 69 74 84 100 104 113
7 58 69 74 84 100 113 120
7 58 69 74 92 108 113 114
7 58 69 74 92 108 113 116
7 58 69 74 98 108 113 116
7 58 69 76 81 98 104 116
7 58 69 76 82 98 104 116
7 58 69 76 82 98 116 120
7 58 69 76 82 98 116 121
7 58 69 76 88 97 98 116
7 58 69 76 88 97 114 116
7 58 69 76 88 104 114 116
7 58 69 76 90 102 116 120
7 58 69 78 82 97 116 120
7 58 69 81 92 98 100 104
7 58 69 82 88 97 108 116
7 58 69 82 92 97 106 116
7 58 69 82 92 98 105 116
7 58 69 82 97 108 116 120
7 58 69 82 97 110 116 120
7 58 69 82 98 108 116 120
7 58 69 82 98 108 116 121
7 58 69 84 88 98 108 112
7 58 69 84 100 106 113 120
7 58 69 86 106 108 116 120
7 58 69 88 97 98 108 116
7 58 69 88 97 108 114 116
7 58 69 90 92 102 108 113
7 58 69 90 97 98 108 116
7 58 69 90 97 108 116 120
7 58 69 90 98 108 113 116
7 58 69 90 98 108 116 120
7 58 69 90 98 108 116 121
7 58 69 90 102 108 116 120
7 58 69 92 98 100 104 112
7 58 69 92 98 108 116 120
7 58 69 92 106 108 113 116
7 58 69 92 106 108 113 118
7 58 69 92 108 114 116 120
7 58 69 92 108 114 116 121
7 58 69 92 110 114 116 120
7 58 69 94 98 108 116 120
7 58 70 73 81 92 98 101
7 58 70 73 81 98 101 124
7 58 70 73 84 88 97 100
7 58 70 73 84 97 100 120
7 58 70 73 84 100 104 112
7 58 70 73 84 100 104 113
7 58 70 73 84 100 113 120
7 58 70 73 84 101 104 112
7 58 70 73 92 108 114 116
7 58 70 74 81 97 108 116
7 58 70 74 89 108 113 116
7 58 70 74 92 101 113 120
7 58 70 74 92 108 113 116
7 58 70 74 92 109 113 116
7 58 70 74 93 97 100 112
7 58 70 75 92 108 114 117
7 58 70 76 81 97 104 116
7 58 70 76 81 97 116 120
7 58 70 76 88 104 113 116
7 58 70 77 82 97 116 120
7 58 70 77 82 104 113 116
7 58 70 77 90 99 117 124
7 58 70 77 98 113 116 120
7 58 70 81 88 98 108 116
7 58 70 81 88 98 109 116
7 58 70 81 92 98 105 116
7 58 70 81 97 108 116 120
7 58 70 81 98 108 116 120
7 58 70 81 98 109 116 120
7 58 70 82 89 101 104 116
7 58 70 83 92 106 109 117
7 58 70 83 106 109 117 124
7 58 70 84 88 97 108 112
7 58 70 85 98 105 116 120
7 58 70 88 97 98 108 116
7 58 70 88 98 108 113 116
7 58 70 88 98 109 113 116
7 58 70 89 92 101 106 116
7 58 70 89 97 98 108 116
7 58 70 89 97 108 116 120
7 58 70 89 98 101 104 116
7 58 70 89 98 101 116 120
7 58 70 89 98 108 113 116
7 58 70 89 98 108 116 120
7 58 70 89 98 108 117 120
7 58 70 90 92 101 106 116
7 58 70 90 98 109 117 124
7 58 70 90 99 109 117 124
7 58 70 90 109 114 117 124
7 58 70 91 98 109 117 124
7 58 70 91 109 114 117 124
7 58 70 92 97 100 104 112
7 58 70 92 97 108 116 120
7 58 70 92 98 105 113 116
7 58 70 92 101 106 116 121
7 58 70 92 105 108 114 117
7 58 70 92 106 108 113 116
7 58 70 92 108 113 116 120
7 58 70 92 108 114 116 121
7 58 70 92 108 114 117 121
7 58 70 93 101 106 114 124
7 58 71 73 88 108 114 117
7 58 71 74 88 108 113 116
7 58 71 76 88 104 113 116
7 58 71 77 92 108 113 114
7 58 71 89 92 99 108 116
7 58 71 89 92 101 106 116
7 58 71 89 92 102 105 116
7 58 71 89 97 98 108 116
7 58 71 90 102 108 117 121
7 58 71 92 108 114 116 121
7 58 71 93 101 106 114 124
7 58 71 94 98 108 116 121
7 58 71 94 102 105 113 124
7 58 73 74 85 102 113 124
7 58 73 76 84 100 114 120
7 58 73 76 85 98 100 112
7 58 73 78 85 98 100 112
7 58 73 78 85 101 114 120
7 58 73 81 86 101 106 124
7 58 73 81 92 102 106 116
7 58 73 82 84 97 108 112
7 58 73 82 84 101 108 112
7 58 73 82 84 101 110 112
7 58 73 85 90 102 108 113
7 58 73 86 88 99 108 117
7 58 73 86 88 101 108 114
7 58 73 86 97 108 116 120
7 58 73 86 98 108 116 120
7 58 73 86 98 108 117 120
7 58 73 86 99 108 117 120
7 58 73 86 101 106 113 124
7 58 73 86 101 108 114 120
7 58 73 86 108 114 116 120
7 58 73 86 108 114 117 120
7 58 73 92 101 102 114 120
7 58 73 92 101 106 113 118
7 58 73 92 102 104 114 116
7 58 73 92 102 104 114 117
7 58 73 92 102 108 113 114
7 58 73 92 108 113 114 120
7 58 73 92 108 113 118 120
7 58 73 92 108 114 116 120
7 58 73 92 108 114 117 120
7 58 73 92 108 117 118 120
7 58 73 92 110 114 116 120
7 58 73 92 110 115 117 120
7 58 74 76 81 97 116 120
7 58 74 76 84 97 100 112
7 58 74 76 84 100 113 120
7 58 74 76 85 101 114 120
7 58 74 81 84 102 109 112
7 58 74 81 92 101 102 120
7 58 74 81 97 108 116 120
7 58 74 82 85 101 108 120
7 58 74 82 92 101 108 113
7 58 74 84 98 101 108 113
7 58 74 85 88 99 108 116
7 58 74 85 88 102 108 113
7 58 74 85 97 108 118 120
7 58 74 85 98 108 116 120
7 58 74 85 98 108 116 121
7 58 74 85 98 109 116 120
7 58 74 85 99 108 116 120
7 58 74 85 101 108 114 120
7 58 74 85 102 108 113 120
7 58 74 92 101 102 113 120
7 58 74 92 101 104 113 118
7 58 74 92 101 108 113 114
7 58 74 92 101 113 118 120
7 58 74 92 108 113 116 120
7 58 74 92 108 113 118 120
7 58 74 92 108 114 117 120
7 58 74 92 108 114 117 121
7 58 74 92 108 117 118 120
7 58 74 93 103 118 121 124
7 58 74 93 109 115 118 124
7 58 75 78 85 101 114 124
7 58 75 78 85 101 116 120
7 58 75 85 92 101 102 120
7 58 75 85 92 102 108 113
7 58 75 86 102 108 117 121
7 58 75 86 102 117 121 124
7 58 75 92 105 117 118 120
7 58 75 92 108 114 117 120
7 58 75 92 108 117 118 120
7 58 75 92 110 117 118 120
7 58 75 94 101 102 113 124
7 58 76 81 84 98 100 104
7 58 76 81 84 98 101 104
7 58 76 81 88 102 104 116
7 58 76 81 97 102 116 120
7 58 76 82 84 97 100 120
7 58 76 82 85 98 105 116
7 58 76 82 88 101 104 116
7 58 76 82 98 101 116 120
7 58 76 82 98 101 116 121
7 58 76 83 88 101 104 116
7 58 76 84 88 97 98 100
7 58 76 84 90 101 102 120
7 58 76 84 91 101 102 120
7 58 76 84 97 98 100 120
7 58 76 84 97 100 114 120
7 58 76 84 98 100 113 120
7 58 76 84 99 100 113 120
7 58 76 84 100 106 113 120
7 58 76 84 100 113 114 120
7 58 76 85 86 101 107 120
7 58 76 85 88 97 98 100
7 58 76 85 90 102 105 116
7 58 76 85 101 106 116 120
7 58 76 85 102 105 116 120
7 58 76 86 89 101 102 120
7 58 76 86 101 106 116 121
7 58 76 86 102 105 116 120
7 58 76 88 101 104 114 116
7 58 76 88 102 104 113 116
7 58 76 91 101 102 116 120
7 58 77 78 101 115 116 120
7 58 77 81 82 102 105 116
7 58 77 81 86 97 106 116
7 58 77 81 86 101 106 112
7 58 77 82 84 101 106 112
7 58 77 82 97 102 116 120
7 58 77 82 98 101 116 120
7 58 77 82 98 108 113 116
7 58 77 82 102 113 116 120
7 58 77 83 92 102 108 113
7 58 77 85 90 101 102 120
7 58 77 85 90 102 105 116
7 58 77 85 97 102 114 120
7 58 77 85 102 105 114 120
7 58 77 85 102 105 114 124
7 58 77 86 89 97 98 100
7 58 77 86 89 101 102 120
7 58 77 86 89 102 108 113
7 58 77 86 97 98 116 120
7 58 77 86 98 100 104 113
7 58 77 86 98 100 113 120
7 58 77 86 98 108 113 120
7 58 77 86 101 106 113 120
7 58 77 86 101 106 113 124
7 58 77 86 101 113 114 120
7 58 77 86 102 105 113 120
7 58 77 86 102 105 113 124
7 58 77 86 102 106 113 124
7 58 77 86 102 108 113 120
7 58 77 86 108 113 114 120
7 58 77 86 108 114 116 120
7 58 77 86 108 115 116 120
7 58 77 86 110 113 116 120
7 58 77 86 110 114 116 120
7 58 77 88 102 104 113 116
7 58 77 90 102 104 113 116
7 58 77 90 102 113 116 120
7 58 77 90 105 113 118 124
7 58 77 90 105 117 118 120
7 58 77 90 105 117 118 124
7 58 77 90 106 117 118 124
7 58 77 90 108 113 114 116
7 58 77 92 101 102 115 120
7 58 77 92 102 104 113 114
7 58 77 92 102 105 115 116
7 58 77 92 102 108 113 114
7 58 77 92 102 113 116 120
7 58 77 92 110 115 117 120
7 58 77 94 102 106 113 116
7 58 77 94 110 115 117 120
7 58 77 97 102 114 116 120
7 58 77 101 106 113 118 120
7 58 77 102 105 113 114 116
7 58 77 102 113 114 116 120
7 58 78 81 82 101 105 116
7 58 78 81 101 105 114 116
7 58 78 82 84 101 105 112
7 58 78 82 102 117 121 124
7 58 78 83 102 117 121 124
7 58 78 85 90 102 105 116
7 58 78 85 97 98 100 120
7 58 78 85 97 108 114 120
7 58 78 85 109 114 116 120
7 58 78 86 89 101 102 120
7 58 78 86 98 101 121 124
7 58 78 86 101 106 116 121
7 58 78 86 101 114 121 124
7 58 78 88 101 104 114 116
7 58 78 89 101 104 114 116
7 58 78 89 101 114 116 120
7 58 78 89 105 117 118 120
7 58 78 89 105 117 118 124
7 58 78 90 102 117 121 124
7 58 78 90 105 117 118 124
7 58 78 92 97 108 114 116
7 58 78 92 101 104 113 114
7 58 78 92 101 105 115 116
7 58 78 92 101 113 114 120
7 58 78 92 108 113 114 116
7 58 78 92 108 113 116 120
7 58 78 92 108 113 118 120
7 58 78 93 99 108 114 116
7 58 78 93 101 106 114 116
7 58 78 93 101 106 115 116
7 58 78 93 109 115 118 120
7 58 78 98 108 113 116 120
7 58 78 101 105 113 114 116
7 58 78 101 106 113 116 120
7 58 78 102 114 117 121 124
7 58 79 81 109 114 116 120
7 58 79 82 102 117 121 124
7 58 79 92 108 113 114 116
7 58 79 93 97 104 114 116
7 58 79 102 114 117 121 124
7 58 81 82 97 108 116 120
7 58 81 84 101 106 108 112
7 58 81 90 97 108 116 120
7 58 81 90 103 109 116 120
7 58 81 92 97 102 106 116
7 58 81 92 98 100 104 112
7 58 81 92 101 106 116 120
7 58 81 92 101 106 118 120
7 58 81 92 101 110 114 120
7 58 81 92 102 105 114 116
7 58 81 92 102 105 116 120
7 58 81 92 102 108 116 120
7 58 81 92 102 109 116 120
7 58 81 92 105 110 114 116
7 58 81 94 99 109 116 120
7 58 81 94 101 105 114 116
7 58 81 94 101 105 114 124
7 58 81 94 102 108 116 120
7 58 82 84 101 105 110 112
7 58 82 84 102 109 113 120
7 58 82 85 98 105 108 116
7 58 82 85 99 108 116 120
7 58 82 85 102 105 108 112
7 58 82 89 98 101 108 116
7 58 82 92 97 100 104 112
7 58 82 92 97 108 116 120
7 58 82 92 97 110 116 120
7 58 82 92 98 101 105 116
7 58 82 92 98 101 116 120
7 58 82 92 98 101 116 121
7 58 82 92 101 102 105 112
7 58 82 92 101 106 113 116
7 58 82 92 101 106 116 120
7 58 82 92 101 106 116 121
7 58 82 92 101 108 116 120
7 58 82 92 102 105 116 120
7 58 82 92 102 105 117 120
7 58 82 92 102 109 113 120
7 58 82 92 102 109 116 120
7 58 82 92 103 110 116 121
7 58 82 92 106 109 113 116
7 58 82 93 102 107 117 124
7 58 82 93 103 110 116 121
7 58 83 85 109 110 116 120
7 58 83 88 109 110 113 116
7 58 83 92 101 108 113 114
7 58 83 92 101 108 114 120
7 58 83 92 102 109 116 120
7 58 83 92 105 110 117 120
7 58 83 92 109 110 113 116
7 58 83 92 109 110 114 116
7 58 83 93 101 102 106 124
7 58 83 94 102 109 116 120
7 58 83 98 101 108 116 120
7 58 83 109 110 113 116 120
7 58 84 88 97 102 108 112
7 58 84 88 98 101 108 112
7 58 84 88 99 101 108 112
7 58 84 89 102 108 113 120
7 58 85 86 107 108 116 120
7 58 85 88 105 110 114 116
7 58 85 88 106 108 113 116
7 58 85 88 106 108 113 118
7 58 85 89 97 102 108 114
7 58 85 89 101 110 114 120
7 58 85 89 101 110 114 124
7 58 85 89 102 105 108 114
7 58 85 89 102 108 113 114
7 58 85 89 105 110 114 116
7 58 85 89 109 110 114 116
7 58 85 90 97 98 108 116
7 58 85 90 97 102 108 120
7 58 85 90 98 105 108 116
7 58 85 90 101 108 113 114
7 58 85 90 101 108 114 120
7 58 85 90 102 105 108 113
7 58 85 90 102 105 108 116
7 58 85 90 102 105 113 124
7 58 85 90 102 108 113 120
7 58 85 90 102 109 114 124
7 58 85 90 105 108 114 116
7 58 85 90 105 110 118 124
7 58 85 90 109 110 113 116
7 58 85 90 109 110 114 116
7 58 85 90 109 110 115 116
7 58 85 91 101 102 108 120
7 58 85 92 98 100 104 112
7 58 85 92 99 108 116 120
7 58 85 92 101 106 116 120
7 58 85 92 102 105 106 113
7 58 85 92 102 105 108 114
7 58 85 92 102 105 116 120
7 58 85 92 105 110 114 116
7 58 85 92 106 108 113 116
7 58 85 94 99 109 116 120
7 58 85 94 105 110 114 116
7 58 85 97 106 108 116 120
7 58 85 97 106 108 118 120
7 58 85 101 106 108 114 120
7 58 85 102 105 106 113 124
7 58 85 102 106 108 113 120
7 58 85 105 110 114 116 120
7 58 85 106 108 113 116 120
7 58 85 106 108 113 118 120
7 58 85 109 110 114 116 120
7 58 86 88 105 108 114 116
7 58 86 88 105 108 114 117
7 58 86 88 106 109 113 116
7 58 86 89 97 98 108 116
7 58 86 89 98 101 108 112
7 58 86 89 98 101 108 120
7 58 86 89 101 102 108 120
7 58 86 89 101 106 108 113
7 58 86 89 101 106 108 116
7 58 86 89 101 108 114 120
7 58 86 89 101 110 114 124
7 58 86 89 105 108 114 116
7 58 86 89 109 110 113 116
7 58 86 89 109 110 114 116
7 58 86 90 102 109 113 124
7 58 86 90 106 109 117 124
7 58 86 90 109 110 113 116
7 58 86 92 97 100 104 112
7 58 86 92 99 108 116 120
7 58 86 92 101 105 106 113
7 58 86 92 101 106 116 121
7 58 86 92 102 105 116 120
7 58 86 92 105 108 114 116
7 58 86 92 106 108 113 116
7 58 86 92 106 109 113 116
7 58 86 93 97 100 104 112
7 58 86 93 103 106 121 124
7 58 86 98 105 108 117 120
7 58 86 101 105 106 113 124
7 58 86 105 108 114 116 120
7 58 86 105 108 114 117 120
7 58 86 106 109 113 116 120
7 58 87 88 105 108 114 116
7 58 87 89 109 110 115 124
7 58 87 98 105 108 116 120
7 58 87 105 108 114 116 120
7 58 87 106 109 118 121 124
7 58 89 90 101 108 114 116
7 58 89 92 98 100 104 112
7 58 89 92 101 102 104 114
7 58 89 92 101 102 106 116
7 58 89 92 101 102 114 120
7 58 89 92 101 106 118 120
7 58 89 92 102 105 116 120
7 58 89 92 102 108 113 114
7 58 89 94 99 101 108 116
7 58 89 94 103 108 117 120
7 58 89 101 110 114 116 120
7 58 89 106 108 117 118 120
7 58 90 92 97 102 108 116
7 58 90 92 101 102 104 112
7 58 90 92 101 102 104 113
7 58 90 92 101 102 105 113
7 58 90 92 101 102 113 120
7 58 90 92 101 106 113 116
7 58 90 92 101 106 116 120
7 58 90 92 101 106 116 121
7 58 90 92 101 108 113 114
7 58 90 92 101 108 116 120
7 58 90 92 101 108 118 120
7 58 90 92 101 110 118 120
7 58 90 92 102 105 117 120
7 58 90 93 99 102 108 116
7 58 90 93 102 107 117 124
7 58 90 93 103 108 118 120
7 58 90 93 103 108 118 121
7 58 90 98 101 108 113 116
7 58 90 98 101 108 116 120
7 58 90 98 101 108 116 121
7 58 90 101 102 105 113 124
7 58 90 101 106 108 113 116
7 58 90 101 108 113 114 116
7 58 90 101 108 114 116 120
7 58 90 101 108 114 116 121
7 58 90 102 109 113 116 120
7 58 90 105 108 117 118 120
7 58 91 92 101 102 105 116
7 58 91 93 97 102 108 116
7 58 91 94 98 101 108 116
7 58 91 98 101 108 116 120
7 58 91 101 102 108 116 120
7 58 91 102 109 114 117 124
7 58 92 97 98 100 104 112
7 58 92 97 110 114 116 120
7 58 92 99 101 106 113 116
7 58 92 99 101 106 116 120
7 58 92 99 108 114 117 120
7 58 92 101 102 106 113 120
7 58 92 101 106 108 113 114
7 58 92 101 106 113 114 116
7 58 92 101 106 113 118 120
7 58 92 101 106 114 116 120
7 58 92 101 106 114 116 121
7 58 92 102 105 106 113 116
7 58 92 102 105 113 114 116
7 58 92 102 105 114 116 120
7 58 92 102 105 114 117 120
7 58 92 103 105 106 113 116
7 58 92 103 110 114 116 121
7 58 92 105 110 115 117 120
7 58 92 106 108 113 118 120
7 58 92 107 110 117 118 120
7 58 92 110 113 114 116 120
7 58 92 111 113 114 116 120
7 58 93 94 97 100 104 112
7 58 93 94 98 100 104 112
7 58 93 94 99 101 104 112
7 58 93 94 99 101 106 116
7 58 93 94 99 102 108 113
7 58 93 97 102 108 116 120
7 58 93 97 108 114 116 120
7 58 93 97 110 114 116 120
7 58 93 99 102 108 116 120
7 58 93 99 108 114 116 120
7 58 93 101 102 106 114 124
7 58 93 101 106 113 118 120
7 58 93 101 106 114 116 120
7 58 93 101 110 114 116 120
7 58 93 102 105 108 114 116
7 58 93 102 105 114 116 120
7 58 93 102 107 114 117 124
7 58 93 103 106 118 121 124
7 58 93 103 110 114 116 121
7 58 93 106 108 113 118 120
7 58 93 106 108 117 118 120
7 58 93 106 109 115 118 124
7 58 93 107 110 117 118 120
7 58 94 97 98 108 116 120
7 58 94 97 102 108 116 120
7 58 94 97 108 114 116 120
7 58 94 98 101 108 116 121
7 58 94 98 108 113 116 120
7 58 94 98 109 113 116 120
7 58 94 99 101 108 116 121
7 58 94 99 109 113 116 120
7 58 94 101 102 105 113 120
7 58 94 101 102 105 113 124
7 58 94 101 105 106 113 116
7 58 94 101 105 113 114 116
7 58 94 101 105 113 114 124
7 58 94 101 106 113 116 120
7 58 94 101 108 114 116 121
7 58 94 102 108 113 116 120
7 58 94 102 109 113 116 120
7 58 94 105 108 114 117 120
7 58 94 105 108 115 117 120
7 58 94 105 108 117 118 120
7 58 94 106 108 113 116 120
7 58 94 106 108 117 118 120
7 58 94 109 110 115 117 120
7 58 94 109 113 114 116 120
7 58 94 110 114 117 121 124
7 58 94 111 114 117 121 124
7 58 95 97 98 108 116 120
7 58 95 97 102 108 116 120
7 58 95 97 108 114 116 120
7 58 95 98 101 108 116 120
7 58 95 98 108 113 116 120
7 58 95 99 101 108 116 120
7 58 95 101 106 108 113 116
7 58 95 101 108 114 116 120
7 58 95 102 108 113 116 120
7 58 95 106 108 113 116 120
7 58 95 106 108 117 118 120
7 59 60 69 70 88 104 112
7 59 60 69 70 88 104 116
7 59 60 69 70 89 106 116
7 59 60 69 73 86 102 120
7 59 60 69 73 86 106 116
7 59 60 69 76 83 102 120
7 59 60 69 76 90 102 113
7 59 60 70 73 84 100 120
7 59 60 70 73 84 100 122
7 59 60 70 76 84 99 120
7 59 60 70 76 84 105 114
7 59 60 71 76 84 105 114
7 59 60 73 74 85 102 112
7 59 60 76 84 88 97 98
7 59 61 65 70 82 100 104
7 59 61 65 70 92 108 114
7 59 61 65 74 84 102 112
7 59 61 65 76 86 102 120
7 59 61 65 78 86 102 120
7 59 61 67 70 92 108 114
7 59 61 67 76 86 102 120
7 59 62 66 69 88 100 112
7 59 62 66 69 88 104 116
7 59 62 66 73 84 100 112
7 59 62 66 73 84 100 120
7 59 62 66 76 81 100 112
7 59 62 66 76 84 100 120
7 59 62 67 76 84 100 120
7 59 62 69 70 88 104 116
7 59 62 70 73 84 100 120
7 59 62 70 74 85 101 120
7 59 62 70 74 85 105 116
7 59 62 70 74 85 108 113
7 59 62 70 74 92 101 112
7 59 62 70 77 82 104 117
7 59 62 74 76 84 100 112
7 59 62 74 76 84 101 112
7 59 65 66 76 84 100 120
7 59 65 66 84 100 104 112
7 59 65 66 92 100 104 112
7 59 65 66 92 108 116 120
7 59 65 70 88 98 108 116
7 59 65 70 92 100 104 112
7 59 65 70 92 108 116 120
7 59 65 70 92 108 116 122
7 59 65 70 98 108 116 120
7 59 65 74 76 84 100 112
7 59 65 76 84 98 100 120
7 59 65 76 84 100 114 120
7 59 65 78 92 108 114 116
7 59 65 84 88 102 108 112
7 59 65 86 98 108 116 120
7 59 65 92 98 108 116 120
7 59 65 92 102 108 116 120
7 59 65 92 102 108 116 122
7 59 65 92 108 114 116 120
7 59 65 94 98 108 116 120
7 59 65 94 102 108 116 120
7 59 67 69 92 108 118 120
7 59 67 70 92 108 116 120
7 59 67 70 92 108 116 122
7 59 67 73 92 102 116 120
7 59 67 73 92 108 114 116
7 59 67 78 92 101 118 120
7 59 67 78 92 108 114 116
7 59 67 85 92 102 108 120
7 59 67 92 97 102 116 120
7 59 67 92 97 108 114 116
7 59 67 92 97 108 116 122
7 59 67 92 97 108 118 120
7 59 67 92 98 108 116 120
7 59 67 92 101 108 118 120
7 59 67 92 101 110 118 120
7 59 67 92 102 105 116 120
7 59 67 92 102 108 116 120
7 59 67 92 102 108 116 122
7 59 67 92 105 108 114 116
7 59 67 92 108 113 114 116
7 59 67 92 108 113 116 122
7 59 67 92 108 113 118 120
7 59 67 92 108 114 116 120
7 59 67 92 108 116 121 122
7 59 67 94 102 108 116 120
7 59 69 70 88 100 104 112
7 59 69 73 92 110 114 116
7 59 69 74 92 108 113 118
7 59 69 76 88 104 114 116
7 59 69 76 90 102 116 120
7 59 69 82 98 108 116 120
7 59 69 86 88 106 108 116
7 59 69 86 106 108 116 120
7 59 69 90 92 102 105 116
7 59 69 90 102 108 116 120
7 59 69 92 102 105 116 122
7 59 69 92 106 108 113 118
7 59 69 92 108 113 118 122
7 59 69 92 108 114 116 120
7 59 69 92 110 114 116 120
7 59 69 94 98 108 116 120
7 59 69 94 110 118 121 124
7 59 70 73 82 97 108 116
7 59 70 73 84 100 104 112
7 59 70 73 92 108 114 116
7 59 70 74 92 108 113 116
7 59 70 74 92 108 114 117
7 59 70 76 84 100 121 122
7 59 70 81 88 98 108 116
7 59 70 81 98 108 116 120
7 59 70 84 88 97 108 112
7 59 70 88 97 98 108 116
7 59 70 88 98 108 113 116
7 59 70 89 98 108 116 120
7 59 70 90 98 109 117 124
7 59 70 90 109 114 117 124
7 59 70 92 97 100 104 112
7 59 70 92 97 108 116 120
7 59 70 92 97 108 116 122
7 59 70 92 105 108 114 116
7 59 70 92 108 113 116 122
7 59 70 92 108 114 116 121
7 59 70 92 108 116 121 122
7 59 70 93 101 106 114 124
7 59 71 76 84 100 121 122
7 59 71 92 101 106 116 120
7 59 71 92 105 108 114 116
7 59 71 92 108 113 116 122
7 59 71 92 108 114 116 120
7 59 71 92 108 116 121 122
7 59 71 94 98 108 116 120
7 59 71 94 98 108 116 121
7 59 73 76 84 98 100 112
7 59 73 76 84 100 114 120
7 59 73 82 92 101 102 120
7 59 73 86 98 108 116 120
7 59 73 92 108 114 116 120
7 59 74 85 97 108 118 120
7 59 74 85 98 108 116 120
7 59 74 92 108 113 118 120
7 59 74 92 108 114 117 120
7 59 74 92 108 117 118 120
7 59 75 92 108 117 118 120
7 59 76 81 84 98 100 120
7 59 76 81 88 102 104 116
7 59 76 82 98 101 116 120
7 59 76 84 88 97 98 100
7 59 76 84 90 101 102 120
7 59 76 84 91 101 102 120
7 59 76 84 97 98 100 120
7 59 76 84 97 100 114 120
7 59 76 84 100 105 114 120
7 59 76 84 100 113 114 120
7 59 76 85 90 101 102 120
7 59 76 85 90 102 105 116
7 59 76 85 101 106 118 120
7 59 76 85 102 105 116 122
7 59 76 85 102 116 121 122
7 59 76 86 101 106 116 120
7 59 76 86 102 105 116 120
7 59 76 87 101 106 116 120
7 59 76 88 102 104 113 116
7 59 76 90 101 102 116 120
7 59 76 91 101 102 116 120
7 59 77 86 97 98 116 120
7 59 77 86 98 108 116 120
7 59 77 86 99 108 116 120
7 59 77 86 101 106 116 120
7 59 77 86 102 105 116 120
7 59 77 86 108 114 116 120
7 59 77 86 110 113 116 120
7 59 77 90 106 117 118 124
7 59 77 92 102 105 114 116
7 59 77 92 108 117 118 122
7 59 77 94 103 117 122 124
7 59 77 94 110 113 118 124
7 59 77 94 110 115 117 124
7 59 78 81 98 101 116 120
7 59 78 82 102 117 121 124
7 59 78 85 97 108 118 120
7 59 78 85 101 106 114 124
7 59 78 85 108 113 118 120
7 59 78 85 108 115 116 120
7 59 78 86 98 101 121 124
7 59 78 89 106 117 118 124
7 59 78 90 102 117 121 124
7 59 78 92 97 108 114 116
7 59 78 92 101 114 116 120
7 59 78 92 108 113 114 116
7 59 78 92 108 113 116 122
7 59 78 92 108 113 118 120
7 59 78 92 108 117 118 122
7 59 78 93 101 106 114 116
7 59 79 92 108 113 114 116
7 59 79 92 108 117 118 122
7 59 81 92 98 108 116 120
7 59 81 92 101 110 118 120
7 59 81 92 102 108 116 120
7 59 81 92 102 108 116 122
7 59 81 94 102 108 116 120
7 59 82 92 97 102 116 120
7 59 82 92 97 110 116 120
7 59 82 92 98 101 116 120
7 59 82 92 101 106 116 120
7 59 82 92 101 110 116 120
7 59 82 92 102 105 116 120
7 59 82 92 102 109 116 120
7 59 82 92 103 110 116 120
7 59 82 92 103 110 116 121
7 59 82 93 102 106 117 124
7 59 82 93 103 110 116 120
7 59 83 92 101 102 108 120
7 59 83 92 101 108 118 120
7 59 83 92 101 110 116 120
7 59 84 88 97 102 108 112
7 59 85 86 101 106 108 120
7 59 85 86 107 108 116 120
7 59 85 90 101 102 108 120
7 59 85 90 101 108 118 120
7 59 85 90 102 105 108 116
7 59 85 90 102 109 114 124
7 59 85 90 103 108 116 120
7 59 85 90 109 110 114 116
7 59 85 92 102 105 116 122
7 59 85 92 105 110 114 116
7 59 85 92 106 108 113 118
7 59 85 94 97 102 108 120
7 59 86 89 97 98 108 116
7 59 86 90 102 109 113 124
7 59 86 90 106 109 117 124
7 59 86 92 97 100 104 112
7 59 86 92 99 101 108 120
7 59 86 92 99 108 116 120
7 59 86 92 101 102 105 120
7 59 86 92 101 105 106 116
7 59 86 92 101 106 108 113
7 59 86 92 101 106 116 120
7 59 86 92 102 105 116 120
7 59 86 92 105 108 114 116
7 59 86 92 106 108 113 116
7 59 87 92 109 110 117 122
7 59 87 94 98 105 108 116
7 59 89 92 102 108 116 120
7 59 90 92 97 102 108 116
7 59 90 92 101 102 105 116
7 59 90 92 101 102 116 120
7 59 90 92 101 108 118 120
7 59 90 92 103 108 113 116
7 59 91 94 98 101 108 116
7 59 91 101 102 108 116 120
7 59 93 97 102 114 116 120
7 59 93 97 110 114 116 120
7 59 93 97 110 118 122 124
7 59 93 99 101 110 118 120
7 59 93 101 102 106 114 124
7 59 93 102 106 114 117 124
7 59 93 103 110 114 116 120
7 59 93 103 110 118 122 124
7 59 93 110 113 114 116 120
7 59 93 110 119 121 122 124
7 59 93 111 113 118 122 124
7 59 95 97 98 108 116 120
7 59 95 97 102 108 116 120
7 59 95 101 110 118 121 124
7 59 95 102 108 113 116 120
7 60 65 66 68 72 80 96
7 60 65 66 68 88 104 112
7 60 65 66 88 100 104 112
7 60 65 66 92 100 104 112
7 60 65 66 92 108 116 120
7 60 65 68 88 98 104 112
7 60 65 70 74 84 104 114
7 60 65 70 88 98 104 112
7 60 65 74 84 100 104 114
7 60 65 74 84 100 114 120
7 60 65 74 88 104 114 116
7 60 65 74 92 102 114 120
7 60 65 76 82 84 98 104
7 60 65 76 82 98 100 120
7 60 65 76 82 98 104 112
7 60 65 76 82 98 116 120
7 60 65 76 82 100 104 112
7 60 65 76 86 106 116 120
7 60 65 76 88 104 114 116
7 60 65 78 82 98 116 120
7 60 65 78 88 104 114 116
7 60 65 82 84 98 104 112
7 60 65 82 88 100 106 112
7 60 65 82 92 102 106 112
7 60 65 82 98 100 104 112
7 60 65 82 98 108 116 120
7 60 65 84 88 98 104 112
7 60 65 84 88 98 108 112
7 60 65 84 100 106 114 120
7 60 65 86 88 106 108 114
7 60 65 86 92 106 108 114
7 60 65 86 106 108 114 120
7 60 65 88 98 100 104 112
7 60 65 90 98 108 116 120
7 60 65 90 102 108 116 120
7 60 65 92 98 100 104 112
7 60 65 92 98 108 116 120
7 60 65 92 100 106 114 120
7 60 65 92 102 106 114 120
7 60 65 92 106 114 116 120
7 60 65 92 108 114 116 120
7 60 65 92 110 114 116 120
7 60 65 94 98 100 104 112
7 60 65 94 98 108 116 120
7 60 65 94 110 114 116 120
7 60 67 69 76 82 98 120
7 60 67 69 86 97 106 120
7 60 67 69 88 98 104 112
7 60 67 69 90 97 106 116
7 60 67 69 90 100 104 112
7 60 67 69 90 106 113 116
7 60 67 69 90 106 116 120
7 60 67 69 90 106 116 121
7 60 67 69 90 108 113 114
7 60 67 69 90 110 118 120
7 60 67 69 92 97 106 114
7 60 67 69 92 106 118 120
7 60 67 69 92 108 114 120
7 60 67 69 97 106 118 120
7 60 67 70 92 108 113 122
7 60 67 70 98 108 113 120
7 60 67 73 82 100 104 112
7 60 67 73 86 106 116 120
7 60 67 73 92 102 113 122
7 60 67 73 92 106 114 116
7 60 67 74 76 84 98 113
7 60 67 74 84 98 108 113
7 60 67 74 92 101 114 120
7 60 67 74 92 108 113 114
7 60 67 76 81 100 104 114
7 60 67 76 82 84 98 104
7 60 67 76 82 98 100 120
7 60 67 76 82 98 100 121
7 60 67 76 82 98 116 120
7 60 67 76 82 98 116 121
7 60 67 76 82 100 104 112
7 60 67 76 84 88 97 98
7 60 67 76 84 97 98 120
7 60 67 76 84 97 114 120
7 60 67 76 84 100 121 122
7 60 67 76 86 106 116 120
7 60 67 76 88 97 98 112
7 60 67 76 88 104 113 114
7 60 67 76 88 104 113 118
7 60 67 76 88 104 114 116
7 60 67 77 82 98 116 120
7 60 67 78 81 97 116 122
7 60 67 78 81 105 114 116
7 60 67 78 88 104 114 116
7 60 67 78 97 114 116 120
7 60 67 81 88 98 100 104
7 60 67 81 92 97 102 122
7 60 67 81 92 98 100 104
7 60 67 81 92 101 106 114
7 60 67 81 94 98 100 104
7 60 67 81 97 108 118 122
7 60 67 82 92 98 105 116
7 60 67 82 98 108 116 120
7 60 67 82 98 108 116 121
7 60 67 84 88 97 98 112
7 60 67 84 88 97 104 114
7 60 67 84 88 97 106 112
7 60 67 84 88 97 108 114
7 60 67 84 88 97 110 112
7 60 67 84 88 98 104 112
7 60 67 84 88 98 108 112
7 60 67 84 88 101 106 112
7 60 67 84 97 98 104 112
7 60 67 84 97 108 114 120
7 60 67 85 90 97 98 108
7 60 67 86 92 106 108 113
7 60 67 86 92 106 108 114
7 60 67 88 97 100 104 114
7 60 67 88 97 104 114 116
7 60 67 88 98 100 104 112
7 60 67 88 100 104 113 114
7 60 67 88 104 113 114 116
7 60 67 90 92 102 105 113
7 60 67 90 97 98 108 116
7 60 67 90 97 108 114 116
7 60 67 90 98 108 113 116
7 60 67 90 98 108 116 120
7 60 67 90 98 108 116 121
7 60 67 90 102 108 116 120
7 60 67 90 106 108 113 116
7 60 67 92 97 106 114 116
7 60 67 92 97 106 118 120
7 60 67 92 97 108 114 120
7 60 67 92 97 108 116 122
7 60 67 92 97 108 118 122
7 60 67 92 97 110 118 122
7 60 67 92 98 100 104 112
7 60 67 92 98 108 116 120
7 60 67 92 101 106 113 114
7 60 67 92 101 106 114 120
7 60 67 92 102 105 113 122
7 60 67 92 102 108 113 122
7 60 67 92 105 108 114 116
7 60 67 92 106 108 113 114
7 60 67 92 106 113 114 116
7 60 67 92 106 114 116 120
7 60 67 92 106 114 116 121
7 60 67 92 108 113 114 120
7 60 67 92 108 113 116 122
7 60 67 92 108 113 118 122
7 60 67 92 108 114 116 120
7 60 67 92 108 116 121 122
7 60 67 92 110 114 116 120
7 60 67 94 98 100 104 112
7 60 67 94 98 108 116 120
7 60 67 94 110 114 116 120
7 60 68 81 88 98 104 112
7 60 68 88 97 98 104 112
7 60 69 70 73 82 98 120
7 60 69 70 90 97 104 112
7 60 69 70 90 98 104 112
7 60 69 73 76 82 98 112
7 60 69 73 82 98 104 112
7 60 69 73 90 110 114 116
7 60 69 73 92 106 114 116
7 60 69 74 76 82 98 112
7 60 69 74 76 82 98 113
7 60 69 74 81 98 116 120
7 60 69 74 82 88 99 100
7 60 69 74 82 97 100 120
7 60 69 74 82 98 100 120
7 60 69 74 82 98 100 121
7 60 69 74 82 98 108 113
7 60 69 74 82 98 116 120
7 60 69 74 82 98 116 121
7 60 69 74 82 99 100 120
7 60 69 74 83 99 116 120
7 60 69 74 84 104 113 114
7 60 69 74 88 97 100 114
7 60 69 74 88 104 113 114
7 60 69 74 88 104 113 118
7 60 69 74 88 104 114 116
7 60 69 74 88 104 115 116
7 60 69 74 92 108 113 114
7 60 69 76 90 97 98 112
7 60 69 76 90 99 116 120
7 60 69 76 90 99 118 120
7 60 69 76 90 106 113 116
7 60 69 76 90 106 113 118
7 60 69 81 90 98 100 104
7 60 69 82 88 97 106 112
7 60 69 82 88 97 106 116
7 60 69 82 88 100 106 112
7 60 69 82 88 100 106 113
7 60 69 82 88 100 107 112
7 60 69 82 97 106 116 120
7 60 69 82 100 106 113 120
7 60 69 86 90 99 108 120
7 60 69 86 106 108 114 120
7 60 69 88 97 106 114 116
7 60 69 88 100 106 113 114
7 60 69 90 92 102 106 113
7 60 69 90 97 98 104 112
7 60 69 90 97 106 116 120
7 60 69 90 97 108 118 120
7 60 69 90 97 110 118 120
7 60 69 90 98 100 104 112
7 60 69 90 98 108 116 120
7 60 69 90 99 108 116 120
7 60 69 90 99 108 118 120
7 60 69 90 100 106 113 120
7 60 69 90 106 108 113 116
7 60 69 90 106 108 113 118
7 60 69 90 106 113 116 120
7 60 69 90 110 114 116 120
7 60 69 92 100 106 114 120
7 60 69 92 100 106 114 121
7 60 69 92 102 106 114 120
7 60 69 92 106 108 113 114
7 60 69 92 106 114 116 120
7 60 69 92 106 114 116 121
7 60 69 94 100 106 114 120
7 60 70 73 84 97 114 120
7 60 70 73 88 104 114 116
7 60 70 73 90 106 113 116
7 60 70 73 92 106 114 116
7 60 70 73 97 106 114 116
7 60 70 74 76 81 97 114
7 60 70 74 81 97 108 114
7 60 70 74 84 97 104 114
7 60 70 74 84 104 113 114
7 60 70 74 89 101 114 120
7 60 70 74 89 105 114 116
7 60 70 74 92 108 113 114
7 60 70 74 98 105 113 116
7 60 70 75 92 106 114 117
7 60 70 75 92 106 115 117
7 60 70 75 92 108 113 114
7 60 70 76 89 99 116 122
7 60 70 76 90 97 98 112
7 60 70 76 90 106 113 116
7 60 70 77 82 98 113 120
7 60 70 77 90 106 115 117
7 60 70 81 88 98 104 112
7 60 70 81 88 100 106 112
7 60 70 81 90 97 108 114
7 60 70 82 89 98 101 120
7 60 70 82 89 98 108 113
7 60 70 82 98 105 116 120
7 60 70 82 98 105 117 120
7 60 70 83 98 100 105 120
7 60 70 83 98 105 116 120
7 60 70 88 97 98 104 112
7 60 70 89 92 101 106 114
7 60 70 89 97 106 114 116
7 60 70 89 97 108 116 122
7 60 70 89 98 108 116 120
7 60 70 89 99 104 114 116
7 60 70 89 99 108 116 122
7 60 70 89 99 114 116 120
7 60 70 89 101 106 114 120
7 60 70 89 105 106 114 116
7 60 70 89 106 113 114 116
7 60 70 90 92 101 106 114
7 60 70 90 98 100 105 113
7 60 70 90 98 105 113 116
7 60 70 90 98 108 116 121
7 60 70 90 99 108 116 121
7 60 70 90 105 106 113 116
7 60 70 90 106 108 113 116
7 60 70 92 100 106 114 121
7 60 70 92 101 106 114 121
7 60 70 92 106 108 113 114
7 60 70 92 106 114 116 121
7 60 70 92 108 116 121 122
7 60 71 73 88 104 114 116
7 60 71 73 88 106 114 116
7 60 71 73 90 106 113 116
7 60 71 74 88 104 113 118
7 60 71 74 88 104 114 116
7 60 71 74 88 104 115 116
7 60 71 74 88 105 114 116
7 60 71 74 88 108 113 114
7 60 71 75 92 108 113 114
7 60 71 76 88 104 113 114
7 60 71 81 82 107 108 112
7 60 71 82 84 105 106 112
7 60 71 83 88 105 106 116
7 60 71 83 92 102 106 121
7 60 71 83 105 106 116 120
7 60 71 84 108 115 121 122
7 60 71 86 106 108 114 121
7 60 71 88 106 108 113 114
7 60 71 89 97 106 114 116
7 60 71 89 99 108 116 122
7 60 71 89 101 106 114 120
7 60 71 89 105 106 114 116
7 60 71 89 106 113 114 116
7 60 71 89 110 113 116 122
7 60 71 90 98 108 116 121
7 60 71 90 106 113 116 120
7 60 71 90 110 114 116 121
7 60 71 91 97 108 116 122
7 60 71 91 105 108 114 116
7 60 71 92 100 105 115 122
7 60 71 92 100 106 114 120
7 60 71 92 100 106 114 121
7 60 71 92 102 105 113 122
7 60 71 92 102 106 114 121
7 60 71 92 105 106 115 116
7 60 71 92 105 115 116 122
7 60 71 92 106 114 116 121
7 60 71 92 107 113 116 122
7 60 71 92 108 115 121 122
7 60 71 92 108 116 121 122
7 60 71 92 108 118 121 122
7 60 71 94 100 105 113 122
7 60 71 99 108 116 121 122
7 60 71 106 108 113 114 120
7 60 71 108 115 116 121 122
7 60 73 74 81 98 116 120
7 60 73 74 84 100 114 120
7 60 73 74 84 100 115 120
7 60 73 74 85 102 115 120
7 60 73 74 86 101 114 120
7 60 73 74 86 102 113 120
7 60 73 76 82 97 98 112
7 60 73 76 82 98 100 112
7 60 73 76 82 98 116 120
7 60 73 76 83 98 100 112
7 60 73 76 84 100 114 120
7 60 73 78 97 114 116 120
7 60 73 81 82 98 100 104
7 60 73 81 86 102 106 120
7 60 73 82 84 97 98 112
7 60 73 82 84 97 98 120
7 60 73 82 84 97 110 112
7 60 73 82 84 98 104 112
7 60 73 82 84 99 104 112
7 60 73 82 84 99 108 112
7 60 73 82 84 101 106 112
7 60 73 82 84 102 106 112
7 60 73 82 88 97 98 100
7 60 73 82 92 97 102 120
7 60 73 82 97 98 100 112
7 60 73 82 97 98 100 120
7 60 73 82 97 98 116 120
7 60 73 82 98 100 104 112
7 60 73 82 98 108 116 120
7 60 73 82 99 100 104 112
7 60 73 83 101 106 118 120
7 60 73 84 88 98 100 112
7 60 73 84 100 106 115 120
7 60 73 85 90 99 102 120
7 60 73 86 88 99 104 116
7 60 73 86 88 101 104 114
7 60 73 86 88 101 106 114
7 60 73 86 97 106 116 120
7 60 73 86 97 108 114 120
7 60 73 86 97 110 114 120
7 60 73 86 98 108 113 120
7 60 73 86 100 106 113 120
7 60 73 86 101 106 114 120
7 60 73 86 102 106 113 120
7 60 73 86 106 113 116 120
7 60 73 88 102 104 113 114
7 60 73 88 102 104 114 116
7 60 73 88 102 104 114 117
7 60 73 88 102 104 115 116
7 60 73 90 97 102 116 120
7 60 73 90 102 104 113 116
7 60 73 92 97 102 114 120
7 60 73 92 102 104 113 114
7 60 73 92 102 113 114 120
7 60 73 92 106 114 116 120
7 60 73 92 108 113 118 122
7 60 73 92 108 114 116 120
7 60 73 92 110 114 116 120
7 60 73 94 110 114 116 120
7 60 73 94 110 115 117 120
7 60 74 76 81 97 118 120
7 60 74 76 82 97 100 112
7 60 74 76 83 101 114 120
7 60 74 76 84 98 113 120
7 60 74 81 84 97 104 114
7 60 74 81 84 98 100 120
7 60 74 81 84 98 104 112
7 60 74 81 84 98 108 112
7 60 74 81 97 100 104 114
7 60 74 81 97 100 114 120
7 60 74 81 97 104 114 116
7 60 74 81 97 108 114 120
7 60 74 81 97 108 118 120
7 60 74 81 97 114 116 120
7 60 74 82 85 99 108 120
7 60 74 82 85 102 105 120
7 60 74 82 92 97 102 120
7 60 74 82 92 98 101 120
7 60 74 82 92 98 101 121
7 60 74 84 88 97 100 114
7 60 74 84 88 97 104 114
7 60 74 84 97 100 104 114
7 60 74 84 97 100 114 120
7 60 74 84 98 100 113 120
7 60 74 84 98 108 113 120
7 60 74 84 100 104 113 114
7 60 74 84 100 113 114 120
7 60 74 85 88 99 104 118
7 60 74 85 88 99 108 114
7 60 74 85 88 102 104 115
7 60 74 85 88 102 105 114
7 60 74 85 99 108 114 120
7 60 74 85 102 105 114 120
7 60 74 86 88 97 108 114
7 60 74 86 88 101 104 114
7 60 74 86 97 108 114 120
7 60 74 86 98 108 113 120
7 60 74 88 97 104 114 116
7 60 74 88 100 104 113 114
7 60 74 88 101 104 114 116
7 60 74 88 101 104 115 118
7 60 74 88 104 113 114 116
7 60 74 88 104 115 117 118
7 60 74 92 97 102 114 120
7 60 74 92 102 104 113 114
7 60 74 92 102 113 114 120
7 60 74 92 105 115 118 120
7 60 74 92 108 113 114 120
7 60 74 92 108 113 118 120
7 60 74 92 108 114 117 120
7 60 74 92 108 115 118 120
7 60 74 92 109 115 118 120
7 60 75 76 86 102 113 120
7 60 75 76 100 113 114 120
7 60 75 81 82 102 108 112
7 60 75 82 84 101 106 112
7 60 75 82 92 98 101 112
7 60 75 82 102 113 116 120
7 60 75 84 97 100 114 120
7 60 75 84 100 104 113 114
7 60 75 84 100 113 114 120
7 60 75 84 108 113 114 120
7 60 75 85 88 102 105 114
7 60 75 85 97 108 118 122
7 60 75 85 102 105 114 120
7 60 75 85 102 108 113 122
7 60 75 85 110 113 114 120
7 60 75 86 88 101 104 114
7 60 75 86 98 108 113 120
7 60 75 86 102 108 113 120
7 60 75 87 97 108 114 120
7 60 75 88 108 113 114 116
7 60 75 92 100 104 113 114
7 60 75 92 101 113 118 122
7 60 75 92 102 108 113 114
7 60 75 92 102 114 116 120
7 60 75 92 103 104 113 114
7 60 75 92 103 113 114 120
7 60 75 92 106 114 117 120
7 60 75 92 106 117 118 120
7 60 75 92 108 113 114 116
7 60 75 92 108 113 118 120
7 60 75 92 108 113 118 122
7 60 75 92 108 115 118 120
7 60 75 92 109 115 118 120
7 60 75 94 101 104 113 114
7 60 75 94 101 108 113 114
7 60 75 101 106 113 118 120
7 60 75 108 113 114 116 120
7 60 76 81 82 98 100 104
7 60 76 81 82 99 100 104
7 60 76 81 82 99 100 120
7 60 76 81 82 100 106 112
7 60 76 81 82 100 107 112
7 60 76 81 82 101 106 112
7 60 76 81 82 102 106 112
7 60 76 81 88 98 104 112
7 60 76 81 88 98 104 116
7 60 76 81 90 97 102 120
7 60 76 81 90 99 100 120
7 60 76 81 90 102 106 116
7 60 76 81 97 106 118 120
7 60 76 81 98 100 104 112
7 60 76 81 99 100 114 120
7 60 76 81 100 106 114 120
7 60 76 82 84 97 98 104
7 60 76 82 84 97 98 120
7 60 76 82 88 97 98 112
7 60 76 82 97 98 100 120
7 60 76 82 97 98 104 112
7 60 76 82 97 98 116 120
7 60 76 82 98 100 113 120
7 60 76 82 98 113 116 120
7 60 76 82 100 106 113 120
7 60 76 83 84 97 98 104
7 60 76 83 84 101 106 120
7 60 76 83 84 102 105 122
7 60 76 83 88 102 104 113
7 60 76 83 97 106 116 120
7 60 76 83 100 106 113 120
7 60 76 83 101 106 116 120
7 60 76 83 102 105 116 122
7 60 76 84 88 97 98 112
7 60 76 84 89 99 100 122
7 60 76 84 90 97 102 120
7 60 76 84 90 99 100 120
7 60 76 84 90 99 102 120
7 60 76 84 99 100 121 122
7 60 76 84 100 105 114 120
7 60 76 84 100 115 121 122
7 60 76 86 89 99 106 116
7 60 76 86 97 106 116 120
7 60 76 86 99 106 116 120
7 60 76 86 100 106 113 120
7 60 76 86 100 106 115 120
7 60 76 86 106 113 116 120
7 60 76 86 106 115 116 120
7 60 76 86 107 116 121 122
7 60 76 88 97 104 114 116
7 60 76 88 99 104 113 118
7 60 76 88 99 104 114 116
7 60 76 88 104 113 114 116
7 60 76 89 106 117 118 120
7 60 76 90 99 100 113 120
7 60 76 90 99 104 113 116
7 60 76 90 99 113 116 120
7 60 76 90 102 105 115 116
7 60 76 90 102 106 113 116
7 60 76 90 106 113 116 120
7 60 76 90 106 117 118 120
7 60 76 90 107 117 118 120
7 60 76 91 103 116 121 122
7 60 76 91 107 117 118 120
7 60 77 81 82 102 106 112
7 60 77 81 82 102 107 112
7 60 77 81 86 99 106 112
7 60 77 82 84 99 106 112
7 60 77 83 92 102 106 113
7 60 77 83 97 106 118 120
7 60 77 83 110 113 116 122
7 60 77 86 88 99 104 112
7 60 77 86 99 100 121 122
7 60 77 86 99 108 113 122
7 60 77 86 99 116 121 122
7 60 77 86 100 106 113 120
7 60 77 86 100 106 115 120
7 60 77 86 100 107 115 120
7 60 77 86 106 113 116 120
7 60 77 86 106 114 116 120
7 60 77 86 106 115 116 120
7 60 77 86 107 113 116 122
7 60 77 86 107 115 116 120
7 60 77 87 100 106 115 120
7 60 77 90 99 104 113 118
7 60 77 90 99 113 118 120
7 60 77 90 102 105 115 116
7 60 77 90 106 113 114 116
7 60 77 90 106 113 118 120
7 60 77 90 106 117 118 120
7 60 77 90 107 117 118 120
7 60 77 90 108 115 118 120
7 60 77 90 110 115 117 120
7 60 77 92 102 106 113 114
7 60 77 92 108 114 116 120
7 60 77 94 99 100 113 122
7 60 77 94 110 115 116 121
7 60 77 99 108 113 118 122
7 60 77 102 105 115 116 122
7 60 78 81 82 99 105 116
7 60 78 81 82 102 105 112
7 60 78 81 97 98 116 120
7 60 78 81 97 100 114 120
7 60 78 81 97 102 114 120
7 60 78 81 97 114 116 120
7 60 78 81 105 114 116 120
7 60 78 81 106 114 116 120
7 60 78 81 108 114 116 120
7 60 78 82 85 98 105 112
7 60 78 82 97 98 116 120
7 60 78 82 98 113 116 120
7 60 78 82 99 113 116 120
7 60 78 82 106 113 116 120
7 60 78 83 88 101 104 114
7 60 78 83 97 98 116 120
7 60 78 83 98 108 116 120
7 60 78 83 99 108 116 120
7 60 78 83 109 114 116 120
7 60 78 84 100 115 121 122
7 60 78 84 101 115 121 122
7 60 78 84 108 113 114 120
7 60 78 85 100 105 115 122
7 60 78 85 100 106 114 120
7 60 78 85 105 115 116 122
7 60 78 85 107 114 116 120
7 60 78 86 100 106 113 120
7 60 78 86 102 106 113 120
7 60 78 86 105 114 116 120
7 60 78 86 106 113 116 120
7 60 78 87 100 105 114 120
7 60 78 88 97 104 114 116
7 60 78 88 104 113 114 116
7 60 78 88 105 113 114 116
7 60 78 88 106 113 114 116
7 60 78 89 97 104 114 116
7 60 78 89 97 108 114 116
7 60 78 89 99 108 114 116
7 60 78 89 106 113 114 116
7 60 78 89 106 114 117 120
7 60 78 89 106 117 118 120
7 60 78 90 97 104 114 116
7 60 78 90 97 108 114 116
7 60 78 90 98 104 113 116
7 60 78 90 98 108 113 116
7 60 78 90 99 108 113 116
7 60 78 90 106 113 116 120
7 60 78 90 106 117 118 120
7 60 78 90 107 117 118 120
7 60 78 92 97 100 114 120
7 60 78 92 99 100 114 120
7 60 78 92 99 114 116 120
7 60 78 92 100 104 113 114
7 60 78 92 100 105 113 114
7 60 78 92 100 106 113 114
7 60 78 92 101 115 121 122
7 60 78 92 102 105 113 114
7 60 78 92 102 106 113 114
7 60 78 92 105 113 114 116
7 60 78 92 105 115 116 120
7 60 78 92 105 115 116 122
7 60 78 92 105 115 118 120
7 60 78 92 106 113 114 116
7 60 78 92 108 113 114 120
7 60 78 92 108 113 116 122
7 60 78 92 108 113 118 122
7 60 78 92 108 115 116 122
7 60 78 92 108 115 118 122
7 60 78 92 109 115 116 122
7 60 78 93 99 100 114 120
7 60 78 99 108 113 116 122
7 60 78 101 106 113 114 120
7 60 78 101 115 116 121 122
7 60 78 102 105 115 116 120
7 60 78 105 113 114 116 120
7 60 78 106 113 114 116 120
7 60 78 108 113 114 116 120
7 60 78 108 115 116 121 122
7 60 79 81 99 114 116 120
7 60 79 82 98 113 116 120
7 60 79 82 106 113 116 120
7 60 79 82 110 113 116 120
7 60 79 83 97 98 116 120
7 60 79 83 110 113 116 120
7 60 79 84 100 115 121 122
7 60 79 84 108 113 114 120
7 60 79 84 110 113 114 120
7 60 79 85 107 114 116 120
7 60 79 86 106 113 116 120
7 60 79 86 110 113 114 120
7 60 79 87 100 105 114 120
7 60 79 88 104 113 114 116
7 60 79 88 106 113 114 116
7 60 79 89 99 104 114 116
7 60 79 89 99 114 116 120
7 60 79 89 106 113 114 116
7 60 79 89 110 113 114 116
7 60 79 90 98 104 113 116
7 60 79 90 110 115 117 120
7 60 79 92 100 104 113 114
7 60 79 92 106 113 114 116
7 60 79 92 107 113 114 116
7 60 79 94 100 104 113 114
7 60 79 99 113 114 116 120
7 60 79 106 113 114 116 120
7 60 79 108 113 114 116 120
7 60 79 110 113 114 116 120
7 60 81 82 98 100 104 112
7 60 81 82 98 108 116 120
7 60 81 82 99 100 104 112
7 60 81 82 99 110 116 120
7 60 81 82 101 106 108 112
7 60 81 82 102 106 108 112
7 60 81 82 102 107 108 112
7 60 81 82 103 107 108 112
7 60 81 84 99 106 108 112
7 60 81 84 100 106 114 120
7 60 81 84 102 105 106 112
7 60 81 86 106 108 114 120
7 60 81 86 107 109 114 120
7 60 81 88 98 100 104 112
7 60 81 88 105 110 114 116
7 60 81 90 97 102 108 112
7 60 81 90 99 108 116 120
7 60 81 90 102 108 116 120
7 60 81 92 97 102 106 112
7 60 81 92 97 102 106 114
7 60 81 92 97 106 118 120
7 60 81 92 98 100 104 112
7 60 81 92 98 108 116 120
7 60 81 92 101 106 114 120
7 60 81 92 102 105 116 122
7 60 81 92 102 106 114 120
7 60 81 92 105 110 114 116
7 60 81 94 98 100 104 112
7 60 82 84 97 98 104 112
7 60 82 84 102 105 106 112
7 60 82 84 103 105 106 112
7 60 82 85 99 106 116 120
7 60 82 85 107 110 116 120
7 60 82 88 97 100 106 112
7 60 82 89 99 110 116 120
7 60 82 89 102 106 113 116
7 60 82 92 97 102 106 112
7 60 82 92 97 106 116 120
7 60 82 92 97 110 116 120
7 60 82 92 98 105 116 120
7 60 82 92 99 106 113 116
7 60 82 92 99 106 116 120
7 60 82 92 99 106 116 121
7 60 82 92 99 110 116 120
7 60 82 92 101 106 116 120
7 60 82 92 102 106 113 120
7 60 82 92 102 107 113 120
7 60 82 93 99 106 116 120
7 60 82 93 99 110 116 120
7 60 82 93 102 106 113 120
7 60 83 84 100 105 106 112
7 60 83 84 109 110 114 120
7 60 83 85 102 105 106 120
7 60 83 85 105 110 114 120
7 60 83 85 107 110 116 120
7 60 83 88 103 105 106 116
7 60 83 88 106 108 113 116
7 60 83 89 101 102 106 112
7 60 83 89 101 102 106 120
7 60 83 89 101 110 116 122
7 60 83 89 109 110 114 116
7 60 83 90 98 105 108 116
7 60 83 90 102 105 108 116
7 60 83 90 102 109 116 120
7 60 83 90 109 110 114 116
7 60 83 92 97 98 104 112
7 60 83 92 97 100 106 112
7 60 83 92 97 100 106 120
7 60 83 92 98 100 104 112
7 60 83 92 101 106 113 114
7 60 83 92 101 106 114 120
7 60 83 92 101 106 116 120
7 60 83 92 102 105 116 122
7 60 83 92 102 106 108 113
7 60 83 92 105 110 114 116
7 60 83 92 105 110 118 120
7 60 83 92 106 109 118 120
7 60 83 93 97 102 106 112
7 60 83 93 97 102 106 120
7 60 83 93 99 110 116 120
7 60 83 97 98 108 116 120
7 60 83 97 106 108 116 120
7 60 83 97 108 114 116 120
7 60 83 99 108 114 116 120
7 60 83 101 106 108 114 120
7 60 83 101 106 108 116 120
7 60 83 101 106 114 116 120
7 60 83 102 105 108 116 122
7 60 83 106 108 113 116 120
7 60 83 109 110 114 116 120
7 60 84 88 97 98 104 112
7 60 84 88 97 98 108 112
7 60 84 88 99 101 106 112
7 60 84 88 107 108 113 114
7 60 84 89 100 106 115 120
7 60 84 89 101 110 114 120
7 60 84 89 102 108 113 122
7 60 84 89 103 110 114 120
7 60 84 90 97 108 114 120
7 60 84 90 99 100 105 112
7 60 84 90 100 105 114 120
7 60 84 90 101 108 114 120
7 60 84 90 101 110 114 120
7 60 84 90 102 105 113 120
7 60 84 90 102 108 113 120
7 60 84 91 101 110 114 120
7 60 84 91 102 108 113 120
7 60 84 91 102 108 113 122
7 60 85 86 107 108 114 120
7 60 85 86 107 108 115 120
7 60 85 86 107 110 113 120
7 60 85 88 106 108 113 114
7 60 85 89 99 110 114 120
7 60 85 89 107 110 114 116
7 60 85 90 97 98 104 112
7 60 85 90 97 98 108 112
7 60 85 90 97 98 108 120
7 60 85 90 98 100 104 112
7 60 85 90 99 100 104 112
7 60 85 90 99 102 105 112
7 60 85 90 99 102 105 120
7 60 85 90 102 105 108 114
7 60 85 90 102 105 114 120
7 60 85 90 102 106 113 120
7 60 85 90 105 106 114 116
7 60 85 90 105 110 114 116
7 60 85 90 105 110 118 120
7 60 85 90 107 108 118 120
7 60 85 91 97 102 108 122
7 60 85 91 99 102 108 120
7 60 85 91 102 105 108 114
7 60 85 92 102 107 114 120
7 60 85 92 106 108 113 114
7 60 85 92 107 110 113 114
7 60 85 94 99 105 108 114
7 60 85 94 101 107 114 120
7 60 85 97 100 106 114 120
7 60 85 97 106 108 114 120
7 60 85 97 106 114 116 120
7 60 85 99 106 108 114 120
7 60 85 99 106 114 116 120
7 60 85 100 106 113 114 120
7 60 85 102 105 106 114 120
7 60 85 106 108 113 114 120
7 60 85 106 113 114 116 120
7 60 85 107 110 114 116 120
7 60 85 110 115 116 121 122
7 60 86 88 97 106 108 114
7 60 86 88 105 106 113 116
7 60 86 88 106 108 113 114
7 60 86 89 97 100 106 112
7 60 86 89 97 100 106 120
7 60 86 89 97 106 108 114
7 60 86 89 99 110 116 120
7 60 86 89 102 106 108 113
7 60 86 89 102 106 108 114
7 60 86 89 102 106 113 120
7 60 86 89 107 110 114 117
7 60 86 90 97 98 108 112
7 60 86 90 97 98 108 120
7 60 86 90 98 105 108 113
7 60 86 90 102 105 108 113
7 60 86 90 105 108 114 116
7 60 86 90 105 110 114 116
7 60 86 90 106 109 113 116
7 60 86 91 98 101 108 120
7 60 86 92 97 106 108 114
7 60 86 92 99 106 108 113
7 60 86 92 99 106 116 120
7 60 86 92 99 108 113 122
7 60 86 92 101 107 113 122
7 60 86 92 102 105 113 122
7 60 86 92 102 107 113 120
7 60 86 92 105 106 113 116
7 60 86 92 105 106 114 116
7 60 86 92 106 108 113 114
7 60 86 92 107 108 113 114
7 60 86 93 99 106 108 114
7 60 86 97 106 108 114 120
7 60 86 99 106 108 116 121
7 60 86 99 108 116 121 122
7 60 86 100 105 106 113 120
7 60 86 101 106 108 114 121
7 60 86 102 105 106 113 120
7 60 86 102 105 108 113 122
7 60 86 105 106 113 116 120
7 60 86 105 110 114 116 120
7 60 86 106 108 113 114 120
7 60 87 88 106 108 113 114
7 60 87 89 97 106 108 114
7 60 87 90 109 110 115 120
7 60 87 91 97 98 108 112
7 60 87 91 97 98 108 120
7 60 87 91 97 106 108 116
7 60 87 92 100 105 106 114
7 60 87 92 100 105 106 115
7 60 87 92 107 108 113 114
7 60 87 92 107 108 117 122
7 60 87 93 107 110 113 114
7 60 87 94 98 100 105 120
7 60 87 94 99 100 105 120
7 60 87 94 100 105 106 113
7 60 87 97 106 108 114 120
7 60 87 99 105 106 116 120
7 60 87 99 108 116 121 122
7 60 87 101 105 106 114 120
7 60 87 106 108 113 114 120
7 60 87 107 108 116 121 122
7 60 89 90 99 102 108 116
7 60 89 90 99 108 116 120
7 60 89 90 103 108 116 120
7 60 89 90 103 108 118 120
7 60 89 92 99 108 116 122
7 60 89 92 101 106 118 120
7 60 89 92 102 106 113 114
7 60 89 92 102 108 113 122
7 60 89 92 103 106 114 120
7 60 89 92 103 106 118 120
7 60 89 94 98 100 104 112
7 60 89 94 99 101 104 114
7 60 89 97 102 106 114 116
7 60 89 97 102 108 116 122
7 60 89 97 110 114 116 120
7 60 89 99 102 108 116 122
7 60 89 101 102 106 114 120
7 60 89 101 110 114 116 120
7 60 89 102 105 106 114 116
7 60 89 102 106 113 114 116
7 60 89 102 108 113 116 122
7 60 89 106 108 113 118 120
7 60 89 106 108 117 118 120
7 60 89 109 110 115 118 120
7 60 89 110 113 114 116 120
7 60 90 92 97 98 104 112
7 60 90 92 97 100 104 112
7 60 90 92 97 102 104 112
7 60 90 92 97 102 104 114
7 60 90 92 99 108 113 116
7 60 90 92 99 108 116 120
7 60 90 92 99 108 118 120
7 60 90 92 101 106 113 114
7 60 90 92 101 106 113 116
7 60 90 92 101 106 114 120
7 60 90 92 101 106 114 121
7 60 90 92 101 106 118 120
7 60 90 92 101 108 114 120
7 60 90 92 102 105 113 114
7 60 90 92 102 105 113 116
7 60 90 92 102 105 113 120
7 60 90 92 102 106 113 116
7 60 90 92 102 106 113 120
7 60 90 92 102 108 113 120
7 60 90 92 103 105 113 114
7 60 90 92 103 106 118 120
7 60 90 92 103 106 118 121
7 60 90 92 103 107 113 116
7 60 90 93 99 102 104 112
7 60 90 97 98 108 116 120
7 60 90 97 102 108 116 120
7 60 90 97 108 114 116 120
7 60 90 98 101 108 116 120
7 60 90 98 108 113 116 120
7 60 90 99 101 108 116 120
7 60 90 99 102 108 116 120
7 60 90 99 108 113 116 120
7 60 90 101 106 108 113 116
7 60 90 101 106 113 116 120
7 60 90 101 108 114 116 120
7 60 90 102 105 113 116 120
7 60 90 102 106 108 113 116
7 60 90 102 108 113 116 120
7 60 90 106 108 113 116 120
7 60 90 106 108 117 118 120
7 60 90 107 108 117 118 120
7 60 91 92 97 98 104 112
7 60 91 92 101 102 105 114
7 60 91 92 103 110 118 121
7 60 91 93 97 102 104 114
7 60 91 93 97 102 108 114
7 60 91 93 99 102 108 114
7 60 91 93 101 102 106 114
7 60 91 94 98 101 104 112
7 60 91 97 98 108 116 120
7 60 91 97 102 108 116 120
7 60 91 97 102 108 116 122
7 60 91 97 108 114 116 120
7 60 91 99 101 108 118 120
7 60 91 99 102 108 116 120
7 60 91 101 106 108 113 118
7 60 91 101 110 114 116 120
7 60 91 102 105 108 114 116
7 60 91 102 108 113 116 120
7 60 91 102 108 113 116 122
7 60 91 102 108 116 121 122
7 60 91 103 105 108 114 116
7 60 91 103 108 116 121 122
7 60 91 105 108 114 116 120
7 60 91 106 108 117 118 120
7 60 91 107 108 117 118 120
7 60 92 97 98 100 104 112
7 60 92 97 98 108 116 120
7 60 92 97 100 106 114 120
7 60 92 97 102 106 114 120
7 60 92 97 106 114 116 120
7 60 92 97 108 114 116 120
7 60 92 97 110 114 116 120
7 60 92 99 100 104 113 114
7 60 92 99 100 113 114 120
7 60 92 99 101 106 113 114
7 60 92 99 101 106 114 120
7 60 92 99 102 108 113 122
7 60 92 99 105 108 114 116
7 60 92 99 108 113 114 120
7 60 92 99 108 113 116 122
7 60 92 99 108 113 118 122
7 60 92 99 108 114 116 120
7 60 92 99 108 116 121 122
7 60 92 99 110 114 116 120
7 60 92 99 113 114 116 120
7 60 92 100 106 113 114 120
7 60 92 100 107 113 114 120
7 60 92 101 102 107 115 120
7 60 92 101 106 108 113 114
7 60 92 101 106 113 114 120
7 60 92 101 106 114 116 120
7 60 92 101 106 115 116 120
7 60 92 102 105 106 115 116
7 60 92 102 105 113 116 122
7 60 92 102 105 115 116 122
7 60 92 102 106 108 113 114
7 60 92 102 106 113 114 120
7 60 92 102 108 116 121 122
7 60 92 102 115 116 121 122
7 60 92 103 108 116 121 122
7 60 92 103 115 116 121 122
7 60 92 105 106 115 116 120
7 60 92 105 108 114 116 120
7 60 92 106 108 113 114 120
7 60 92 106 108 113 118 120
7 60 92 106 108 115 118 120
7 60 92 106 109 115 118 120
7 60 92 106 113 114 116 120
7 60 92 107 108 117 118 122
7 60 92 107 109 115 118 120
7 60 92 107 113 114 116 120
7 60 92 108 113 114 116 120
7 60 92 108 115 116 121 122
7 60 92 110 113 114 116 120
7 60 92 110 115 116 121 122
7 60 92 111 113 114 116 120
7 60 92 111 115 116 121 122
7 60 93 94 98 100 104 112
7 60 93 94 99 100 104 112
7 60 93 94 99 100 104 114
7 60 93 94 99 100 105 114
7 60 93 94 99 101 106 114
7 60 93 97 100 106 114 120
7 60 93 97 102 106 114 120
7 60 93 97 106 114 116 120
7 60 93 97 110 114 116 120
7 60 93 99 106 114 116 120
7 60 93 99 108 113 118 122
7 60 93 99 110 114 116 120
7 60 93 102 106 108 113 114
7 60 93 102 106 113 114 120
7 60 93 106 108 115 118 120
7 60 93 110 113 114 116 120
7 60 93 110 115 116 121 122
7 60 94 97 98 100 104 112
7 60 94 97 98 108 116 120
7 60 94 97 108 114 116 120
7 60 94 97 110 114 116 120
7 60 94 98 108 113 116 120
7 60 94 99 101 108 114 121
7 60 94 99 106 108 113 116
7 60 94 99 108 113 116 120
7 60 94 99 108 113 116 122
7 60 94 99 108 114 116 120
7 60 94 99 108 114 116 121
7 60 94 99 108 116 121 122
7 60 94 100 105 113 114 120
7 60 94 101 105 106 115 116
7 60 94 101 106 113 114 120
7 60 94 101 106 114 116 121
7 60 94 101 106 115 116 121
7 60 94 101 108 116 121 122
7 60 94 102 105 108 113 114
7 60 94 102 105 113 114 120
7 60 94 102 105 113 116 120
7 60 94 102 105 113 116 122
7 60 94 102 105 114 116 120
7 60 94 102 105 115 116 120
7 60 94 102 106 108 113 114
7 60 94 102 108 116 121 122
7 60 94 103 108 116 121 122
7 60 94 105 108 113 114 120
7 60 94 105 108 114 117 120
7 60 94 105 110 115 117 120
7 60 94 106 108 113 116 120
7 60 94 106 108 113 118 120
7 60 94 106 109 115 118 120
7 60 94 107 108 117 118 121
7 60 94 107 108 117 118 122
7 60 94 110 113 114 116 120
7 60 94 111 113 114 116 120
7 60 95 97 98 100 104 112
7 60 95 97 98 108 116 120
7 60 95 97 108 114 116 120
7 60 95 97 110 114 116 120
7 60 95 99 105 108 114 116
7 60 95 99 108 113 114 120
7 60 95 99 108 113 116 122
7 60 95 99 108 114 116 120
7 60 95 99 108 116 121 122
7 60 95 101 106 108 113 114
7 60 95 101 106 113 114 120
7 60 95 101 106 114 116 120
7 60 95 101 106 115 116 120
7 60 95 102 105 113 116 122
7 60 95 102 106 108 113 114
7 60 95 102 108 116 121 122
7 60 95 103 108 116 121 122
7 60 95 105 108 114 116 120
7 60 95 106 108 113 118 120
7 60 95 106 109 115 118 120
7 60 95 107 108 117 118 122
7 60 95 111 113 114 116 120
7 61 62 66 68 72 80 96
7 61 62 66 68 88 104 112
7 61 62 67 68 72 80 96
7 61 62 67 68 88 104 112
7 61 62 67 69 88 104 114
7 61 62 67 69 90 106 116
7 61 62 67 70 88 104 112
7 61 62 67 70 92 105 114
7 61 62 67 73 84 98 112
7 61 62 67 76 84 98 120
7 61 62 67 76 88 98 112
7 61 62 67 81 84 98 104
7 61 62 68 72 81 98 112
7 61 62 69 73 82 98 112
7 61 62 69 73 82 98 120
7 61 62 69 73 82 98 124
7 61 62 69 74 81 98 112
7 61 62 69 74 82 98 124
7 61 62 69 74 84 104 114
7 61 62 69 74 84 104 115
7 61 62 69 76 90 99 112
7 61 62 70 74 84 104 113
7 61 62 70 74 84 104 114
7 61 62 70 74 84 104 115
7 61 62 73 76 82 98 112
7 61 62 73 76 82 99 112
7 61 62 73 82 84 98 104
7 61 62 76 81 84 98 104
7 61 62 76 82 84 98 104
7 61 62 76 82 84 99 104
7 61 62 76 83 84 99 104
7 61 65 70 74 84 104 114
7 61 65 70 88 98 104 112
7 61 65 74 84 100 104 114
7 61 65 74 84 100 114 120
7 61 65 74 88 104 114 116
7 61 65 74 92 102 114 120
7 61 65 76 82 84 98 104
7 61 65 76 82 98 100 120
7 61 65 76 82 98 104 112
7 61 65 76 82 98 116 120
7 61 65 76 86 106 116 120
7 61 65 78 82 98 116 120
7 61 65 78 88 104 114 116
7 61 65 82 84 98 104 112
7 61 65 82 88 100 106 112
7 61 65 82 92 102 106 112
7 61 65 82 98 100 104 112
7 61 65 82 98 108 116 120
7 61 65 84 100 106 114 120
7 61 65 86 88 106 108 114
7 61 65 86 92 106 108 114
7 61 65 86 106 108 114 120
7 61 65 86 106 114 116 120
7 61 65 90 98 100 104 112
7 61 65 90 98 108 116 120
7 61 65 90 102 108 116 120
7 61 65 90 110 114 116 120
7 61 65 92 100 106 114 120
7 61 65 92 102 106 114 120
7 61 65 92 106 114 116 120
7 61 65 92 110 114 116 120
7 61 65 94 98 100 104 112
7 61 65 94 98 108 116 120
7 61 65 94 102 106 114 124
7 61 65 94 110 114 116 120
7 61 65 94 110 118 122 124
7 61 67 69 90 102 104 112
7 61 67 69 90 106 116 120
7 61 67 69 90 110 118 120
7 61 67 69 92 106 118 120
7 61 67 73 86 106 116 120
7 61 67 73 92 106 114 116
7 61 67 74 84 100 104 114
7 61 67 74 84 100 114 120
7 61 67 76 82 84 98 104
7 61 67 76 82 98 100 120
7 61 67 76 82 98 116 120
7 61 67 76 86 106 116 120
7 61 67 78 81 100 114 120
7 61 67 78 85 105 118 122
7 61 67 78 88 104 114 116
7 61 67 78 97 114 116 120
7 61 67 81 92 100 106 114
7 61 67 82 98 108 116 120
7 61 67 84 88 97 110 114
7 61 67 84 97 110 114 120
7 61 67 86 92 106 108 114
7 61 67 89 101 110 118 122
7 61 67 90 97 108 114 116
7 61 67 90 98 108 116 120
7 61 67 90 102 108 116 120
7 61 67 92 97 100 106 114
7 61 67 92 97 106 114 116
7 61 67 92 97 106 118 120
7 61 67 92 97 108 118 122
7 61 67 92 97 110 118 122
7 61 67 92 100 106 114 120
7 61 67 92 106 114 116 120
7 61 67 92 108 113 118 122
7 61 67 92 110 114 116 120
7 61 67 93 97 110 118 122
7 61 67 93 110 113 118 122
7 61 67 94 98 100 104 112
7 61 67 94 98 108 116 120
7 61 67 94 110 114 116 120
7 61 67 94 110 118 122 124
7 61 69 70 90 98 104 112
7 61 69 73 86 106 114 124
7 61 69 73 90 110 114 116
7 61 69 74 76 82 98 112
7 61 69 74 82 98 100 120
7 61 69 74 82 98 116 120
7 61 69 74 97 102 114 120
7 61 69 76 90 99 118 120
7 61 69 76 90 106 113 118
7 61 69 82 88 102 106 112
7 61 69 83 92 102 106 120
7 61 69 86 106 108 114 120
7 61 69 90 92 102 105 114
7 61 69 90 97 106 118 124
7 61 69 90 97 110 118 120
7 61 69 90 99 108 118 120
7 61 69 90 102 105 114 124
7 61 69 90 106 108 113 118
7 61 69 90 106 113 118 124
7 61 69 90 110 114 116 120
7 61 69 92 100 106 114 120
7 61 69 92 102 106 114 120
7 61 69 92 106 114 116 120
7 61 69 94 100 106 114 120
7 61 70 73 92 106 114 116
7 61 70 74 83 109 114 124
7 61 70 74 84 97 104 114
7 61 70 74 84 104 113 114
7 61 70 74 92 108 113 114
7 61 70 75 92 106 114 117
7 61 70 75 106 114 117 124
7 61 70 76 90 97 98 112
7 61 70 76 90 106 113 116
7 61 70 77 90 106 115 116
7 61 70 81 90 97 108 114
7 61 70 81 97 106 114 124
7 61 70 82 98 105 116 120
7 61 70 90 92 99 108 114
7 61 70 90 92 101 106 114
7 61 70 90 98 108 116 121
7 61 70 90 101 106 114 124
7 61 70 90 105 108 114 116
7 61 70 90 106 114 117 124
7 61 70 90 107 114 117 124
7 61 70 91 101 106 114 124
7 61 70 92 100 106 114 121
7 61 70 92 106 108 113 114
7 61 70 92 106 114 116 121
7 61 70 93 99 106 114 124
7 61 71 73 88 106 114 116
7 61 71 74 88 104 114 116
7 61 71 86 106 108 114 121
7 61 71 89 97 110 118 122
7 61 71 89 110 113 118 122
7 61 71 90 92 101 106 114
7 61 71 90 98 100 104 112
7 61 71 90 102 114 121 124
7 61 71 90 106 118 121 124
7 61 71 90 110 114 116 121
7 61 71 92 100 106 114 120
7 61 71 92 102 106 114 121
7 61 71 94 102 105 113 122
7 61 71 94 110 118 121 122
7 61 73 81 86 102 106 120
7 61 73 81 90 102 106 116
7 61 73 84 90 102 108 114
7 61 73 84 100 106 114 120
7 61 73 86 88 99 106 116
7 61 73 86 88 101 106 114
7 61 73 86 97 106 114 124
7 61 73 86 97 110 114 120
7 61 73 86 99 106 116 120
7 61 73 86 101 106 114 120
7 61 73 86 102 106 113 120
7 61 73 86 106 114 116 120
7 61 73 86 106 115 116 120
7 61 73 88 102 104 114 116
7 61 73 90 99 102 116 120
7 61 73 90 102 104 114 116
7 61 73 90 102 104 115 116
7 61 73 90 102 106 113 116
7 61 73 90 106 113 118 124
7 61 73 90 110 114 116 120
7 61 73 92 106 114 116 120
7 61 73 92 110 114 116 120
7 61 73 94 103 115 122 124
7 61 73 94 110 114 116 120
7 61 73 94 110 115 117 122
7 61 74 81 92 102 104 114
7 61 74 82 92 97 102 120
7 61 74 82 92 98 101 120
7 61 74 85 88 102 104 114
7 61 74 86 97 108 114 120
7 61 74 86 98 108 113 120
7 61 74 92 97 102 114 120
7 61 74 92 102 104 113 114
7 61 74 92 102 113 114 120
7 61 74 92 108 115 118 120
7 61 75 85 99 108 118 122
7 61 75 85 99 118 122 124
7 61 75 86 92 99 108 114
7 61 75 86 97 108 114 120
7 61 75 86 102 108 113 122
7 61 75 86 102 113 122 124
7 61 75 86 102 114 121 124
7 61 75 86 102 121 122 124
7 61 75 86 110 113 114 124
7 61 75 86 110 114 116 120
7 61 75 92 102 114 116 120
7 61 75 92 108 113 118 122
7 61 75 94 102 108 113 114
7 61 76 81 82 102 106 112
7 61 76 84 90 97 102 120
7 61 76 84 90 99 102 120
7 61 76 86 97 106 116 120
7 61 76 86 99 106 116 120
7 61 76 86 100 106 115 120
7 61 76 86 106 115 116 120
7 61 76 90 102 106 113 116
7 61 76 90 106 117 118 120
7 61 77 83 99 118 122 124
7 61 77 83 110 113 118 122
7 61 77 86 90 99 108 114
7 61 77 86 100 106 114 120
7 61 77 86 106 114 116 120
7 61 77 90 102 106 115 116
7 61 77 90 106 115 118 124
7 61 77 90 110 115 118 120
7 61 77 94 99 102 113 122
7 61 77 94 107 115 118 124
7 61 77 94 110 115 117 122
7 61 78 81 97 102 114 120
7 61 78 81 97 118 122 124
7 61 78 81 99 114 116 120
7 61 78 81 106 114 116 120
7 61 78 81 108 114 116 120
7 61 78 82 97 98 116 120
7 61 78 82 98 113 116 120
7 61 78 82 106 113 116 120
7 61 78 83 92 101 106 114
7 61 78 83 98 108 116 120
7 61 78 83 101 106 114 124
7 61 78 83 102 114 121 124
7 61 78 83 102 116 121 122
7 61 78 85 99 105 118 122
7 61 78 85 105 118 122 124
7 61 78 85 106 114 116 120
7 61 78 86 99 108 113 122
7 61 78 86 99 108 114 121
7 61 78 86 100 105 114 120
7 61 78 86 102 121 122 124
7 61 78 86 106 113 116 120
7 61 78 87 107 118 122 124
7 61 78 88 97 104 114 116
7 61 78 88 99 104 114 116
7 61 78 88 106 113 114 116
7 61 78 89 99 118 122 124
7 61 78 90 97 104 114 116
7 61 78 90 97 108 114 116
7 61 78 90 98 104 113 116
7 61 78 90 99 108 114 116
7 61 78 90 101 106 114 116
7 61 78 90 106 113 118 124
7 61 78 90 106 114 117 124
7 61 78 90 106 117 118 120
7 61 78 90 107 117 118 120
7 61 78 91 101 106 114 116
7 61 78 92 97 100 114 120
7 61 78 92 99 100 114 120
7 61 78 92 99 114 116 120
7 61 78 92 106 113 114 116
7 61 78 92 108 113 118 122
7 61 78 92 108 115 116 122
7 61 78 92 108 115 118 122
7 61 79 81 99 118 122 124
7 61 79 86 110 113 114 120
7 61 79 94 110 115 118 121
7 61 79 99 113 118 122 124
7 61 81 82 102 106 108 112
7 61 81 84 100 106 114 120
7 61 81 86 97 106 114 124
7 61 81 86 106 108 114 120
7 61 81 90 97 102 108 114
7 61 81 90 99 102 108 112
7 61 81 90 99 108 118 120
7 61 81 90 99 110 116 120
7 61 81 90 102 105 114 116
7 61 81 90 102 105 114 124
7 61 81 90 102 108 116 120
7 61 81 90 105 110 114 116
7 61 81 92 97 102 106 114
7 61 81 92 100 106 114 120
7 61 81 92 102 106 114 120
7 61 81 94 98 100 104 112
7 61 81 94 99 109 118 122
7 61 81 94 102 106 114 124
7 61 81 94 103 107 114 124
7 61 82 84 102 105 106 112
7 61 82 92 97 102 106 112
7 61 82 92 99 106 116 120
7 61 82 92 99 110 116 120
7 61 82 92 102 106 113 120
7 61 83 89 101 110 118 122
7 61 83 90 102 106 108 116
7 61 83 90 102 109 114 124
7 61 83 90 109 110 114 116
7 61 83 92 97 102 106 112
7 61 83 92 97 102 106 120
7 61 83 92 102 106 108 114
7 61 83 92 105 110 118 120
7 61 83 92 105 110 118 122
7 61 83 94 98 100 104 112
7 61 83 94 103 105 122 124
7 61 83 94 105 110 114 116
7 61 84 90 101 110 114 120
7 61 85 86 107 110 114 120
7 61 85 90 99 110 114 124
7 61 85 90 102 106 108 114
7 61 85 90 102 107 114 124
7 61 85 90 105 110 118 120
7 61 85 90 107 110 114 116
7 61 85 94 102 107 114 120
7 61 86 88 97 106 108 114
7 61 86 88 105 106 114 116
7 61 86 88 106 108 113 114
7 61 86 89 97 106 108 114
7 61 86 89 99 110 116 122
7 61 86 89 107 110 114 116
7 61 86 90 97 98 108 112
7 61 86 90 97 98 108 120
7 61 86 90 98 105 108 116
7 61 86 90 101 106 114 124
7 61 86 90 105 110 114 116
7 61 86 90 106 109 115 124
7 61 86 92 97 106 108 114
7 61 86 92 99 106 108 114
7 61 86 92 99 106 116 120
7 61 86 92 100 105 106 114
7 61 86 92 105 106 114 116
7 61 86 92 106 108 113 114
7 61 86 92 107 110 113 114
7 61 86 93 99 106 108 114
7 61 87 97 106 108 114 120
7 61 87 105 110 115 122 124
7 61 89 92 102 106 114 116
7 61 89 92 102 106 114 120
7 61 89 94 99 109 118 122
7 61 90 92 97 102 104 112
7 61 90 92 97 102 104 114
7 61 90 92 99 102 104 112
7 61 90 92 99 108 114 120
7 61 90 92 99 108 118 120
7 61 90 92 99 110 118 120
7 61 90 92 101 102 106 114
7 61 90 92 101 106 114 120
7 61 90 92 101 106 118 120
7 61 90 92 102 105 114 120
7 61 90 92 102 106 113 116
7 61 90 92 103 106 118 120
7 61 90 92 103 106 118 121
7 61 91 92 101 102 106 114
7 61 91 92 103 106 118 120
7 61 91 94 98 100 104 112
7 61 91 97 102 108 116 122
7 61 91 101 110 118 122 124
7 61 93 97 102 106 114 120
7 61 93 97 102 106 114 124
7 61 93 97 110 118 122 124
7 61 93 99 102 106 114 124
7 61 93 99 110 113 118 122
7 61 93 99 110 118 122 124
7 61 93 110 113 118 122 124
7 61 93 110 118 121 122 124
7 61 94 97 98 100 104 112
7 61 94 97 98 108 116 120
7 61 94 97 108 114 116 120
7 61 94 99 105 108 114 116
7 61 94 99 108 113 114 120
7 61 94 99 108 113 116 122
7 61 94 99 108 116 121 122
7 61 94 99 109 113 118 122
7 61 94 99 109 118 121 122
7 61 94 101 106 108 113 114
7 61 94 101 106 113 114 120
7 61 94 101 106 113 114 124
7 61 94 101 106 115 116 120
7 61 94 102 105 113 116 122
7 61 94 102 105 113 122 124
7 61 94 103 105 115 122 124
7 61 94 103 107 113 114 124
7 61 94 103 108 116 121 122
7 61 94 103 115 121 122 124
7 61 94 105 106 115 116 120
7 61 94 105 108 114 116 120
7 61 94 105 110 115 117 122
7 61 94 107 109 115 118 120
7 61 94 107 109 115 118 124
7 61 94 109 110 115 117 122
7 61 94 110 115 117 121 122
7 61 94 111 113 114 116 120
7 61 94 111 119 121 122 124
7 61 95 97 102 106 114 124
7 61 95 97 106 114 116 120
7 61 95 97 110 114 116 120
7 61 95 97 110 118 122 124
7 61 95 99 108 113 118 122
7 61 95 99 110 114 116 120
7 61 95 99 110 118 122 124
7 61 95 101 102 106 114 120
7 61 95 102 106 113 114 124
7 61 95 102 106 114 121 124
7 61 95 103 110 118 121 122
7 61 95 106 108 115 118 120
7 61 95 111 113 118 122 124
7 61 95 111 115 118 122 124
7 62 65 66 68 72 80 96
7 62 65 66 68 88 104 112
7 62 65 66 88 100 104 112
7 62 65 66 92 100 104 112
7 62 65 66 92 108 116 120
7 62 65 70 74 84 104 112
7 62 65 70 88 100 104 112
7 62 65 74 84 98 100 120
7 62 65 76 82 98 116 120
7 62 65 76 86 106 116 120
7 62 65 76 88 104 114 116
7 62 65 78 86 106 116 120
7 62 65 78 88 104 114 116
7 62 65 82 88 100 104 112
7 62 65 82 98 108 116 120
7 62 65 84 88 98 108 112
7 62 65 88 98 100 104 112
7 62 65 90 98 108 116 120
7 62 65 90 102 108 116 120
7 62 65 90 108 114 116 120
7 62 65 92 98 100 104 112
7 62 65 92 98 108 116 120
7 62 65 92 108 114 116 120
7 62 65 92 110 114 116 120
7 62 65 94 98 100 104 112
7 62 65 94 98 108 116 120
7 62 65 94 110 114 116 120
7 62 65 94 110 118 122 124
7 62 66 68 88 97 104 112
7 62 66 76 81 100 104 112
7 62 66 76 88 104 113 116
7 62 66 84 88 97 104 112
7 62 66 84 88 97 108 112
7 62 66 88 97 100 104 112
7 62 66 92 97 100 104 112
7 62 66 92 97 108 116 120
7 62 66 92 108 113 116 120
7 62 67 69 90 108 118 120
7 62 67 69 92 108 114 120
7 62 67 69 92 108 114 121
7 62 67 69 97 106 116 120
7 62 67 70 92 97 104 112
7 62 67 70 92 108 113 120
7 62 67 70 92 108 113 122
7 62 67 70 93 97 104 112
7 62 67 73 92 102 113 120
7 62 67 73 92 108 113 114
7 62 67 76 81 100 104 112
7 62 67 76 84 100 121 122
7 62 67 76 88 104 113 116
7 62 67 76 88 104 114 117
7 62 67 77 85 105 118 122
7 62 67 78 81 97 116 120
7 62 67 78 85 101 121 122
7 62 67 81 92 97 106 116
7 62 67 81 92 98 100 104
7 62 67 81 97 108 116 122
7 62 67 84 88 97 108 112
7 62 67 84 88 98 108 112
7 62 67 84 88 98 108 113
7 62 67 84 88 98 109 112
7 62 67 84 98 108 113 120
7 62 67 85 92 105 108 114
7 62 67 86 92 106 108 113
7 62 67 89 97 98 108 116
7 62 67 89 97 108 114 116
7 62 67 89 97 108 116 122
7 62 67 89 105 108 114 116
7 62 67 90 102 108 116 120
7 62 67 92 97 100 104 112
7 62 67 92 97 108 114 120
7 62 67 92 97 108 116 120
7 62 67 92 97 108 116 122
7 62 67 92 97 108 118 122
7 62 67 92 98 100 104 112
7 62 67 92 98 108 113 120
7 62 67 92 98 108 116 120
7 62 67 92 98 108 116 121
7 62 67 92 101 108 114 121
7 62 67 92 102 105 113 120
7 62 67 92 102 108 113 122
7 62 67 92 105 108 113 114
7 62 67 92 105 113 114 116
7 62 67 92 105 113 116 122
7 62 67 92 106 108 113 116
7 62 67 92 108 113 114 120
7 62 67 92 108 113 116 120
7 62 67 92 108 113 116 122
7 62 67 92 108 113 118 122
7 62 67 92 108 114 116 120
7 62 67 92 108 114 116 121
7 62 67 92 108 116 121 122
7 62 67 92 110 114 116 120
7 62 67 93 109 113 118 122
7 62 67 93 109 118 121 122
7 62 67 94 98 108 116 120
7 62 69 70 74 81 97 120
7 62 69 70 89 98 104 112
7 62 69 70 89 105 114 124
7 62 69 73 76 82 98 113
7 62 69 73 82 98 108 113
7 62 69 73 82 98 113 124
7 62 69 73 86 106 113 124
7 62 69 73 90 108 114 116
7 62 69 74 82 97 100 120
7 62 69 74 82 100 113 120
7 62 69 74 88 104 113 116
7 62 69 74 88 104 113 118
7 62 69 74 88 104 114 116
7 62 69 74 89 105 114 116
7 62 69 75 92 108 113 114
7 62 69 76 90 99 116 120
7 62 69 76 90 99 116 121
7 62 69 76 90 106 113 116
7 62 69 82 88 97 104 112
7 62 69 82 88 100 105 112
7 62 69 82 88 102 105 112
7 62 69 82 97 106 116 120
7 62 69 88 97 98 104 112
7 62 69 89 99 108 116 122
7 62 69 90 92 102 105 113
7 62 69 90 97 108 116 120
7 62 69 90 97 108 118 120
7 62 69 90 98 105 113 116
7 62 69 90 98 105 113 124
7 62 69 90 98 108 116 120
7 62 69 90 98 108 116 121
7 62 69 90 99 108 116 120
7 62 69 90 99 108 116 121
7 62 69 90 102 105 113 124
7 62 69 90 106 108 113 116
7 62 69 90 108 114 116 120
7 62 69 90 108 114 116 121
7 62 69 92 100 106 114 120
7 62 69 92 100 106 114 121
7 62 69 92 102 105 113 122
7 62 69 92 106 108 113 114
7 62 69 92 108 116 121 122
7 62 69 94 110 115 121 124
7 62 70 73 81 97 98 124
7 62 70 73 81 97 106 116
7 62 70 73 81 97 114 124
7 62 70 73 81 97 122 124
7 62 70 73 81 98 100 120
7 62 70 73 82 97 116 120
7 62 70 73 88 98 100 113
7 62 70 73 88 104 113 116
7 62 70 73 88 104 114 116
7 62 70 73 88 104 114 117
7 62 70 73 88 104 115 117
7 62 70 73 90 108 114 116
7 62 70 73 92 108 113 114
7 62 70 74 76 81 97 112
7 62 70 74 84 97 104 112
7 62 70 74 85 105 114 124
7 62 70 74 89 97 100 112
7 62 70 74 92 105 113 116
7 62 70 74 92 108 113 114
7 62 70 75 85 97 104 112
7 62 70 76 81 97 104 112
7 62 70 76 89 99 116 120
7 62 70 76 89 105 114 116
7 62 70 77 90 106 113 116
7 62 70 81 88 98 100 104
7 62 70 81 88 98 105 116
7 62 70 81 88 98 108 112
7 62 70 81 88 98 109 112
7 62 70 81 88 99 109 112
7 62 70 81 88 100 105 112
7 62 70 81 98 105 116 120
7 62 70 84 88 97 104 112
7 62 70 88 97 100 104 112
7 62 70 88 98 105 113 116
7 62 70 89 97 100 104 112
7 62 70 89 97 108 116 120
7 62 70 89 97 108 116 122
7 62 70 89 98 105 116 120
7 62 70 89 98 108 116 120
7 62 70 89 98 108 117 120
7 62 70 89 99 108 116 120
7 62 70 89 101 106 114 124
7 62 70 89 105 108 114 116
7 62 70 89 105 114 116 120
7 62 70 90 98 108 116 121
7 62 70 90 106 108 113 116
7 62 70 90 108 114 116 121
7 62 70 92 100 105 113 122
7 62 70 92 101 106 114 121
7 62 70 92 105 108 113 114
7 62 70 92 105 113 116 122
7 62 70 92 108 116 121 122
7 62 70 93 109 115 122 124
7 62 71 73 88 104 114 116
7 62 71 73 88 104 114 117
7 62 71 73 88 106 113 116
7 62 71 74 88 104 113 116
7 62 71 76 89 105 114 116
7 62 71 83 101 105 122 124
7 62 71 88 105 106 113 116
7 62 71 89 97 108 116 122
7 62 71 89 105 108 114 116
7 62 71 89 105 114 116 120
7 62 71 89 105 118 122 124
7 62 71 89 109 113 118 122
7 62 71 89 110 113 114 124
7 62 71 90 92 102 105 113
7 62 71 90 98 108 116 121
7 62 71 90 102 105 113 124
7 62 71 90 106 117 121 124
7 62 71 90 108 114 116 121
7 62 71 90 109 114 116 121
7 62 71 91 98 108 116 121
7 62 71 92 100 105 113 122
7 62 71 92 101 106 114 121
7 62 71 92 105 113 116 122
7 62 71 92 108 116 121 122
7 62 71 92 108 117 121 122
7 62 71 92 108 118 121 122
7 62 71 93 102 105 113 122
7 62 71 93 109 115 122 124
7 62 71 93 109 118 121 122
7 62 71 94 98 105 113 124
7 62 71 94 99 105 113 124
7 62 71 94 105 106 113 116
7 62 71 94 110 117 121 122
7 62 73 74 84 100 113 120
7 62 73 74 85 101 114 120
7 62 73 74 85 102 113 120
7 62 73 76 81 98 100 112
7 62 73 76 82 98 116 120
7 62 73 76 82 98 117 120
7 62 73 76 84 97 114 120
7 62 73 76 84 100 114 120
7 62 73 78 81 97 114 124
7 62 73 78 97 114 116 120
7 62 73 81 86 101 106 120
7 62 73 81 97 102 122 124
7 62 73 81 97 118 122 124
7 62 73 82 84 97 100 120
7 62 73 82 84 97 102 120
7 62 73 82 84 97 104 112
7 62 73 82 84 97 108 112
7 62 73 82 84 97 110 112
7 62 73 82 84 100 104 112
7 62 73 82 84 100 104 113
7 62 73 82 88 100 104 113
7 62 73 82 98 108 117 120
7 62 73 84 97 100 114 120
7 62 73 84 98 100 104 113
7 62 73 84 98 100 113 120
7 62 73 84 100 104 113 114
7 62 73 84 100 106 113 120
7 62 73 84 100 113 114 120
7 62 73 85 110 113 122 124
7 62 73 86 88 99 104 117
7 62 73 86 88 101 104 114
7 62 73 86 88 101 106 113
7 62 73 86 97 108 114 120
7 62 73 86 98 108 113 120
7 62 73 86 101 106 113 120
7 62 73 86 108 113 114 120
7 62 73 88 98 104 113 116
7 62 73 88 102 104 113 116
7 62 73 88 102 104 114 116
7 62 73 88 102 104 114 117
7 62 73 88 102 104 115 117
7 62 73 88 104 113 114 116
7 62 73 88 104 115 117 118
7 62 73 90 108 114 116 120
7 62 73 90 108 115 117 120
7 62 73 92 97 102 114 120
7 62 73 92 102 104 113 114
7 62 73 92 108 113 114 120
7 62 73 92 108 113 118 120
7 62 73 92 108 113 118 122
7 62 73 92 108 114 116 120
7 62 73 92 108 114 117 120
7 62 73 92 110 114 116 120
7 62 73 92 110 115 117 120
7 62 73 94 103 113 122 124
7 62 73 94 110 114 116 120
7 62 73 94 110 115 117 120
7 62 74 76 81 97 116 120
7 62 74 76 81 97 118 120
7 62 74 76 82 100 113 120
7 62 74 76 84 100 113 120
7 62 74 77 98 113 116 120
7 62 74 81 84 97 104 112
7 62 74 81 84 102 105 112
7 62 74 81 92 97 102 120
7 62 74 81 92 98 101 120
7 62 74 81 97 100 104 112
7 62 74 81 97 108 116 120
7 62 74 81 97 108 118 120
7 62 74 81 98 108 116 120
7 62 74 82 84 97 100 120
7 62 74 84 88 97 104 112
7 62 74 84 89 98 101 120
7 62 74 84 97 98 100 120
7 62 74 84 98 100 113 120
7 62 74 84 98 108 113 120
7 62 74 85 88 99 104 116
7 62 74 85 88 102 104 113
7 62 74 85 97 108 114 120
7 62 74 85 98 105 116 120
7 62 74 85 98 108 113 120
7 62 74 85 100 105 114 120
7 62 74 85 105 114 116 120
7 62 74 86 109 114 121 124
7 62 74 88 101 104 113 118
7 62 74 88 101 104 114 116
7 62 74 88 101 104 115 116
7 62 74 89 98 101 116 120
7 62 74 89 101 104 114 116
7 62 74 92 98 101 113 120
7 62 74 92 101 104 113 114
7 62 74 92 101 113 114 120
7 62 74 92 108 113 114 120
7 62 74 92 108 113 116 120
7 62 74 92 108 113 118 120
7 62 74 92 108 114 117 120
7 62 74 92 108 114 117 121
7 62 74 92 108 115 118 120
7 62 74 92 109 115 118 120
7 62 74 93 103 114 121 124
7 62 74 93 109 115 118 120
7 62 75 76 84 100 113 122
7 62 75 78 85 101 114 121
7 62 75 81 82 101 108 112
7 62 75 82 102 117 121 124
7 62 75 83 101 102 121 124
7 62 75 85 88 102 104 113
7 62 75 85 97 98 100 120
7 62 75 85 97 102 122 124
7 62 75 85 97 108 114 120
7 62 75 86 98 108 117 121
7 62 75 86 101 113 122 124
7 62 75 86 101 114 121 124
7 62 75 86 106 117 121 124
7 62 75 86 108 114 117 121
7 62 75 86 109 113 114 124
7 62 75 92 101 104 113 114
7 62 75 92 101 108 113 114
7 62 75 92 101 113 114 120
7 62 75 92 105 117 118 120
7 62 75 92 106 117 118 120
7 62 75 92 108 113 114 116
7 62 75 92 108 113 118 120
7 62 75 92 108 114 117 120
7 62 75 92 108 115 117 120
7 62 75 93 102 108 113 114
7 62 75 93 109 115 118 120
7 62 76 81 82 97 100 104
7 62 76 81 82 97 100 120
7 62 76 81 82 100 105 112
7 62 76 81 84 97 98 104
7 62 76 81 97 98 100 120
7 62 76 81 97 98 116 120
7 62 76 81 97 100 114 120
7 62 76 81 97 106 116 120
7 62 76 81 97 114 116 120
7 62 76 81 98 100 104 112
7 62 76 82 88 97 104 116
7 62 76 82 97 98 116 120
7 62 76 82 98 105 117 120
7 62 76 82 98 113 116 120
7 62 76 83 84 101 106 120
7 62 76 83 84 101 106 121
7 62 76 83 84 102 105 120
7 62 76 83 101 106 116 121
7 62 76 83 102 105 116 120
7 62 76 84 88 97 98 112
7 62 76 84 89 99 100 120
7 62 76 84 90 97 102 120
7 62 76 84 90 99 100 120
7 62 76 84 90 99 100 121
7 62 76 84 99 100 121 122
7 62 76 84 100 106 113 120
7 62 76 84 100 115 121 122
7 62 76 85 90 99 105 116
7 62 76 85 100 105 114 120
7 62 76 85 105 114 116 120
7 62 76 85 107 116 121 122
7 62 76 86 97 106 116 120
7 62 76 86 100 106 113 120
7 62 76 86 106 113 116 120
7 62 76 88 97 104 114 116
7 62 76 88 98 104 113 116
7 62 76 88 99 104 113 116
7 62 76 88 104 113 114 116
7 62 76 89 101 106 115 116
7 62 76 89 105 114 116 120
7 62 76 89 107 117 118 120
7 62 76 90 105 117 118 120
7 62 77 81 82 101 106 112
7 62 77 81 86 97 106 112
7 62 77 81 97 118 122 124
7 62 77 81 99 114 116 120
7 62 77 81 99 118 122 124
7 62 77 82 97 98 116 120
7 62 77 82 98 100 113 120
7 62 77 82 98 113 116 120
7 62 77 82 106 113 116 120
7 62 77 83 97 98 116 120
7 62 77 83 99 108 116 120
7 62 77 83 102 106 113 124
7 62 77 83 105 114 116 120
7 62 77 83 105 118 122 124
7 62 77 83 110 113 116 120
7 62 77 84 100 115 121 122
7 62 77 84 108 113 114 120
7 62 77 85 105 118 122 124
7 62 77 86 100 106 113 120
7 62 77 86 102 106 113 120
7 62 77 86 106 113 116 120
7 62 77 86 106 114 116 120
7 62 77 86 107 113 116 120
7 62 77 87 100 106 113 120
7 62 77 88 104 113 114 116
7 62 77 88 106 113 114 116
7 62 77 89 99 104 114 116
7 62 77 89 99 108 114 116
7 62 77 90 98 104 113 116
7 62 77 90 98 108 113 116
7 62 77 90 99 108 113 116
7 62 77 90 101 106 113 116
7 62 77 90 105 113 114 116
7 62 77 90 105 113 118 120
7 62 77 90 105 113 118 124
7 62 77 90 105 117 118 120
7 62 77 90 106 113 118 124
7 62 77 90 106 117 118 120
7 62 77 90 107 117 118 120
7 62 77 90 108 113 114 116
7 62 77 90 108 115 116 120
7 62 77 90 108 115 116 121
7 62 77 90 108 115 117 120
7 62 77 90 110 115 117 120
7 62 77 91 107 117 118 124
7 62 77 92 100 104 113 114
7 62 77 92 100 106 113 114
7 62 77 92 101 106 113 114
7 62 77 92 102 106 113 114
7 62 77 92 108 113 114 120
7 62 77 92 108 114 116 121
7 62 77 92 110 115 116 121
7 62 77 94 99 100 113 120
7 62 77 94 110 115 116 121
7 62 77 94 110 115 117 121
7 62 78 81 82 101 105 112
7 62 78 81 97 98 116 120
7 62 78 81 97 114 116 120
7 62 78 81 97 118 122 124
7 62 78 81 105 114 116 120
7 62 78 81 108 114 116 120
7 62 78 82 98 117 121 124
7 62 78 82 99 117 121 124
7 62 78 83 85 99 105 124
7 62 78 83 88 101 104 112
7 62 78 83 98 101 121 124
7 62 78 83 98 108 116 120
7 62 78 83 99 101 121 124
7 62 78 83 101 106 116 121
7 62 78 83 101 114 121 124
7 62 78 83 101 121 122 124
7 62 78 83 109 114 116 120
7 62 78 83 109 114 116 121
7 62 78 84 108 113 114 120
7 62 78 85 100 105 115 120
7 62 78 85 101 121 122 124
7 62 78 85 105 114 116 120
7 62 78 85 105 115 116 120
7 62 78 85 105 118 122 124
7 62 78 86 97 106 116 120
7 62 78 86 98 108 113 120
7 62 78 86 101 121 122 124
7 62 78 86 102 121 122 124
7 62 78 86 105 114 116 120
7 62 78 86 106 113 116 120
7 62 78 86 106 117 121 124
7 62 78 88 97 104 114 116
7 62 78 88 104 113 114 116
7 62 78 88 105 113 114 116
7 62 78 89 97 104 114 116
7 62 78 89 97 108 114 116
7 62 78 89 105 113 114 116
7 62 78 89 105 114 117 120
7 62 78 89 105 114 117 124
7 62 78 89 105 117 118 120
7 62 78 89 107 117 118 120
7 62 78 89 108 115 117 120
7 62 78 90 99 117 121 124
7 62 78 90 102 105 113 116
7 62 78 90 105 114 117 124
7 62 78 90 105 117 118 120
7 62 78 91 98 101 116 120
7 62 78 91 98 101 116 121
7 62 78 92 97 100 114 120
7 62 78 92 100 104 113 114
7 62 78 92 100 105 113 114
7 62 78 92 101 105 113 114
7 62 78 92 105 113 114 116
7 62 78 92 105 115 116 120
7 62 78 92 108 113 114 120
7 62 78 92 108 113 116 120
7 62 78 92 108 113 116 122
7 62 78 92 108 113 118 122
7 62 78 92 108 115 116 122
7 62 78 92 109 115 116 122
7 62 78 93 109 115 116 122
7 62 78 93 109 115 118 122
7 62 79 81 97 114 116 120
7 62 79 81 97 118 122 124
7 62 79 81 105 114 116 120
7 62 79 81 109 114 116 120
7 62 79 82 98 117 121 124
7 62 79 82 110 113 116 120
7 62 79 83 109 114 116 120
7 62 79 84 108 113 114 120
7 62 79 84 109 113 114 120
7 62 79 85 105 114 116 120
7 62 79 86 106 113 116 120
7 62 79 86 109 113 114 120
7 62 79 88 104 113 114 116
7 62 79 88 105 113 114 116
7 62 79 89 97 104 114 116
7 62 79 89 110 113 114 116
7 62 79 92 100 104 113 114
7 62 79 92 105 113 114 116
7 62 79 92 110 115 117 121
7 62 79 93 100 104 113 114
7 62 79 94 110 115 117 121
7 62 79 105 113 114 116 120
7 62 79 108 113 114 116 120
7 62 79 109 113 114 116 120
7 62 79 110 113 114 116 120
7 62 81 82 97 100 104 112
7 62 81 82 97 108 116 120
7 62 81 82 98 108 116 120
7 62 81 82 99 109 116 120
7 62 81 82 101 107 108 112
7 62 81 82 102 105 108 112
7 62 81 86 107 109 116 120
7 62 81 88 98 100 104 112
7 62 81 88 98 100 105 112
7 62 81 88 105 110 114 116
7 62 81 90 97 108 118 120
7 62 81 90 99 109 116 120
7 62 81 90 101 105 114 116
7 62 81 90 101 105 114 124
7 62 81 90 102 108 116 120
7 62 81 92 97 102 106 112
7 62 81 92 97 106 116 120
7 62 81 92 98 100 104 112
7 62 81 92 98 105 116 120
7 62 81 92 98 109 116 120
7 62 81 92 101 106 114 120
7 62 81 92 102 105 116 120
7 62 81 92 102 105 116 122
7 62 81 92 105 110 114 116
7 62 81 94 98 100 104 112
7 62 81 94 99 109 116 120
7 62 81 94 101 105 114 120
7 62 81 94 101 105 114 124
7 62 82 84 101 105 106 112
7 62 82 85 107 110 116 120
7 62 82 88 97 100 104 112
7 62 82 88 106 109 113 116
7 62 82 89 97 100 104 112
7 62 82 89 98 101 108 112
7 62 82 89 99 108 116 120
7 62 82 92 97 100 104 112
7 62 82 92 97 106 116 120
7 62 82 92 97 108 116 120
7 62 82 92 97 110 116 120
7 62 82 92 98 101 105 112
7 62 82 92 98 105 116 120
7 62 82 92 98 105 117 120
7 62 82 92 99 110 116 120
7 62 82 92 101 106 116 121
7 62 82 92 102 105 113 120
7 62 82 92 102 105 116 120
7 62 82 92 106 109 113 116
7 62 82 93 99 110 116 120
7 62 82 93 102 106 113 124
7 62 83 84 109 110 113 120
7 62 83 88 105 108 114 117
7 62 83 88 106 109 113 116
7 62 83 89 101 106 108 116
7 62 83 89 101 110 116 120
7 62 83 89 109 110 114 116
7 62 83 90 102 109 116 120
7 62 83 90 102 109 116 121
7 62 83 90 109 110 113 116
7 62 83 92 97 100 104 112
7 62 83 92 101 105 108 114
7 62 83 92 101 105 114 120
7 62 83 92 101 106 116 121
7 62 83 92 101 108 114 121
7 62 83 92 102 105 116 120
7 62 83 92 105 108 114 116
7 62 83 92 105 110 117 120
7 62 83 92 106 109 113 116
7 62 83 92 106 109 118 120
7 62 83 93 97 102 106 124
7 62 83 94 99 109 116 120
7 62 84 88 97 98 108 112
7 62 84 89 100 106 113 120
7 62 84 89 101 108 114 120
7 62 84 89 101 110 114 120
7 62 84 89 102 108 113 120
7 62 84 89 102 108 113 122
7 62 84 90 101 108 114 120
7 62 84 90 101 108 114 121
7 62 84 90 102 108 113 120
7 62 84 90 102 109 113 120
7 62 84 90 103 109 113 120
7 62 84 91 101 108 114 120
7 62 84 91 101 108 114 121
7 62 84 91 102 108 113 120
7 62 84 91 102 109 113 120
7 62 85 86 107 108 113 120
7 62 85 86 107 109 114 120
7 62 85 88 105 106 114 116
7 62 85 88 106 108 113 114
7 62 85 89 97 106 108 114
7 62 85 89 99 110 114 124
7 62 85 89 101 106 108 114
7 62 85 89 105 110 114 116
7 62 85 90 97 98 108 120
7 62 85 90 98 100 105 112
7 62 85 90 98 100 105 120
7 62 85 90 99 109 116 120
7 62 85 90 101 105 114 120
7 62 85 90 101 105 114 124
7 62 85 90 101 108 114 121
7 62 85 90 102 105 108 113
7 62 85 90 102 105 113 120
7 62 85 90 102 105 113 124
7 62 85 90 102 105 114 124
7 62 85 90 105 106 113 116
7 62 85 90 105 108 113 114
7 62 85 90 105 108 114 116
7 62 85 90 105 110 114 116
7 62 85 90 105 110 118 120
7 62 85 90 107 109 113 118
7 62 85 91 97 102 108 120
7 62 85 92 99 105 108 114
7 62 85 92 101 107 114 120
7 62 85 92 105 106 114 116
7 62 85 92 107 108 113 114
7 62 85 94 105 110 115 124
7 62 86 88 105 108 113 114
7 62 86 89 97 98 108 112
7 62 86 89 97 98 108 120
7 62 86 89 97 100 104 112
7 62 86 89 98 100 104 112
7 62 86 89 101 105 114 120
7 62 86 89 102 106 108 113
7 62 86 89 105 108 113 114
7 62 86 89 105 108 114 116
7 62 86 89 106 109 113 116
7 62 86 89 107 108 117 120
7 62 86 90 99 109 113 124
7 62 86 90 102 105 113 124
7 62 86 90 102 108 113 120
7 62 86 90 102 109 113 120
7 62 86 90 105 108 114 116
7 62 86 90 107 109 113 116
7 62 86 91 102 109 113 120
7 62 86 91 103 109 113 120
7 62 86 92 101 107 113 120
7 62 86 92 102 105 113 120
7 62 86 92 105 106 113 116
7 62 86 92 105 108 113 114
7 62 86 92 105 108 113 122
7 62 86 93 99 106 108 113
7 62 86 93 106 109 115 124
7 62 87 88 105 108 113 114
7 62 87 89 107 110 117 120
7 62 87 91 98 105 108 116
7 62 87 92 100 105 106 113
7 62 87 92 107 108 118 121
7 62 87 93 97 100 106 120
7 62 87 94 98 100 105 120
7 62 87 105 108 113 114 120
7 62 87 105 110 113 122 124
7 62 87 106 109 114 121 124
7 62 89 90 99 101 108 116
7 62 89 90 99 108 117 120
7 62 89 90 101 105 114 116
7 62 89 90 101 106 113 124
7 62 89 90 102 105 113 124
7 62 89 90 103 108 116 120
7 62 89 90 103 108 117 120
7 62 89 92 97 98 104 112
7 62 89 92 98 100 104 112
7 62 89 92 99 101 104 114
7 62 89 92 99 101 114 120
7 62 89 92 99 108 116 120
7 62 89 92 99 108 116 122
7 62 89 92 101 106 114 120
7 62 89 92 101 106 118 120
7 62 89 92 101 108 114 120
7 62 89 92 102 108 113 120
7 62 89 92 103 106 118 120
7 62 89 94 98 100 104 112
7 62 89 94 99 101 104 112
7 62 89 94 99 109 117 122
7 62 89 94 103 105 117 122
7 62 90 92 97 100 104 112
7 62 90 92 97 102 104 112
7 62 90 92 99 108 113 116
7 62 90 92 99 108 116 120
7 62 90 92 99 108 116 121
7 62 90 92 101 105 113 114
7 62 90 92 101 106 116 120
7 62 90 92 101 106 116 121
7 62 90 92 101 106 118 120
7 62 90 92 102 105 113 116
7 62 90 92 102 105 113 120
7 62 90 92 102 105 117 120
7 62 90 92 102 108 113 120
7 62 90 92 103 105 113 120
7 62 90 92 103 105 117 120
7 62 90 93 97 100 104 112
7 62 90 93 103 105 115 124
7 62 91 93 97 102 104 112
7 62 91 93 97 102 106 116
7 62 91 93 101 102 105 114
7 62 91 94 98 101 108 113
7 62 91 97 98 108 116 120
7 62 91 97 102 108 116 120
7 62 91 98 101 108 116 120
7 62 91 98 108 113 116 120
7 62 91 99 101 108 116 120
7 62 91 101 106 108 113 116
7 62 91 101 108 114 116 120
7 62 91 101 108 114 116 121
7 62 91 101 108 116 121 122
7 62 91 101 110 118 121 124
7 62 91 102 105 114 117 124
7 62 91 102 108 113 116 120
7 62 91 102 109 113 116 120
7 62 91 102 109 117 122 124
7 62 91 103 109 117 122 124
7 62 91 105 108 117 118 120
7 62 91 109 110 115 117 124
7 62 91 109 113 118 122 124
7 62 91 111 117 118 121 124
7 62 93 94 97 100 104 112
7 62 93 94 98 100 104 112
7 62 93 94 99 100 104 112
7 62 93 94 99 100 104 113
7 62 93 94 99 102 105 113
7 62 93 97 102 106 114 124
7 62 93 97 106 114 116 120
7 62 93 97 110 114 116 120
7 62 93 97 110 118 122 124
7 62 93 99 102 108 113 122
7 62 93 99 108 113 118 122
7 62 93 99 108 114 116 120
7 62 93 99 110 114 116 120
7 62 93 99 110 118 122 124
7 62 93 101 106 114 116 120
7 62 93 102 105 106 115 116
7 62 93 102 106 108 113 114
7 62 93 102 106 113 114 124
7 62 93 102 106 114 121 124
7 62 93 102 108 116 121 122
7 62 93 102 109 115 122 124
7 62 93 103 106 114 121 124
7 62 93 103 110 118 121 122
7 62 93 106 108 113 114 120
7 62 93 106 108 113 118 120
7 62 93 106 108 115 118 120
7 62 93 106 109 115 118 120
7 62 93 107 108 117 118 122
7 62 93 107 117 118 122 124
7 62 93 109 115 118 122 124
7 62 93 111 113 118 122 124
7 62 93 111 115 118 122 124
7 62 94 97 98 100 104 112
7 62 94 97 98 108 116 120
7 62 94 97 108 114 116 120
7 62 94 97 110 114 116 120
7 62 94 97 110 118 122 124
7 62 94 98 100 105 113 120
7 62 94 98 105 113 116 120
7 62 94 98 108 113 116 120
7 62 94 98 109 113 116 120
7 62 94 99 101 106 116 121
7 62 94 99 108 113 116 120
7 62 94 99 108 114 117 121
7 62 94 99 109 113 116 120
7 62 94 99 109 117 121 122
7 62 94 101 102 105 113 120
7 62 94 101 105 113 114 120
7 62 94 101 105 113 114 124
7 62 94 101 105 113 122 124
7 62 94 101 106 114 116 121
7 62 94 101 106 114 121 124
7 62 94 101 108 116 121 122
7 62 94 101 110 115 121 124
7 62 94 102 105 106 113 116
7 62 94 102 105 113 114 124
7 62 94 102 105 113 116 120
7 62 94 102 105 113 122 124
7 62 94 102 105 114 116 120
7 62 94 102 107 117 122 124
7 62 94 102 108 116 121 122
7 62 94 103 105 113 122 124
7 62 94 103 108 116 121 122
7 62 94 105 106 113 116 120
7 62 94 105 108 114 117 120
7 62 94 105 108 115 117 120
7 62 94 105 110 115 117 120
7 62 94 106 108 113 116 120
7 62 94 106 108 113 118 120
7 62 94 107 108 117 118 121
7 62 94 107 110 117 118 121
7 62 94 107 114 117 121 124
7 62 94 107 117 118 121 124
7 62 94 107 117 121 122 124
7 62 94 109 110 115 117 121
7 62 94 109 113 114 116 120
7 62 94 109 113 118 122 124
7 62 94 109 115 118 122 124
7 62 94 109 119 121 122 124
7 62 94 110 113 114 116 120
7 62 94 110 113 118 122 124
7 62 94 110 114 117 121 124
7 62 94 110 115 117 121 124
7 62 94 110 117 121 122 124
7 62 94 110 118 121 122 124
7 62 94 110 119 121 122 124
7 62 94 111 113 114 116 120
7 62 94 111 113 118 122 124
7 62 94 111 114 117 121 124
7 62 94 111 115 117 121 124
7 62 94 111 119 121 122 124
7 62 95 97 98 100 104 112
7 62 95 97 98 108 116 120
7 62 95 97 108 114 116 120
7 62 95 97 110 114 116 120
7 62 95 97 110 118 122 124
7 62 95 98 108 113 116 120
7 62 95 99 101 106 116 121
7 62 95 99 108 113 116 120
7 62 95 101 106 114 116 121
7 62 95 101 106 114 121 124
7 62 95 101 108 116 121 122
7 62 95 101 110 115 121 124
7 62 95 102 105 106 113 116
7 62 95 102 105 113 114 124
7 62 95 102 105 113 116 120
7 62 95 102 105 113 122 124
7 62 95 102 105 114 116 120
7 62 95 102 107 117 122 124
7 62 95 102 108 116 121 122
7 62 95 103 105 113 122 124
7 62 95 103 108 116 121 122
7 62 95 105 106 113 116 120
7 62 95 105 108 114 117 120
7 62 95 105 110 115 117 120
7 62 95 106 108 113 116 120
7 62 95 106 108 113 118 120
7 62 95 107 108 117 118 121
7 62 95 107 110 117 118 121
7 62 95 111 113 114 116 120
7 62 95 111 113 118 122 124
7 62 95 111 119 121 122 124
7 63 65 66 68 72 80 96
7 63 65 66 68 88 104 112
7 63 65 66 88 100 104 112
7 63 65 66 92 100 104 112
7 63 65 66 92 108 116 120
7 63 65 70 74 84 104 112
7 63 65 70 88 100 104 112
7 63 65 74 84 98 100 120
7 63 65 76 82 98 116 120
7 63 65 76 86 106 116 120
7 63 65 76 88 104 114 116
7 63 65 78 86 106 116 120
7 63 65 78 88 104 114 116
7 63 65 82 88 100 104 112
7 63 65 82 98 108 116 120
7 63 65 84 88 98 108 112
7 63 65 88 98 100 104 112
7 63 65 90 98 108 116 120
7 63 65 90 102 108 116 120
7 63 65 90 108 114 116 120
7 63 65 92 98 100 104 112
7 63 65 92 98 108 116 120
7 63 65 92 108 114 116 120
7 63 65 92 110 114 116 120
7 63 65 94 98 100 104 112
7 63 65 94 98 108 116 120
7 63 65 94 110 114 116 120
7 63 65 94 110 118 122 124
7 63 67 69 70 88 104 112
7 63 67 69 90 108 118 120
7 63 67 69 92 98 104 112
7 63 67 69 92 108 114 120
7 63 67 70 88 100 104 112
7 63 67 70 92 108 113 122
7 63 67 76 84 97 98 120
7 63 67 76 84 100 121 122
7 63 67 76 88 104 113 118
7 63 67 76 88 104 114 116
7 63 67 84 88 97 108 114
7 63 67 84 88 97 110 112
7 63 67 84 88 98 108 112
7 63 67 84 88 101 106 112
7 63 67 84 97 108 114 120
7 63 67 86 92 106 108 113
7 63 67 90 102 108 116 120
7 63 67 92 97 108 114 120
7 63 67 92 97 108 116 122
7 63 67 92 97 108 118 122
7 63 67 92 98 100 104 112
7 63 67 92 98 108 116 120
7 63 67 92 102 108 113 122
7 63 67 92 105 108 114 116
7 63 67 92 108 113 114 120
7 63 67 92 108 113 116 122
7 63 67 92 108 113 118 122
7 63 67 92 108 114 116 120
7 63 67 92 108 116 121 122
7 63 67 92 110 114 116 120
7 63 67 94 98 108 116 120
7 63 69 73 90 108 114 116
7 63 69 74 81 98 116 120
7 63 69 74 92 108 113 114
7 63 69 76 90 99 116 120
7 63 69 76 90 106 113 116
7 63 69 82 88 100 104 112
7 63 69 88 98 100 104 112
7 63 69 90 97 108 118 120
7 63 69 90 98 108 116 120
7 63 69 90 99 108 116 120
7 63 69 90 106 108 113 116
7 63 69 90 108 114 116 120
7 63 69 90 108 114 116 121
7 63 69 92 100 106 114 120
7 63 69 92 100 106 114 121
7 63 69 92 106 108 113 114
7 63 69 94 110 115 121 124
7 63 70 73 88 104 114 116
7 63 70 73 90 108 114 116
7 63 70 74 84 97 104 112
7 63 70 74 85 105 114 124
7 63 70 74 92 108 113 114
7 63 70 77 90 106 113 116
7 63 70 81 88 98 108 112
7 63 70 89 97 108 116 122
7 63 70 89 98 108 116 120
7 63 70 89 101 106 114 124
7 63 70 90 98 108 116 121
7 63 70 90 106 108 113 116
7 63 70 90 108 114 116 121
7 63 70 92 101 106 114 121
7 63 70 92 108 116 121 122
7 63 71 73 88 104 114 116
7 63 71 75 92 108 113 114
7 63 71 89 101 106 114 124
7 63 71 89 105 118 122 124
7 63 71 89 110 113 114 124
7 63 71 90 98 108 116 121
7 63 71 90 108 114 116 121
7 63 71 92 108 116 121 122
7 63 71 92 108 118 121 122
7 63 71 93 97 106 114 124
7 63 71 94 105 106 113 116
7 63 71 94 110 117 121 122
7 63 73 76 82 98 116 120
7 63 73 76 84 100 114 120
7 63 73 78 97 114 116 120
7 63 73 82 88 100 104 112
7 63 73 82 92 97 102 120
7 63 73 82 98 108 116 120
7 63 73 86 88 101 104 114
7 63 73 86 97 108 114 120
7 63 73 86 98 108 113 120
7 63 73 86 108 113 114 120
7 63 73 88 102 104 114 116
7 63 73 88 102 104 114 117
7 63 73 90 108 114 116 120
7 63 73 92 97 102 114 120
7 63 73 92 102 104 113 114
7 63 73 92 108 113 118 122
7 63 73 92 108 114 116 120
7 63 73 92 110 114 116 120
7 63 73 94 103 113 122 124
7 63 73 94 110 114 116 120
7 63 73 94 110 115 117 120
7 63 74 76 81 97 118 120
7 63 74 76 82 100 113 120
7 63 74 81 84 98 100 120
7 63 74 81 97 108 118 120
7 63 74 84 97 98 100 120
7 63 74 84 98 100 113 120
7 63 74 84 98 108 113 120
7 63 74 86 109 114 121 124
7 63 74 88 101 104 114 116
7 63 74 92 108 113 114 120
7 63 74 92 108 113 118 120
7 63 74 92 108 114 117 120
7 63 74 92 108 115 118 120
7 63 74 92 109 115 118 120
7 63 75 76 84 100 113 122
7 63 75 85 88 102 104 112
7 63 75 85 97 102 122 124
7 63 75 85 102 113 122 124
7 63 75 85 102 121 122 124
7 63 75 92 106 117 118 120
7 63 75 92 108 113 114 116
7 63 75 92 108 113 118 120
7 63 75 92 109 115 118 120
7 63 76 81 82 100 104 112
7 63 76 81 88 98 104 116
7 63 76 82 97 98 116 120
7 63 76 82 98 113 116 120
7 63 76 83 84 101 106 120
7 63 76 83 101 106 116 120
7 63 76 84 90 97 102 120
7 63 76 84 90 99 100 120
7 63 76 84 99 100 121 122
7 63 76 84 100 105 114 120
7 63 76 84 100 115 121 122
7 63 76 86 97 106 116 120
7 63 76 86 100 106 113 120
7 63 76 86 106 113 116 120
7 63 76 88 97 104 114 116
7 63 76 88 104 113 114 116
7 63 76 89 106 117 118 120
7 63 77 81 99 118 122 124
7 63 77 83 105 118 122 124
7 63 77 86 100 106 113 120
7 63 77 86 102 106 113 120
7 63 77 86 102 121 122 124
7 63 77 86 106 113 116 120
7 63 77 86 106 114 116 120
7 63 77 90 106 113 118 124
7 63 77 90 106 117 118 120
7 63 77 92 102 106 113 114
7 63 77 92 108 114 116 120
7 63 77 94 110 115 116 121
7 63 78 81 97 98 116 120
7 63 78 81 97 114 116 120
7 63 78 81 97 118 122 124
7 63 78 81 105 114 116 120
7 63 78 81 108 114 116 120
7 63 78 82 98 117 121 124
7 63 78 83 98 108 116 120
7 63 78 83 109 114 116 120
7 63 78 84 108 113 114 120
7 63 78 85 105 118 122 124
7 63 78 86 97 106 116 120
7 63 78 86 98 108 113 120
7 63 78 86 102 121 122 124
7 63 78 86 105 114 116 120
7 63 78 86 106 113 116 120
7 63 78 86 106 117 121 124
7 63 78 88 97 104 114 116
7 63 78 88 104 113 114 116
7 63 78 88 105 113 114 116
7 63 78 89 97 104 114 116
7 63 78 89 97 108 114 116
7 63 78 89 102 105 114 116
7 63 78 89 106 114 117 124
7 63 78 89 106 117 118 120
7 63 78 89 108 113 114 116
7 63 78 89 108 115 116 120
7 63 78 90 102 105 113 116
7 63 78 91 98 101 116 120
7 63 78 92 97 100 114 120
7 63 78 92 100 104 113 114
7 63 78 92 100 105 113 114
7 63 78 92 108 113 114 120
7 63 78 92 108 113 116 122
7 63 78 92 108 113 118 122
7 63 78 92 108 115 116 122
7 63 78 92 109 115 116 122
7 63 78 93 109 115 118 122
7 63 79 81 97 118 122 124
7 63 79 82 110 113 116 120
7 63 79 83 110 113 116 120
7 63 79 84 108 113 114 120
7 63 79 86 106 113 116 120
7 63 79 87 103 121 122 124
7 63 79 88 104 113 114 116
7 63 79 92 100 104 113 114
7 63 81 82 98 108 116 120
7 63 81 82 101 106 108 112
7 63 81 88 98 100 104 112
7 63 81 88 105 110 114 116
7 63 81 90 97 108 118 120
7 63 81 90 102 108 116 120
7 63 81 92 97 102 106 112
7 63 81 92 98 100 104 112
7 63 81 92 98 108 116 120
7 63 81 92 101 106 114 120
7 63 81 92 102 105 116 122
7 63 81 92 105 110 114 116
7 63 81 94 98 100 104 112
7 63 82 85 107 110 116 120
7 63 82 92 97 106 116 120
7 63 82 92 97 110 116 120
7 63 82 92 98 105 116 120
7 63 82 92 99 110 116 120
7 63 82 92 101 106 116 120
7 63 82 93 99 110 116 120
7 63 82 93 102 106 113 124
7 63 83 89 109 110 114 116
7 63 83 90 102 109 116 120
7 63 83 92 98 100 104 112
7 63 83 92 101 106 116 120
7 63 83 92 106 108 113 116
7 63 83 92 106 109 118 120
7 63 83 93 99 110 116 120
7 63 84 88 97 98 108 112
7 63 84 89 101 110 114 120
7 63 84 89 102 108 113 122
7 63 84 90 101 108 114 120
7 63 84 90 102 108 113 120
7 63 84 91 102 108 113 120
7 63 85 88 106 108 113 114
7 63 85 89 99 110 114 124
7 63 85 90 97 98 108 112
7 63 85 90 97 98 108 120
7 63 85 90 101 108 114 120
7 63 85 90 102 105 114 124
7 63 85 90 105 110 114 116
7 63 85 90 105 110 118 120
7 63 85 92 106 108 113 114
7 63 85 94 105 110 115 124
7 63 86 89 102 106 113 124
7 63 86 89 106 108 113 116
7 63 86 90 102 108 113 120
7 63 86 90 102 109 113 120
7 63 86 90 105 108 114 116
7 63 86 92 105 106 113 116
7 63 87 92 107 108 117 122
7 63 87 94 98 100 105 120
7 63 89 90 103 108 116 120
7 63 89 92 99 108 116 122
7 63 89 92 101 106 118 120
7 63 89 92 102 105 116 122
7 63 89 92 103 106 118 120
7 63 89 94 98 100 104 112
7 63 90 92 97 100 104 112
7 63 90 92 97 102 104 112
7 63 90 92 99 108 116 120
7 63 90 92 101 106 116 120
7 63 90 92 101 106 118 120
7 63 90 92 102 105 113 120
7 63 90 92 102 108 113 120
7 63 91 93 97 102 106 116
7 63 93 94 98 100 104 112
7 63 93 94 99 100 104 112
7 63 95 97 98 100 104 112
7 63 95 97 98 108 116 120
7 63 95 97 108 114 116 120
7 63 95 97 110 114 116 120
7 63 95 97 110 118 122 124
7 63 95 99 101 106 116 120
7 63 95 99 108 114 116 120
7 63 95 101 106 113 114 124
7 63 95 102 105 113 122 124
7 63 95 102 107 117 122 124
7 63 95 102 108 116 121 122
7 63 95 103 107 117 122 124
7 63 95 103 108 116 121 122
7 63 95 105 108 114 116 120
7 63 95 106 108 113 118 120
7 63 95 111 113 114 116 120
7 63 95 111 113 118 122 124
7 63 95 111 119 121 122 124
7 63 95 111 119 123 125 126
